time_s,step_id,self_bias_V,plasma_potential_V,total_absorbed_power_W,electron_density_m3,mean_electron_energy_eV,port_source_rf_absorbed_power_W,port_source_rf_frequency_Hz,port_source_rf_delivered_power_W,port_source_rf_coupling_efficiency,port_source_rf_voltage_rms_V,port_source_rf_current_rms_A,port_source_rf_effective_impedance_ohm,port_source_rf_self_bias_V,port_source_rf_reduced_field_Td,port_source_rf_waveform_multiplier,port_wafer_bias_absorbed_power_W,port_wafer_bias_frequency_Hz,port_wafer_bias_delivered_power_W,port_wafer_bias_coupling_efficiency,port_wafer_bias_voltage_rms_V,port_wafer_bias_current_rms_A,port_wafer_bias_effective_impedance_ohm,port_wafer_bias_self_bias_V,port_wafer_bias_reduced_field_Td,port_wafer_bias_waveform_multiplier,ne_source_m3,mean_energy_source_eV,pabs_source_W,Tg_source_K,pressure_source_Pa,total_density_source_m3,electronegativity_source,residence_time_source_s,debye_length_source_m,EoverN_source_Td,ion_loss_family_source,ion_loss_area_source_m2,ion_loss_h_factor_source,ion_loss_characteristic_length_source_m,ambipolar_loss_rate_source_s,warning_high_electronegativity_source,warning_ion_ion_afterglow_source,warning_pressure_deviation_source,warning_debye_ratio_source,ne_process_m3,mean_energy_process_eV,pabs_process_W,Tg_process_K,pressure_process_Pa,total_density_process_m3,electronegativity_process,residence_time_process_s,debye_length_process_m,EoverN_process_Td,ion_loss_family_process,ion_loss_area_process_m2,ion_loss_h_factor_process,ion_loss_characteristic_length_process_m,ambipolar_loss_rate_process_s,warning_high_electronegativity_process,warning_ion_ion_afterglow_process,warning_pressure_deviation_process,warning_debye_ratio_process,site_fill_wafer,occupied_site_fraction_wafer,free_site_fraction_wafer,warning_site_overfill_wafer,warning_site_depletion_wafer,radical_incident_flux_wafer_m2_s,halogen_atom_flux_wafer_m2_s,carbon_atom_flux_wafer_m2_s,oxygen_atom_flux_wafer_m2_s,radical_to_ion_flux_ratio_wafer,halogen_to_C_radical_flux_ratio_wafer,F_to_C_radical_flux_ratio_wafer,etch_deposition_balance_wafer,net_total_flux_wafer_m2_s,site_fill_grounded_wall,occupied_site_fraction_grounded_wall,free_site_fraction_grounded_wall,warning_site_overfill_grounded_wall,warning_site_depletion_grounded_wall,radical_incident_flux_grounded_wall_m2_s,halogen_atom_flux_grounded_wall_m2_s,carbon_atom_flux_grounded_wall_m2_s,oxygen_atom_flux_grounded_wall_m2_s,radical_to_ion_flux_ratio_grounded_wall,halogen_to_C_radical_flux_ratio_grounded_wall,F_to_C_radical_flux_ratio_grounded_wall,etch_deposition_balance_grounded_wall,net_total_flux_grounded_wall_m2_s,site_fill_source_wall,occupied_site_fraction_source_wall,free_site_fraction_source_wall,warning_site_overfill_source_wall,warning_site_depletion_source_wall,radical_incident_flux_source_wall_m2_s,halogen_atom_flux_source_wall_m2_s,carbon_atom_flux_source_wall_m2_s,oxygen_atom_flux_source_wall_m2_s,radical_to_ion_flux_ratio_source_wall,halogen_to_C_radical_flux_ratio_source_wall,F_to_C_radical_flux_ratio_source_wall,etch_deposition_balance_source_wall,net_total_flux_source_wall_m2_s,film_wafer_m,film_grounded_wall_m,film_source_wall_m
0.0,ignition,-21.213203435596427,2.121320343559643,276.875,1000000000000.0,3.0,275.0,13560000.0,500.0,0.55,158.11388300841898,3.1622776601683795,50.0,0.0,41.583123951777,1.0,1.875,2000000.0,12.5,0.15,50.0,0.25,200.0,-21.213203435596427,0.0,1.0,1000000000000.0,3.0,275.0,350.0,8.000000004832271,1.6555361189519816e+21,0.0,0.33333333333333337,0.012875965235341126,41.583123951777,bohm,0.18,1.0,0.05555555555555556,0.0,0,0,0,1,1000000000000.0,3.0,1.875,340.0,8.000000004694206,1.704228357715275e+21,0.0,1.0,0.012875965235341126,0.0,bohm,0.4814,1.0,0.06231823847112588,0.0,0,0,0,1,1.0,0.0,1.0,0,0,0.0,0.0,0.0,0.0,0.0,0.0,0.0,0.0,0.0,1.0,0.0,1.0,0,0,0.0,0.0,0.0,0.0,0.0,0.0,0.0,0.0,0.0,1.0,0.0,1.0,0,0,0.0,0.0,0.0,0.0,0.0,0.0,0.0,0.0,0.0,0.0,0.0,0.0
1.4285714285714287e-05,ignition,-21.213203435596427,2.121320343559643,276.875,1.8084577415670164e+16,1.8701238330599497,275.0,13560000.0,500.0,0.55,158.11388300841898,3.1622776601683795,50.0,0.0,41.583123951777,1.0,1.875,2000000.0,12.5,0.15,50.0,0.25,200.0,-21.213203435596427,0.0,1.0,7.1837212517898904e+16,1.870201867744899,275.0,350.0,7.999902009878059,1.6555158396787223e+21,0.0,0.33333333333333337,3.793050939537981e-05,41.583123951777,bohm,0.18,1.0,0.05555555555555556,0.0,0,0,0,0,167032381593918.66,1.85893679217403,1.875,340.0,7.999996610082005,1.7042276345659785e+21,0.0,1.0,0.0007842438883256352,0.0,bohm,0.4814,1.0,0.06231823847112588,0.0,0,0,0,0,1.0,0.0,1.0,0,0,0.0,0.0,0.0,0.0,0.0,0.0,0.0,0.0,0.0,1.0,0.0,1.0,0,0,0.0,0.0,0.0,0.0,0.0,0.0,0.0,0.0,0.0,1.0,0.0,1.0,0,0,0.0,0.0,0.0,0.0,0.0,0.0,0.0,0.0,0.0,0.0,0.0,0.0
2.8571428571428574e-05,ignition,-21.213203435596427,2.121320343559643,276.875,3.0033230285298804e+16,1.7777842617091923,275.0,13560000.0,500.0,0.55,158.11388300841898,3.1622776601683795,50.0,0.0,41.583123951777,1.0,1.875,2000000.0,12.5,0.15,50.0,0.25,200.0,-21.213203435596427,0.0,1.0,1.1928818495725797e+17,1.7778783904584088,275.0,350.0,7.999714398038211,1.6554770149065944e+21,0.0,0.33333333333333337,2.869931152209512e-05,41.583123951777,bohm,0.18,1.0,0.05555555555555556,0.0,0,0,0,0,281578727979083.7,1.7644920080329987,1.875,340.0,7.999993030836069,1.704226872084426e+21,0.0,1.0,0.0005884764593159063,0.0,bohm,0.4814,1.0,0.06231823847112588,0.0,0,0,0,0,1.0,0.0,1.0,0,0,0.0,0.0,0.0,0.0,0.0,0.0,0.0,0.0,0.0,1.0,0.0,1.0,0,0,0.0,0.0,0.0,0.0,0.0,0.0,0.0,0.0,0.0,1.0,0.0,1.0,0,0,0.0,0.0,0.0,0.0,0.0,0.0,0.0,0.0,0.0,0.0,0.0,0.0
4.285714285714286e-05,ignition,-21.213203435596427,2.121320343559643,276.875,3.838008788202462e+16,1.7325481829909606,275.0,13560000.0,500.0,0.55,158.11388300841898,3.1622776601683795,50.0,0.0,41.583123951777,1.0,1.875,2000000.0,12.5,0.15,50.0,0.25,200.0,-21.213203435596427,0.0,1.0,1.524252915521629e+17,1.732638531274563,275.0,350.0,7.999467410484572,1.6554259028046274e+21,0.0,0.33333333333333337,2.506366833818785e-05,41.583123951777,bohm,0.18,1.0,0.05555555555555556,0.0,0,0,0,0,365019991978528.1,1.719972284161728,1.875,340.0,7.999989322317436,1.704226082064099e+21,0.0,1.0,0.0005102952981980441,0.0,bohm,0.4814,1.0,0.06231823847112588,0.0,0,0,0,0,1.0,0.0,1.0,0,0,0.0,0.0,0.0,0.0,0.0,0.0,0.0,0.0,0.0,1.0,0.0,1.0,0,0,0.0,0.0,0.0,0.0,0.0,0.0,0.0,0.0,0.0,1.0,0.0,1.0,0,0,0.0,0.0,0.0,0.0,0.0,0.0,0.0,0.0,0.0,0.0,0.0,0.0
5.714285714285715e-05,ignition,-21.213203435596427,2.121320343559643,276.875,4.42823972135654e+16,1.7108541226116132,275.0,13560000.0,500.0,0.55,158.11388300841898,3.1622776601683795,50.0,0.0,41.583123951777,1.0,1.875,2000000.0,12.5,0.15,50.0,0.25,200.0,-21.213203435596427,0.0,1.0,1.7585078977646893e+17,1.7109447972893614,275.0,350.0,7.9991790546547135,1.6553662298682334e+21,0.0,0.33333333333333337,2.3188091490465366e-05,41.583123951777,bohm,0.18,1.0,0.05555555555555556,0.0,0,0,0,0,426266359264227.06,1.6983852258383163,1.875,340.0,7.999985518284199,1.7042252716964352e+21,0.0,1.0,0.00046924185164881204,0.0,bohm,0.4814,1.0,0.06231823847112588,0.0,0,0,0,0,1.0,0.0,1.0,0,0,0.0,0.0,0.0,0.0,0.0,0.0,0.0,0.0,0.0,1.0,0.0,1.0,0,0,0.0,0.0,0.0,0.0,0.0,0.0,0.0,0.0,0.0,1.0,0.0,1.0,0,0,0.0,0.0,0.0,0.0,0.0,0.0,0.0,0.0,0.0,0.0,0.0,0.0
7.142857142857143e-05,ignition,-21.213203435596427,2.121320343559643,276.875,4.845651372664549e+16,1.6987035048365113,275.0,13560000.0,500.0,0.55,158.11388300841898,3.1622776601683795,50.0,0.0,41.583123951777,1.0,1.875,2000000.0,12.5,0.15,50.0,0.25,200.0,-21.213203435596427,0.0,1.0,1.9241240597490803e+17,1.6987963587973176,275.0,350.0,7.998861468128226,1.6553005078725866e+21,0.0,0.33333333333333337,2.2088859546881587e-05,41.583123951777,bohm,0.18,1.0,0.05555555555555556,0.0,0,0,0,0,471216310557971.2,1.6860651095442558,1.875,340.0,7.999981642706576,1.7042244460877746e+21,0.0,1.0,0.00044467855066466534,0.0,bohm,0.4814,1.0,0.06231823847112588,0.0,0,0,0,0,1.0,0.0,1.0,0,0,0.0,0.0,0.0,0.0,0.0,0.0,0.0,0.0,0.0,1.0,0.0,1.0,0,0,0.0,0.0,0.0,0.0,0.0,0.0,0.0,0.0,0.0,1.0,0.0,1.0,0,0,0.0,0.0,0.0,0.0,0.0,0.0,0.0,0.0,0.0,0.0,0.0,0.0
8.571428571428573e-05,ignition,-21.213203435596427,2.121320343559643,276.875,5.1409101527533496e+16,1.6912601817569881,275.0,13560000.0,500.0,0.55,158.11388300841898,3.1622776601683795,50.0,0.0,41.583123951777,1.0,1.875,2000000.0,12.5,0.15,50.0,0.25,200.0,-21.213203435596427,0.0,1.0,2.0412219896901395e+17,1.6913981296603848,275.0,350.0,7.998523224730989,1.6552305111024885e+21,0.0,0.33333333333333337,2.139917212191035e-05,41.583123951777,bohm,0.18,1.0,0.05555555555555556,0.0,0,0,0,0,504735713706679.94,1.6726641597069984,1.875,340.0,7.999977713517692,1.7042236090583852e+21,0.0,1.0,0.0004279485173686602,0.0,bohm,0.4814,1.0,0.06231823847112588,0.0,0,0,0,0,1.0,0.0,1.0,0,0,0.0,0.0,0.0,0.0,0.0,0.0,0.0,0.0,0.0,1.0,0.0,1.0,0,0,0.0,0.0,0.0,0.0,0.0,0.0,0.0,0.0,0.0,1.0,0.0,1.0,0,0,0.0,0.0,0.0,0.0,0.0,0.0,0.0,0.0,0.0,0.0,0.0,0.0
0.0001,ignition,-21.213203435596427,2.121320343559643,276.875,5.3497819876941e+16,1.686490257468336,275.0,13560000.0,500.0,0.55,158.11388300841898,3.1622776601683795,50.0,0.0,41.583123951777,1.0,1.875,2000000.0,12.5,0.15,50.0,0.25,200.0,-21.213203435596427,0.0,1.0,2.1240124874260278e+17,1.6866612967597545,275.0,350.0,7.998170379398356,1.6551574925784604e+21,0.0,0.33333333333333337,2.094857929104937e-05,41.583123951777,bohm,0.18,1.0,0.05555555555555556,0.0,0,0,0,0,530010255053733.2,1.6636422976192413,1.875,340.0,7.999973743228304,1.7042227632734153e+21,0.0,1.0,0.00041649233052151366,0.0,bohm,0.4814,1.0,0.06231823847112588,0.0,0,0,0,0,1.0,0.0,1.0,0,0,0.0,0.0,0.0,0.0,0.0,0.0,0.0,0.0,0.0,1.0,0.0,1.0,0,0,0.0,0.0,0.0,0.0,0.0,0.0,0.0,0.0,0.0,1.0,0.0,1.0,0,0,0.0,0.0,0.0,0.0,0.0,0.0,0.0,0.0,0.0,0.0,0.0,0.0
0.0001142857142857143,ignition,-21.213203435596427,2.121320343559643,276.875,5.499408125556782e+16,1.6813072352923224,275.0,13560000.0,500.0,0.55,158.11388300841898,3.1622776601683795,50.0,0.0,41.583123951777,1.0,1.875,2000000.0,12.5,0.15,50.0,0.25,200.0,-21.213203435596427,0.0,1.0,2.183291359870131e+17,1.6814876788954087,275.0,350.0,7.997807270035375,1.6550823499953128e+21,0.0,0.33333333333333337,2.0630519526932773e-05,41.583123951777,bohm,0.18,1.0,0.05555555555555556,0.0,0,0,0,0,549063011752736.56,1.6573900678555815,1.875,340.0,7.999969740620973,1.704221910603801e+21,0.0,1.0,0.0004084326385993531,0.0,bohm,0.4814,1.0,0.06231823847112588,0.0,0,0,0,0,1.0,0.0,1.0,0,0,0.0,0.0,0.0,0.0,0.0,0.0,0.0,0.0,0.0,1.0,0.0,1.0,0,0,0.0,0.0,0.0,0.0,0.0,0.0,0.0,0.0,0.0,1.0,0.0,1.0,0,0,0.0,0.0,0.0,0.0,0.0,0.0,0.0,0.0,0.0,0.0,0.0,0.0
0.00012857142857142858,ignition,-21.213203435596427,2.121320343559643,276.875,5.608241091337027e+16,1.6774774978286129,275.0,13560000.0,500.0,0.55,158.11388300841898,3.1622776601683795,50.0,0.0,41.583123951777,1.0,1.875,2000000.0,12.5,0.15,50.0,0.25,200.0,-21.213203435596427,0.0,1.0,2.2263937403279037e+17,1.6776636557196196,275.0,350.0,7.99743687536033,1.6550056997750086e+21,0.0,0.33333333333333337,2.0406598981131277e-05,41.583123951777,bohm,0.18,1.0,0.05555555555555556,0.0,0,0,0,0,563423206896911.0,1.6529571042667366,1.875,340.0,7.999965712325894,1.7042210524619633e+21,0.0,1.0,0.0004026545343958209,0.0,bohm,0.4814,1.0,0.06231823847112588,0.0,0,0,0,0,1.0,0.0,1.0,0,0,0.0,0.0,0.0,0.0,0.0,0.0,0.0,0.0,0.0,1.0,0.0,1.0,0,0,0.0,0.0,0.0,0.0,0.0,0.0,0.0,0.0,0.0,1.0,0.0,1.0,0,0,0.0,0.0,0.0,0.0,0.0,0.0,0.0,0.0,0.0,0.0,0.0,0.0
0.00014285714285714287,ignition,-21.213203435596427,2.121320343559643,276.875,5.687390228820227e+16,1.6747869209281836,275.0,13560000.0,500.0,0.55,158.11388300841898,3.1622776601683795,50.0,0.0,41.583123951777,1.0,1.875,2000000.0,12.5,0.15,50.0,0.25,200.0,-21.213203435596427,0.0,1.0,2.2577287380194726e+17,1.674977864097156,275.0,350.0,7.997061190569393,1.654927954807463e+21,0.0,0.33333333333333337,2.0248265349173935e-05,41.583123951777,bohm,0.18,1.0,0.05555555555555556,0.0,0,0,0,0,574245116953951.8,1.6497628869288914,1.875,340.0,7.999961663345874,1.7042201899136424e+21,0.0,1.0,0.00039845683169602487,0.0,bohm,0.4814,1.0,0.06231823847112588,0.0,0,0,0,0,1.0,0.0,1.0,0,0,0.0,0.0,0.0,0.0,0.0,0.0,0.0,0.0,0.0,1.0,0.0,1.0,0,0,0.0,0.0,0.0,0.0,0.0,0.0,0.0,0.0,0.0,1.0,0.0,1.0,0,0,0.0,0.0,0.0,0.0,0.0,0.0,0.0,0.0,0.0,0.0,0.0,0.0
0.00015714285714285716,ignition,-21.213203435596427,2.121320343559643,276.875,5.7449529356400664e+16,1.6728791880099574,275.0,13560000.0,500.0,0.55,158.11388300841898,3.1622776601683795,50.0,0.0,41.583123951777,1.0,1.875,2000000.0,12.5,0.15,50.0,0.25,200.0,-21.213203435596427,0.0,1.0,2.2805091919866106e+17,1.6730741311418327,275.0,350.0,7.99668166432465,1.654849414881728e+21,0.0,0.33333333333333337,2.013542712976821e-05,41.583123951777,bohm,0.18,1.0,0.05555555555555556,0.0,0,0,0,0,582399408980525.4,1.6474344733061126,1.875,340.0,7.999957597454461,1.7042193237627122e+21,0.0,1.0,0.0003953782547612277,0.0,bohm,0.4814,1.0,0.06231823847112588,0.0,0,0,0,0,1.0,0.0,1.0,0,0,0.0,0.0,0.0,0.0,0.0,0.0,0.0,0.0,0.0,1.0,0.0,1.0,0,0,0.0,0.0,0.0,0.0,0.0,0.0,0.0,0.0,0.0,1.0,0.0,1.0,0,0,0.0,0.0,0.0,0.0,0.0,0.0,0.0,0.0,0.0,0.0,0.0,0.0
0.00017142857142857145,ignition,-21.213203435596427,2.121320343559643,276.875,5.786817530006311e+16,1.6715180211627885,275.0,13560000.0,500.0,0.55,158.11388300841898,3.1622776601683795,50.0,0.0,41.583123951777,1.0,1.875,2000000.0,12.5,0.15,50.0,0.25,200.0,-21.213203435596427,0.0,1.0,2.29707072715023e+17,1.67171629383712,275.0,350.0,7.996299349734709,1.6547702979302195e+21,0.0,0.33333333333333337,2.005456619546176e-05,41.583123951777,bohm,0.18,1.0,0.05555555555555556,0.0,0,0,0,0,588542828409818.9,1.6457228802251147,1.875,340.0,7.9999535174980565,1.7042184546155375e+21,0.0,1.0,0.0003931049256423005,0.0,bohm,0.4814,1.0,0.06231823847112588,0.0,0,0,0,0,1.0,0.0,1.0,0,0,0.0,0.0,0.0,0.0,0.0,0.0,0.0,0.0,0.0,1.0,0.0,1.0,0,0,0.0,0.0,0.0,0.0,0.0,0.0,0.0,0.0,0.0,1.0,0.0,1.0,0,0,0.0,0.0,0.0,0.0,0.0,0.0,0.0,0.0,0.0,0.0,0.0,0.0
0.00018571428571428574,ignition,-21.213203435596427,2.121320343559643,276.875,5.817265833252985e+16,1.6705427983222787,275.0,13560000.0,500.0,0.55,158.11388300841898,3.1622776601683795,50.0,0.0,41.583123951777,1.0,1.875,2000000.0,12.5,0.15,50.0,0.25,200.0,-21.213203435596427,0.0,1.0,2.3091112135966592e+17,1.6707438282567535,275.0,350.0,7.995915012340894,1.6546907623756018e+21,0.0,0.33333333333333337,1.9996393556170515e-05,41.583123951777,bohm,0.18,1.0,0.05555555555555556,0.0,0,0,0,0,593170656817836.2,1.644456967843313,1.875,340.0,7.99994942562331,1.7042175829294155e+21,0.0,1.0,0.0003914178212751914,0.0,bohm,0.4814,1.0,0.06231823847112588,0.0,0,0,0,0,1.0,0.0,1.0,0,0,0.0,0.0,0.0,0.0,0.0,0.0,0.0,0.0,0.0,1.0,0.0,1.0,0,0,0.0,0.0,0.0,0.0,0.0,0.0,0.0,0.0,0.0,1.0,0.0,1.0,0,0,0.0,0.0,0.0,0.0,0.0,0.0,0.0,0.0,0.0,0.0,0.0,0.0
0.0002,production,-59.39696961966999,5.939696961967,989.4,5.839411556588629e+16,1.6698423317489752,975.0,13560000.0,1500.0,0.65,273.8612787525831,5.477225575051661,50.0,0.0,49.97999199359359,1.0,14.4,2000000.0,72.0,0.2,120.0,0.6,200.0,-59.396969619669996,0.0,1.0,2.3178649321586147e+17,1.6700456330286877,975.0,350.0,7.995529208655016,1.6546109233835506e+21,0.0,0.33333333333333337,1.9954427613062193e-05,49.97999199359359,bohm,0.18,1.0,0.05555555555555556,0.0,0,0,0,0,596656349227878.4,1.6435164627336325,14.4,340.0,7.999945323448905,1.7042167090491724e+21,0.0,1.0,0.0003901611872916216,0.0,bohm,0.4814,1.0,0.06231823847112588,0.0,0,0,0,0,1.0,0.0,1.0,0,0,0.0,0.0,0.0,0.0,0.0,0.0,0.0,0.0,0.0,1.0,0.0,1.0,0,0,0.0,0.0,0.0,0.0,0.0,0.0,0.0,0.0,0.0,1.0,0.0,1.0,0,0,0.0,0.0,0.0,0.0,0.0,0.0,0.0,0.0,0.0,0.0,0.0,0.0
0.0002131578947368421,production,-59.39696961966999,5.939696961967,989.4,9.980671249316706e+16,1.7911398144245974,975.0,13560000.0,1500.0,0.65,273.8612787525831,5.477225575051661,50.0,0.0,49.97999199359359,1.0,14.4,2000000.0,72.0,0.2,120.0,0.6,200.0,-59.396969619669996,0.0,1.0,3.9443370309330336e+17,1.7908264128283142,975.0,350.0,7.995033631809282,1.6545083677126337e+21,0.0,0.33333333333333337,1.5840135969380914e-05,49.97999199359359,bohm,0.18,1.0,0.05555555555555556,0.0,0,0,0,0,1597715626454970.2,1.8169300009739786,14.4,340.0,7.999940811915945,1.704215747963872e+21,0.0,1.0,0.00025069087412260446,0.0,bohm,0.4814,1.0,0.06231823847112588,0.0,0,0,0,0,1.0,0.0,1.0,0,0,0.0,0.0,0.0,0.0,0.0,0.0,0.0,0.0,0.0,1.0,0.0,1.0,0,0,0.0,0.0,0.0,0.0,0.0,0.0,0.0,0.0,0.0,1.0,0.0,1.0,0,0,0.0,0.0,0.0,0.0,0.0,0.0,0.0,0.0,0.0,0.0,0.0,0.0
0.00022631578947368422,production,-59.39696961966999,5.939696961967,989.4,1.2970922570619334e+17,1.7419940897718842,975.0,13560000.0,1500.0,0.65,273.8612787525831,5.477225575051661,50.0,0.0,49.97999199359359,1.0,14.4,2000000.0,72.0,0.2,120.0,0.6,200.0,-59.396969619669996,0.0,1.0,5.1184266523617715e+17,1.7418795035077845,975.0,350.0,7.994345541852046,1.6543659729905585e+21,0.0,0.33333333333333337,1.3713868489355603e-05,49.97999199359359,bohm,0.18,1.0,0.05555555555555556,0.0,0,0,0,0,2331412529532055.0,1.7503795839838647,14.4,340.0,7.999935252497862,1.704214563649129e+21,0.0,1.0,0.00020369282180013722,0.0,bohm,0.4814,1.0,0.06231823847112588,0.0,0,0,0,0,1.0,0.0,1.0,0,0,0.0,0.0,0.0,0.0,0.0,0.0,0.0,0.0,0.0,1.0,0.0,1.0,0,0,0.0,0.0,0.0,0.0,0.0,0.0,0.0,0.0,0.0,1.0,0.0,1.0,0,0,0.0,0.0,0.0,0.0,0.0,0.0,0.0,0.0,0.0,0.0,0.0,0.0
0.00023947368421052632,production,-59.39696961966999,5.939696961967,989.4,1.5144983541953536e+17,1.7172890410593638,975.0,13560000.0,1500.0,0.65,273.8612787525831,5.477225575051661,50.0,0.0,49.97999199359359,1.0,14.4,2000000.0,72.0,0.2,120.0,0.6,200.0,-59.396969619669996,0.0,1.0,5.971581120308896e+17,1.717308427070911,975.0,350.0,7.993520621530747,1.6541952623172654e+21,0.0,0.33333333333333337,1.2606619660892073e-05,49.97999199359359,bohm,0.18,1.0,0.05555555555555556,0.0,0,0,0,0,2880409882417258.5,1.7159493574115732,14.4,340.0,7.999928931142232,1.7042132170199393e+21,0.0,1.0,0.00018144468670221853,0.0,bohm,0.4814,1.0,0.06231823847112588,0.0,0,0,0,0,1.0,0.0,1.0,0,0,0.0,0.0,0.0,0.0,0.0,0.0,0.0,0.0,0.0,1.0,0.0,1.0,0,0,0.0,0.0,0.0,0.0,0.0,0.0,0.0,0.0,0.0,1.0,0.0,1.0,0,0,0.0,0.0,0.0,0.0,0.0,0.0,0.0,0.0,0.0,0.0,0.0,0.0
0.0002526315789473684,production,-59.39696961966999,5.939696961967,989.4,1.6725703144656074e+17,1.7033637408637594,975.0,13560000.0,1500.0,0.65,273.8612787525831,5.477225575051661,50.0,0.0,49.97999199359359,1.0,14.4,2000000.0,72.0,0.2,120.0,0.6,200.0,-59.396969619669996,0.0,1.0,6.591519422005135e+17,1.7034491187004275,975.0,350.0,7.992596350023212,1.6540039917093257e+21,0.0,0.33333333333333337,1.195063502061652e-05,49.97999199359359,bohm,0.18,1.0,0.05555555555555556,0.0,0,0,0,0,3292061195243124.0,1.6976654904847464,14.4,340.0,7.9999220365234365,1.7042117482693318e+21,0.0,1.0,0.00016881509541508567,0.0,bohm,0.4814,1.0,0.06231823847112588,0.0,0,0,0,0,1.0,0.0,1.0,0,0,0.0,0.0,0.0,0.0,0.0,0.0,0.0,0.0,0.0,1.0,0.0,1.0,0,0,0.0,0.0,0.0,0.0,0.0,0.0,0.0,0.0,0.0,1.0,0.0,1.0,0,0,0.0,0.0,0.0,0.0,0.0,0.0,0.0,0.0,0.0,0.0,0.0,0.0
0.00026578947368421056,production,-59.39696961966999,5.939696961967,989.4,1.7875094899382685e+17,1.6947895215920492,975.0,13560000.0,1500.0,0.65,273.8612787525831,5.477225575051661,50.0,0.0,49.97999199359359,1.0,14.4,2000000.0,72.0,0.2,120.0,0.6,200.0,-59.396969619669996,0.0,1.0,7.042016362586035e+17,1.694913635902053,975.0,350.0,7.9915999060935645,1.653797785594945e+21,0.0,0.33333333333333337,1.153305704092504e-05,49.97999199359359,bohm,0.18,1.0,0.05555555555555556,0.0,0,0,0,0,3600719905567981.5,1.6866984081036456,14.4,340.0,7.999914708289484,1.7042101871463186e+21,0.0,1.0,0.00016089524736708288,0.0,bohm,0.4814,1.0,0.06231823847112588,0.0,0,0,0,0,1.0,0.0,1.0,0,0,0.0,0.0,0.0,0.0,0.0,0.0,0.0,0.0,0.0,1.0,0.0,1.0,0,0,0.0,0.0,0.0,0.0,0.0,0.0,0.0,0.0,0.0,1.0,0.0,1.0,0,0,0.0,0.0,0.0,0.0,0.0,0.0,0.0,0.0,0.0,0.0,0.0,0.0
0.00027894736842105266,production,-59.39696961966999,5.939696961967,989.4,1.8711203620544854e+17,1.6891441266105973,975.0,13560000.0,1500.0,0.65,273.8612787525831,5.477225575051661,50.0,0.0,49.97999199359359,1.0,14.4,2000000.0,72.0,0.2,120.0,0.6,200.0,-59.396969619669996,0.0,1.0,7.369423958460381e+17,1.6893698959755659,975.0,350.0,7.990551041287388,1.6535807313987607e+21,0.0,0.33333333333333337,1.1255499488417424e-05,49.97999199359359,bohm,0.18,1.0,0.05555555555555556,0.0,0,0,0,0,3835249658585348.5,1.6746836149933872,14.4,340.0,7.999907053152177,1.7042085563835595e+21,0.0,1.0,0.0001553419432707356,0.0,bohm,0.4814,1.0,0.06231823847112588,0.0,0,0,0,0,1.0,0.0,1.0,0,0,0.0,0.0,0.0,0.0,0.0,0.0,0.0,0.0,0.0,1.0,0.0,1.0,0,0,0.0,0.0,0.0,0.0,0.0,0.0,0.0,0.0,0.0,1.0,0.0,1.0,0,0,0.0,0.0,0.0,0.0,0.0,0.0,0.0,0.0,0.0,0.0,0.0,0.0
0.00029210526315789475,production,-59.39696961966999,5.939696961967,989.4,1.9320020223929856e+17,1.6849313971970201,975.0,13560000.0,1500.0,0.65,273.8612787525831,5.477225575051661,50.0,0.0,49.97999199359359,1.0,14.4,2000000.0,72.0,0.2,120.0,0.6,200.0,-59.396969619669996,0.0,1.0,7.607539755336251e+17,1.6852296724946565,975.0,350.0,7.989464083251436,1.6533557941128588e+21,0.0,0.33333333333333337,1.106436773272348e-05,49.97999199359359,bohm,0.18,1.0,0.05555555555555556,0.0,0,0,0,0,4015611141189711.0,1.6660954001758719,14.4,340.0,7.999899147862488,1.7042068723312023e+21,0.0,1.0,0.00015142349835127022,0.0,bohm,0.4814,1.0,0.06231823847112588,0.0,0,0,0,0,1.0,0.0,1.0,0,0,0.0,0.0,0.0,0.0,0.0,0.0,0.0,0.0,0.0,1.0,0.0,1.0,0,0,0.0,0.0,0.0,0.0,0.0,0.0,0.0,0.0,0.0,1.0,0.0,1.0,0,0,0.0,0.0,0.0,0.0,0.0,0.0,0.0,0.0,0.0,0.0,0.0,0.0
0.00030526315789473684,production,-59.39696961966999,5.939696961967,989.4,1.9771297970356634e+17,1.6803619912005876,975.0,13560000.0,1500.0,0.65,273.8612787525831,5.477225575051661,50.0,0.0,49.97999199359359,1.0,14.4,2000000.0,72.0,0.2,120.0,0.6,200.0,-59.396969619669996,0.0,1.0,7.783890354699503e+17,1.6806880295329638,975.0,350.0,7.988349688699232,1.653125179059006e+21,0.0,0.33333333333333337,1.0923564229670225e-05,49.97999199359359,bohm,0.18,1.0,0.05555555555555556,0.0,0,0,0,0,4154294448104964.0,1.6599987529311573,14.4,340.0,7.999891046778739,1.7042051465691217e+21,0.0,1.0,0.000148601916792397,0.0,bohm,0.4814,1.0,0.06231823847112588,0.0,0,0,0,0,1.0,0.0,1.0,0,0,0.0,0.0,0.0,0.0,0.0,0.0,0.0,0.0,0.0,1.0,0.0,1.0,0,0,0.0,0.0,0.0,0.0,0.0,0.0,0.0,0.0,0.0,1.0,0.0,1.0,0,0,0.0,0.0,0.0,0.0,0.0,0.0,0.0,0.0,0.0,0.0,0.0,0.0
0.00031842105263157894,production,-59.39696961966999,5.939696961967,989.4,2.010798157007625e+17,1.6770942185959647,975.0,13560000.0,1500.0,0.65,273.8612787525831,5.477225575051661,50.0,0.0,49.97999199359359,1.0,14.4,2000000.0,72.0,0.2,120.0,0.6,200.0,-59.396969619669996,0.0,1.0,7.91536484999684e+17,1.6774416426252254,975.0,350.0,7.987215094848478,1.652890383921615e+21,0.0,0.33333333333333337,1.082199699961172e-05,49.97999199359359,bohm,0.18,1.0,0.05555555555555556,0.0,0,0,0,0,4260925934455319.0,1.6555809920379,14.4,340.0,7.999882791630874,1.7042033879869867e+21,0.0,1.0,0.0001465353450437554,0.0,bohm,0.4814,1.0,0.06231823847112588,0.0,0,0,0,0,1.0,0.0,1.0,0,0,0.0,0.0,0.0,0.0,0.0,0.0,0.0,0.0,0.0,1.0,0.0,1.0,0,0,0.0,0.0,0.0,0.0,0.0,0.0,0.0,0.0,0.0,1.0,0.0,1.0,0,0,0.0,0.0,0.0,0.0,0.0,0.0,0.0,0.0,0.0,0.0,0.0,0.0
0.00033157894736842103,production,-59.39696961966999,5.939696961967,989.4,2.035918376253396e+17,1.6747333997893243,975.0,13560000.0,1500.0,0.65,273.8612787525831,5.477225575051661,50.0,0.0,49.97999199359359,1.0,14.4,2000000.0,72.0,0.2,120.0,0.6,200.0,-59.396969619669996,0.0,1.0,8.01338617756931e+17,1.67509761982722,975.0,350.0,7.98606545255018,1.6526524746281703e+21,0.0,0.33333333333333337,1.0748087480081167e-05,49.97999199359359,bohm,0.18,1.0,0.05555555555555556,0.0,0,0,0,0,4342910914809120.0,1.6523318671574447,14.4,340.0,7.9998744145174046,1.7042016034226962e+21,0.0,1.0,0.0001450031200331055,0.0,bohm,0.4814,1.0,0.06231823847112588,0.0,0,0,0,0,1.0,0.0,1.0,0,0,0.0,0.0,0.0,0.0,0.0,0.0,0.0,0.0,0.0,1.0,0.0,1.0,0,0,0.0,0.0,0.0,0.0,0.0,0.0,0.0,0.0,0.0,1.0,0.0,1.0,0,0,0.0,0.0,0.0,0.0,0.0,0.0,0.0,0.0,0.0,0.0,0.0,0.0
0.0003447368421052632,production,-59.39696961966999,5.939696961967,989.4,2.0546613993620493e+17,1.673016566642077,975.0,13560000.0,1500.0,0.65,273.8612787525831,5.477225575051661,50.0,0.0,49.97999199359359,1.0,14.4,2000000.0,72.0,0.2,120.0,0.6,200.0,-59.396969619669996,0.0,1.0,8.086467293558186e+17,1.6733941583003522,975.0,350.0,7.984904600560472,1.6524122455786004e+21,0.0,0.33333333333333337,1.0693967876252276e-05,49.97999199359359,bohm,0.18,1.0,0.05555555555555556,0.0,0,0,0,0,4405943463000367.0,1.6499160841491096,14.4,340.0,7.999865940118645,1.7041997981338624e+21,0.0,1.0,0.00014385687974176851,0.0,bohm,0.4814,1.0,0.06231823847112588,0.0,0,0,0,0,1.0,0.0,1.0,0,0,0.0,0.0,0.0,0.0,0.0,0.0,0.0,0.0,0.0,1.0,0.0,1.0,0,0,0.0,0.0,0.0,0.0,0.0,0.0,0.0,0.0,0.0,1.0,0.0,1.0,0,0,0.0,0.0,0.0,0.0,0.0,0.0,0.0,0.0,0.0,0.0,0.0,0.0
0.0003578947368421053,production,-59.39696961966999,5.939696961967,989.4,2.0686467548573626e+17,1.6717628050299385,975.0,13560000.0,1500.0,0.65,273.8612787525831,5.477225575051661,50.0,0.0,49.97999199359359,1.0,14.4,2000000.0,72.0,0.2,120.0,0.6,200.0,-59.396969619669996,0.0,1.0,8.140954932144352e+17,1.6721511373025504,975.0,350.0,7.983735400762613,1.652170289016793e+21,0.0,0.33333333333333337,1.065416104346963e-05,49.97999199359359,bohm,0.18,1.0,0.05555555555555556,0.0,0,0,0,0,4454402909503290.5,1.648105346748346,14.4,340.0,7.999857387415971,1.7041979761640593e+21,0.0,1.0,0.00014299369993725302,0.0,bohm,0.4814,1.0,0.06231823847112588,0.0,0,0,0,0,1.0,0.0,1.0,0,0,0.0,0.0,0.0,0.0,0.0,0.0,0.0,0.0,0.0,1.0,0.0,1.0,0,0,0.0,0.0,0.0,0.0,0.0,0.0,0.0,0.0,0.0,1.0,0.0,1.0,0,0,0.0,0.0,0.0,0.0,0.0,0.0,0.0,0.0,0.0,0.0,0.0,0.0
0.0003710526315789474,production,-59.39696961966999,5.939696961967,989.4,2.0790825657191574e+17,1.670845220117933,975.0,13560000.0,1500.0,0.65,273.8612787525831,5.477225575051661,50.0,0.0,49.97999199359359,1.0,14.4,2000000.0,72.0,0.2,120.0,0.6,200.0,-59.396969619669996,0.0,1.0,8.181580549977236e+17,1.671242231948616,975.0,350.0,7.982559986664133,1.6519270464550952e+21,0.0,0.33333333333333337,1.0624787766740297e-05,49.97999199359359,bohm,0.18,1.0,0.05555555555555556,0.0,0,0,0,0,4491657096646447.5,1.6467399051444516,14.4,340.0,7.999848771006542,1.7041961406228993e+21,0.0,1.0,0.00014234046362809481,0.0,bohm,0.4814,1.0,0.06231823847112588,0.0,0,0,0,0,1.0,0.0,1.0,0,0,0.0,0.0,0.0,0.0,0.0,0.0,0.0,0.0,0.0,1.0,0.0,1.0,0,0,0.0,0.0,0.0,0.0,0.0,0.0,0.0,0.0,0.0,1.0,0.0,1.0,0,0,0.0,0.0,0.0,0.0,0.0,0.0,0.0,0.0,0.0,0.0,0.0,0.0
0.0003842105263157895,production,-59.39696961966999,5.939696961967,989.4,2.0868700819358e+17,1.6701734237487142,975.0,13560000.0,1500.0,0.65,273.8612787525831,5.477225575051661,50.0,0.0,49.97999199359359,1.0,14.4,2000000.0,72.0,0.2,120.0,0.6,200.0,-59.396969619669996,0.0,1.0,8.21187145110835e+17,1.6705774799459545,975.0,350.0,7.981379948794824,1.651682847040946e+21,0.0,0.33333333333333337,1.060306462108251e-05,49.97999199359359,bohm,0.18,1.0,0.05555555555555556,0.0,0,0,0,0,4520295887828343.0,1.6457055744965254,14.4,340.0,7.999840102115554,1.704194293901669e+21,0.0,1.0,0.00014184427321033532,0.0,bohm,0.4814,1.0,0.06231823847112588,0.0,0,0,0,0,1.0,0.0,1.0,0,0,0.0,0.0,0.0,0.0,0.0,0.0,0.0,0.0,0.0,1.0,0.0,1.0,0,0,0.0,0.0,0.0,0.0,0.0,0.0,0.0,0.0,0.0,1.0,0.0,1.0,0,0,0.0,0.0,0.0,0.0,0.0,0.0,0.0,0.0,0.0,0.0,0.0,0.0
0.0003973684210526316,production,-59.39696961966999,5.939696961967,989.4,2.0926816598088195e+17,1.6696822773358733,975.0,13560000.0,1500.0,0.65,273.8612787525831,5.477225575051661,50.0,0.0,49.97999199359359,1.0,14.4,2000000.0,72.0,0.2,120.0,0.6,200.0,-59.396969619669996,0.0,1.0,8.23445731453804e+17,1.6700920703794222,975.0,350.0,7.98019647293028,1.6514379361611366e+21,0.0,0.33333333333333337,1.0586974908002575e-05,49.97999199359359,bohm,0.18,1.0,0.05555555555555556,0.0,0,0,0,0,4542310823241264.0,1.6449193797989607,14.4,340.0,7.999831389374978,1.7041924378392246e+21,0.0,1.0,0.0001414663186896435,0.0,bohm,0.4814,1.0,0.06231823847112588,0.0,0,0,0,0,1.0,0.0,1.0,0,0,0.0,0.0,0.0,0.0,0.0,0.0,0.0,0.0,0.0,1.0,0.0,1.0,0,0,0.0,0.0,0.0,0.0,0.0,0.0,0.0,0.0,0.0,1.0,0.0,1.0,0,0,0.0,0.0,0.0,0.0,0.0,0.0,0.0,0.0,0.0,0.0,0.0,0.0
0.0004105263157894737,production,-59.39696961966999,5.939696961967,989.4,2.0970189119794173e+17,1.6693244255734838,975.0,13560000.0,1500.0,0.65,273.8612787525831,5.477225575051661,50.0,0.0,49.97999199359359,1.0,14.4,2000000.0,72.0,0.2,120.0,0.6,200.0,-59.396969619669996,0.0,1.0,8.251298649304401e+17,1.6697389053393912,975.0,350.0,7.979010443107367,1.6511924967600365e+21,0.0,0.33333333333333337,1.0575046802479228e-05,49.97999199359359,bohm,0.18,1.0,0.05555555555555556,0.0,0,0,0,0,4559233287108936.0,1.6443202482098258,14.4,340.0,7.999822639422432,1.7041905738495686e+21,0.0,1.0,0.00014117781727356887,0.0,bohm,0.4814,1.0,0.06231823847112588,0.0,0,0,0,0,1.0,0.0,1.0,0,0,0.0,0.0,0.0,0.0,0.0,0.0,0.0,0.0,0.0,1.0,0.0,1.0,0,0,0.0,0.0,0.0,0.0,0.0,0.0,0.0,0.0,0.0,1.0,0.0,1.0,0,0,0.0,0.0,0.0,0.0,0.0,0.0,0.0,0.0,0.0,0.0,0.0,0.0
0.0004236842105263158,production,-59.39696961966999,5.939696961967,989.4,2.1002560792616845e+17,1.6690652141851403,975.0,13560000.0,1500.0,0.65,273.8612787525831,5.477225575051661,50.0,0.0,49.97999199359359,1.0,14.4,2000000.0,72.0,0.2,120.0,0.6,200.0,-59.396969619669996,0.0,1.0,8.263857093633016e+17,1.6694835355517876,975.0,350.0,7.977822518414682,1.650946665230768e+21,0.0,0.33333333333333337,1.0566200297396416e-05,49.97999199359359,bohm,0.18,1.0,0.05555555555555556,0.0,0,0,0,0,4572240780457417.0,1.6438627794696632,14.4,340.0,7.9998138573618,1.7041887030199735e+21,0.0,1.0,0.00014095724495489874,0.0,bohm,0.4814,1.0,0.06231823847112588,0.0,0,0,0,0,1.0,0.0,1.0,0,0,0.0,0.0,0.0,0.0,0.0,0.0,0.0,0.0,0.0,1.0,0.0,1.0,0,0,0.0,0.0,0.0,0.0,0.0,0.0,0.0,0.0,0.0,1.0,0.0,1.0,0,0,0.0,0.0,0.0,0.0,0.0,0.0,0.0,0.0,0.0,0.0,0.0,0.0
0.0004368421052631579,production,-59.39696961966999,5.939696961967,989.4,2.1026723818319296e+17,1.6688791578332072,975.0,13560000.0,1500.0,0.65,273.8612787525831,5.477225575051661,50.0,0.0,49.97999199359359,1.0,14.4,2000000.0,72.0,0.2,120.0,0.6,200.0,-59.396969619669996,0.0,1.0,8.2732223675089e+17,1.6693006403552038,975.0,350.0,7.976633190236926,1.6507005432614714e+21,0.0,0.33333333333333337,1.0559639681291313e-05,49.97999199359359,bohm,0.18,1.0,0.05555555555555556,0.0,0,0,0,0,4582238660627314.0,1.6435129639502974,14.4,340.0,7.999805047117495,1.7041868261864518e+21,0.0,1.0,0.0001407884029705568,0.0,bohm,0.4814,1.0,0.06231823847112588,0.0,0,0,0,0,1.0,0.0,1.0,0,0,0.0,0.0,0.0,0.0,0.0,0.0,0.0,0.0,0.0,1.0,0.0,1.0,0,0,0.0,0.0,0.0,0.0,0.0,0.0,0.0,0.0,0.0,1.0,0.0,1.0,0,0,0.0,0.0,0.0,0.0,0.0,0.0,0.0,0.0,0.0,0.0,0.0,0.0
0.00045,production,-59.39696961966999,5.939696961967,989.4,2.104476151190793e+17,1.6687474445811186,975.0,13560000.0,1500.0,0.65,273.8612787525831,5.477225575051661,50.0,0.0,49.97999199359359,1.0,14.4,2000000.0,72.0,0.2,120.0,0.6,200.0,-59.396969619669996,0.0,1.0,8.280206914484183e+17,1.6691715407273506,975.0,350.0,7.975442824929849,1.6504542066665435e+21,0.0,0.33333333333333337,1.0554776926971507e-05,49.97999199359359,bohm,0.18,1.0,0.05555555555555556,0.0,0,0,0,0,4589923009299637.0,1.6432451733714597,14.4,340.0,7.999796211706949,1.7041849439918023e+21,0.0,1.0,0.00014065904042478083,0.0,bohm,0.4814,1.0,0.06231823847112588,0.0,0,0,0,0,1.0,0.0,1.0,0,0,0.0,0.0,0.0,0.0,0.0,0.0,0.0,0.0,0.0,1.0,0.0,1.0,0,0,0.0,0.0,0.0,0.0,0.0,0.0,0.0,0.0,0.0,1.0,0.0,1.0,0,0,0.0,0.0,0.0,0.0,0.0,0.0,0.0,0.0,0.0,0.0,0.0,0.0
0.0004631578947368421,production,-59.39696961966999,5.939696961967,989.4,2.1058228318085446e+17,1.6686561497904955,975.0,13560000.0,1500.0,0.65,273.8612787525831,5.477225575051661,50.0,0.0,49.97999199359359,1.0,14.4,2000000.0,72.0,0.2,120.0,0.6,200.0,-59.396969619669996,0.0,1.0,8.285416457706813e+17,1.6690824195360716,975.0,350.0,7.974251695634665,1.6502077119703776e+21,0.0,0.33333333333333337,1.0551176503440875e-05,49.97999199359359,bohm,0.18,1.0,0.05555555555555556,0.0,0,0,0,0,4595828984245515.0,1.6430400068521445,14.4,340.0,7.999787353450152,1.7041830569302494e+21,0.0,1.0,0.00014055985722937714,0.0,bohm,0.4814,1.0,0.06231823847112588,0.0,0,0,0,0,1.0,0.0,1.0,0,0,0.0,0.0,0.0,0.0,0.0,0.0,0.0,0.0,0.0,1.0,0.0,1.0,0,0,0.0,0.0,0.0,0.0,0.0,0.0,0.0,0.0,0.0,1.0,0.0,1.0,0,0,0.0,0.0,0.0,0.0,0.0,0.0,0.0,0.0,0.0,0.0,0.0,0.0
0.0004763157894736843,production,-59.39696961966999,5.939696961967,989.4,2.1068284102658147e+17,1.6685949448907278,975.0,13560000.0,1500.0,0.65,273.8612787525831,5.477225575051661,50.0,0.0,49.97999199359359,1.0,14.4,2000000.0,72.0,0.2,120.0,0.6,200.0,-59.396969619669996,0.0,1.0,8.289302600906519e+17,1.6690230351956021,975.0,350.0,7.973060005996444,1.6499611013156944e+21,0.0,0.33333333333333337,1.0548515284535335e-05,49.97999199359359,bohm,0.18,1.0,0.05555555555555556,0.0,0,0,0,0,4600368005224659.0,1.6428827259726628,14.4,340.0,7.999778474130829,1.7041811653817768e+21,0.0,1.0,0.0001404837729629899,0.0,bohm,0.4814,1.0,0.06231823847112588,0.0,0,0,0,0,1.0,0.0,1.0,0,0,0.0,0.0,0.0,0.0,0.0,0.0,0.0,0.0,0.0,1.0,0.0,1.0,0,0,0.0,0.0,0.0,0.0,0.0,0.0,0.0,0.0,0.0,1.0,0.0,1.0,0,0,0.0,0.0,0.0,0.0,0.0,0.0,0.0,0.0,0.0,0.0,0.0,0.0
0.0004894736842105264,production,-59.39696961966999,5.939696961967,989.4,2.1075794336096128e+17,1.6685561566804303,975.0,13560000.0,1500.0,0.65,273.8612787525831,5.477225575051661,50.0,0.0,49.97999199359359,1.0,14.4,2000000.0,72.0,0.2,120.0,0.6,200.0,-59.396969619669996,0.0,1.0,8.292202043901476e+17,1.6689857848276755,975.0,350.0,7.971867907846908,1.649714406122857e+21,0.0,0.33333333333333337,1.0546553237224753e-05,49.97999199359359,bohm,0.18,1.0,0.05555555555555556,0.0,0,0,0,0,4603856351232516.0,1.6427621039782632,14.4,340.0,7.999769575120367,1.70417926963853e+21,0.0,1.0,0.00014042538517253852,0.0,bohm,0.4814,1.0,0.06231823847112588,0.0,0,0,0,0,1.0,0.0,1.0,0,0,0.0,0.0,0.0,0.0,0.0,0.0,0.0,0.0,0.0,1.0,0.0,1.0,0,0,0.0,0.0,0.0,0.0,0.0,0.0,0.0,0.0,0.0,1.0,0.0,1.0,0,0,0.0,0.0,0.0,0.0,0.0,0.0,0.0,0.0,0.0,0.0,0.0,0.0
0.0005026315789473685,production,-59.39696961966999,5.939696961967,989.4,2.1081404834609366e+17,1.6685340779439348,975.0,13560000.0,1500.0,0.65,273.8612787525831,5.477225575051661,50.0,0.0,49.97999199359359,1.0,14.4,2000000.0,72.0,0.2,120.0,0.6,200.0,-59.396969619669996,0.0,1.0,8.294365819287636e+17,1.6689650179819173,975.0,350.0,7.97067551438775,1.6494676498180512e+21,0.0,0.33333333333333337,1.0545111886516241e-05,49.97999199359359,bohm,0.18,1.0,0.05555555555555556,0.0,0,0,0,0,4606537151870334.0,1.642669571313728,14.4,340.0,7.999760657473137,1.704177369925119e+21,0.0,1.0,0.0001403805647386747,0.0,bohm,0.4814,1.0,0.06231823847112588,0.0,0,0,0,0,1.0,0.0,1.0,0,0,0.0,0.0,0.0,0.0,0.0,0.0,0.0,0.0,0.0,1.0,0.0,1.0,0,0,0.0,0.0,0.0,0.0,0.0,0.0,0.0,0.0,0.0,1.0,0.0,1.0,0,0,0.0,0.0,0.0,0.0,0.0,0.0,0.0,0.0,0.0,0.0,0.0,0.0
0.0005157894736842106,production,-59.39696961966999,5.939696961967,989.4,2.1085597521455834e+17,1.668524459971513,975.0,13560000.0,1500.0,0.65,273.8612787525831,5.477225575051661,50.0,0.0,49.97999199359359,1.0,14.4,2000000.0,72.0,0.2,120.0,0.6,200.0,-59.396969619669996,0.0,1.0,8.295981089643779e+17,1.6689565316799182,975.0,350.0,7.969482910019397,1.6492208498672717e+21,0.0,0.33333333333333337,1.0544058435518254e-05,49.97999199359359,bohm,0.18,1.0,0.05555555555555556,0.0,0,0,0,0,4608597297951844.0,1.642598576305547,14.4,340.0,7.99975172199977,1.7041754664142326e+21,0.0,1.0,0.0001403461516764395,0.0,bohm,0.4814,1.0,0.06231823847112588,0.0,0,0,0,0,1.0,0.0,1.0,0,0,0.0,0.0,0.0,0.0,0.0,0.0,0.0,0.0,0.0,1.0,0.0,1.0,0,0,0.0,0.0,0.0,0.0,0.0,0.0,0.0,0.0,0.0,1.0,0.0,1.0,0,0,0.0,0.0,0.0,0.0,0.0,0.0,0.0,0.0,0.0,0.0,0.0,0.0
0.0005289473684210527,production,-59.39696961966999,5.939696961967,989.4,2.1088732029421968e+17,1.6685241377121651,975.0,13560000.0,1500.0,0.65,273.8612787525831,5.477225575051661,50.0,0.0,49.97999199359359,1.0,14.4,2000000.0,72.0,0.2,120.0,0.6,200.0,-59.396969619669996,0.0,1.0,8.297187398430742e+17,1.668957197632274,975.0,350.0,7.968290157668938,1.6489740192927772e+21,0.0,0.33333333333333337,1.05432940230937e-05,49.97999199359359,bohm,0.18,1.0,0.05555555555555556,0.0,0,0,0,0,4610180444601545.0,1.64254410392196,14.4,340.0,7.999742769323522,1.7041735592386413e+21,0.0,1.0,0.00014031972528855295,0.0,bohm,0.4814,1.0,0.06231823847112588,0.0,0,0,0,0,1.0,0.0,1.0,0,0,0.0,0.0,0.0,0.0,0.0,0.0,0.0,0.0,0.0,1.0,0.0,1.0,0,0,0.0,0.0,0.0,0.0,0.0,0.0,0.0,0.0,0.0,1.0,0.0,1.0,0,0,0.0,0.0,0.0,0.0,0.0,0.0,0.0,0.0,0.0,0.0,0.0,0.0
0.0005421052631578948,production,-59.39696961966999,5.939696961967,989.4,2.109107674049158e+17,1.6685307521821857,975.0,13560000.0,1500.0,0.65,273.8612787525831,5.477225575051661,50.0,0.0,49.97999199359359,1.0,14.4,2000000.0,72.0,0.2,120.0,0.6,200.0,-59.396969619669996,0.0,1.0,8.298088785917948e+17,1.6689646863393028,975.0,350.0,7.9670973042535165,1.6487271678036956e+21,0.0,0.33333333333333337,1.0542745022934135e-05,49.97999199359359,bohm,0.18,1.0,0.05555555555555556,0.0,0,0,0,0,4611397009289483.0,1.6425023118075401,14.4,340.0,7.999733799923596,1.7041716485004295e+21,0.0,1.0,0.00014029942981655155,0.0,bohm,0.4814,1.0,0.06231823847112588,0.0,0,0,0,0,1.0,0.0,1.0,0,0,0.0,0.0,0.0,0.0,0.0,0.0,0.0,0.0,0.0,1.0,0.0,1.0,0,0,0.0,0.0,0.0,0.0,0.0,0.0,0.0,0.0,0.0,1.0,0.0,1.0,0,0,0.0,0.0,0.0,0.0,0.0,0.0,0.0,0.0,0.0,0.0,0.0,0.0
0.0005552631578947368,production,-59.39696961966999,5.939696961967,989.4,2.109283194514278e+17,1.6685425444974422,975.0,13560000.0,1500.0,0.65,273.8612787525831,5.477225575051661,50.0,0.0,49.97999199359359,1.0,14.4,2000000.0,72.0,0.2,120.0,0.6,200.0,-59.396969619669996,0.0,1.0,8.298762822289563e+17,1.6689772625102888,975.0,350.0,7.965904384753636,1.648480302638963e+21,0.0,0.33333333333333337,1.0542356586222364e-05,49.97999199359359,bohm,0.18,1.0,0.05555555555555556,0.0,0,0,0,0,4612331858918325.0,1.6424702539978357,14.4,340.0,7.999724814168467,1.7041697342780922e+21,0.0,1.0,0.00014028384178749626,0.0,bohm,0.4814,1.0,0.06231823847112588,0.0,0,0,0,0,1.0,0.0,1.0,0,0,0.0,0.0,0.0,0.0,0.0,0.0,0.0,0.0,0.0,1.0,0.0,1.0,0,0,0.0,0.0,0.0,0.0,0.0,0.0,0.0,0.0,0.0,1.0,0.0,1.0,0,0,0.0,0.0,0.0,0.0,0.0,0.0,0.0,0.0,0.0,0.0,0.0,0.0
0.0005684210526315789,production,-59.39696961966999,5.939696961967,989.4,2.1094147122471427e+17,1.6685582028248658,975.0,13560000.0,1500.0,0.65,273.8612787525831,5.477225575051661,50.0,0.0,49.97999199359359,1.0,14.4,2000000.0,72.0,0.2,120.0,0.6,200.0,-59.396969619669996,0.0,1.0,8.299267342392394e+17,1.6689936331499609,975.0,350.0,7.9647114252501,1.648233429195793e+21,0.0,0.33333333333333337,1.0542087843728568e-05,49.97999199359359,bohm,0.18,1.0,0.05555555555555556,0.0,0,0,0,0,4613050219872572.0,1.6424456705905282,14.4,340.0,7.999715812341485,1.7041678166319914e+21,0.0,1.0,0.00014027186884724358,0.0,bohm,0.4814,1.0,0.06231823847112588,0.0,0,0,0,0,1.0,0.0,1.0,0,0,0.0,0.0,0.0,0.0,0.0,0.0,0.0,0.0,0.0,1.0,0.0,1.0,0,0,0.0,0.0,0.0,0.0,0.0,0.0,0.0,0.0,0.0,1.0,0.0,1.0,0,0,0.0,0.0,0.0,0.0,0.0,0.0,0.0,0.0,0.0,0.0,0.0,0.0
0.000581578947368421,production,-59.39696961966999,5.939696961967,989.4,2.1095133833900138e+17,1.6685767485316176,975.0,13560000.0,1500.0,0.65,273.8612787525831,5.477225575051661,50.0,0.0,49.97999199359359,1.0,14.4,2000000.0,72.0,0.2,120.0,0.6,200.0,-59.396969619669996,0.0,1.0,8.299645466911643e+17,1.6690128346341762,975.0,350.0,7.963518445188253,1.6479865514982451e+21,0.0,0.33333333333333337,1.0541908337782726e-05,49.97999199359359,bohm,0.18,1.0,0.05555555555555556,0.0,0,0,0,0,4613602221613722.0,1.6424268272739517,14.4,340.0,7.999706794660571,1.7041658956085508e+21,0.0,1.0,0.00014026267246733368,0.0,bohm,0.4814,1.0,0.06231823847112588,0.0,0,0,0,0,1.0,0.0,1.0,0,0,0.0,0.0,0.0,0.0,0.0,0.0,0.0,0.0,0.0,1.0,0.0,1.0,0,0,0.0,0.0,0.0,0.0,0.0,0.0,0.0,0.0,0.0,1.0,0.0,1.0,0,0,0.0,0.0,0.0,0.0,0.0,0.0,0.0,0.0,0.0,0.0,0.0,0.0
0.0005947368421052632,production,-59.39696961966999,5.939696961967,989.4,2.1095875344222208e+17,1.6685974514220194,975.0,13560000.0,1500.0,0.65,273.8612787525831,5.477225575051661,50.0,0.0,49.97999199359359,1.0,14.4,2000000.0,72.0,0.2,120.0,0.6,200.0,-59.396969619669996,0.0,1.0,8.299929346000307e+17,1.6690341487009503,975.0,350.0,7.962325459066156,1.6477396725465767e+21,0.0,0.33333333333333337,1.054179536711116e-05,49.97999199359359,bohm,0.18,1.0,0.05555555555555556,0.0,0,0,0,0,4614026389619249.0,1.642412392685499,14.4,340.0,7.999697761293359,1.704163971243481e+21,0.0,1.0,0.00014025560880950253,0.0,bohm,0.4814,1.0,0.06231823847112588,0.0,0,0,0,0,1.0,0.0,1.0,0,0,0.0,0.0,0.0,0.0,0.0,0.0,0.0,0.0,0.0,1.0,0.0,1.0,0,0,0.0,0.0,0.0,0.0,0.0,0.0,0.0,0.0,0.0,1.0,0.0,1.0,0,0,0.0,0.0,0.0,0.0,0.0,0.0,0.0,0.0,0.0,0.0,0.0,0.0
0.0006078947368421053,production,-59.39696961966999,5.939696961967,989.4,2.1096433800820726e+17,1.6686197665909643,975.0,13560000.0,1500.0,0.65,273.8612787525831,5.477225575051661,50.0,0.0,49.97999199359359,1.0,14.4,2000000.0,72.0,0.2,120.0,0.6,200.0,-59.396969619669996,0.0,1.0,8.300142950413302e+17,1.6690570399157476,975.0,350.0,7.961132477693235,1.6474927945777126e+21,0.0,0.33333333333333337,1.0541732010020856e-05,49.97999199359359,bohm,0.18,1.0,0.05555555555555556,0.0,0,0,0,0,4614352330499622.0,1.6424013445593857,14.4,340.0,7.999688712368828,1.704162043564258e+21,0.0,1.0,0.0001402501834342406,0.0,bohm,0.4814,1.0,0.06231823847112588,0.0,0,0,0,0,1.0,0.0,1.0,0,0,0.0,0.0,0.0,0.0,0.0,0.0,0.0,0.0,0.0,1.0,0.0,1.0,0,0,0.0,0.0,0.0,0.0,0.0,0.0,0.0,0.0,0.0,1.0,0.0,1.0,0,0,0.0,0.0,0.0,0.0,0.0,0.0,0.0,0.0,0.0,0.0,0.0,0.0
0.0006210526315789474,production,-59.39696961966999,5.939696961967,989.4,2.1096855590951043e+17,1.6686432873585786,975.0,13560000.0,1500.0,0.65,273.8612787525831,5.477225575051661,50.0,0.0,49.97999199359359,1.0,14.4,2000000.0,72.0,0.2,120.0,0.6,200.0,-59.396969619669996,0.0,1.0,8.300304152499286e+17,1.6690811091010342,975.0,350.0,7.959939509128718,1.6472459192594452e+21,0.0,0.33333333333333337,1.0541705652084348e-05,49.97999199359359,bohm,0.18,1.0,0.05555555555555556,0.0,0,0,0,0,4614602796037699.0,1.6423928978336815,14.4,340.0,7.999679647986242,1.7041601125920282e+21,0.0,1.0,0.0001402460165842478,0.0,bohm,0.4814,1.0,0.06231823847112588,0.0,0,0,0,0,1.0,0.0,1.0,0,0,0.0,0.0,0.0,0.0,0.0,0.0,0.0,0.0,0.0,1.0,0.0,1.0,0,0,0.0,0.0,0.0,0.0,0.0,0.0,0.0,0.0,0.0,1.0,0.0,1.0,0,0,0.0,0.0,0.0,0.0,0.0,0.0,0.0,0.0,0.0,0.0,0.0,0.0
0.0006342105263157895,production,-59.39696961966999,5.939696961967,989.4,2.109717533957389e+17,1.6686677101779184,975.0,13560000.0,1500.0,0.65,273.8612787525831,5.477225575051661,50.0,0.0,49.97999199359359,1.0,14.4,2000000.0,72.0,0.2,120.0,0.6,200.0,-59.396969619669996,0.0,1.0,8.300426277737151e+17,1.6691060586430426,975.0,350.0,7.958746559381306,1.6469990478352273e+21,0.0,0.33333333333333337,1.054170688926985e-05,49.97999199359359,bohm,0.18,1.0,0.05555555555555556,0.0,0,0,0,0,4614795269746881.0,1.6423864495365252,14.4,340.0,7.99967056822204,1.704158178343075e+21,0.0,1.0,0.00014024281655726124,0.0,bohm,0.4814,1.0,0.06231823847112588,0.0,0,0,0,0,1.0,0.0,1.0,0,0,0.0,0.0,0.0,0.0,0.0,0.0,0.0,0.0,0.0,1.0,0.0,1.0,0,0,0.0,0.0,0.0,0.0,0.0,0.0,0.0,0.0,0.0,1.0,0.0,1.0,0,0,0.0,0.0,0.0,0.0,0.0,0.0,0.0,0.0,0.0,0.0,0.0,0.0
0.0006473684210526316,production,-59.39696961966999,5.939696961967,989.4,2.1097418892785795e+17,1.6686928084626054,975.0,13560000.0,1500.0,0.65,273.8612787525831,5.477225575051661,50.0,0.0,49.97999199359359,1.0,14.4,2000000.0,72.0,0.2,120.0,0.6,200.0,-59.396969619669996,0.0,1.0,8.30051926152367e+17,1.669131666640239,975.0,350.0,7.957553632930836,1.6467521812321256e+21,0.0,0.33333333333333337,1.0541728710611296e-05,49.97999199359359,bohm,0.18,1.0,0.05555555555555556,0.0,0,0,0,0,4614943186354933.0,1.642381536510987,14.4,340.0,7.999661473135111,1.7041562408299436e+21,0.0,1.0,0.00014024035927386015,0.0,bohm,0.4814,1.0,0.06231823847112588,0.0,0,0,0,0,1.0,0.0,1.0,0,0,0.0,0.0,0.0,0.0,0.0,0.0,0.0,0.0,0.0,1.0,0.0,1.0,0,0,0.0,0.0,0.0,0.0,0.0,0.0,0.0,0.0,0.0,1.0,0.0,1.0,0,0,0.0,0.0,0.0,0.0,0.0,0.0,0.0,0.0,0.0,0.0,0.0,0.0
0.0006605263157894737,production,-59.39696961966999,5.939696961967,989.4,2.109760554431398e+17,1.6687184130627588,975.0,13560000.0,1500.0,0.65,273.8612787525831,5.477225575051661,50.0,0.0,49.97999199359359,1.0,14.4,2000000.0,72.0,0.2,120.0,0.6,200.0,-59.396969619669996,0.0,1.0,8.300590511652294e+17,1.6691577676364786,975.0,350.0,7.956360733117248,1.6465053201413138e+21,0.0,0.33333333333333337,1.0541765889080558e-05,49.97999199359359,bohm,0.18,1.0,0.05555555555555556,0.0,0,0,0,0,4615056869109940.0,1.6423778029734946,14.4,340.0,7.999652362770865,1.7041543000623075e+21,0.0,1.0,0.00014023847259338413,0.0,bohm,0.4814,1.0,0.06231823847112588,0.0,0,0,0,0,1.0,0.0,1.0,0,0,0.0,0.0,0.0,0.0,0.0,0.0,0.0,0.0,0.0,1.0,0.0,1.0,0,0,0.0,0.0,0.0,0.0,0.0,0.0,0.0,0.0,0.0,1.0,0.0,1.0,0,0,0.0,0.0,0.0,0.0,0.0,0.0,0.0,0.0,0.0,0.0,0.0,0.0
0.0006736842105263158,production,-59.39696961966999,5.939696961967,989.4,2.1097749697163395e+17,1.6687443976979865,975.0,13560000.0,1500.0,0.65,273.8612787525831,5.477225575051661,50.0,0.0,49.97999199359359,1.0,14.4,2000000.0,72.0,0.2,120.0,0.6,200.0,-59.396969619669996,0.0,1.0,8.300645551360166e+17,1.6691842382596946,975.0,350.0,7.955167862430558,1.6462584650780815e+21,0.0,0.33333333333333337,1.054181452757488e-05,49.97999199359359,bohm,0.18,1.0,0.05555555555555556,0.0,0,0,0,0,4615144250173025.0,1.6423749756103039,14.4,340.0,7.99964323716434,1.704152356047631e+21,0.0,1.0,0.00014023702427146085,0.0,bohm,0.4814,1.0,0.06231823847112588,0.0,0,0,0,0,1.0,0.0,1.0,0,0,0.0,0.0,0.0,0.0,0.0,0.0,0.0,0.0,0.0,1.0,0.0,1.0,0,0,0.0,0.0,0.0,0.0,0.0,0.0,0.0,0.0,0.0,1.0,0.0,1.0,0,0,0.0,0.0,0.0,0.0,0.0,0.0,0.0,0.0,0.0,0.0,0.0,0.0
0.0006868421052631579,production,-59.39696961966999,5.939696961967,989.4,2.109786210375604e+17,1.6687706680873746,975.0,13560000.0,1500.0,0.65,273.8612787525831,5.477225575051661,50.0,0.0,49.97999199359359,1.0,14.4,2000000.0,72.0,0.2,120.0,0.6,200.0,-59.396969619669996,0.0,1.0,8.300688498774068e+17,1.6692109865159679,975.0,350.0,7.953975022727094,1.6460116164265797e+21,0.0,0.33333333333333337,1.0541871720488783e-05,49.97999199359359,bohm,0.18,1.0,0.05555555555555556,0.0,0,0,0,0,4615211424278224.0,1.6423728444557446,14.4,340.0,7.9996340963426125,1.704150408791682e+21,0.0,1.0,0.00014023591271179262,0.0,bohm,0.4814,1.0,0.06231823847112588,0.0,0,0,0,0,1.0,0.0,1.0,0,0,0.0,0.0,0.0,0.0,0.0,0.0,0.0,0.0,0.0,1.0,0.0,1.0,0,0,0.0,0.0,0.0,0.0,0.0,0.0,0.0,0.0,0.0,1.0,0.0,1.0,0,0,0.0,0.0,0.0,0.0,0.0,0.0,0.0,0.0,0.0,0.0,0.0,0.0
0.0007,production,-59.39696961966999,5.939696961967,989.4,2.1097950791513862e+17,1.6687971538373092,975.0,13560000.0,1500.0,0.65,273.8612787525831,5.477225575051661,50.0,0.0,49.97999199359359,1.0,14.4,2000000.0,72.0,0.2,120.0,0.6,200.0,-59.396969619669996,0.0,1.0,8.300722424378516e+17,1.669237943807949,975.0,350.0,7.952782215390693,1.6457647744731835e+21,0.0,0.33333333333333337,1.0541935301428191e-05,49.97999199359359,bohm,0.18,1.0,0.05555555555555556,0.0,0,0,0,0,4615263074234268.0,1.642371248207218,14.4,340.0,7.999624940326643,1.704148458298926e+21,0.0,1.0,0.0001402350598628352,0.0,bohm,0.4814,1.0,0.06231823847112588,0.0,0,0,0,0,1.0,0.0,1.0,0,0,0.0,0.0,0.0,0.0,0.0,0.0,0.0,0.0,0.0,1.0,0.0,1.0,0,0,0.0,0.0,0.0,0.0,0.0,0.0,0.0,0.0,0.0,1.0,0.0,1.0,0,0,0.0,0.0,0.0,0.0,0.0,0.0,0.0,0.0,0.0,0.0,0.0,0.0
0.0007131578947368421,production,-59.39696961966999,5.939696961967,989.4,2.10980217536928e+17,1.668823802386903,975.0,13560000.0,1500.0,0.65,273.8612787525831,5.477225575051661,50.0,0.0,49.97999199359359,1.0,14.4,2000000.0,72.0,0.2,120.0,0.6,200.0,-59.396969619669996,0.0,1.0,8.300749617539446e+17,1.6692650589840148,975.0,350.0,7.95158944145291,1.6455179394313646e+21,0.0,0.33333333333333337,1.0542003655131331e-05,49.97999199359359,bohm,0.18,1.0,0.05555555555555556,0.0,0,0,0,0,4615302797922465.0,1.6423700629460107,14.4,340.0,7.99961576913269,1.704146504572826e+21,0.0,1.0,0.000140234405761359,0.0,bohm,0.4814,1.0,0.06231823847112588,0.0,0,0,0,0,1.0,0.0,1.0,0,0,0.0,0.0,0.0,0.0,0.0,0.0,0.0,0.0,0.0,1.0,0.0,1.0,0,0,0.0,0.0,0.0,0.0,0.0,0.0,0.0,0.0,0.0,1.0,0.0,1.0,0,0,0.0,0.0,0.0,0.0,0.0,0.0,0.0,0.0,0.0,0.0,0.0,0.0
0.0007263157894736842,production,-59.39696961966999,5.939696961967,989.4,2.1098079465024112e+17,1.6688505744887647,975.0,13560000.0,1500.0,0.65,273.8612787525831,5.477225575051661,50.0,0.0,49.97999199359359,1.0,14.4,2000000.0,72.0,0.2,120.0,0.6,200.0,-59.396969619669996,0.0,1.0,8.300771785222039e+17,1.6692922939012655,975.0,350.0,7.95039670168263,1.6452711114602373e+21,0.0,0.33333333333333337,1.0542075577250028e-05,49.97999199359359,bohm,0.18,1.0,0.05555555555555556,0.0,0,0,0,0,4615333359586872.0,1.6423691934731965,14.4,340.0,7.999606582773398,1.7041445476160758e+21,0.0,1.0,0.00014023390434075668,0.0,bohm,0.4814,1.0,0.06231823847112588,0.0,0,0,0,0,1.0,0.0,1.0,0,0,0.0,0.0,0.0,0.0,0.0,0.0,0.0,0.0,0.0,1.0,0.0,1.0,0,0,0.0,0.0,0.0,0.0,0.0,0.0,0.0,0.0,0.0,1.0,0.0,1.0,0,0,0.0,0.0,0.0,0.0,0.0,0.0,0.0,0.0,0.0,0.0,0.0,0.0
0.0007394736842105263,production,-59.39696961966999,5.939696961967,989.4,2.109812726660257e+17,1.6688774408355636,975.0,13560000.0,1500.0,0.65,273.8612787525831,5.477225575051661,50.0,0.0,49.97999199359359,1.0,14.4,2000000.0,72.0,0.2,120.0,0.6,200.0,-59.396969619669996,0.0,1.0,8.300790200152883e+17,1.669319620117162,975.0,350.0,7.949203996652894,1.6450242906783888e+21,0.0,0.33333333333333337,1.0542150169809867e-05,49.97999199359359,bohm,0.18,1.0,0.05555555555555556,0.0,0,0,0,0,4615356882938164.0,1.6423685666538668,14.4,340.0,7.999597381258632,1.7041425874307774e+21,0.0,1.0,0.0001402335202107941,0.0,bohm,0.4814,1.0,0.06231823847112588,0.0,0,0,0,0,1.0,0.0,1.0,0,0,0.0,0.0,0.0,0.0,0.0,0.0,0.0,0.0,0.0,1.0,0.0,1.0,0,0,0.0,0.0,0.0,0.0,0.0,0.0,0.0,0.0,0.0,1.0,0.0,1.0,0,0,0.0,0.0,0.0,0.0,0.0,0.0,0.0,0.0,0.0,0.0,0.0,0.0
0.0007526315789473685,production,-59.39696961966999,5.939696961967,989.4,2.1098167653188294e+17,1.6689043795417335,975.0,13560000.0,1500.0,0.65,273.8612787525831,5.477225575051661,50.0,0.0,49.97999199359359,1.0,14.4,2000000.0,72.0,0.2,120.0,0.6,200.0,-59.396969619669996,0.0,1.0,8.300805811289108e+17,1.6693470164226327,975.0,350.0,7.94801132679072,1.644777477174186e+21,0.0,0.33333333333333337,1.0542226763268546e-05,49.97999199359359,bohm,0.18,1.0,0.05555555555555556,0.0,0,0,0,0,4615374999540293.0,1.6423681263039256,14.4,340.0,7.9995881645961315,1.7041406240185786e+21,0.0,1.0,0.0001402332261835826,0.0,bohm,0.4814,1.0,0.06231823847112588,0.0,0,0,0,0,1.0,0.0,1.0,0,0,0.0,0.0,0.0,0.0,0.0,0.0,0.0,0.0,0.0,1.0,0.0,1.0,0,0,0.0,0.0,0.0,0.0,0.0,0.0,0.0,0.0,0.0,1.0,0.0,1.0,0,0,0.0,0.0,0.0,0.0,0.0,0.0,0.0,0.0,0.0,0.0,0.0,0.0
0.0007657894736842106,production,-59.39696961966999,5.939696961967,989.4,2.1098202487671565e+17,1.6689313742634362,975.0,13560000.0,1500.0,0.65,273.8612787525831,5.477225575051661,50.0,0.0,49.97999199359359,1.0,14.4,2000000.0,72.0,0.2,120.0,0.6,200.0,-59.396969619669996,0.0,1.0,8.300819326183684e+17,1.6693744670025856,975.0,350.0,7.946818692414238,1.644530671013464e+21,0.0,0.33333333333333337,1.0542304858404215e-05,49.97999199359359,bohm,0.18,1.0,0.05555555555555556,0.0,0,0,0,0,4615388962831406.0,1.6423678292618402,14.4,340.0,7.999578932791986,1.7041386573807779e+21,0.0,1.0,0.00014023300137282462,0.0,bohm,0.4814,1.0,0.06231823847112588,0.0,0,0,0,0,1.0,0.0,1.0,0,0,0.0,0.0,0.0,0.0,0.0,0.0,0.0,0.0,0.0,1.0,0.0,1.0,0,0,0.0,0.0,0.0,0.0,0.0,0.0,0.0,0.0,0.0,1.0,0.0,1.0,0,0,0.0,0.0,0.0,0.0,0.0,0.0,0.0,0.0,0.0,0.0,0.0,0.0
0.0007789473684210527,production,-59.39696961966999,5.939696961967,989.4,2.1098233161172426e+17,1.668958412794961,975.0,13560000.0,1500.0,0.65,273.8612787525831,5.477225575051661,50.0,0.0,49.97999199359359,1.0,14.4,2000000.0,72.0,0.2,120.0,0.6,200.0,-59.396969619669996,0.0,1.0,8.3008312723969e+17,1.6694019600642476,975.0,350.0,7.9456260937604135,1.6442838722452605e+21,0.0,0.33333333333333337,1.0542384082988023e-05,49.97999199359359,bohm,0.18,1.0,0.05555555555555556,0.0,0,0,0,0,4615399735735666.0,1.6423676423706708,14.4,340.0,7.999569685851042,1.7041366875184064e+21,0.0,1.0,0.00014023282973348026,0.0,bohm,0.4814,1.0,0.06231823847112588,0.0,0,0,0,0,1.0,0.0,1.0,0,0,0.0,0.0,0.0,0.0,0.0,0.0,0.0,0.0,0.0,1.0,0.0,1.0,0,0,0.0,0.0,0.0,0.0,0.0,0.0,0.0,0.0,0.0,1.0,0.0,1.0,0,0,0.0,0.0,0.0,0.0,0.0,0.0,0.0,0.0,0.0,0.0,0.0,0.0
0.0007921052631578948,production,-59.39696961966999,5.939696961967,989.4,2.1098260712560758e+17,1.6689854860207647,975.0,13560000.0,1500.0,0.65,273.8612787525831,5.477225575051661,50.0,0.0,49.97999199359359,1.0,14.4,2000000.0,72.0,0.2,120.0,0.6,200.0,-59.396969619669996,0.0,1.0,8.300842043284877e+17,1.6694294868143273,975.0,350.0,7.944433531005664,1.644037080906084e+21,0.0,0.33333333333333337,1.0542464159479181e-05,49.97999199359359,bohm,0.18,1.0,0.05555555555555556,0.0,0,0,0,0,4615408057980871.0,1.642367540159449,14.4,340.0,7.999560423777163,1.7041347144322882e+21,0.0,1.0,0.0001402326989398067,0.0,bohm,0.4814,1.0,0.06231823847112588,0.0,0,0,0,0,1.0,0.0,1.0,0,0,0.0,0.0,0.0,0.0,0.0,0.0,0.0,0.0,0.0,1.0,0.0,1.0,0,0,0.0,0.0,0.0,0.0,0.0,0.0,0.0,0.0,0.0,1.0,0.0,1.0,0,0,0.0,0.0,0.0,0.0,0.0,0.0,0.0,0.0,0.0,0.0,0.0,0.0
0.0008052631578947369,production,-59.39696961966999,5.939696961967,989.4,2.109828591768544e+17,1.6690125871330075,975.0,13560000.0,1500.0,0.65,273.8612787525831,5.477225575051661,50.0,0.0,49.97999199359359,1.0,14.4,2000000.0,72.0,0.2,120.0,0.6,200.0,-59.396969619669996,0.0,1.0,8.300851932139537e+17,1.6694570406962914,975.0,350.0,7.943241004281292,1.6437902970231063e+21,0.0,0.33333333333333337,1.0542544880938314e-05,49.97999199359359,bohm,0.18,1.0,0.05555555555555556,0.0,0,0,0,0,4615414497821296.0,1.642367503061837,14.4,340.0,7.999551146573476,1.704132738123089e+21,0.0,1.0,0.00014023259952337155,0.0,bohm,0.4814,1.0,0.06231823847112588,0.0,0,0,0,0,1.0,0.0,1.0,0,0,0.0,0.0,0.0,0.0,0.0,0.0,0.0,0.0,0.0,1.0,0.0,1.0,0,0,0.0,0.0,0.0,0.0,0.0,0.0,0.0,0.0,0.0,1.0,0.0,1.0,0,0,0.0,0.0,0.0,0.0,0.0,0.0,0.0,0.0,0.0,0.0,0.0,0.0
0.000818421052631579,production,-59.39696961966999,5.939696961967,989.4,2.109830935599235e+17,1.6690397110472959,975.0,13560000.0,1500.0,0.65,273.8612787525831,5.477225575051661,50.0,0.0,49.97999199359359,1.0,14.4,2000000.0,72.0,0.2,120.0,0.6,200.0,-59.396969619669996,0.0,1.0,8.300861157643615e+17,1.669484616821597,975.0,350.0,7.942048513684932,1.6435435206165324e+21,0.0,0.33333333333333337,1.0542626093068154e-05,49.97999199359359,bohm,0.18,1.0,0.05555555555555556,0.0,0,0,0,0,4615419491777516.0,1.6423675160475706,14.4,340.0,7.999541854242539,1.7041307585913535e+21,0.0,1.0,0.00014023252421080522,0.0,bohm,0.4814,1.0,0.06231823847112588,0.0,0,0,0,0,1.0,0.0,1.0,0,0,0.0,0.0,0.0,0.0,0.0,0.0,0.0,0.0,0.0,1.0,0.0,1.0,0,0,0.0,0.0,0.0,0.0,0.0,0.0,0.0,0.0,0.0,1.0,0.0,1.0,0,0,0.0,0.0,0.0,0.0,0.0,0.0,0.0,0.0,0.0,0.0,0.0,0.0
0.000831578947368421,production,-59.39696961966999,5.939696961967,989.4,2.109833146026278e+17,1.6690668539664053,975.0,13560000.0,1500.0,0.65,273.8612787525831,5.477225575051661,50.0,0.0,49.97999199359359,1.0,14.4,2000000.0,72.0,0.2,120.0,0.6,200.0,-59.396969619669996,0.0,1.0,8.300869882850056e+17,1.6695122115455572,975.0,350.0,7.94085605928914,1.643296751701377e+21,0.0,0.33333333333333337,1.0542707680822834e-05,49.97999199359359,bohm,0.18,1.0,0.05555555555555556,0.0,0,0,0,0,4615423375168549.0,1.6423675675710518,14.4,340.0,7.999532546786465,1.7041287758375323e+21,0.0,1.0,0.00014023246741501702,0.0,bohm,0.4814,1.0,0.06231823847112588,0.0,0,0,0,0,1.0,0.0,1.0,0,0,0.0,0.0,0.0,0.0,0.0,0.0,0.0,0.0,0.0,1.0,0.0,1.0,0,0,0.0,0.0,0.0,0.0,0.0,0.0,0.0,0.0,0.0,1.0,0.0,1.0,0,0,0.0,0.0,0.0,0.0,0.0,0.0,0.0,0.0,0.0,0.0,0.0,0.0
0.0008447368421052631,production,-59.39696961966999,5.939696961967,989.4,2.1098352553750822e+17,1.6690940130544867,975.0,13560000.0,1500.0,0.65,273.8612787525831,5.477225575051661,50.0,0.0,49.97999199359359,1.0,14.4,2000000.0,72.0,0.2,120.0,0.6,200.0,-59.396969619669996,0.0,1.0,8.300878229333253e+17,1.669539822151061,975.0,350.0,7.939663641147753,1.6430499902887808e+21,0.0,0.33333333333333337,1.0542789558423531e-05,49.97999199359359,bohm,0.18,1.0,0.05555555555555556,0.0,0,0,0,0,4615426405569212.0,1.6423676487636008,14.4,340.0,7.999523224207037,1.704126789862005e+21,0.0,1.0,0.0001402324248443169,0.0,bohm,0.4814,1.0,0.06231823847112588,0.0,0,0,0,0,1.0,0.0,1.0,0,0,0.0,0.0,0.0,0.0,0.0,0.0,0.0,0.0,0.0,1.0,0.0,1.0,0,0,0.0,0.0,0.0,0.0,0.0,0.0,0.0,0.0,0.0,1.0,0.0,1.0,0,0,0.0,0.0,0.0,0.0,0.0,0.0,0.0,0.0,0.0,0.0,0.0,0.0
0.0008578947368421052,production,-59.39696961966999,5.939696961967,989.4,2.1098372877913258e+17,1.6691211861937727,975.0,13560000.0,1500.0,0.65,273.8612787525831,5.477225575051661,50.0,0.0,49.97999199359359,1.0,14.4,2000000.0,72.0,0.2,120.0,0.6,200.0,-59.396969619669996,0.0,1.0,8.300886287740356e+17,1.669567446612715,975.0,350.0,7.938471259300667,1.6428032363870007e+21,0.0,0.33333333333333337,1.0542871661913904e-05,49.97999199359359,bohm,0.18,1.0,0.05555555555555556,0.0,0,0,0,0,4615428780831575.0,1.642367752812909,14.4,340.0,7.9995138865057775,1.7041248006650958e+21,0.0,1.0,0.00014023239320212533,0.0,bohm,0.4814,1.0,0.06231823847112588,0.0,0,0,0,0,1.0,0.0,1.0,0,0,0.0,0.0,0.0,0.0,0.0,0.0,0.0,0.0,0.0,1.0,0.0,1.0,0,0,0.0,0.0,0.0,0.0,0.0,0.0,0.0,0.0,0.0,1.0,0.0,1.0,0,0,0.0,0.0,0.0,0.0,0.0,0.0,0.0,0.0,0.0,0.0,0.0,0.0
0.0008710526315789474,production,-59.39696961966999,5.939696961967,989.4,2.1098392613115968e+17,1.6691483718028748,975.0,13560000.0,1500.0,0.65,273.8612787525831,5.477225575051661,50.0,0.0,49.97999199359359,1.0,14.4,2000000.0,72.0,0.2,120.0,0.6,200.0,-59.396969619669996,0.0,1.0,8.300894125658492e+17,1.6695950834209647,975.0,350.0,7.937278913777376,1.6425564900021397e+21,0.0,0.33333333333333337,1.0542953943609228e-05,49.97999199359359,bohm,0.18,1.0,0.05555555555555556,0.0,0,0,0,0,4615430652929878.0,1.6423678744863175,14.4,340.0,7.999504533684007,1.7041228082470862e+21,0.0,1.0,0.00014023236995628063,0.0,bohm,0.4814,1.0,0.06231823847112588,0.0,0,0,0,0,1.0,0.0,1.0,0,0,0.0,0.0,0.0,0.0,0.0,0.0,0.0,0.0,0.0,1.0,0.0,1.0,0,0,0.0,0.0,0.0,0.0,0.0,0.0,0.0,0.0,0.0,1.0,0.0,1.0,0,0,0.0,0.0,0.0,0.0,0.0,0.0,0.0,0.0,0.0,0.0,0.0,0.0
0.0008842105263157895,production,-59.39696961966999,5.939696961967,989.4,2.1098411894096448e+17,1.6691755687010827,975.0,13560000.0,1500.0,0.65,273.8612787525831,5.477225575051661,50.0,0.0,49.97999199359359,1.0,14.4,2000000.0,72.0,0.2,120.0,0.6,200.0,-59.396969619669996,0.0,1.0,8.300901793480681e+17,1.66962273145093,975.0,350.0,7.936086604599609,1.642309751138695e+21,0.0,0.33333333333333337,1.0543036367957511e-05,49.97999199359359,bohm,0.18,1.0,0.05555555555555556,0.0,0,0,0,0,4615432138596642.0,1.6423680097645896,14.4,340.0,7.9994951657429,1.7041208126082263e+21,0.0,1.0,0.00014023235316181604,0.0,bohm,0.4814,1.0,0.06231823847112588,0.0,0,0,0,0,1.0,0.0,1.0,0,0,0.0,0.0,0.0,0.0,0.0,0.0,0.0,0.0,0.0,1.0,0.0,1.0,0,0,0.0,0.0,0.0,0.0,0.0,0.0,0.0,0.0,0.0,1.0,0.0,1.0,0,0,0.0,0.0,0.0,0.0,0.0,0.0,0.0,0.0,0.0,0.0,0.0,0.0
0.0008973684210526316,production,-59.39696961966999,5.939696961967,989.4,2.1098430821510886e+17,1.669202776007005,975.0,13560000.0,1500.0,0.65,273.8612787525831,5.477225575051661,50.0,0.0,49.97999199359359,1.0,14.4,2000000.0,72.0,0.2,120.0,0.6,200.0,-59.396969619669996,0.0,1.0,8.300909328779552e+17,1.6696503898645962,975.0,350.0,7.934894331783326,1.6420630197999687e+21,0.0,0.33333333333333337,1.0543118908453432e-05,49.97999199359359,bohm,0.18,1.0,0.05555555555555556,0.0,0,0,0,0,4615433327493444.0,1.6423681555605758,14.4,340.0,7.999485782683498,1.7041188137487384e+21,0.0,1.0,0.00014023234132481675,0.0,bohm,0.4814,1.0,0.06231823847112588,0.0,0,0,0,0,1.0,0.0,1.0,0,0,0.0,0.0,0.0,0.0,0.0,0.0,0.0,0.0,0.0,1.0,0.0,1.0,0,0,0.0,0.0,0.0,0.0,0.0,0.0,0.0,0.0,0.0,1.0,0.0,1.0,0,0,0.0,0.0,0.0,0.0,0.0,0.0,0.0,0.0,0.0,0.0,0.0,0.0
0.0009105263157894737,production,-59.39696961966999,5.939696961967,989.4,2.109844947055782e+17,1.6692299930628698,975.0,13560000.0,1500.0,0.65,273.8612787525831,5.477225575051661,50.0,0.0,49.97999199359359,1.0,14.4,2000000.0,72.0,0.2,120.0,0.6,200.0,-59.396969619669996,0.0,1.0,8.300916759568498e+17,1.669678058037881,975.0,350.0,7.933702095340166,1.6418162959883703e+21,0.0,0.33333333333333337,1.0543201545337249e-05,49.97999199359359,bohm,0.18,1.0,0.05555555555555556,0.0,0,0,0,0,4615434288487702.0,1.6423683095030908,14.4,340.0,7.999476384506775,1.7041168116688292e+21,0.0,1.0,0.0001402323332978358,0.0,bohm,0.4814,1.0,0.06231823847112588,0.0,0,0,0,0,1.0,0.0,1.0,0,0,0.0,0.0,0.0,0.0,0.0,0.0,0.0,0.0,0.0,1.0,0.0,1.0,0,0,0.0,0.0,0.0,0.0,0.0,0.0,0.0,0.0,0.0,1.0,0.0,1.0,0,0,0.0,0.0,0.0,0.0,0.0,0.0,0.0,0.0,0.0,0.0,0.0,0.0
0.0009236842105263158,production,-59.39696961966999,5.939696961967,989.4,2.1098467897418694e+17,1.669257219377971,975.0,13560000.0,1500.0,0.65,273.8612787525831,5.477225575051661,50.0,0.0,49.97999199359359,1.0,14.4,2000000.0,72.0,0.2,120.0,0.6,200.0,-59.396969619669996,0.0,1.0,8.300924106733247e+17,1.669705735506234,975.0,350.0,7.932509895278556,1.6415695797056428e+21,0.0,0.33333333333333337,1.0543284263879031e-05,49.97999199359359,bohm,0.18,1.0,0.05555555555555556,0.0,0,0,0,0,4615435074474376.0,1.642368469770898,14.4,340.0,7.999466971213615,1.7041148063686874e+21,0.0,1.0,0.00014023232819955503,0.0,bohm,0.4814,1.0,0.06231823847112588,0.0,0,0,0,0,1.0,0.0,1.0,0,0,0.0,0.0,0.0,0.0,0.0,0.0,0.0,0.0,0.0,1.0,0.0,1.0,0,0,0.0,0.0,0.0,0.0,0.0,0.0,0.0,0.0,0.0,1.0,0.0,1.0,0,0,0.0,0.0,0.0,0.0,0.0,0.0,0.0,0.0,0.0,0.0,0.0,0.0
0.0009368421052631579,production,-59.39696961966999,5.939696961967,989.4,2.109848614406827e+17,1.6692844545864294,975.0,13560000.0,1500.0,0.65,273.8612787525831,5.477225575051661,50.0,0.0,49.97999199359359,1.0,14.4,2000000.0,72.0,0.2,120.0,0.6,200.0,-59.396969619669996,0.0,1.0,8.300931385844913e+17,1.6697334219240771,975.0,350.0,7.931317731604525,1.641322870953034e+21,0.0,0.33333333333333337,1.0543367053099316e-05,49.97999199359359,bohm,0.18,1.0,0.05555555555555556,0.0,0,0,0,0,4615435726079843.0,1.642368634965185,14.4,340.0,7.999457542804861,1.7041127978484928e+21,0.0,1.0,0.00014023232535307205,0.0,bohm,0.4814,1.0,0.06231823847112588,0.0,0,0,0,0,1.0,0.0,1.0,0,0,0.0,0.0,0.0,0.0,0.0,0.0,0.0,0.0,0.0,1.0,0.0,1.0,0,0,0.0,0.0,0.0,0.0,0.0,0.0,0.0,0.0,0.0,1.0,0.0,1.0,0,0,0.0,0.0,0.0,0.0,0.0,0.0,0.0,0.0,0.0,0.0,0.0,0.0
0.00095,production,-59.39696961966999,5.939696961967,989.4,2.1098504241867638e+17,1.6693116984156384,975.0,13560000.0,1500.0,0.65,273.8612787525831,5.477225575051661,50.0,0.0,49.97999199359359,1.0,14.4,2000000.0,72.0,0.2,120.0,0.6,200.0,-59.396969619669996,0.0,1.0,8.300938608511844e+17,1.6697611170345583,975.0,350.0,7.930125604322316,1.6410761697314226e+21,0.0,0.33333333333333337,1.0543449904815172e-05,49.97999199359359,bohm,0.18,1.0,0.05555555555555556,0.0,0,0,0,0,4615436274507038.0,1.6423688040115887,14.4,340.0,7.999448099281316,1.704110786108416e+21,0.0,1.0,0.00014023232423849446,0.0,bohm,0.4814,1.0,0.06231823847112588,0.0,0,0,0,0,1.0,0.0,1.0,0,0,0.0,0.0,0.0,0.0,0.0,0.0,0.0,0.0,0.0,1.0,0.0,1.0,0,0,0.0,0.0,0.0,0.0,0.0,0.0,0.0,0.0,0.0,1.0,0.0,1.0,0,0,0.0,0.0,0.0,0.0,0.0,0.0,0.0,0.0,0.0,0.0,0.0,0.0
0.0009631578947368421,production,-59.39696961966999,5.939696961967,989.4,2.109852221424806e+17,1.6693389506626837,975.0,13560000.0,1500.0,0.65,273.8612787525831,5.477225575051661,50.0,0.0,49.97999199359359,1.0,14.4,2000000.0,72.0,0.2,120.0,0.6,200.0,-59.396969619669996,0.0,1.0,8.300945783387598e+17,1.6697888206469897,975.0,350.0,7.928933513434837,1.6408294760414097e+21,0.0,0.33333333333333337,1.0543532812928923e-05,49.97999199359359,bohm,0.18,1.0,0.05555555555555556,0.0,0,0,0,0,4615436743720896.0,1.642368976084964,14.4,340.0,7.999438640643743,1.70410877114862e+21,0.0,1.0,0.00014023232445652722,0.0,bohm,0.4814,1.0,0.06231823847112588,0.0,0,0,0,0,1.0,0.0,1.0,0,0,0.0,0.0,0.0,0.0,0.0,0.0,0.0,0.0,0.0,1.0,0.0,1.0,0,0,0.0,0.0,0.0,0.0,0.0,0.0,0.0,0.0,0.0,1.0,0.0,1.0,0,0,0.0,0.0,0.0,0.0,0.0,0.0,0.0,0.0,0.0,0.0,0.0,0.0
0.0009763157894736842,production,-59.39696961966999,5.939696961967,989.4,2.1098540078715885e+17,1.6693662111767353,975.0,13560000.0,1500.0,0.65,273.8612787525831,5.477225575051661,50.0,0.0,49.97999199359359,1.0,14.4,2000000.0,72.0,0.2,120.0,0.6,200.0,-59.396969619669996,0.0,1.0,8.300952916922542e+17,1.669816532620025,975.0,350.0,7.927741458944005,1.6405827898833922e+21,0.0,0.33333333333333337,1.0543615772897747e-05,49.97999199359359,bohm,0.18,1.0,0.05555555555555556,0.0,0,0,0,0,4615437152127068.0,1.6423691505515756,14.4,340.0,7.999429166892885,1.704106752969263e+21,0.0,1.0,0.00014023232570050206,0.0,bohm,0.4814,1.0,0.06231823847112588,0.0,0,0,0,0,1.0,0.0,1.0,0,0,0.0,0.0,0.0,0.0,0.0,0.0,0.0,0.0,0.0,1.0,0.0,1.0,0,0,0.0,0.0,0.0,0.0,0.0,0.0,0.0,0.0,0.0,1.0,0.0,1.0,0,0,0.0,0.0,0.0,0.0,0.0,0.0,0.0,0.0,0.0,0.0,0.0,0.0
0.0009894736842105264,production,-59.39696961966999,5.939696961967,989.4,2.109855784835018e+17,1.6693934798458898,975.0,13560000.0,1500.0,0.65,273.8612787525831,5.477225575051661,50.0,0.0,49.97999199359359,1.0,14.4,2000000.0,72.0,0.2,120.0,0.6,200.0,-59.396969619669996,0.0,1.0,8.300960013924232e+17,1.6698442528491215,975.0,350.0,7.926549440850996,1.6403361112576138e+21,0.0,0.33333333333333337,1.0543698781338244e-05,49.97999199359359,bohm,0.18,1.0,0.05555555555555556,0.0,0,0,0,0,4615437513861335.0,1.642369326924703,14.4,340.0,7.999419678029465,1.704104731570499e+21,0.0,1.0,0.0001402323277348935,0.0,bohm,0.4814,1.0,0.06231823847112588,0.0,0,0,0,0,1.0,0.0,1.0,0,0,0.0,0.0,0.0,0.0,0.0,0.0,0.0,0.0,0.0,1.0,0.0,1.0,0,0,0.0,0.0,0.0,0.0,0.0,0.0,0.0,0.0,0.0,1.0,0.0,1.0,0,0,0.0,0.0,0.0,0.0,0.0,0.0,0.0,0.0,0.0,0.0,0.0,0.0
0.0010026315789473685,production,-59.39696961966999,5.939696961967,989.4,2.109857553292171e+17,1.6694207565873307,975.0,13560000.0,1500.0,0.65,273.8612787525831,5.477225575051661,50.0,0.0,49.97999199359359,1.0,14.4,2000000.0,72.0,0.2,120.0,0.6,200.0,-59.396969619669996,0.0,1.0,8.300967077975283e+17,1.6698719812571754,975.0,350.0,7.925357459156434,1.640089440164203e+21,0.0,0.33333333333333337,1.0543781835731524e-05,49.97999199359359,bohm,0.18,1.0,0.05555555555555556,0.0,0,0,0,0,4615437839780026.0,1.642369504830538,14.4,340.0,7.999410174054198,1.70410270695248e+21,0.0,1.0,0.00014023233037881717,0.0,bohm,0.4814,1.0,0.06231823847112588,0.0,0,0,0,0,1.0,0.0,1.0,0,0,0.0,0.0,0.0,0.0,0.0,0.0,0.0,0.0,0.0,1.0,0.0,1.0,0,0,0.0,0.0,0.0,0.0,0.0,0.0,0.0,0.0,0.0,1.0,0.0,1.0,0,0,0.0,0.0,0.0,0.0,0.0,0.0,0.0,0.0,0.0,0.0,0.0,0.0
0.0010157894736842106,production,-59.39696961966999,5.939696961967,989.4,2.109859313972891e+17,1.6694480413399855,975.0,13560000.0,1500.0,0.65,273.8612787525831,5.477225575051661,50.0,0.0,49.97999199359359,1.0,14.4,2000000.0,72.0,0.2,120.0,0.6,200.0,-59.396969619669996,0.0,1.0,8.300974111744942e+17,1.6698997177875494,975.0,350.0,7.924165513860525,1.639842776603203e+21,0.0,0.33333333333333337,1.0543864934203331e-05,49.97999199359359,bohm,0.18,1.0,0.05555555555555556,0.0,0,0,0,0,4615438138220719.0,1.6423696839820014,14.4,340.0,7.999400654967782,1.704100679115355e+21,0.0,1.0,0.00014023233349335528,0.0,bohm,0.4814,1.0,0.06231823847112588,0.0,0,0,0,0,1.0,0.0,1.0,0,0,0.0,0.0,0.0,0.0,0.0,0.0,0.0,0.0,0.0,1.0,0.0,1.0,0,0,0.0,0.0,0.0,0.0,0.0,0.0,0.0,0.0,0.0,1.0,0.0,1.0,0,0,0.0,0.0,0.0,0.0,0.0,0.0,0.0,0.0,0.0,0.0,0.0,0.0
0.0010289473684210527,production,-59.39696961966999,5.939696961967,989.4,2.1098610674222474e+17,1.6694753340590363,975.0,13560000.0,1500.0,0.65,273.8612787525831,5.477225575051661,50.0,0.0,49.97999199359359,1.0,14.4,2000000.0,72.0,0.2,120.0,0.6,200.0,-59.396969619669996,0.0,1.0,8.300981117221394e+17,1.669927462398871,975.0,350.0,7.922973604963175,1.639596120574594e+21,0.0,0.33333333333333337,1.0543948075360105e-05,49.97999199359359,bohm,0.18,1.0,0.05555555555555556,0.0,0,0,0,0,4615438415586532.0,1.6423698641586142,14.4,340.0,7.999391120770908,1.704098648059271e+21,0.0,1.0,0.00014023233697182103,0.0,bohm,0.4814,1.0,0.06231823847112588,0.0,0,0,0,0,1.0,0.0,1.0,0,0,0.0,0.0,0.0,0.0,0.0,0.0,0.0,0.0,0.0,1.0,0.0,1.0,0,0,0.0,0.0,0.0,0.0,0.0,0.0,0.0,0.0,0.0,1.0,0.0,1.0,0,0,0.0,0.0,0.0,0.0,0.0,0.0,0.0,0.0,0.0,0.0,0.0,0.0
0.0010421052631578948,production,-59.39696961966999,5.939696961967,989.4,2.10986281404721e+17,1.6695026347118145,975.0,13560000.0,1500.0,0.65,273.8612787525831,5.477225575051661,50.0,0.0,49.97999199359359,1.0,14.4,2000000.0,72.0,0.2,120.0,0.6,200.0,-59.396969619669996,0.0,1.0,8.300988095884993e+17,1.6699552150611507,975.0,350.0,7.921781732464059,1.639349472078309e+21,0.0,0.33333333333333337,1.0544031258166717e-05,49.97999199359359,bohm,0.18,1.0,0.05555555555555556,0.0,0,0,0,0,4615438676794895.0,1.6423700451910515,14.4,340.0,7.999381571464258,1.7040966137843737e+21,0.0,1.0,0.0001402323407322817,0.0,bohm,0.4814,1.0,0.06231823847112588,0.0,0,0,0,0,1.0,0.0,1.0,0,0,0.0,0.0,0.0,0.0,0.0,0.0,0.0,0.0,0.0,1.0,0.0,1.0,0,0,0.0,0.0,0.0,0.0,0.0,0.0,0.0,0.0,0.0,1.0,0.0,1.0,0,0,0.0,0.0,0.0,0.0,0.0,0.0,0.0,0.0,0.0,0.0,0.0,0.0
0.0010552631578947369,production,-59.39696961966999,5.939696961967,989.4,2.1098645541515245e+17,1.6695299432747346,975.0,13560000.0,1500.0,0.65,273.8612787525831,5.477225575051661,50.0,0.0,49.97999199359359,1.0,14.4,2000000.0,72.0,0.2,120.0,0.6,200.0,-59.396969619669996,0.0,1.0,8.300995048837432e+17,1.6699829757528888,975.0,350.0,7.920589896362679,1.6391028311142448e+21,0.0,0.33333333333333337,1.0544114481855305e-05,49.97999199359359,bohm,0.18,1.0,0.05555555555555556,0.0,0,0,0,0,4615438925622210.0,1.642370226949278,14.4,340.0,7.9993720070485175,1.7040945762908087e+21,0.0,1.0,0.0001402323447118159,0.0,bohm,0.4814,1.0,0.06231823847112588,0.0,0,0,0,0,1.0,0.0,1.0,0,0,0.0,0.0,0.0,0.0,0.0,0.0,0.0,0.0,0.0,1.0,0.0,1.0,0,0,0.0,0.0,0.0,0.0,0.0,0.0,0.0,0.0,0.0,1.0,0.0,1.0,0,0,0.0,0.0,0.0,0.0,0.0,0.0,0.0,0.0,0.0,0.0,0.0,0.0
0.001068421052631579,production,-59.39696961966999,5.939696961967,989.4,2.109866287961776e+17,1.6695572597310024,975.0,13560000.0,1500.0,0.65,273.8612787525831,5.477225575051661,50.0,0.0,49.97999199359359,1.0,14.4,2000000.0,72.0,0.2,120.0,0.6,200.0,-59.396969619669996,0.0,1.0,8.301001976898047e+17,1.6700107444589172,975.0,350.0,7.919398096658414,1.638856197682273e+21,0.0,0.33333333333333337,1.0544197745857318e-05,49.97999199359359,bohm,0.18,1.0,0.05555555555555556,0.0,0,0,0,0,4615439164968583.0,1.642370409333429,14.4,340.0,7.99936242752436,1.7040925355787194e+21,0.0,1.0,0.00014023234886210284,0.0,bohm,0.4814,1.0,0.06231823847112588,0.0,0,0,0,0,1.0,0.0,1.0,0,0,0.0,0.0,0.0,0.0,0.0,0.0,0.0,0.0,0.0,1.0,0.0,1.0,0,0,0.0,0.0,0.0,0.0,0.0,0.0,0.0,0.0,0.0,1.0,0.0,1.0,0,0,0.0,0.0,0.0,0.0,0.0,0.0,0.0,0.0,0.0,0.0,0.0,0.0
0.001081578947368421,production,-59.39696961966999,5.939696961967,989.4,2.109868015646866e+17,1.669584584068902,975.0,13560000.0,1500.0,0.65,273.8612787525831,5.477225575051661,50.0,0.0,49.97999199359359,1.0,14.4,2000000.0,72.0,0.2,120.0,0.6,200.0,-59.396969619669996,0.0,1.0,8.30100888067563e+17,1.6700385211687903,975.0,350.0,7.918206333350545,1.6386095717822447e+21,0.0,0.33333333333333337,1.0544281049752811e-05,49.97999199359359,bohm,0.18,1.0,0.05555555555555556,0.0,0,0,0,0,4615439397061137.0,1.6423705922668093,14.4,340.0,7.999352832892458,1.7040904916482494e+21,0.0,1.0,0.00014023235314603445,0.0,bohm,0.4814,1.0,0.06231823847112588,0.0,0,0,0,0,1.0,0.0,1.0,0,0,0.0,0.0,0.0,0.0,0.0,0.0,0.0,0.0,0.0,1.0,0.0,1.0,0,0,0.0,0.0,0.0,0.0,0.0,0.0,0.0,0.0,0.0,1.0,0.0,1.0,0,0,0.0,0.0,0.0,0.0,0.0,0.0,0.0,0.0,0.0,0.0,0.0,0.0
0.0010947368421052631,production,-59.39696961966999,5.939696961967,989.4,2.1098697373325725e+17,1.6696119162805132,975.0,13560000.0,1500.0,0.65,273.8612787525831,5.477225575051661,50.0,0.0,49.97999199359359,1.0,14.4,2000000.0,72.0,0.2,120.0,0.6,200.0,-59.396969619669996,0.0,1.0,8.301015760621985e+17,1.6700663058755836,975.0,350.0,7.917014606438285,1.6383629534139968e+21,0.0,0.33333333333333337,1.0544364393232659e-05,49.97999199359359,bohm,0.18,1.0,0.05555555555555556,0.0,0,0,0,0,4615439623610157.0,1.6423707756905226,14.4,340.0,7.999343223153481,1.7040884444995414e+21,0.0,1.0,0.00014023235753511432,0.0,bohm,0.4814,1.0,0.06231823847112588,0.0,0,0,0,0,1.0,0.0,1.0,0,0,0.0,0.0,0.0,0.0,0.0,0.0,0.0,0.0,0.0,1.0,0.0,1.0,0,0,0.0,0.0,0.0,0.0,0.0,0.0,0.0,0.0,0.0,1.0,0.0,1.0,0,0,0.0,0.0,0.0,0.0,0.0,0.0,0.0,0.0,0.0,0.0,0.0,0.0
0.0011078947368421055,production,-59.39696961966999,5.939696961967,989.4,2.109871453112431e+17,1.6696392563607594,975.0,13560000.0,1500.0,0.65,273.8612787525831,5.477225575051661,50.0,0.0,49.97999199359359,1.0,14.4,2000000.0,72.0,0.2,120.0,0.6,200.0,-59.396969619669996,0.0,1.0,8.301022617071853e+17,1.6700940985750035,975.0,350.0,7.915822915920793,1.6381163425773558e+21,0.0,0.33333333333333337,1.0544447776070382e-05,49.97999199359359,bohm,0.18,1.0,0.05555555555555556,0.0,0,0,0,0,4615439845929017.0,1.642370959559334,14.4,340.0,7.999333598308098,1.7040863941327376e+21,0.0,1.0,0.0001402323620074589,0.0,bohm,0.4814,1.0,0.06231823847112588,0.0,0,0,0,0,1.0,0.0,1.0,0,0,0.0,0.0,0.0,0.0,0.0,0.0,0.0,0.0,0.0,1.0,0.0,1.0,0,0,0.0,0.0,0.0,0.0,0.0,0.0,0.0,0.0,0.0,1.0,0.0,1.0,0,0,0.0,0.0,0.0,0.0,0.0,0.0,0.0,0.0,0.0,0.0,0.0,0.0
0.0011210526315789475,production,-59.39696961966999,5.939696961967,989.4,2.1098731630558666e+17,1.6696666043066846,975.0,13560000.0,1500.0,0.65,273.8612787525831,5.477225575051661,50.0,0.0,49.97999199359359,1.0,14.4,2000000.0,72.0,0.2,120.0,0.6,200.0,-59.396969619669996,0.0,1.0,8.301029450272678e+17,1.670121899264712,975.0,350.0,7.914631261797187,1.6378697392721387e+21,0.0,0.33333333333333337,1.0544531198101117e-05,49.97999199359359,bohm,0.18,1.0,0.05555555555555556,0.0,0,0,0,0,4615440065026275.0,1.6423711438385111,14.4,340.0,7.999323958356982,1.7040843405479811e+21,0.0,1.0,0.0001402323665462637,0.0,bohm,0.4814,1.0,0.06231823847112588,0.0,0,0,0,0,1.0,0.0,1.0,0,0,0.0,0.0,0.0,0.0,0.0,0.0,0.0,0.0,0.0,1.0,0.0,1.0,0,0,0.0,0.0,0.0,0.0,0.0,0.0,0.0,0.0,0.0,1.0,0.0,1.0,0,0,0.0,0.0,0.0,0.0,0.0,0.0,0.0,0.0,0.0,0.0,0.0,0.0
0.0011342105263157896,production,-59.39696961966999,5.939696961967,989.4,2.109874867214278e+17,1.6696939601169245,975.0,13560000.0,1500.0,0.65,273.8612787525831,5.477225575051661,50.0,0.0,49.97999199359359,1.0,14.4,2000000.0,72.0,0.2,120.0,0.6,200.0,-59.396969619669996,0.0,1.0,8.30103626040682e+17,1.670149707943836,975.0,350.0,7.913439644066557,1.6376231434981574e+21,0.0,0.33333333333333337,1.0544614659205955e-05,49.97999199359359,bohm,0.18,1.0,0.05555555555555556,0.0,0,0,0,0,4615440281676410.0,1.6423713285013715,14.4,340.0,7.999314303300792,1.7040822837454132e+21,0.0,1.0,0.00014023237113862405,0.0,bohm,0.4814,1.0,0.06231823847112588,0.0,0,0,0,0,1.0,0.0,1.0,0,0,0.0,0.0,0.0,0.0,0.0,0.0,0.0,0.0,0.0,1.0,0.0,1.0,0,0,0.0,0.0,0.0,0.0,0.0,0.0,0.0,0.0,0.0,1.0,0.0,1.0,0,0,0.0,0.0,0.0,0.0,0.0,0.0,0.0,0.0,0.0,0.0,0.0,0.0
0.0011473684210526317,production,-59.39696961966999,5.939696961967,989.4,2.1098765656255808e+17,1.669721323791303,975.0,13560000.0,1500.0,0.65,273.8612787525831,5.477225575051661,50.0,0.0,49.97999199359359,1.0,14.4,2000000.0,72.0,0.2,120.0,0.6,200.0,-59.396969619669996,0.0,1.0,8.301043047608099e+17,1.6701775246125932,975.0,350.0,7.912248062727973,1.6373765552552194e+21,0.0,0.33333333333333337,1.0544698159300255e-05,49.97999199359359,bohm,0.18,1.0,0.05555555555555556,0.0,0,0,0,0,4615440496474141.0,1.6423715135274302,14.4,340.0,7.9993046331402,1.7040802237251765e+21,0.0,1.0,0.00014023237577463055,0.0,bohm,0.4814,1.0,0.06231823847112588,0.0,0,0,0,0,1.0,0.0,1.0,0,0,0.0,0.0,0.0,0.0,0.0,0.0,0.0,0.0,0.0,1.0,0.0,1.0,0,0,0.0,0.0,0.0,0.0,0.0,0.0,0.0,0.0,0.0,1.0,0.0,1.0,0,0,0.0,0.0,0.0,0.0,0.0,0.0,0.0,0.0,0.0,0.0,0.0,0.0
0.0011605263157894738,production,-59.39696961966999,5.939696961967,989.4,2.1098782583176045e+17,1.669748695330536,975.0,13560000.0,1500.0,0.65,273.8612787525831,5.477225575051661,50.0,0.0,49.97999199359359,1.0,14.4,2000000.0,72.0,0.2,120.0,0.6,200.0,-59.396969619669996,0.0,1.0,8.301049811974134e+17,1.6702053492720155,975.0,350.0,7.911056517780487,1.6371299745431287e+21,0.0,0.33333333333333337,1.0544781698324944e-05,49.97999199359359,bohm,0.18,1.0,0.05555555555555556,0.0,0,0,0,0,4615440709876140.0,1.642371698900953,14.4,340.0,7.9992949478758675,1.7040781604874116e+21,0.0,1.0,0.0001402323804466739,0.0,bohm,0.4814,1.0,0.06231823847112588,0.0,0,0,0,0,1.0,0.0,1.0,0,0,0.0,0.0,0.0,0.0,0.0,0.0,0.0,0.0,0.0,1.0,0.0,1.0,0,0,0.0,0.0,0.0,0.0,0.0,0.0,0.0,0.0,0.0,1.0,0.0,1.0,0,0,0.0,0.0,0.0,0.0,0.0,0.0,0.0,0.0,0.0,0.0,0.0,0.0
0.001173684210526316,production,-59.39696961966999,5.939696961967,989.4,2.10987994531064e+17,1.6697760747360013,975.0,13560000.0,1500.0,0.65,273.8612787525831,5.477225575051661,50.0,0.0,49.97999199359359,1.0,14.4,2000000.0,72.0,0.2,120.0,0.6,200.0,-59.396969619669996,0.0,1.0,8.301056553575567e+17,1.6702331819237404,975.0,350.0,7.909865009223142,1.636883401361687e+21,0.0,0.33333333333333337,1.054486527623999e-05,49.97999199359359,bohm,0.18,1.0,0.05555555555555556,0.0,0,0,0,0,4615440922233075.0,1.6423718846098532,14.4,340.0,7.999285247508461,1.7040760940322612e+21,0.0,1.0,0.00014023238514891087,0.0,bohm,0.4814,1.0,0.06231823847112588,0.0,0,0,0,0,1.0,0.0,1.0,0,0,0.0,0.0,0.0,0.0,0.0,0.0,0.0,0.0,0.0,1.0,0.0,1.0,0,0,0.0,0.0,0.0,0.0,0.0,0.0,0.0,0.0,0.0,1.0,0.0,1.0,0,0,0.0,0.0,0.0,0.0,0.0,0.0,0.0,0.0,0.0,0.0,0.0,0.0
0.001186842105263158,production,-59.39696961966999,5.939696961967,989.4,2.1098816266193325e+17,1.6698034620095812,975.0,13560000.0,1500.0,0.65,273.8612787525831,5.477225575051661,50.0,0.0,49.97999199359359,1.0,14.4,2000000.0,72.0,0.2,120.0,0.6,200.0,-59.396969619669996,0.0,1.0,8.301063272462904e+17,1.670261022569862,975.0,350.0,7.908673537054964,1.636636835710693e+21,0.0,0.33333333333333337,1.0544948893019588e-05,49.97999199359359,bohm,0.18,1.0,0.05555555555555556,0.0,0,0,0,0,4615441133814207.0,1.6423720706448504,14.4,340.0,7.999275532038644,1.7040740243598661e+21,0.0,1.0,0.0001402323898768547,0.0,bohm,0.4814,1.0,0.06231823847112588,0.0,0,0,0,0,1.0,0.0,1.0,0,0,0.0,0.0,0.0,0.0,0.0,0.0,0.0,0.0,0.0,1.0,0.0,1.0,0,0,0.0,0.0,0.0,0.0,0.0,0.0,0.0,0.0,0.0,1.0,0.0,1.0,0,0,0.0,0.0,0.0,0.0,0.0,0.0,0.0,0.0,0.0,0.0,0.0,0.0
0.0012000000000000001,production,-59.39696961966999,5.939696961967,989.4,2.1098833022541088e+17,1.669830857153526,975.0,13560000.0,1500.0,0.65,273.8612787525831,5.477225575051661,50.0,0.0,49.97999199359359,1.0,14.4,2000000.0,72.0,0.2,120.0,0.6,200.0,-59.396969619669996,0.0,1.0,8.301069968671645e+17,1.6702888712128108,975.0,350.0,7.90748210127498,1.636390277589945e+21,0.0,0.33333333333333337,1.0545032548648531e-05,49.97999199359359,bohm,0.18,1.0,0.05555555555555556,0.0,0,0,0,0,4615441344826286.0,1.6423722569988135,14.4,340.0,7.999265801467083,1.704071951470368e+21,0.0,1.0,0.00014023239462706015,0.0,bohm,0.4814,1.0,0.06231823847112588,0.0,0,0,0,0,1.0,0.0,1.0,0,0,0.0,0.0,0.0,0.0,0.0,0.0,0.0,0.0,0.0,1.0,0.0,1.0,0,0,0.0,0.0,0.0,0.0,0.0,0.0,0.0,0.0,0.0,1.0,0.0,1.0,0,0,0.0,0.0,0.0,0.0,0.0,0.0,0.0,0.0,0.0,0.0,0.0,0.0
0.0012131578947368422,production,-59.39696961966999,5.939696961967,989.4,2.1098849722222346e+17,1.6698582601703718,975.0,13560000.0,1500.0,0.65,273.8612787525831,5.477225575051661,50.0,0.0,49.97999199359359,1.0,14.4,2000000.0,72.0,0.2,120.0,0.6,200.0,-59.396969619669996,0.0,1.0,8.301076642226097e+17,1.6703167278552717,975.0,350.0,7.906290701882213,1.636143726999241e+21,0.0,0.33333333333333337,1.0545116243119522e-05,49.97999199359359,bohm,0.18,1.0,0.05555555555555556,0.0,0,0,0,0,4615441555428057.0,1.642372443666267,14.4,340.0,7.999256055794437,1.7040698753639087e+21,0.0,1.0,0.00014023239939688176,0.0,bohm,0.4814,1.0,0.06231823847112588,0.0,0,0,0,0,1.0,0.0,1.0,0,0,0.0,0.0,0.0,0.0,0.0,0.0,0.0,0.0,0.0,1.0,0.0,1.0,0,0,0.0,0.0,0.0,0.0,0.0,0.0,0.0,0.0,0.0,1.0,0.0,1.0,0,0,0.0,0.0,0.0,0.0,0.0,0.0,0.0,0.0,0.0,0.0,0.0,0.0
0.0012263157894736843,production,-59.39696961966999,5.939696961967,989.4,2.1098866365286147e+17,1.6698856710628602,975.0,13560000.0,1500.0,0.65,273.8612787525831,5.477225575051661,50.0,0.0,49.97999199359359,1.0,14.4,2000000.0,72.0,0.2,120.0,0.6,200.0,-59.396969619669996,0.0,1.0,8.301083293142217e+17,1.6703445925001181,975.0,350.0,7.905099338875677,1.635897183938377e+21,0.0,0.33333333333333337,1.0545199976431158e-05,49.97999199359359,bohm,0.18,1.0,0.05555555555555556,0.0,0,0,0,0,4615441765741406.0,1.6423726306430029,14.4,340.0,7.999246295021376,1.704067796040629e+21,0.0,1.0,0.00014023240418428826,0.0,bohm,0.4814,1.0,0.06231823847112588,0.0,0,0,0,0,1.0,0.0,1.0,0,0,0.0,0.0,0.0,0.0,0.0,0.0,0.0,0.0,0.0,1.0,0.0,1.0,0,0,0.0,0.0,0.0,0.0,0.0,0.0,0.0,0.0,0.0,1.0,0.0,1.0,0,0,0.0,0.0,0.0,0.0,0.0,0.0,0.0,0.0,0.0,0.0,0.0,0.0
0.0012394736842105264,production,-59.39696961966999,5.939696961967,989.4,2.1098882951763843e+17,1.6699130898338923,975.0,13560000.0,1500.0,0.65,273.8612787525831,5.477225575051661,50.0,0.0,49.97999199359359,1.0,14.4,2000000.0,72.0,0.2,120.0,0.6,200.0,-59.396969619669996,0.0,1.0,8.301089921429741e+17,1.6703724651503664,975.0,350.0,7.903908012254391,1.63565064840715e+21,0.0,0.33333333333333337,1.054528374858644e-05,49.97999199359359,bohm,0.18,1.0,0.05555555555555556,0.0,0,0,0,0,4615441975859911.0,1.6423728179257886,14.4,340.0,7.999236519148558,1.7040657135006707e+21,0.0,1.0,0.00014023240898772006,0.0,bohm,0.4814,1.0,0.06231823847112588,0.0,0,0,0,0,1.0,0.0,1.0,0,0,0.0,0.0,0.0,0.0,0.0,0.0,0.0,0.0,0.0,1.0,0.0,1.0,0,0,0.0,0.0,0.0,0.0,0.0,0.0,0.0,0.0,0.0,1.0,0.0,1.0,0,0,0.0,0.0,0.0,0.0,0.0,0.0,0.0,0.0,0.0,0.0,0.0,0.0
0.0012526315789473685,production,-59.39696961966999,5.939696961967,989.4,2.1098899481673542e+17,1.6699405164864896,975.0,13560000.0,1500.0,0.65,273.8612787525831,5.477225575051661,50.0,0.0,49.97999199359359,1.0,14.4,2000000.0,72.0,0.2,120.0,0.6,200.0,-59.396969619669996,0.0,1.0,8.301096527093755e+17,1.6704003458091388,975.0,350.0,7.90271672201736,1.635404120405354e+21,0.0,0.33333333333333337,1.0545367559591661e-05,49.97999199359359,bohm,0.18,1.0,0.05555555555555556,0.0,0,0,0,0,4615442185855416.0,1.6423730055121384,14.4,340.0,7.999226728176652,1.7040636277441752e+21,0.0,1.0,0.0001402324138059796,0.0,bohm,0.4814,1.0,0.06231823847112588,0.0,0,0,0,0,1.0,0.0,1.0,0,0,0.0,0.0,0.0,0.0,0.0,0.0,0.0,0.0,0.0,1.0,0.0,1.0,0,0,0.0,0.0,0.0,0.0,0.0,0.0,0.0,0.0,0.0,1.0,0.0,1.0,0,0,0.0,0.0,0.0,0.0,0.0,0.0,0.0,0.0,0.0,0.0,0.0,0.0
0.0012657894736842106,production,-59.39696961966999,5.939696961967,989.4,2.109891595502345e+17,1.6699679510237584,975.0,13560000.0,1500.0,0.65,273.8612787525831,5.477225575051661,50.0,0.0,49.97999199359359,1.0,14.4,2000000.0,72.0,0.2,120.0,0.6,200.0,-59.396969619669996,0.0,1.0,8.301103110135887e+17,1.670428234479635,975.0,350.0,7.901525468163602,1.6351575999327854e+21,0.0,0.33333333333333337,1.0545451409455546e-05,49.97999199359359,bohm,0.18,1.0,0.05555555555555556,0.0,0,0,0,0,4615442395783073.0,1.6423731934001435,14.4,340.0,7.999216922106313,1.704061538771283e+21,0.0,1.0,0.0001402324186381475,0.0,bohm,0.4814,1.0,0.06231823847112588,0.0,0,0,0,0,1.0,0.0,1.0,0,0,0.0,0.0,0.0,0.0,0.0,0.0,0.0,0.0,0.0,1.0,0.0,1.0,0,0,0.0,0.0,0.0,0.0,0.0,0.0,0.0,0.0,0.0,1.0,0.0,1.0,0,0,0.0,0.0,0.0,0.0,0.0,0.0,0.0,0.0,0.0,0.0,0.0,0.0
0.0012789473684210527,production,-59.39696961966999,5.939696961967,989.4,2.1098932371814336e+17,1.669995393448877,975.0,13560000.0,1500.0,0.65,273.8612787525831,5.477225575051661,50.0,0.0,49.97999199359359,1.0,14.4,2000000.0,72.0,0.2,120.0,0.6,200.0,-59.396969619669996,0.0,1.0,8.301109670555177e+17,1.670456131165118,975.0,350.0,7.900334250692118,1.6349110869892383e+21,0.0,0.33333333333333337,1.0545535298188677e-05,49.97999199359359,bohm,0.18,1.0,0.05555555555555556,0.0,0,0,0,0,4615442605685222.0,1.6423733815883352,14.4,340.0,7.999207100938211,1.704059446582136e+21,0.0,1.0,0.0001402324234835179,0.0,bohm,0.4814,1.0,0.06231823847112588,0.0,0,0,0,0,1.0,0.0,1.0,0,0,0.0,0.0,0.0,0.0,0.0,0.0,0.0,0.0,0.0,1.0,0.0,1.0,0,0,0.0,0.0,0.0,0.0,0.0,0.0,0.0,0.0,0.0,1.0,0.0,1.0,0,0,0.0,0.0,0.0,0.0,0.0,0.0,0.0,0.0,0.0,0.0,0.0,0.0
0.001292105263157895,production,-59.39696961966999,5.939696961967,989.4,2.109894873204143e+17,1.6700228437650728,975.0,13560000.0,1500.0,0.65,273.8612787525831,5.477225575051661,50.0,0.0,49.97999199359359,1.0,14.4,2000000.0,72.0,0.2,120.0,0.6,200.0,-59.396969619669996,0.0,1.0,8.301116208348741e+17,1.6704840358688948,975.0,350.0,7.899143069601923,1.6346645815745084e+21,0.0,0.33333333333333337,1.0545619225802983e-05,49.97999199359359,bohm,0.18,1.0,0.05555555555555556,0.0,0,0,0,0,4615442815594358.0,1.6423735700755835,14.4,340.0,7.9991972646730085,1.7040573511768757e+21,0.0,1.0,0.00014023242834154887,0.0,bohm,0.4814,1.0,0.06231823847112588,0.0,0,0,0,0,1.0,0.0,1.0,0,0,0.0,0.0,0.0,0.0,0.0,0.0,0.0,0.0,0.0,1.0,0.0,1.0,0,0,0.0,0.0,0.0,0.0,0.0,0.0,0.0,0.0,0.0,1.0,0.0,1.0,0,0,0.0,0.0,0.0,0.0,0.0,0.0,0.0,0.0,0.0,0.0,0.0,0.0
0.001305263157894737,production,-59.39696961966999,5.939696961967,989.4,2.1098965035695786e+17,1.6700503019756106,975.0,13560000.0,1500.0,0.65,273.8612787525831,5.477225575051661,50.0,0.0,49.97999199359359,1.0,14.4,2000000.0,72.0,0.2,120.0,0.6,200.0,-59.396969619669996,0.0,1.0,8.301122723512252e+17,1.6705119485943047,975.0,350.0,7.897951924892025,1.6344180836883906e+21,0.0,0.33333333333333337,1.0545703192311417e-05,49.97999199359359,bohm,0.18,1.0,0.05555555555555556,0.0,0,0,0,0,4615443025535421.0,1.6423737588610197,14.4,340.0,7.999187413311367,1.704055252555643e+21,0.0,1.0,0.00014023243321182444,0.0,bohm,0.4814,1.0,0.06231823847112588,0.0,0,0,0,0,1.0,0.0,1.0,0,0,0.0,0.0,0.0,0.0,0.0,0.0,0.0,0.0,0.0,1.0,0.0,1.0,0,0,0.0,0.0,0.0,0.0,0.0,0.0,0.0,0.0,0.0,1.0,0.0,1.0,0,0,0.0,0.0,0.0,0.0,0.0,0.0,0.0,0.0,0.0,0.0,0.0,0.0
0.0013184210526315792,production,-59.39696961966999,5.939696961967,989.4,2.1098981282765344e+17,1.6700777680837853,975.0,13560000.0,1500.0,0.65,273.8612787525831,5.477225575051661,50.0,0.0,49.97999199359359,1.0,14.4,2000000.0,72.0,0.2,120.0,0.6,200.0,-59.396969619669996,0.0,1.0,8.301129216040312e+17,1.6705398693447153,975.0,350.0,7.896760816561433,1.6341715933306793e+21,0.0,0.33333333333333337,1.0545787197727706e-05,49.97999199359359,bohm,0.18,1.0,0.05555555555555556,0.0,0,0,0,0,4615443235527550.0,1.6423739479439727,14.4,340.0,7.999177546853949,1.704053150718579e+21,0.0,1.0,0.00014023243809402523,0.0,bohm,0.4814,1.0,0.06231823847112588,0.0,0,0,0,0,1.0,0.0,1.0,0,0,0.0,0.0,0.0,0.0,0.0,0.0,0.0,0.0,0.0,1.0,0.0,1.0,0,0,0.0,0.0,0.0,0.0,0.0,0.0,0.0,0.0,0.0,1.0,0.0,1.0,0,0,0.0,0.0,0.0,0.0,0.0,0.0,0.0,0.0,0.0,0.0,0.0,0.0
0.0013315789473684213,production,-59.39696961966999,5.939696961967,989.4,2.1098997473235706e+17,1.6701052420929139,975.0,13560000.0,1500.0,0.65,273.8612787525831,5.477225575051661,50.0,0.0,49.97999199359359,1.0,14.4,2000000.0,72.0,0.2,120.0,0.6,200.0,-59.396969619669996,0.0,1.0,8.30113568592672e+17,1.6705677981235125,975.0,350.0,7.895569744609153,1.6339251105011694e+21,0.0,0.33333333333333337,1.0545871242066137e-05,49.97999199359359,bohm,0.18,1.0,0.05555555555555556,0.0,0,0,0,0,4615443445585428.0,1.6423741373239273,14.4,340.0,7.999167665301419,1.7040510456658254e+21,0.0,1.0,0.0001402324429879061,0.0,bohm,0.4814,1.0,0.06231823847112588,0.0,0,0,0,0,1.0,0.0,1.0,0,0,0.0,0.0,0.0,0.0,0.0,0.0,0.0,0.0,0.0,1.0,0.0,1.0,0,0,0.0,0.0,0.0,0.0,0.0,0.0,0.0,0.0,0.0,1.0,0.0,1.0,0,0,0.0,0.0,0.0,0.0,0.0,0.0,0.0,0.0,0.0,0.0,0.0,0.0
0.0013447368421052634,production,-59.39696961966999,5.939696961967,989.4,2.1099013607090714e+17,1.6701327240063313,975.0,13560000.0,1500.0,0.65,273.8612787525831,5.477225575051661,50.0,0.0,49.97999199359359,1.0,14.4,2000000.0,72.0,0.2,120.0,0.6,200.0,-59.396969619669996,0.0,1.0,8.301142133164677e+17,1.6705957349340987,975.0,350.0,7.894378709034193,1.6336786351996556e+21,0.0,0.33333333333333337,1.0545955325341436e-05,49.97999199359359,bohm,0.18,1.0,0.05555555555555556,0.0,0,0,0,0,4615443655720315.0,1.6423743270004834,14.4,340.0,7.99915776865444,1.704048937397523e+21,0.0,1.0,0.000140232447893279,0.0,bohm,0.4814,1.0,0.06231823847112588,0.0,0,0,0,0,1.0,0.0,1.0,0,0,0.0,0.0,0.0,0.0,0.0,0.0,0.0,0.0,0.0,1.0,0.0,1.0,0,0,0.0,0.0,0.0,0.0,0.0,0.0,0.0,0.0,0.0,1.0,0.0,1.0,0,0,0.0,0.0,0.0,0.0,0.0,0.0,0.0,0.0,0.0,0.0,0.0,0.0
0.0013578947368421055,production,-59.39696961966999,5.939696961967,989.4,2.1099029684312896e+17,1.6701602138273863,975.0,13560000.0,1500.0,0.65,273.8612787525831,5.477225575051661,50.0,0.0,49.97999199359359,1.0,14.4,2000000.0,72.0,0.2,120.0,0.6,200.0,-59.396969619669996,0.0,1.0,8.301148557746934e+17,1.6706236797798886,975.0,350.0,7.893187709835562,1.6334321674259323e+21,0.0,0.33333333333333337,1.0546039447568645e-05,49.97999199359359,bohm,0.18,1.0,0.05555555555555556,0.0,0,0,0,0,4615443865940849.0,1.6423745169733344,14.4,340.0,7.999147856913674,1.7040468259138133e+21,0.0,1.0,0.0001402324528099996,0.0,bohm,0.4814,1.0,0.06231823847112588,0.0,0,0,0,0,1.0,0.0,1.0,0,0,0.0,0.0,0.0,0.0,0.0,0.0,0.0,0.0,0.0,1.0,0.0,1.0,0,0,0.0,0.0,0.0,0.0,0.0,0.0,0.0,0.0,0.0,1.0,0.0,1.0,0,0,0.0,0.0,0.0,0.0,0.0,0.0,0.0,0.0,0.0,0.0,0.0,0.0
0.0013710526315789476,production,-59.39696961966999,5.939696961967,989.4,2.1099045704883782e+17,1.670187711559438,975.0,13560000.0,1500.0,0.65,273.8612787525831,5.477225575051661,50.0,0.0,49.97999199359359,1.0,14.4,2000000.0,72.0,0.2,120.0,0.6,200.0,-59.396969619669996,0.0,1.0,8.301154959665903e+17,1.6706516326643048,975.0,350.0,7.891996747012269,1.6331857071797948e+21,0.0,0.33333333333333337,1.0546123608763055e-05,49.97999199359359,bohm,0.18,1.0,0.05555555555555556,0.0,0,0,0,0,4615444076253646.0,1.6423747072422406,14.4,340.0,7.999137930079784,1.7040447112148374e+21,0.0,1.0,0.0001402324577379571,0.0,bohm,0.4814,1.0,0.06231823847112588,0.0,0,0,0,0,1.0,0.0,1.0,0,0,0.0,0.0,0.0,0.0,0.0,0.0,0.0,0.0,0.0,1.0,0.0,1.0,0,0,0.0,0.0,0.0,0.0,0.0,0.0,0.0,0.0,0.0,1.0,0.0,1.0,0,0,0.0,0.0,0.0,0.0,0.0,0.0,0.0,0.0,0.0,0.0,0.0,0.0
0.0013842105263157896,production,-59.39696961966999,5.939696961967,989.4,2.109906166878417e+17,1.670215217205853,975.0,13560000.0,1500.0,0.65,273.8612787525831,5.477225575051661,50.0,0.0,49.97999199359359,1.0,14.4,2000000.0,72.0,0.2,120.0,0.6,200.0,-59.396969619669996,0.0,1.0,8.301161338913755e+17,1.6706795935907786,975.0,350.0,7.890805820563318,1.6329392544610373e+21,0.0,0.33333333333333337,1.0546207808940136e-05,49.97999199359359,bohm,0.18,1.0,0.05555555555555556,0.0,0,0,0,0,4615444286663776.0,1.6423748978070165,14.4,340.0,7.999127988153437,1.7040425933007372e+21,0.0,1.0,0.00014023246267706662,0.0,bohm,0.4814,1.0,0.06231823847112588,0.0,0,0,0,0,1.0,0.0,1.0,0,0,0.0,0.0,0.0,0.0,0.0,0.0,0.0,0.0,0.0,1.0,0.0,1.0,0,0,0.0,0.0,0.0,0.0,0.0,0.0,0.0,0.0,0.0,1.0,0.0,1.0,0,0,0.0,0.0,0.0,0.0,0.0,0.0,0.0,0.0,0.0,0.0,0.0,0.0
0.0013973684210526317,production,-59.39696961966999,5.939696961967,989.4,2.1099077575994298e+17,1.6702427307700054,975.0,13560000.0,1500.0,0.65,273.8612787525831,5.477225575051661,50.0,0.0,49.97999199359359,1.0,14.4,2000000.0,72.0,0.2,120.0,0.6,200.0,-59.396969619669996,0.0,1.0,8.301167695482465e+17,1.6707075625627463,975.0,350.0,7.88961493048772,1.6326928092694543e+21,0.0,0.33333333333333337,1.054629204811549e-05,49.97999199359359,bohm,0.18,1.0,0.05555555555555556,0.0,0,0,0,0,4615444497175120.0,1.6423750886675195,14.4,340.0,7.999118031135287,1.7040404721716523e+21,0.0,1.0,0.00014023246762726307,0.0,bohm,0.4814,1.0,0.06231823847112588,0.0,0,0,0,0,1.0,0.0,1.0,0,0,0.0,0.0,0.0,0.0,0.0,0.0,0.0,0.0,0.0,1.0,0.0,1.0,0,0,0.0,0.0,0.0,0.0,0.0,0.0,0.0,0.0,0.0,1.0,0.0,1.0,0,0,0.0,0.0,0.0,0.0,0.0,0.0,0.0,0.0,0.0,0.0,0.0,0.0
0.0014105263157894738,production,-59.39696961966999,5.939696961967,989.4,2.1099093426493965e+17,1.6702702522552755,975.0,13560000.0,1500.0,0.65,273.8612787525831,5.477225575051661,50.0,0.0,49.97999199359359,1.0,14.4,2000000.0,72.0,0.2,120.0,0.6,200.0,-59.396969619669996,0.0,1.0,8.301174029363867e+17,1.670735539583651,975.0,350.0,7.888424076784484,1.632446371604841e+21,0.0,0.33333333333333337,1.054637632630484e-05,49.97999199359359,bohm,0.18,1.0,0.05555555555555556,0.0,0,0,0,0,4615444707790646.0,1.642375279823634,14.4,340.0,7.999108059026003,1.7040383478277252e+21,0.0,1.0,0.00014023247258849642,0.0,bohm,0.4814,1.0,0.06231823847112588,0.0,0,0,0,0,1.0,0.0,1.0,0,0,0.0,0.0,0.0,0.0,0.0,0.0,0.0,0.0,0.0,1.0,0.0,1.0,0,0,0.0,0.0,0.0,0.0,0.0,0.0,0.0,0.0,0.0,1.0,0.0,1.0,0,0,0.0,0.0,0.0,0.0,0.0,0.0,0.0,0.0,0.0,0.0,0.0,0.0
0.001423684210526316,production,-59.39696961966999,5.939696961967,989.4,2.109910922026268e+17,1.6702977816650446,975.0,13560000.0,1500.0,0.65,273.8612787525831,5.477225575051661,50.0,0.0,49.97999199359359,1.0,14.4,2000000.0,72.0,0.2,120.0,0.6,200.0,-59.396969619669996,0.0,1.0,8.301180340549693e+17,1.6707635246569377,975.0,350.0,7.887233259452618,1.6321999414669927e+21,0.0,0.33333333333333337,1.0546460643523976e-05,49.97999199359359,bohm,0.18,1.0,0.05555555555555556,0.0,0,0,0,0,4615444918512619.0,1.6423754712752736,14.4,340.0,7.999098071826248,1.7040362202690969e+21,0.0,1.0,0.0001402324775607286,0.0,bohm,0.4814,1.0,0.06231823847112588,0.0,0,0,0,0,1.0,0.0,1.0,0,0,0.0,0.0,0.0,0.0,0.0,0.0,0.0,0.0,0.0,1.0,0.0,1.0,0,0,0.0,0.0,0.0,0.0,0.0,0.0,0.0,0.0,0.0,1.0,0.0,1.0,0,0,0.0,0.0,0.0,0.0,0.0,0.0,0.0,0.0,0.0,0.0,0.0,0.0
0.001436842105263158,production,-59.39696961966999,5.939696961967,989.4,2.1099124957279677e+17,1.6703253190027043,975.0,13560000.0,1500.0,0.65,273.8612787525831,5.477225575051661,50.0,0.0,49.97999199359359,1.0,14.4,2000000.0,72.0,0.2,120.0,0.6,200.0,-59.396969619669996,0.0,1.0,8.301186629031588e+17,1.6707915177860573,975.0,350.0,7.886042478491127,1.6319535188557032e+21,0.0,0.33333333333333337,1.0546544999788765e-05,49.97999199359359,bohm,0.18,1.0,0.05555555555555556,0.0,0,0,0,0,4615445129342767.0,1.6423756630223663,14.4,340.0,7.999088069536686,1.7040340894959088e+21,0.0,1.0,0.00014023248254393028,0.0,bohm,0.4814,1.0,0.06231823847112588,0.0,0,0,0,0,1.0,0.0,1.0,0,0,0.0,0.0,0.0,0.0,0.0,0.0,0.0,0.0,0.0,1.0,0.0,1.0,0,0,0.0,0.0,0.0,0.0,0.0,0.0,0.0,0.0,0.0,1.0,0.0,1.0,0,0,0.0,0.0,0.0,0.0,0.0,0.0,0.0,0.0,0.0,0.0,0.0,0.0
0.0014500000000000001,production,-59.39696961966999,5.939696961967,989.4,2.1099140637524026e+17,1.6703528642716459,975.0,13560000.0,1500.0,0.65,273.8612787525831,5.477225575051661,50.0,0.0,49.97999199359359,1.0,14.4,2000000.0,72.0,0.2,120.0,0.6,200.0,-59.396969619669996,0.0,1.0,8.301192894801138e+17,1.6708195189744635,975.0,350.0,7.884851733899025,1.631707103770768e+21,0.0,0.33333333333333337,1.0546629395115113e-05,49.97999199359359,bohm,0.18,1.0,0.05555555555555556,0.0,0,0,0,0,4615445340282405.0,1.642375855064857,14.4,340.0,7.9990780521579765,1.7040319555083017e+21,0.0,1.0,0.0001402324875380791,0.0,bohm,0.4814,1.0,0.06231823847112588,0.0,0,0,0,0,1.0,0.0,1.0,0,0,0.0,0.0,0.0,0.0,0.0,0.0,0.0,0.0,0.0,1.0,0.0,1.0,0,0,0.0,0.0,0.0,0.0,0.0,0.0,0.0,0.0,0.0,1.0,0.0,1.0,0,0,0.0,0.0,0.0,0.0,0.0,0.0,0.0,0.0,0.0,0.0,0.0,0.0
0.0014631578947368422,production,-59.39696961966999,5.939696961967,989.4,2.109915626097466e+17,1.670380417475261,975.0,13560000.0,1500.0,0.65,273.8612787525831,5.477225575051661,50.0,0.0,49.97999199359359,1.0,14.4,2000000.0,72.0,0.2,120.0,0.6,200.0,-59.396969619669996,0.0,1.0,8.301199137849888e+17,1.6708475282256101,975.0,350.0,7.883661025675321,1.631460696211982e+21,0.0,0.33333333333333337,1.0546713829518954e-05,49.97999199359359,bohm,0.18,1.0,0.05555555555555556,0.0,0,0,0,0,4615445551332532.0,1.642376047402701,14.4,340.0,7.999068019690784,1.7040298183064171e+21,0.0,1.0,0.00014023249254315796,0.0,bohm,0.4814,1.0,0.06231823847112588,0.0,0,0,0,0,1.0,0.0,1.0,0,0,0.0,0.0,0.0,0.0,0.0,0.0,0.0,0.0,0.0,1.0,0.0,1.0,0,0,0.0,0.0,0.0,0.0,0.0,0.0,0.0,0.0,0.0,1.0,0.0,1.0,0,0,0.0,0.0,0.0,0.0,0.0,0.0,0.0,0.0,0.0,0.0,0.0,0.0
0.0014763157894736843,production,-59.39696961966999,5.939696961967,989.4,2.109917182761038e+17,1.6704079786169501,975.0,13560000.0,1500.0,0.65,273.8612787525831,5.477225575051661,50.0,0.0,49.97999199359359,1.0,14.4,2000000.0,72.0,0.2,120.0,0.6,200.0,-59.396969619669996,0.0,1.0,8.301205358169335e+17,1.6708755455429583,975.0,350.0,7.882470353819017,1.63121429617914e+21,0.0,0.33333333333333337,1.0546798303016286e-05,49.97999199359359,bohm,0.18,1.0,0.05555555555555556,0.0,0,0,0,0,4615445762493903.0,1.6423762400358588,14.4,340.0,7.9990579721357715,1.704027677890396e+21,0.0,1.0,0.00014023249755915374,0.0,bohm,0.4814,1.0,0.06231823847112588,0.0,0,0,0,0,1.0,0.0,1.0,0,0,0.0,0.0,0.0,0.0,0.0,0.0,0.0,0.0,0.0,1.0,0.0,1.0,0,0,0.0,0.0,0.0,0.0,0.0,0.0,0.0,0.0,0.0,1.0,0.0,1.0,0,0,0.0,0.0,0.0,0.0,0.0,0.0,0.0,0.0,0.0,0.0,0.0,0.0
0.0014894736842105264,production,-59.39696961966999,5.939696961967,989.4,2.1099187337409933e+17,1.6704355477001116,975.0,13560000.0,1500.0,0.65,273.8612787525831,5.477225575051661,50.0,0.0,49.97999199359359,1.0,14.4,2000000.0,72.0,0.2,120.0,0.6,200.0,-59.396969619669996,0.0,1.0,8.30121155575096e+17,1.6709035709299684,975.0,350.0,7.881279718329129,1.6309679036720365e+21,0.0,0.33333333333333337,1.0546882815623102e-05,49.97999199359359,bohm,0.18,1.0,0.05555555555555556,0.0,0,0,0,0,4615445973767082.0,1.6423764329643027,14.4,340.0,7.999047909493598,1.704025534260379e+21,0.0,1.0,0.00014023250258605666,0.0,bohm,0.4814,1.0,0.06231823847112588,0.0,0,0,0,0,1.0,0.0,1.0,0,0,0.0,0.0,0.0,0.0,0.0,0.0,0.0,0.0,0.0,1.0,0.0,1.0,0,0,0.0,0.0,0.0,0.0,0.0,0.0,0.0,0.0,0.0,1.0,0.0,1.0,0,0,0.0,0.0,0.0,0.0,0.0,0.0,0.0,0.0,0.0,0.0,0.0,0.0
0.0015026315789473685,production,-59.39696961966999,5.939696961967,989.4,2.1099202790351968e+17,1.6704631247281492,975.0,13560000.0,1500.0,0.65,273.8612787525831,5.477225575051661,50.0,0.0,49.97999199359359,1.0,14.4,2000000.0,72.0,0.2,120.0,0.6,200.0,-59.396969619669996,0.0,1.0,8.301217730586213e+17,1.670931604390104,975.0,350.0,7.880089119204663,1.6307215186904673e+21,0.0,0.33333333333333337,1.0546967367355428e-05,49.97999199359359,bohm,0.18,1.0,0.05555555555555556,0.0,0,0,0,0,4615446185152496.0,1.6423766261880068,14.4,340.0,7.99903783176493,1.704023387416508e+21,0.0,1.0,0.00014023250762385916,0.0,bohm,0.4814,1.0,0.06231823847112588,0.0,0,0,0,0,1.0,0.0,1.0,0,0,0.0,0.0,0.0,0.0,0.0,0.0,0.0,0.0,0.0,1.0,0.0,1.0,0,0,0.0,0.0,0.0,0.0,0.0,0.0,0.0,0.0,0.0,1.0,0.0,1.0,0,0,0.0,0.0,0.0,0.0,0.0,0.0,0.0,0.0,0.0,0.0,0.0,0.0
0.0015157894736842106,production,-59.39696961966999,5.939696961967,989.4,2.1099218186415114e+17,1.6704907097044666,975.0,13560000.0,1500.0,0.65,273.8612787525831,5.477225575051661,50.0,0.0,49.97999199359359,1.0,14.4,2000000.0,72.0,0.2,120.0,0.6,200.0,-59.396969619669996,0.0,1.0,8.30122388266653e+17,1.6709596459268317,975.0,350.0,7.878898556444634,1.6304751412342277e+21,0.0,0.33333333333333337,1.0547051958229315e-05,49.97999199359359,bohm,0.18,1.0,0.05555555555555556,0.0,0,0,0,0,4615446396650452.0,1.64237681970695,14.4,340.0,7.999027738950427,1.704021237358924e+21,0.0,1.0,0.00014023251267255565,0.0,bohm,0.4814,1.0,0.06231823847112588,0.0,0,0,0,0,1.0,0.0,1.0,0,0,0.0,0.0,0.0,0.0,0.0,0.0,0.0,0.0,0.0,1.0,0.0,1.0,0,0,0.0,0.0,0.0,0.0,0.0,0.0,0.0,0.0,0.0,1.0,0.0,1.0,0,0,0.0,0.0,0.0,0.0,0.0,0.0,0.0,0.0,0.0,0.0,0.0,0.0
0.001528947368421053,production,-59.39696961966999,5.939696961967,989.4,2.1099233525577926e+17,1.6705183026324717,975.0,13560000.0,1500.0,0.65,273.8612787525831,5.477225575051661,50.0,0.0,49.97999199359359,1.0,14.4,2000000.0,72.0,0.2,120.0,0.6,200.0,-59.396969619669996,0.0,1.0,8.301230011983336e+17,1.6709876955436194,975.0,350.0,7.877708030048044,1.6302287713031115e+21,0.0,0.33333333333333337,1.0547136588260819e-05,49.97999199359359,bohm,0.18,1.0,0.05555555555555556,0.0,0,0,0,0,4615446608261183.0,1.6423770135211126,14.4,340.0,7.999017631050756,1.704019084087768e+21,0.0,1.0,0.00014023251773214175,0.0,bohm,0.4814,1.0,0.06231823847112588,0.0,0,0,0,0,1.0,0.0,1.0,0,0,0.0,0.0,0.0,0.0,0.0,0.0,0.0,0.0,0.0,1.0,0.0,1.0,0,0,0.0,0.0,0.0,0.0,0.0,0.0,0.0,0.0,0.0,1.0,0.0,1.0,0,0,0.0,0.0,0.0,0.0,0.0,0.0,0.0,0.0,0.0,0.0,0.0,0.0
0.001542105263157895,production,-59.39696961966999,5.939696961967,989.4,2.109924880781896e+17,1.6705459035155732,975.0,13560000.0,1500.0,0.65,273.8612787525831,5.477225575051661,50.0,0.0,49.97999199359359,1.0,14.4,2000000.0,72.0,0.2,120.0,0.6,200.0,-59.396969619669996,0.0,1.0,8.301236118528038e+17,1.6710157532439374,975.0,350.0,7.876517540013907,1.6299824088969144e+21,0.0,0.33333333333333337,1.0547221257466015e-05,49.97999199359359,bohm,0.18,1.0,0.05555555555555556,0.0,0,0,0,0,4615446819984849.0,1.6423772076304795,14.4,340.0,7.999007508066579,1.704016927603182e+21,0.0,1.0,0.00014023252280261436,0.0,bohm,0.4814,1.0,0.06231823847112588,0.0,0,0,0,0,1.0,0.0,1.0,0,0,0.0,0.0,0.0,0.0,0.0,0.0,0.0,0.0,0.0,1.0,0.0,1.0,0,0,0.0,0.0,0.0,0.0,0.0,0.0,0.0,0.0,0.0,1.0,0.0,1.0,0,0,0.0,0.0,0.0,0.0,0.0,0.0,0.0,0.0,0.0,0.0,0.0,0.0
0.001555263157894737,production,-59.39696961966999,5.939696961967,989.4,2.1099264033116704e+17,1.6705735123571828,975.0,13560000.0,1500.0,0.65,273.8612787525831,5.477225575051661,50.0,0.0,49.97999199359359,1.0,14.4,2000000.0,72.0,0.2,120.0,0.6,200.0,-59.396969619669996,0.0,1.0,8.301242202292035e+17,1.6710438190312586,975.0,350.0,7.8753270863412315,1.6297360540154315e+21,0.0,0.33333333333333337,1.0547305965860996e-05,49.97999199359359,bohm,0.18,1.0,0.05555555555555556,0.0,0,0,0,0,4615447031821566.0,1.6423774020350341,14.4,340.0,7.998997369998556,1.704014767905306e+21,0.0,1.0,0.00014023252788397103,0.0,bohm,0.4814,1.0,0.06231823847112588,0.0,0,0,0,0,1.0,0.0,1.0,0,0,0.0,0.0,0.0,0.0,0.0,0.0,0.0,0.0,0.0,1.0,0.0,1.0,0,0,0.0,0.0,0.0,0.0,0.0,0.0,0.0,0.0,0.0,1.0,0.0,1.0,0,0,0.0,0.0,0.0,0.0,0.0,0.0,0.0,0.0,0.0,0.0,0.0,0.0
0.0015684210526315792,production,-59.39696961966999,5.939696961967,989.4,2.1099279201449658e+17,1.6706011291607128,975.0,13560000.0,1500.0,0.65,273.8612787525831,5.477225575051661,50.0,0.0,49.97999199359359,1.0,14.4,2000000.0,72.0,0.2,120.0,0.6,200.0,-59.396969619669996,0.0,1.0,8.301248263266721e+17,1.6710718929090562,975.0,350.0,7.87413666902903,1.6294897066584588e+21,0.0,0.33333333333333337,1.054739071346185e-05,49.97999199359359,bohm,0.18,1.0,0.05555555555555556,0.0,0,0,0,0,4615447243771408.0,1.642377596734764,14.4,340.0,7.99898721684735,1.7040126049942815e+21,0.0,1.0,0.0001402325329762101,0.0,bohm,0.4814,1.0,0.06231823847112588,0.0,0,0,0,0,1.0,0.0,1.0,0,0,0.0,0.0,0.0,0.0,0.0,0.0,0.0,0.0,0.0,1.0,0.0,1.0,0,0,0.0,0.0,0.0,0.0,0.0,0.0,0.0,0.0,0.0,1.0,0.0,1.0,0,0,0.0,0.0,0.0,0.0,0.0,0.0,0.0,0.0,0.0,0.0,0.0,0.0
0.0015815789473684213,production,-59.39696961966999,5.939696961967,989.4,2.1099294312796288e+17,1.6706287539295797,975.0,13560000.0,1500.0,0.65,273.8612787525831,5.477225575051661,50.0,0.0,49.97999199359359,1.0,14.4,2000000.0,72.0,0.2,120.0,0.6,200.0,-59.396969619669996,0.0,1.0,8.301254301443482e+17,1.671099974880808,975.0,350.0,7.872946288076312,1.6292433668257903e+21,0.0,0.33333333333333337,1.0547475500284693e-05,49.97999199359359,bohm,0.18,1.0,0.05555555555555556,0.0,0,0,0,0,4615447455834419.0,1.6423777917296587,14.4,340.0,7.998977048613626,1.7040104388702503e+21,0.0,1.0,0.00014023253807933045,0.0,bohm,0.4814,1.0,0.06231823847112588,0.0,0,0,0,0,1.0,0.0,1.0,0,0,0.0,0.0,0.0,0.0,0.0,0.0,0.0,0.0,0.0,1.0,0.0,1.0,0,0,0.0,0.0,0.0,0.0,0.0,0.0,0.0,0.0,0.0,1.0,0.0,1.0,0,0,0.0,0.0,0.0,0.0,0.0,0.0,0.0,0.0,0.0,0.0,0.0,0.0
0.0015947368421052634,production,-59.39696961966999,5.939696961967,989.4,2.1099309367135027e+17,1.6706563866672006,975.0,13560000.0,1500.0,0.65,273.8612787525831,5.477225575051661,50.0,0.0,49.97999199359359,1.0,14.4,2000000.0,72.0,0.2,120.0,0.6,200.0,-59.396969619669996,0.0,1.0,8.301260316813692e+17,1.6711280649499927,975.0,350.0,7.871755943482091,1.6289970345172224e+21,0.0,0.33333333333333337,1.054756032634565e-05,49.97999199359359,bohm,0.18,1.0,0.05555555555555556,0.0,0,0,0,0,4615447668010625.0,1.6423779870197048,14.4,340.0,7.998966865298044,1.7040082695333528e+21,0.0,1.0,0.00014023254319333106,0.0,bohm,0.4814,1.0,0.06231823847112588,0.0,0,0,0,0,1.0,0.0,1.0,0,0,0.0,0.0,0.0,0.0,0.0,0.0,0.0,0.0,0.0,1.0,0.0,1.0,0,0,0.0,0.0,0.0,0.0,0.0,0.0,0.0,0.0,0.0,1.0,0.0,1.0,0,0,0.0,0.0,0.0,0.0,0.0,0.0,0.0,0.0,0.0,0.0,0.0,0.0
0.0016078947368421055,production,-59.39696961966999,5.939696961967,989.4,2.10993243644443e+17,1.6706840273769943,975.0,13560000.0,1500.0,0.65,273.8612787525831,5.477225575051661,50.0,0.0,49.97999199359359,1.0,14.4,2000000.0,72.0,0.2,120.0,0.6,200.0,-59.396969619669996,0.0,1.0,8.30126630936872e+17,1.6711561631200897,975.0,350.0,7.87056563524537,1.628750709732549e+21,0.0,0.33333333333333337,1.054764519166085e-05,49.97999199359359,bohm,0.18,1.0,0.05555555555555556,0.0,0,0,0,0,4615447880300028.0,1.6423781826048913,14.4,340.0,7.99895666690127,1.7040060969837307e+21,0.0,1.0,0.00014023254831821154,0.0,bohm,0.4814,1.0,0.06231823847112588,0.0,0,0,0,0,1.0,0.0,1.0,0,0,0.0,0.0,0.0,0.0,0.0,0.0,0.0,0.0,0.0,1.0,0.0,1.0,0,0,0.0,0.0,0.0,0.0,0.0,0.0,0.0,0.0,0.0,1.0,0.0,1.0,0,0,0.0,0.0,0.0,0.0,0.0,0.0,0.0,0.0,0.0,0.0,0.0,0.0
0.0016210526315789476,production,-59.39696961966999,5.939696961967,989.4,2.1099339304702538e+17,1.6707116760623826,975.0,13560000.0,1500.0,0.65,273.8612787525831,5.477225575051661,50.0,0.0,49.97999199359359,1.0,14.4,2000000.0,72.0,0.2,120.0,0.6,200.0,-59.396969619669996,0.0,1.0,8.301272279099936e+17,1.6711842693945822,975.0,350.0,7.869375363365166,1.6285043924715666e+21,0.0,0.33333333333333337,1.0547730096246434e-05,49.97999199359359,bohm,0.18,1.0,0.05555555555555556,0.0,0,0,0,0,4615448092702622.0,1.6423783784852077,14.4,340.0,7.998946453423961,1.7040039212215244e+21,0.0,1.0,0.00014023255345397144,0.0,bohm,0.4814,1.0,0.06231823847112588,0.0,0,0,0,0,1.0,0.0,1.0,0,0,0.0,0.0,0.0,0.0,0.0,0.0,0.0,0.0,0.0,1.0,0.0,1.0,0,0,0.0,0.0,0.0,0.0,0.0,0.0,0.0,0.0,0.0,1.0,0.0,1.0,0,0,0.0,0.0,0.0,0.0,0.0,0.0,0.0,0.0,0.0,0.0,0.0,0.0
0.0016342105263157897,production,-59.39696961966999,5.939696961967,989.4,2.1099354187888118e+17,1.6707393327267892,975.0,13560000.0,1500.0,0.65,273.8612787525831,5.477225575051661,50.0,0.0,49.97999199359359,1.0,14.4,2000000.0,72.0,0.2,120.0,0.6,200.0,-59.396969619669996,0.0,1.0,8.301278225998696e+17,1.671212383776956,975.0,350.0,7.868185127840488,1.6282580827340698e+21,0.0,0.33333333333333337,1.0547815040118559e-05,49.97999199359359,bohm,0.18,1.0,0.05555555555555556,0.0,0,0,0,0,4615448305218389.0,1.642378574660645,14.4,340.0,7.9989362248667835,1.7040017422468758e+21,0.0,1.0,0.00014023255860061065,0.0,bohm,0.4814,1.0,0.06231823847112588,0.0,0,0,0,0,1.0,0.0,1.0,0,0,0.0,0.0,0.0,0.0,0.0,0.0,0.0,0.0,0.0,1.0,0.0,1.0,0,0,0.0,0.0,0.0,0.0,0.0,0.0,0.0,0.0,0.0,1.0,0.0,1.0,0,0,0.0,0.0,0.0,0.0,0.0,0.0,0.0,0.0,0.0,0.0,0.0,0.0
0.0016473684210526317,production,-59.39696961966999,5.939696961967,989.4,2.109936901397944e+17,1.6707669973736385,975.0,13560000.0,1500.0,0.65,273.8612787525831,5.477225575051661,50.0,0.0,49.97999199359359,1.0,14.4,2000000.0,72.0,0.2,120.0,0.6,200.0,-59.396969619669996,0.0,1.0,8.301284150056357e+17,1.6712405062706956,975.0,350.0,7.866994928670349,1.6280117805198546e+21,0.0,0.33333333333333337,1.0547900023293377e-05,49.97999199359359,bohm,0.18,1.0,0.05555555555555556,0.0,0,0,0,0,4615448517847304.0,1.6423787711311921,14.4,340.0,7.998925981230399,1.7039995600599256e+21,0.0,1.0,0.00014023256375812914,0.0,bohm,0.4814,1.0,0.06231823847112588,0.0,0,0,0,0,1.0,0.0,1.0,0,0,0.0,0.0,0.0,0.0,0.0,0.0,0.0,0.0,0.0,1.0,0.0,1.0,0,0,0.0,0.0,0.0,0.0,0.0,0.0,0.0,0.0,0.0,1.0,0.0,1.0,0,0,0.0,0.0,0.0,0.0,0.0,0.0,0.0,0.0,0.0,0.0,0.0,0.0
0.0016605263157894738,production,-59.39696961966999,5.939696961967,989.4,2.1099383782954864e+17,1.6707946700063578,975.0,13560000.0,1500.0,0.65,273.8612787525831,5.477225575051661,50.0,0.0,49.97999199359359,1.0,14.4,2000000.0,72.0,0.2,120.0,0.6,200.0,-59.396969619669996,0.0,1.0,8.301290051264266e+17,1.6712686368792904,975.0,350.0,7.86580476585376,1.627765485828716e+21,0.0,0.33333333333333337,1.0547985045787064e-05,49.97999199359359,bohm,0.18,1.0,0.05555555555555556,0.0,0,0,0,0,4615448730589334.0,1.6423789678968406,14.4,340.0,7.998915722515468,1.7039973746608143e+21,0.0,1.0,0.00014023256892652696,0.0,bohm,0.4814,1.0,0.06231823847112588,0.0,0,0,0,0,1.0,0.0,1.0,0,0,0.0,0.0,0.0,0.0,0.0,0.0,0.0,0.0,0.0,1.0,0.0,1.0,0,0,0.0,0.0,0.0,0.0,0.0,0.0,0.0,0.0,0.0,1.0,0.0,1.0,0,0,0.0,0.0,0.0,0.0,0.0,0.0,0.0,0.0,0.0,0.0,0.0,0.0
0.001673684210526316,production,-59.39696961966999,5.939696961967,989.4,2.1099398494792755e+17,1.6708223506283773,975.0,13560000.0,1500.0,0.65,273.8612787525831,5.477225575051661,50.0,0.0,49.97999199359359,1.0,14.4,2000000.0,72.0,0.2,120.0,0.6,200.0,-59.396969619669996,0.0,1.0,8.301295929613769e+17,1.6712967756062322,975.0,350.0,7.864614639389732,1.62751919866045e+21,0.0,0.33333333333333337,1.0548070107615801e-05,49.97999199359359,bohm,0.18,1.0,0.05555555555555556,0.0,0,0,0,0,4615448943444442.0,1.6423791649575803,14.4,340.0,7.998905448722655,1.703995186049684e+21,0.0,1.0,0.00014023257410580427,0.0,bohm,0.4814,1.0,0.06231823847112588,0.0,0,0,0,0,1.0,0.0,1.0,0,0,0.0,0.0,0.0,0.0,0.0,0.0,0.0,0.0,0.0,1.0,0.0,1.0,0,0,0.0,0.0,0.0,0.0,0.0,0.0,0.0,0.0,0.0,1.0,0.0,1.0,0,0,0.0,0.0,0.0,0.0,0.0,0.0,0.0,0.0,0.0,0.0,0.0,0.0
0.001686842105263158,production,-59.39696961966999,5.939696961967,989.4,2.1099413149471466e+17,1.6708500392431271,975.0,13560000.0,1500.0,0.65,273.8612787525831,5.477225575051661,50.0,0.0,49.97999199359359,1.0,14.4,2000000.0,72.0,0.2,120.0,0.6,200.0,-59.396969619669996,0.0,1.0,8.301301785096207e+17,1.6713249224550126,975.0,350.0,7.863424549277276,1.6272729190148517e+21,0.0,0.33333333333333337,1.0548155208795778e-05,49.97999199359359,bohm,0.18,1.0,0.05555555555555556,0.0,0,0,0,0,4615449156412589.0,1.6423793623134013,14.4,340.0,7.998895159852626,1.7039929942266762e+21,0.0,1.0,0.00014023257929596128,0.0,bohm,0.4814,1.0,0.06231823847112588,0.0,0,0,0,0,1.0,0.0,1.0,0,0,0.0,0.0,0.0,0.0,0.0,0.0,0.0,0.0,0.0,1.0,0.0,1.0,0,0,0.0,0.0,0.0,0.0,0.0,0.0,0.0,0.0,0.0,1.0,0.0,1.0,0,0,0.0,0.0,0.0,0.0,0.0,0.0,0.0,0.0,0.0,0.0,0.0,0.0
0.0017000000000000001,production,-59.39696961966999,5.939696961967,989.4,2.109942774696932e+17,1.6708777358540416,975.0,13560000.0,1500.0,0.65,273.8612787525831,5.477225575051661,50.0,0.0,49.97999199359359,1.0,14.4,2000000.0,72.0,0.2,120.0,0.6,200.0,-59.396969619669996,0.0,1.0,8.301307617702915e+17,1.6713530774291268,975.0,350.0,7.862234495515406,1.6270266468917167e+21,0.0,0.33333333333333337,1.0548240349343194e-05,49.97999199359359,bohm,0.18,1.0,0.05555555555555556,0.0,0,0,0,0,4615449369493730.0,1.6423795599642954,14.4,340.0,7.9988848559060335,1.70399079919193e+21,0.0,1.0,0.00014023258449699825,0.0,bohm,0.4814,1.0,0.06231823847112588,0.0,0,0,0,0,1.0,0.0,1.0,0,0,0.0,0.0,0.0,0.0,0.0,0.0,0.0,0.0,0.0,1.0,0.0,1.0,0,0,0.0,0.0,0.0,0.0,0.0,0.0,0.0,0.0,0.0,1.0,0.0,1.0,0,0,0.0,0.0,0.0,0.0,0.0,0.0,0.0,0.0,0.0,0.0,0.0,0.0
0.0017131578947368422,production,-59.39696961966999,5.939696961967,989.4,2.1099442287264646e+17,1.670905440464555,975.0,13560000.0,1500.0,0.65,273.8612787525831,5.477225575051661,50.0,0.0,49.97999199359359,1.0,14.4,2000000.0,72.0,0.2,120.0,0.6,200.0,-59.396969619669996,0.0,1.0,8.301313427425224e+17,1.6713812405320705,975.0,350.0,7.861044478103138,1.6267803822908414e+21,0.0,0.33333333333333337,1.054832552927425e-05,49.97999199359359,bohm,0.18,1.0,0.05555555555555556,0.0,0,0,0,0,4615449582687821.0,1.6423797579102526,14.4,340.0,7.998874536883552,1.703988600945589e+21,0.0,1.0,0.00014023258970891547,0.0,bohm,0.4814,1.0,0.06231823847112588,0.0,0,0,0,0,1.0,0.0,1.0,0,0,0.0,0.0,0.0,0.0,0.0,0.0,0.0,0.0,0.0,1.0,0.0,1.0,0,0,0.0,0.0,0.0,0.0,0.0,0.0,0.0,0.0,0.0,1.0,0.0,1.0,0,0,0.0,0.0,0.0,0.0,0.0,0.0,0.0,0.0,0.0,0.0,0.0,0.0
0.0017263157894736843,production,-59.39696961966999,5.939696961967,989.4,2.109945677033575e+17,1.6709331530781057,975.0,13560000.0,1500.0,0.65,273.8612787525831,5.477225575051661,50.0,0.0,49.97999199359359,1.0,14.4,2000000.0,72.0,0.2,120.0,0.6,200.0,-59.396969619669996,0.0,1.0,8.301319214254456e+17,1.6714094117673437,975.0,350.0,7.859854497039477,1.6265341252120202e+21,0.0,0.33333333333333337,1.0548410748605172e-05,49.97999199359359,bohm,0.18,1.0,0.05555555555555556,0.0,0,0,0,0,4615449795994816.0,1.6423799561512642,14.4,340.0,7.998864202785834,1.7039863994877928e+21,0.0,1.0,0.00014023259493171322,0.0,bohm,0.4814,1.0,0.06231823847112588,0.0,0,0,0,0,1.0,0.0,1.0,0,0,0.0,0.0,0.0,0.0,0.0,0.0,0.0,0.0,0.0,1.0,0.0,1.0,0,0,0.0,0.0,0.0,0.0,0.0,0.0,0.0,0.0,0.0,1.0,0.0,1.0,0,0,0.0,0.0,0.0,0.0,0.0,0.0,0.0,0.0,0.0,0.0,0.0,0.0
0.0017394736842105264,production,-59.39696961966999,5.939696961967,989.4,2.109947119616094e+17,1.670960873698131,975.0,13560000.0,1500.0,0.65,273.8612787525831,5.477225575051661,50.0,0.0,49.97999199359359,1.0,14.4,2000000.0,72.0,0.2,120.0,0.6,200.0,-59.396969619669996,0.0,1.0,8.301324978181935e+17,1.6714375911384465,975.0,350.0,7.858664552323439,1.6262878756550492e+21,0.0,0.33333333333333337,1.0548496007352186e-05,49.97999199359359,bohm,0.18,1.0,0.05555555555555556,0.0,0,0,0,0,4615450009414664.0,1.6423801546873225,14.4,340.0,7.998853853613549,1.7039841948186832e+21,0.0,1.0,0.000140232600165392,0.0,bohm,0.4814,1.0,0.06231823847112588,0.0,0,0,0,0,1.0,0.0,1.0,0,0,0.0,0.0,0.0,0.0,0.0,0.0,0.0,0.0,0.0,1.0,0.0,1.0,0,0,0.0,0.0,0.0,0.0,0.0,0.0,0.0,0.0,0.0,1.0,0.0,1.0,0,0,0.0,0.0,0.0,0.0,0.0,0.0,0.0,0.0,0.0,0.0,0.0,0.0
0.0017526315789473685,production,-59.39696961966999,5.939696961967,989.4,2.10994855647185e+17,1.6709886023280724,975.0,13560000.0,1500.0,0.65,273.8612787525831,5.477225575051661,50.0,0.0,49.97999199359359,1.0,14.4,2000000.0,72.0,0.2,120.0,0.6,200.0,-59.396969619669996,0.0,1.0,8.30133071919898e+17,1.6714657786488807,975.0,350.0,7.857474643954034,1.626041633619724e+21,0.0,0.33333333333333337,1.0548581305531524e-05,49.97999199359359,bohm,0.18,1.0,0.05555555555555556,0.0,0,0,0,0,4615450222947320.0,1.6423803535184147,14.4,340.0,7.998843489367352,1.7039819869384e+21,0.0,1.0,0.0001402326054099519,0.0,bohm,0.4814,1.0,0.06231823847112588,0.0,0,0,0,0,1.0,0.0,1.0,0,0,0.0,0.0,0.0,0.0,0.0,0.0,0.0,0.0,0.0,1.0,0.0,1.0,0,0,0.0,0.0,0.0,0.0,0.0,0.0,0.0,0.0,0.0,1.0,0.0,1.0,0,0,0.0,0.0,0.0,0.0,0.0,0.0,0.0,0.0,0.0,0.0,0.0,0.0
0.0017657894736842108,production,-59.39696961966999,5.939696961967,989.4,2.10994998759867e+17,1.6710163389713735,975.0,13560000.0,1500.0,0.65,273.8612787525831,5.477225575051661,50.0,0.0,49.97999199359359,1.0,14.4,2000000.0,72.0,0.2,120.0,0.6,200.0,-59.396969619669996,0.0,1.0,8.301336437296899e+17,1.671493974302152,975.0,350.0,7.856284771930282,1.6257953991058412e+21,0.0,0.33333333333333337,1.0548666643159433e-05,49.97999199359359,bohm,0.18,1.0,0.05555555555555556,0.0,0,0,0,0,4615450436592734.0,1.6423805526445359,14.4,340.0,7.998833110047908,1.703979775847085e+21,0.0,1.0,0.00014023261066539348,0.0,bohm,0.4814,1.0,0.06231823847112588,0.0,0,0,0,0,1.0,0.0,1.0,0,0,0.0,0.0,0.0,0.0,0.0,0.0,0.0,0.0,0.0,1.0,0.0,1.0,0,0,0.0,0.0,0.0,0.0,0.0,0.0,0.0,0.0,0.0,1.0,0.0,1.0,0,0,0.0,0.0,0.0,0.0,0.0,0.0,0.0,0.0,0.0,0.0,0.0,0.0
0.001778947368421053,production,-59.39696961966999,5.939696961967,989.4,2.1099514129943814e+17,1.671044083631479,975.0,13560000.0,1500.0,0.65,273.8612787525831,5.477225575051661,50.0,0.0,49.97999199359359,1.0,14.4,2000000.0,72.0,0.2,120.0,0.6,200.0,-59.396969619669996,0.0,1.0,8.301342132467e+17,1.6715221781017666,975.0,350.0,7.855094936251192,1.625549172113196e+21,0.0,0.33333333333333337,1.0548752020252167e-05,49.97999199359359,bohm,0.18,1.0,0.05555555555555556,0.0,0,0,0,0,4615450650350852.0,1.6423807520656755,14.4,340.0,7.9988227156558835,1.7039775615448803e+21,0.0,1.0,0.0001402326159317171,0.0,bohm,0.4814,1.0,0.06231823847112588,0.0,0,0,0,0,1.0,0.0,1.0,0,0,0.0,0.0,0.0,0.0,0.0,0.0,0.0,0.0,0.0,1.0,0.0,1.0,0,0,0.0,0.0,0.0,0.0,0.0,0.0,0.0,0.0,0.0,1.0,0.0,1.0,0,0,0.0,0.0,0.0,0.0,0.0,0.0,0.0,0.0,0.0,0.0,0.0,0.0
0.001792105263157895,production,-59.39696961966999,5.939696961967,989.4,2.1099528326568086e+17,1.671071836311836,975.0,13560000.0,1500.0,0.65,273.8612787525831,5.477225575051661,50.0,0.0,49.97999199359359,1.0,14.4,2000000.0,72.0,0.2,120.0,0.6,200.0,-59.396969619669996,0.0,1.0,8.301347804700586e+17,1.6715503900512336,975.0,350.0,7.853905136915772,1.625302952641583e+21,0.0,0.33333333333333337,1.0548837436825993e-05,49.97999199359359,bohm,0.18,1.0,0.05555555555555556,0.0,0,0,0,0,4615450864221626.0,1.6423809517818244,14.4,340.0,7.998812306191935,1.7039753440319253e+21,0.0,1.0,0.0001402326212089231,0.0,bohm,0.4814,1.0,0.06231823847112588,0.0,0,0,0,0,1.0,0.0,1.0,0,0,0.0,0.0,0.0,0.0,0.0,0.0,0.0,0.0,0.0,1.0,0.0,1.0,0,0,0.0,0.0,0.0,0.0,0.0,0.0,0.0,0.0,0.0,1.0,0.0,1.0,0,0,0.0,0.0,0.0,0.0,0.0,0.0,0.0,0.0,0.0,0.0,0.0,0.0
0.001805263157894737,production,-59.39696961966999,5.939696961967,989.4,2.1099542465837763e+17,1.6710995970158933,975.0,13560000.0,1500.0,0.65,273.8612787525831,5.477225575051661,50.0,0.0,49.97999199359359,1.0,14.4,2000000.0,72.0,0.2,120.0,0.6,200.0,-59.396969619669996,0.0,1.0,8.301353453988955e+17,1.6715786101540635,975.0,350.0,7.852715373923045,1.6250567406908004e+21,0.0,0.33333333333333337,1.0548922892897183e-05,49.97999199359359,bohm,0.18,1.0,0.05555555555555556,0.0,0,0,0,0,4615451078205004.0,1.642381151792975,14.4,340.0,7.998801881656729,1.7039731233083624e+21,0.0,1.0,0.00014023262649701194,0.0,bohm,0.4814,1.0,0.06231823847112588,0.0,0,0,0,0,1.0,0.0,1.0,0,0,0.0,0.0,0.0,0.0,0.0,0.0,0.0,0.0,0.0,1.0,0.0,1.0,0,0,0.0,0.0,0.0,0.0,0.0,0.0,0.0,0.0,0.0,1.0,0.0,1.0,0,0,0.0,0.0,0.0,0.0,0.0,0.0,0.0,0.0,0.0,0.0,0.0,0.0
0.0018184210526315792,production,-59.39696961966999,5.939696961967,989.4,2.1099556547731082e+17,1.6711273657471015,975.0,13560000.0,1500.0,0.65,273.8612787525831,5.477225575051661,50.0,0.0,49.97999199359359,1.0,14.4,2000000.0,72.0,0.2,120.0,0.6,200.0,-59.396969619669996,0.0,1.0,8.301359080323405e+17,1.6716068384137686,975.0,350.0,7.8515256472720205,1.6248105362606425e+21,0.0,0.33333333333333337,1.0549008388482012e-05,49.97999199359359,bohm,0.18,1.0,0.05555555555555556,0.0,0,0,0,0,4615451292300937.0,1.6423813520991148,14.4,340.0,7.998791442050928,1.7039708993743324e+21,0.0,1.0,0.00014023263179598387,0.0,bohm,0.4814,1.0,0.06231823847112588,0.0,0,0,0,0,1.0,0.0,1.0,0,0,0.0,0.0,0.0,0.0,0.0,0.0,0.0,0.0,0.0,1.0,0.0,1.0,0,0,0.0,0.0,0.0,0.0,0.0,0.0,0.0,0.0,0.0,1.0,0.0,1.0,0,0,0.0,0.0,0.0,0.0,0.0,0.0,0.0,0.0,0.0,0.0,0.0,0.0
0.0018315789473684213,production,-59.39696961966999,5.939696961967,989.4,2.109957057222625e+17,1.6711551425089146,975.0,13560000.0,1500.0,0.65,273.8612787525831,5.477225575051661,50.0,0.0,49.97999199359359,1.0,14.4,2000000.0,72.0,0.2,120.0,0.6,200.0,-59.396969619669996,0.0,1.0,8.301364683695219e+17,1.6716350748338644,975.0,350.0,7.850335956961709,1.6245643393509056e+21,0.0,0.33333333333333337,1.0549093923596782e-05,49.97999199359359,bohm,0.18,1.0,0.05555555555555556,0.0,0,0,0,0,4615451506509372.0,1.642381552700238,14.4,340.0,7.998780987375191,1.7039686722299762e+21,0.0,1.0,0.00014023263710583937,0.0,bohm,0.4814,1.0,0.06231823847112588,0.0,0,0,0,0,1.0,0.0,1.0,0,0,0.0,0.0,0.0,0.0,0.0,0.0,0.0,0.0,0.0,1.0,0.0,1.0,0,0,0.0,0.0,0.0,0.0,0.0,0.0,0.0,0.0,0.0,1.0,0.0,1.0,0,0,0.0,0.0,0.0,0.0,0.0,0.0,0.0,0.0,0.0,0.0,0.0,0.0
0.0018447368421052634,production,-59.39696961966999,5.939696961967,989.4,2.1099584539301488e+17,1.6711829273047853,975.0,13560000.0,1500.0,0.65,273.8612787525831,5.477225575051661,50.0,0.0,49.97999199359359,1.0,14.4,2000000.0,72.0,0.2,120.0,0.6,200.0,-59.396969619669996,0.0,1.0,8.301370264095686e+17,1.6716633194178667,975.0,350.0,7.849146302991131,1.6243181499613858e+21,0.0,0.33333333333333337,1.0549179498257785e-05,49.97999199359359,bohm,0.18,1.0,0.05555555555555556,0.0,0,0,0,0,4615451720830254.0,1.6423817535963354,14.4,340.0,7.998770517630182,1.7039664418754344e+21,0.0,1.0,0.00014023264242657893,0.0,bohm,0.4814,1.0,0.06231823847112588,0.0,0,0,0,0,1.0,0.0,1.0,0,0,0.0,0.0,0.0,0.0,0.0,0.0,0.0,0.0,0.0,1.0,0.0,1.0,0,0,0.0,0.0,0.0,0.0,0.0,0.0,0.0,0.0,0.0,1.0,0.0,1.0,0,0,0.0,0.0,0.0,0.0,0.0,0.0,0.0,0.0,0.0,0.0,0.0,0.0
0.0018578947368421055,production,-59.39696961966999,5.939696961967,989.4,2.1099598448934973e+17,1.6712107201381732,975.0,13560000.0,1500.0,0.65,273.8612787525831,5.477225575051661,50.0,0.0,49.97999199359359,1.0,14.4,2000000.0,72.0,0.2,120.0,0.6,200.0,-59.396969619669996,0.0,1.0,8.301375821516083e+17,1.671691572169295,975.0,350.0,7.847956685359296,1.624071968091879e+21,0.0,0.33333333333333337,1.054926511248134e-05,49.97999199359359,bohm,0.18,1.0,0.05555555555555556,0.0,0,0,0,0,4615451935263535.0,1.642381954787398,14.4,340.0,7.99876003281656,1.7039642083108483e+21,0.0,1.0,0.00014023264775820285,0.0,bohm,0.4814,1.0,0.06231823847112588,0.0,0,0,0,0,1.0,0.0,1.0,0,0,0.0,0.0,0.0,0.0,0.0,0.0,0.0,0.0,0.0,1.0,0.0,1.0,0,0,0.0,0.0,0.0,0.0,0.0,0.0,0.0,0.0,0.0,1.0,0.0,1.0,0,0,0.0,0.0,0.0,0.0,0.0,0.0,0.0,0.0,0.0,0.0,0.0,0.0
0.0018710526315789476,production,-59.39696961966999,5.939696961967,989.4,2.1099612301104912e+17,1.6712385210125351,975.0,13560000.0,1500.0,0.65,273.8612787525831,5.477225575051661,50.0,0.0,49.97999199359359,1.0,14.4,2000000.0,72.0,0.2,120.0,0.6,200.0,-59.396969619669996,0.0,1.0,8.30138135594769e+17,1.67171983309167,975.0,350.0,7.846767104065219,1.623825793742181e+21,0.0,0.33333333333333337,1.0549350766283759e-05,49.97999199359359,bohm,0.18,1.0,0.05555555555555556,0.0,0,0,0,0,4615452149809160.0,1.642382156273417,14.4,340.0,7.998749532934991,1.7039619715363593e+21,0.0,1.0,0.00014023265310071168,0.0,bohm,0.4814,1.0,0.06231823847112588,0.0,0,0,0,0,1.0,0.0,1.0,0,0,0.0,0.0,0.0,0.0,0.0,0.0,0.0,0.0,0.0,1.0,0.0,1.0,0,0,0.0,0.0,0.0,0.0,0.0,0.0,0.0,0.0,0.0,1.0,0.0,1.0,0,0,0.0,0.0,0.0,0.0,0.0,0.0,0.0,0.0,0.0,0.0,0.0,0.0
0.0018842105263157897,production,-59.39696961966999,5.939696961967,989.4,2.109962609578946e+17,1.671266329931332,975.0,13560000.0,1500.0,0.65,273.8612787525831,5.477225575051661,50.0,0.0,49.97999199359359,1.0,14.4,2000000.0,72.0,0.2,120.0,0.6,200.0,-59.396969619669996,0.0,1.0,8.301386867381772e+17,1.671748102188514,975.0,350.0,7.8455775591079195,1.6235796269120886e+21,0.0,0.33333333333333337,1.0549436459681371e-05,49.97999199359359,bohm,0.18,1.0,0.05555555555555556,0.0,0,0,0,0,4615452364467081.0,1.6423823580543817,14.4,340.0,7.998739017986137,1.7039597315521084e+21,0.0,1.0,0.00014023265845410554,0.0,bohm,0.4814,1.0,0.06231823847112588,0.0,0,0,0,0,1.0,0.0,1.0,0,0,0.0,0.0,0.0,0.0,0.0,0.0,0.0,0.0,0.0,1.0,0.0,1.0,0,0,0.0,0.0,0.0,0.0,0.0,0.0,0.0,0.0,0.0,1.0,0.0,1.0,0,0,0.0,0.0,0.0,0.0,0.0,0.0,0.0,0.0,0.0,0.0,0.0,0.0
0.0018973684210526318,production,-59.39696961966999,5.939696961967,989.4,2.1099639832966787e+17,1.6712941468980271,975.0,13560000.0,1500.0,0.65,273.8612787525831,5.477225575051661,50.0,0.0,49.97999199359359,1.0,14.4,2000000.0,72.0,0.2,120.0,0.6,200.0,-59.396969619669996,0.0,1.0,8.301392355809597e+17,1.6717763794633522,975.0,350.0,7.8443880504864065,1.6233334676013974e+21,0.0,0.33333333333333337,1.054952219269052e-05,49.97999199359359,bohm,0.18,1.0,0.05555555555555556,0.0,0,0,0,0,4615452579237242.0,1.642382560130286,14.4,340.0,7.998728487970659,1.703957488358237e+21,0.0,1.0,0.00014023266381838514,0.0,bohm,0.4814,1.0,0.06231823847112588,0.0,0,0,0,0,1.0,0.0,1.0,0,0,0.0,0.0,0.0,0.0,0.0,0.0,0.0,0.0,0.0,1.0,0.0,1.0,0,0,0.0,0.0,0.0,0.0,0.0,0.0,0.0,0.0,0.0,1.0,0.0,1.0,0,0,0.0,0.0,0.0,0.0,0.0,0.0,0.0,0.0,0.0,0.0,0.0,0.0
0.0019105263157894738,production,-59.39696961966999,5.939696961967,989.4,2.1099653512615046e+17,1.6713219719160861,975.0,13560000.0,1500.0,0.65,273.8612787525831,5.477225575051661,50.0,0.0,49.97999199359359,1.0,14.4,2000000.0,72.0,0.2,120.0,0.6,200.0,-59.396969619669996,0.0,1.0,8.301397821222431e+17,1.6718046649197118,975.0,350.0,7.8431985781996945,1.623087315809903e+21,0.0,0.33333333333333337,1.0549607965327548e-05,49.97999199359359,bohm,0.18,1.0,0.05555555555555556,0.0,0,0,0,0,4615452794119594.0,1.6423827625011183,14.4,340.0,7.998717942889216,1.7039552419548842e+21,0.0,1.0,0.0001402326691935507,0.0,bohm,0.4814,1.0,0.06231823847112588,0.0,0,0,0,0,1.0,0.0,1.0,0,0,0.0,0.0,0.0,0.0,0.0,0.0,0.0,0.0,0.0,1.0,0.0,1.0,0,0,0.0,0.0,0.0,0.0,0.0,0.0,0.0,0.0,0.0,1.0,0.0,1.0,0,0,0.0,0.0,0.0,0.0,0.0,0.0,0.0,0.0,0.0,0.0,0.0,0.0
0.001923684210526316,production,-59.39696961966999,5.939696961967,989.4,2.1099667134712374e+17,1.6713498049889732,975.0,13560000.0,1500.0,0.65,273.8612787525831,5.477225575051661,50.0,0.0,49.97999199359359,1.0,14.4,2000000.0,72.0,0.2,120.0,0.6,200.0,-59.396969619669996,0.0,1.0,8.301403263611528e+17,1.6718329585611194,975.0,350.0,7.842009142246803,1.6228411715374028e+21,0.0,0.33333333333333337,1.0549693777608806e-05,49.97999199359359,bohm,0.18,1.0,0.05555555555555556,0.0,0,0,0,0,4615453009114082.0,1.6423829651668733,14.4,340.0,7.998707382742474,1.7039529923421932e+21,0.0,1.0,0.00014023267457960283,0.0,bohm,0.4814,1.0,0.06231823847112588,0.0,0,0,0,0,1.0,0.0,1.0,0,0,0.0,0.0,0.0,0.0,0.0,0.0,0.0,0.0,0.0,1.0,0.0,1.0,0,0,0.0,0.0,0.0,0.0,0.0,0.0,0.0,0.0,0.0,1.0,0.0,1.0,0,0,0.0,0.0,0.0,0.0,0.0,0.0,0.0,0.0,0.0,0.0,0.0,0.0
0.001936842105263158,production,-59.39696961966999,5.939696961967,989.4,2.1099680699236906e+17,1.6713776461201584,975.0,13560000.0,1500.0,0.65,273.8612787525831,5.477225575051661,50.0,0.0,49.97999199359359,1.0,14.4,2000000.0,72.0,0.2,120.0,0.6,200.0,-59.396969619669996,0.0,1.0,8.301408682968142e+17,1.6718612603911083,975.0,350.0,7.840819742626744,1.622595034783692e+21,0.0,0.33333333333333337,1.0549779629550668e-05,49.97999199359359,bohm,0.18,1.0,0.05555555555555556,0.0,0,0,0,0,4615453224220656.0,1.6423831681275383,14.4,340.0,7.998696807531095,1.7039507395203044e+21,0.0,1.0,0.00014023267997654166,0.0,bohm,0.4814,1.0,0.06231823847112588,0.0,0,0,0,0,1.0,0.0,1.0,0,0,0.0,0.0,0.0,0.0,0.0,0.0,0.0,0.0,0.0,1.0,0.0,1.0,0,0,0.0,0.0,0.0,0.0,0.0,0.0,0.0,0.0,0.0,1.0,0.0,1.0,0,0,0.0,0.0,0.0,0.0,0.0,0.0,0.0,0.0,0.0,0.0,0.0,0.0
0.0019500000000000001,production,-59.39696961966999,5.939696961967,989.4,2.1099694206166746e+17,1.6714054953131137,975.0,13560000.0,1500.0,0.65,273.8612787525831,5.477225575051661,50.0,0.0,49.97999199359359,1.0,14.4,2000000.0,72.0,0.2,120.0,0.6,200.0,-59.396969619669996,0.0,1.0,8.30141407928352e+17,1.6718895704132108,975.0,350.0,7.839630379338536,1.6223489055485678e+21,0.0,0.33333333333333337,1.0549865521169508e-05,49.97999199359359,bohm,0.18,1.0,0.05555555555555556,0.0,0,0,0,0,4615453439439259.0,1.642383371383107,14.4,340.0,7.998686217255737,1.7039484834893582e+21,0.0,1.0,0.0001402326853843679,0.0,bohm,0.4814,1.0,0.06231823847112588,0.0,0,0,0,0,1.0,0.0,1.0,0,0,0.0,0.0,0.0,0.0,0.0,0.0,0.0,0.0,0.0,1.0,0.0,1.0,0,0,0.0,0.0,0.0,0.0,0.0,0.0,0.0,0.0,0.0,1.0,0.0,1.0,0,0,0.0,0.0,0.0,0.0,0.0,0.0,0.0,0.0,0.0,0.0,0.0,0.0
0.001963157894736842,production,-59.39696961966999,5.939696961967,989.4,2.1099707655480003e+17,1.6714333525713105,975.0,13560000.0,1500.0,0.65,273.8612787525831,5.477225575051661,50.0,0.0,49.97999199359359,1.0,14.4,2000000.0,72.0,0.2,120.0,0.6,200.0,-59.396969619669996,0.0,1.0,8.301419452548906e+17,1.671917888630962,975.0,350.0,7.838441052381192,1.6221027838318257e+21,0.0,0.33333333333333337,1.0549951452481709e-05,49.97999199359359,bohm,0.18,1.0,0.05555555555555556,0.0,0,0,0,0,4615453654769844.0,1.642383574933569,14.4,340.0,7.998675611917066,1.7039462242494964e+21,0.0,1.0,0.00014023269080308177,0.0,bohm,0.4814,1.0,0.06231823847112588,0.0,0,0,0,0,1.0,0.0,1.0,0,0,0.0,0.0,0.0,0.0,0.0,0.0,0.0,0.0,0.0,1.0,0.0,1.0,0,0,0.0,0.0,0.0,0.0,0.0,0.0,0.0,0.0,0.0,1.0,0.0,1.0,0,0,0.0,0.0,0.0,0.0,0.0,0.0,0.0,0.0,0.0,0.0,0.0,0.0
0.001976315789473684,production,-59.39696961966999,5.939696961967,989.4,2.1099721047154768e+17,1.6714612178982236,975.0,13560000.0,1500.0,0.65,273.8612787525831,5.477225575051661,50.0,0.0,49.97999199359359,1.0,14.4,2000000.0,72.0,0.2,120.0,0.6,200.0,-59.396969619669996,0.0,1.0,8.301424802755537e+17,1.6719462150478979,975.0,350.0,7.837251761753731,1.6218566696332626e+21,0.0,0.33333333333333337,1.0550037423503665e-05,49.97999199359359,bohm,0.18,1.0,0.05555555555555556,0.0,0,0,0,0,4615453870212356.0,1.6423837787789162,14.4,340.0,7.998664991515744,1.7039439618008597e+21,0.0,1.0,0.00014023269623268374,0.0,bohm,0.4814,1.0,0.06231823847112588,0.0,0,0,0,0,1.0,0.0,1.0,0,0,0.0,0.0,0.0,0.0,0.0,0.0,0.0,0.0,0.0,1.0,0.0,1.0,0,0,0.0,0.0,0.0,0.0,0.0,0.0,0.0,0.0,0.0,1.0,0.0,1.0,0,0,0.0,0.0,0.0,0.0,0.0,0.0,0.0,0.0,0.0,0.0,0.0,0.0
0.001989473684210526,production,-59.39696961966999,5.939696961967,989.4,2.1099734381169098e+17,1.6714890912973308,975.0,13560000.0,1500.0,0.65,273.8612787525831,5.477225575051661,50.0,0.0,49.97999199359359,1.0,14.4,2000000.0,72.0,0.2,120.0,0.6,200.0,-59.396969619669996,0.0,1.0,8.301430129894637e+17,1.671974549667559,975.0,350.0,7.836062507455165,1.6216105629526744e+21,0.0,0.33333333333333337,1.0550123434251788e-05,49.97999199359359,bohm,0.18,1.0,0.05555555555555556,0.0,0,0,0,0,4615454085766741.0,1.6423839829191411,14.4,340.0,7.99865435605243,1.7039416961435889e+21,0.0,1.0,0.00014023270167317432,0.0,bohm,0.4814,1.0,0.06231823847112588,0.0,0,0,0,0,1.0,0.0,1.0,0,0,0.0,0.0,0.0,0.0,0.0,0.0,0.0,0.0,0.0,1.0,0.0,1.0,0,0,0.0,0.0,0.0,0.0,0.0,0.0,0.0,0.0,0.0,1.0,0.0,1.0,0,0,0.0,0.0,0.0,0.0,0.0,0.0,0.0,0.0,0.0,0.0,0.0,0.0
0.0020026315789473683,production,-59.39696961966999,5.939696961967,989.4,2.109974765750106e+17,1.6715169727721089,975.0,13560000.0,1500.0,0.65,273.8612787525831,5.477225575051661,50.0,0.0,49.97999199359359,1.0,14.4,2000000.0,72.0,0.2,120.0,0.6,200.0,-59.396969619669996,0.0,1.0,8.301435433957435e+17,1.672002892493485,975.0,350.0,7.8348732894845075,1.6213644637898568e+21,0.0,0.33333333333333337,1.0550209484742487e-05,49.97999199359359,bohm,0.18,1.0,0.05555555555555556,0.0,0,0,0,0,4615454301432950.0,1.642384187354233,14.4,340.0,7.9986437055277895,1.7039394272778256e+21,0.0,1.0,0.0001402327071245538,0.0,bohm,0.4814,1.0,0.06231823847112588,0.0,0,0,0,0,1.0,0.0,1.0,0,0,0.0,0.0,0.0,0.0,0.0,0.0,0.0,0.0,0.0,1.0,0.0,1.0,0,0,0.0,0.0,0.0,0.0,0.0,0.0,0.0,0.0,0.0,1.0,0.0,1.0,0,0,0.0,0.0,0.0,0.0,0.0,0.0,0.0,0.0,0.0,0.0,0.0,0.0
0.002015789473684211,production,-59.39696961966999,5.939696961967,989.4,2.109976087612876e+17,1.6715448623260387,975.0,13560000.0,1500.0,0.65,273.8612787525831,5.477225575051661,50.0,0.0,49.97999199359359,1.0,14.4,2000000.0,72.0,0.2,120.0,0.6,200.0,-59.396969619669996,0.0,1.0,8.301440714935177e+17,1.6720312435292184,975.0,350.0,7.833684107840781,1.6211183721446074e+21,0.0,0.33333333333333337,1.0550295574992173e-05,49.97999199359359,bohm,0.18,1.0,0.05555555555555556,0.0,0,0,0,0,4615454517210929.0,1.6423843920841827,14.4,340.0,7.998633039942483,1.7039371552037106e+21,0.0,1.0,0.0001402327125868226,0.0,bohm,0.4814,1.0,0.06231823847112588,0.0,0,0,0,0,1.0,0.0,1.0,0,0,0.0,0.0,0.0,0.0,0.0,0.0,0.0,0.0,0.0,1.0,0.0,1.0,0,0,0.0,0.0,0.0,0.0,0.0,0.0,0.0,0.0,0.0,1.0,0.0,1.0,0,0,0.0,0.0,0.0,0.0,0.0,0.0,0.0,0.0,0.0,0.0,0.0,0.0
0.002028947368421053,production,-59.39696961966999,5.939696961967,989.4,2.109977403703024e+17,1.671572759962605,975.0,13560000.0,1500.0,0.65,273.8612787525831,5.477225575051661,50.0,0.0,49.97999199359359,1.0,14.4,2000000.0,72.0,0.2,120.0,0.6,200.0,-59.396969619669996,0.0,1.0,8.301445972819077e+17,1.672059602778306,975.0,350.0,7.832494962523003,1.620872288016723e+21,0.0,0.33333333333333337,1.055038170501728e-05,49.97999199359359,bohm,0.18,1.0,0.05555555555555556,0.0,0,0,0,0,4615454733100623.0,1.642384597108983,14.4,340.0,7.9986223592971735,1.703934879921385e+21,0.0,1.0,0.00014023271805998125,0.0,bohm,0.4814,1.0,0.06231823847112588,0.0,0,0,0,0,1.0,0.0,1.0,0,0,0.0,0.0,0.0,0.0,0.0,0.0,0.0,0.0,0.0,1.0,0.0,1.0,0,0,0.0,0.0,0.0,0.0,0.0,0.0,0.0,0.0,0.0,1.0,0.0,1.0,0,0,0.0,0.0,0.0,0.0,0.0,0.0,0.0,0.0,0.0,0.0,0.0,0.0
0.002042105263157895,production,-59.39696961966999,5.939696961967,989.4,2.1099787140183536e+17,1.6716006656852898,975.0,13560000.0,1500.0,0.65,273.8612787525831,5.477225575051661,50.0,0.0,49.97999199359359,1.0,14.4,2000000.0,72.0,0.2,120.0,0.6,200.0,-59.396969619669996,0.0,1.0,8.301451207600356e+17,1.6720879702442932,975.0,350.0,7.831305853530187,1.6206262114059996e+21,0.0,0.33333333333333337,1.0550467874834244e-05,49.97999199359359,bohm,0.18,1.0,0.05555555555555556,0.0,0,0,0,0,4615454949101982.0,1.6423848024286252,14.4,340.0,7.998611663592519,1.703932601430989e+21,0.0,1.0,0.00014023272354403012,0.0,bohm,0.4814,1.0,0.06231823847112588,0.0,0,0,0,0,1.0,0.0,1.0,0,0,0.0,0.0,0.0,0.0,0.0,0.0,0.0,0.0,0.0,1.0,0.0,1.0,0,0,0.0,0.0,0.0,0.0,0.0,0.0,0.0,0.0,0.0,1.0,0.0,1.0,0,0,0.0,0.0,0.0,0.0,0.0,0.0,0.0,0.0,0.0,0.0,0.0,0.0
0.002055263157894737,production,-59.39696961966999,5.939696961967,989.4,2.1099800185566675e+17,1.671628579497581,975.0,13560000.0,1500.0,0.65,273.8612787525831,5.477225575051661,50.0,0.0,49.97999199359359,1.0,14.4,2000000.0,72.0,0.2,120.0,0.6,200.0,-59.396969619669996,0.0,1.0,8.301456419270221e+17,1.6721163459307298,975.0,350.0,7.830116780861356,1.6203801423122347e+21,0.0,0.33333333333333337,1.0550554084459518e-05,49.97999199359359,bohm,0.18,1.0,0.05555555555555556,0.0,0,0,0,0,4615455165214954.0,1.6423850080430988,14.4,340.0,7.998600952829184,1.7039303197326644e+21,0.0,1.0,0.00014023272903896958,0.0,bohm,0.4814,1.0,0.06231823847112588,0.0,0,0,0,0,1.0,0.0,1.0,0,0,0.0,0.0,0.0,0.0,0.0,0.0,0.0,0.0,0.0,1.0,0.0,1.0,0,0,0.0,0.0,0.0,0.0,0.0,0.0,0.0,0.0,0.0,1.0,0.0,1.0,0,0,0.0,0.0,0.0,0.0,0.0,0.0,0.0,0.0,0.0,0.0,0.0,0.0
0.002068421052631579,production,-59.39696961966999,5.939696961967,989.4,2.1099813173157654e+17,1.6716565014029676,975.0,13560000.0,1500.0,0.65,273.8612787525831,5.477225575051661,50.0,0.0,49.97999199359359,1.0,14.4,2000000.0,72.0,0.2,120.0,0.6,200.0,-59.396969619669996,0.0,1.0,8.301461607819877e+17,1.6721447298411674,975.0,350.0,7.828927744515517,1.620134080735223e+21,0.0,0.33333333333333337,1.0550640333909564e-05,49.97999199359359,bohm,0.18,1.0,0.05555555555555556,0.0,0,0,0,0,4615455381439485.0,1.642385213952396,14.4,340.0,7.99859022700783,1.7039280348265518e+21,0.0,1.0,0.00014023273454480008,0.0,bohm,0.4814,1.0,0.06231823847112588,0.0,0,0,0,0,1.0,0.0,1.0,0,0,0.0,0.0,0.0,0.0,0.0,0.0,0.0,0.0,0.0,1.0,0.0,1.0,0,0,0.0,0.0,0.0,0.0,0.0,0.0,0.0,0.0,0.0,1.0,0.0,1.0,0,0,0.0,0.0,0.0,0.0,0.0,0.0,0.0,0.0,0.0,0.0,0.0,0.0
0.0020815789473684213,production,-59.39696961966999,5.939696961967,989.4,2.1099826102934486e+17,1.671684431404939,975.0,13560000.0,1500.0,0.65,273.8612787525831,5.477225575051661,50.0,0.0,49.97999199359359,1.0,14.4,2000000.0,72.0,0.2,120.0,0.6,200.0,-59.396969619669996,0.0,1.0,8.301466773240529e+17,1.6721731219791578,975.0,350.0,7.827738744491696,1.6198880266747626e+21,0.0,0.33333333333333337,1.0550726623200847e-05,49.97999199359359,bohm,0.18,1.0,0.05555555555555556,0.0,0,0,0,0,4615455597775521.0,1.6423854201565082,14.4,340.0,7.998579486129119,1.7039257467127923e+21,0.0,1.0,0.00014023274006152206,0.0,bohm,0.4814,1.0,0.06231823847112588,0.0,0,0,0,0,1.0,0.0,1.0,0,0,0.0,0.0,0.0,0.0,0.0,0.0,0.0,0.0,0.0,1.0,0.0,1.0,0,0,0.0,0.0,0.0,0.0,0.0,0.0,0.0,0.0,0.0,1.0,0.0,1.0,0,0,0.0,0.0,0.0,0.0,0.0,0.0,0.0,0.0,0.0,0.0,0.0,0.0
0.0020947368421052634,production,-59.39696961966999,5.939696961967,989.4,2.1099838974875146e+17,1.6717123695069889,975.0,13560000.0,1500.0,0.65,273.8612787525831,5.477225575051661,50.0,0.0,49.97999199359359,1.0,14.4,2000000.0,72.0,0.2,120.0,0.6,200.0,-59.396969619669996,0.0,1.0,8.301471915523369e+17,1.672201522348258,975.0,350.0,7.826549780788907,1.6196419801306502e+21,0.0,0.33333333333333337,1.0550812952349848e-05,49.97999199359359,bohm,0.18,1.0,0.05555555555555556,0.0,0,0,0,0,4615455814223010.0,1.6423856266554262,14.4,340.0,7.998568730193713,1.703923455391527e+21,0.0,1.0,0.00014023274558913596,0.0,bohm,0.4814,1.0,0.06231823847112588,0.0,0,0,0,0,1.0,0.0,1.0,0,0,0.0,0.0,0.0,0.0,0.0,0.0,0.0,0.0,0.0,1.0,0.0,1.0,0,0,0.0,0.0,0.0,0.0,0.0,0.0,0.0,0.0,0.0,1.0,0.0,1.0,0,0,0.0,0.0,0.0,0.0,0.0,0.0,0.0,0.0,0.0,0.0,0.0,0.0
0.0021078947368421055,production,-59.39696961966999,5.939696961967,989.4,2.1099851788957635e+17,1.6717403157126105,975.0,13560000.0,1500.0,0.65,273.8612787525831,5.477225575051661,50.0,0.0,49.97999199359359,1.0,14.4,2000000.0,72.0,0.2,120.0,0.6,200.0,-59.396969619669996,0.0,1.0,8.301477034659597e+17,1.672229930952023,975.0,350.0,7.825360853406167,1.6193959411026813e+21,0.0,0.33333333333333337,1.0550899321373048e-05,49.97999199359359,bohm,0.18,1.0,0.05555555555555556,0.0,0,0,0,0,4615456030781901.0,1.6423858334491408,14.4,340.0,7.998557959202271,1.7039211608628965e+21,0.0,1.0,0.00014023275112764214,0.0,bohm,0.4814,1.0,0.06231823847112588,0.0,0,0,0,0,1.0,0.0,1.0,0,0,0.0,0.0,0.0,0.0,0.0,0.0,0.0,0.0,0.0,1.0,0.0,1.0,0,0,0.0,0.0,0.0,0.0,0.0,0.0,0.0,0.0,0.0,1.0,0.0,1.0,0,0,0.0,0.0,0.0,0.0,0.0,0.0,0.0,0.0,0.0,0.0,0.0,0.0
0.0021210526315789476,production,-59.39696961966999,5.939696961967,989.4,2.1099864545159894e+17,1.6717682700253036,975.0,13560000.0,1500.0,0.65,273.8612787525831,5.477225575051661,50.0,0.0,49.97999199359359,1.0,14.4,2000000.0,72.0,0.2,120.0,0.6,200.0,-59.396969619669996,0.0,1.0,8.301482130640394e+17,1.6722583477940154,975.0,350.0,7.824171962342496,1.6191499095906543e+21,0.0,0.33333333333333337,1.0550985730286954e-05,49.97999199359359,bohm,0.18,1.0,0.05555555555555556,0.0,0,0,0,0,4615456247452141.0,1.6423860405376443,14.4,340.0,7.998547173155457,1.703918863127042e+21,0.0,1.0,0.00014023275667704105,0.0,bohm,0.4814,1.0,0.06231823847112588,0.0,0,0,0,0,1.0,0.0,1.0,0,0,0.0,0.0,0.0,0.0,0.0,0.0,0.0,0.0,0.0,1.0,0.0,1.0,0,0,0.0,0.0,0.0,0.0,0.0,0.0,0.0,0.0,0.0,1.0,0.0,1.0,0,0,0.0,0.0,0.0,0.0,0.0,0.0,0.0,0.0,0.0,0.0,0.0,0.0
0.0021342105263157897,production,-59.39696961966999,5.939696961967,989.4,2.1099877243459898e+17,1.6717962324485636,975.0,13560000.0,1500.0,0.65,273.8612787525831,5.477225575051661,50.0,0.0,49.97999199359359,1.0,14.4,2000000.0,72.0,0.2,120.0,0.6,200.0,-59.396969619669996,0.0,1.0,8.301487203456948e+17,1.6722867728777937,975.0,350.0,7.822983107596912,1.618903885594365e+21,0.0,0.33333333333333337,1.0551072179108062e-05,49.97999199359359,bohm,0.18,1.0,0.05555555555555556,0.0,0,0,0,0,4615456464233674.0,1.642386247920928,14.4,340.0,7.998536372053933,1.7039165621841043e+21,0.0,1.0,0.0001402327622373332,0.0,bohm,0.4814,1.0,0.06231823847112588,0.0,0,0,0,0,1.0,0.0,1.0,0,0,0.0,0.0,0.0,0.0,0.0,0.0,0.0,0.0,0.0,1.0,0.0,1.0,0,0,0.0,0.0,0.0,0.0,0.0,0.0,0.0,0.0,0.0,1.0,0.0,1.0,0,0,0.0,0.0,0.0,0.0,0.0,0.0,0.0,0.0,0.0,0.0,0.0,0.0
0.0021473684210526318,production,-59.39696961966999,5.939696961967,989.4,2.109988988383558e+17,1.6718242029858923,975.0,13560000.0,1500.0,0.65,273.8612787525831,5.477225575051661,50.0,0.0,49.97999199359359,1.0,14.4,2000000.0,72.0,0.2,120.0,0.6,200.0,-59.396969619669996,0.0,1.0,8.301492253100438e+17,1.6723152062069226,975.0,350.0,7.821794289168431,1.6186578691136105e+21,0.0,0.33333333333333337,1.0551158667852892e-05,49.97999199359359,bohm,0.18,1.0,0.05555555555555556,0.0,0,0,0,0,4615456681126450.0,1.6423864555989813,14.4,340.0,7.99852555589836,1.7039142580342245e+21,0.0,1.0,0.0001402327678085189,0.0,bohm,0.4814,1.0,0.06231823847112588,0.0,0,0,0,0,1.0,0.0,1.0,0,0,0.0,0.0,0.0,0.0,0.0,0.0,0.0,0.0,0.0,1.0,0.0,1.0,0,0,0.0,0.0,0.0,0.0,0.0,0.0,0.0,0.0,0.0,1.0,0.0,1.0,0,0,0.0,0.0,0.0,0.0,0.0,0.0,0.0,0.0,0.0,0.0,0.0,0.0
0.002160526315789474,production,-59.39696961966999,5.939696961967,989.4,2.109990246626487e+17,1.6718521816407939,975.0,13560000.0,1500.0,0.65,273.8612787525831,5.477225575051661,50.0,0.0,49.97999199359359,1.0,14.4,2000000.0,72.0,0.2,120.0,0.6,200.0,-59.396969619669996,0.0,1.0,8.301497279562035e+17,1.6723436477849676,975.0,350.0,7.820605507056073,1.6184118601481876e+21,0.0,0.33333333333333337,1.0551245196537971e-05,49.97999199359359,bohm,0.18,1.0,0.05555555555555556,0.0,0,0,0,0,4615456898130417.0,1.6423866635717972,14.4,340.0,7.998514724689399,1.7039119506775435e+21,0.0,1.0,0.0001402327733905986,0.0,bohm,0.4814,1.0,0.06231823847112588,0.0,0,0,0,0,1.0,0.0,1.0,0,0,0.0,0.0,0.0,0.0,0.0,0.0,0.0,0.0,0.0,1.0,0.0,1.0,0,0,0.0,0.0,0.0,0.0,0.0,0.0,0.0,0.0,0.0,1.0,0.0,1.0,0,0,0.0,0.0,0.0,0.0,0.0,0.0,0.0,0.0,0.0,0.0,0.0,0.0
0.002173684210526316,production,-59.39696961966999,5.939696961967,989.4,2.1099914990725706e+17,1.6718801684167695,975.0,13560000.0,1500.0,0.65,273.8612787525831,5.477225575051661,50.0,0.0,49.97999199359359,1.0,14.4,2000000.0,72.0,0.2,120.0,0.6,200.0,-59.396969619669996,0.0,1.0,8.301502282832916e+17,1.6723720976154943,975.0,350.0,7.819416761258857,1.6181658586978934e+21,0.0,0.33333333333333337,1.0551331765179823e-05,49.97999199359359,bohm,0.18,1.0,0.05555555555555556,0.0,0,0,0,0,4615457115245520.0,1.6423868718393664,14.4,340.0,7.998503878427713,1.7039096401142022e+21,0.0,1.0,0.00014023277898357272,0.0,bohm,0.4814,1.0,0.06231823847112588,0.0,0,0,0,0,1.0,0.0,1.0,0,0,0.0,0.0,0.0,0.0,0.0,0.0,0.0,0.0,0.0,1.0,0.0,1.0,0,0,0.0,0.0,0.0,0.0,0.0,0.0,0.0,0.0,0.0,1.0,0.0,1.0,0,0,0.0,0.0,0.0,0.0,0.0,0.0,0.0,0.0,0.0,0.0,0.0,0.0
0.002186842105263158,production,-59.39696961966999,5.939696961967,989.4,2.109992745719596e+17,1.67190816331733,975.0,13560000.0,1500.0,0.65,273.8612787525831,5.477225575051661,50.0,0.0,49.97999199359359,1.0,14.4,2000000.0,72.0,0.2,120.0,0.6,200.0,-59.396969619669996,0.0,1.0,8.301507262904234e+17,1.6724005557020758,975.0,350.0,7.8182280517758045,1.617919864762525e+21,0.0,0.33333333333333337,1.0551418373795007e-05,49.97999199359359,bohm,0.18,1.0,0.05555555555555556,0.0,0,0,0,0,4615457332471706.0,1.6423870804016802,14.4,340.0,7.998493017113961,1.7039073263443412e+21,0.0,1.0,0.00014023278458744174,0.0,bohm,0.4814,1.0,0.06231823847112588,0.0,0,0,0,0,1.0,0.0,1.0,0,0,0.0,0.0,0.0,0.0,0.0,0.0,0.0,0.0,0.0,1.0,0.0,1.0,0,0,0.0,0.0,0.0,0.0,0.0,0.0,0.0,0.0,0.0,1.0,0.0,1.0,0,0,0.0,0.0,0.0,0.0,0.0,0.0,0.0,0.0,0.0,0.0,0.0,0.0
0.0022,afterglow,0.0,0.0,0.0,2.1099939865324224e+17,1.6719263312802468,0.0,13560000.0,0.0,0.65,0.0,0.0,50.0,0.0,0.0,1.0,0.0,2000000.0,0.0,0.2,0.0,0.0,200.0,-0.0,0.0,1.0,8.301512219637457e+17,1.6724191684695462,0.0,350.0,7.817039378605984,1.6176738783418903e+21,0.0,0.33333333333333337,1.0551473938879759e-05,0.0,bohm,0.18,1.0,0.05555555555555556,0.0,0,0,0,0,4615457549741093.0,1.6423785641291941,0.0,340.0,7.998482140748785,1.7039050093680974e+21,0.0,1.0,0.00014023241771165287,0.0,bohm,0.4814,1.0,0.06231823847112588,0.0,0,0,0,0,1.0,0.0,1.0,0,0,0.0,0.0,0.0,0.0,0.0,0.0,0.0,0.0,0.0,1.0,0.0,1.0,0,0,0.0,0.0,0.0,0.0,0.0,0.0,0.0,0.0,0.0,1.0,0.0,1.0,0,0,0.0,0.0,0.0,0.0,0.0,0.0,0.0,0.0,0.0,0.0,0.0,0.0
0.002213793103448276,afterglow,0.0,0.0,0.0,1.6444573317504755e+17,1.1483675647527771,0.0,13560000.0,0.0,0.65,0.0,0.0,50.0,0.0,0.0,1.0,0.0,2000000.0,0.0,0.2,0.0,0.0,200.0,-0.0,0.0,1.0,6.466603332848667e+17,1.1484402599509442,0.0,350.0,7.816078400986742,1.6174750116972404e+21,0.0,0.33333333333333337,9.906842568663241e-06,0.0,bohm,0.18,1.0,0.05555555555555556,0.0,0,0,0,0,3707533138441181.0,1.1441411155820693,0.0,340.0,7.998471990799371,1.703902847139146e+21,0.0,1.0,0.00013059196106670942,0.0,bohm,0.4814,1.0,0.06231823847112588,0.0,0,0,0,0,1.0,0.0,1.0,0,0,0.0,0.0,0.0,0.0,0.0,0.0,0.0,0.0,0.0,1.0,0.0,1.0,0,0,0.0,0.0,0.0,0.0,0.0,0.0,0.0,0.0,0.0,1.0,0.0,1.0,0,0,0.0,0.0,0.0,0.0,0.0,0.0,0.0,0.0,0.0,0.0,0.0,0.0
0.0022275862068965517,afterglow,0.0,0.0,0.0,1.284312716162123e+17,1.0874260630823755,0.0,13560000.0,0.0,0.65,0.0,0.0,50.0,0.0,0.0,1.0,0.0,2000000.0,0.0,0.2,0.0,0.0,200.0,-0.0,0.0,1.0,5.0477959247209094e+17,1.0875156042005198,0.0,350.0,7.815365359241511,1.6173274534018857e+21,0.0,0.33333333333333337,1.0911539327873068e-05,0.0,bohm,0.18,1.0,0.05555555555555556,0.0,0,0,0,0,2981831330919411.5,1.082373404261853,0.0,340.0,7.998462931546416,1.7039009172596738e+21,0.0,1.0,0.00014163356522330276,0.0,bohm,0.4814,1.0,0.06231823847112588,0.0,0,0,0,0,1.0,0.0,1.0,0,0,0.0,0.0,0.0,0.0,0.0,0.0,0.0,0.0,0.0,1.0,0.0,1.0,0,0,0.0,0.0,0.0,0.0,0.0,0.0,0.0,0.0,0.0,1.0,0.0,1.0,0,0,0.0,0.0,0.0,0.0,0.0,0.0,0.0,0.0,0.0,0.0,0.0,0.0
0.002241379310344828,afterglow,0.0,0.0,0.0,1.0081629532528594e+17,1.0494078283042183,0.0,13560000.0,0.0,0.65,0.0,0.0,50.0,0.0,0.0,1.0,0.0,2000000.0,0.0,0.2,0.0,0.0,200.0,-0.0,0.0,1.0,3.9603872988604794e+17,1.049492118703815,0.0,350.0,7.814813850663213,1.6172133231055442e+21,0.0,0.33333333333333337,1.2101520179292933e-05,0.0,bohm,0.18,1.0,0.05555555555555556,0.0,0,0,0,0,2408817138365268.5,1.0447883739025503,0.0,340.0,7.998454596711256,1.7038991417018706e+21,0.0,1.0,0.0001548215522756357,0.0,bohm,0.4814,1.0,0.06231823847112588,0.0,0,0,0,0,1.0,0.0,1.0,0,0,0.0,0.0,0.0,0.0,0.0,0.0,0.0,0.0,0.0,1.0,0.0,1.0,0,0,0.0,0.0,0.0,0.0,0.0,0.0,0.0,0.0,0.0,1.0,0.0,1.0,0,0,0.0,0.0,0.0,0.0,0.0,0.0,0.0,0.0,0.0,0.0,0.0,0.0
0.0022551724137931037,afterglow,0.0,0.0,0.0,7.93964787339209e+16,1.0256797856401418,0.0,13560000.0,0.0,0.65,0.0,0.0,50.0,0.0,0.0,1.0,0.0,2000000.0,0.0,0.2,0.0,0.0,200.0,-0.0,0.0,1.0,3.1173221393299475e+17,1.0257506665153415,0.0,350.0,7.8143810813082695,1.6171237649433127e+21,0.0,0.33333333333333337,1.3484946569915217e-05,0.0,bohm,0.18,1.0,0.05555555555555556,0.0,0,0,0,0,1951233667562944.0,1.0219051049481598,0.0,340.0,7.998446807283086,1.7038974823313242e+21,0.0,1.0,0.0001701256556562631,0.0,bohm,0.4814,1.0,0.06231823847112588,0.0,0,0,0,0,1.0,0.0,1.0,0,0,0.0,0.0,0.0,0.0,0.0,0.0,0.0,0.0,0.0,1.0,0.0,1.0,0,0,0.0,0.0,0.0,0.0,0.0,0.0,0.0,0.0,0.0,1.0,0.0,1.0,0,0,0.0,0.0,0.0,0.0,0.0,0.0,0.0,0.0,0.0,0.0,0.0,0.0
0.0022689655172413795,afterglow,0.0,0.0,0.0,6.265646682611967e+16,1.0108536518368825,0.0,13560000.0,0.0,0.65,0.0,0.0,50.0,0.0,0.0,1.0,0.0,2000000.0,0.0,0.2,0.0,0.0,200.0,-0.0,0.0,1.0,2.458762426590226e+17,1.0109130827813047,0.0,350.0,7.81403778666248,1.6170527228576622e+21,0.0,0.33333333333333337,1.5073627982100116e-05,0.0,bohm,0.18,1.0,0.05555555555555556,0.0,0,0,0,0,1583208215152031.0,1.0077770598105709,0.0,340.0,7.998439439793562,1.7038959128457537e+21,0.0,1.0,0.00018755661447303663,0.0,bohm,0.4814,1.0,0.06231823847112588,0.0,0,0,0,0,1.0,0.0,1.0,0,0,0.0,0.0,0.0,0.0,0.0,0.0,0.0,0.0,0.0,1.0,0.0,1.0,0,0,0.0,0.0,0.0,0.0,0.0,0.0,0.0,0.0,0.0,1.0,0.0,1.0,0,0,0.0,0.0,0.0,0.0,0.0,0.0,0.0,0.0,0.0,0.0,0.0,0.0
0.0022827586206896552,afterglow,0.0,0.0,0.0,4.951642069107498e+16,0.999554954230503,0.0,13560000.0,0.0,0.65,0.0,0.0,50.0,0.0,0.0,1.0,0.0,2000000.0,0.0,0.2,0.0,0.0,200.0,-0.0,0.0,1.0,1.942072498725151e+17,0.999622505912039,0.0,350.0,7.813763159260288,1.6169958909097487e+21,0.0,0.33333333333333337,1.686570351899961e-05,0.0,bohm,0.18,1.0,0.05555555555555556,0.0,0,0,0,0,1286144297261601.8,0.9961548623633352,0.0,340.0,7.99843240566331,1.7038944143752236e+21,0.0,1.0,0.0002068891662535649,0.0,bohm,0.4814,1.0,0.06231823847112588,0.0,0,0,0,0,1.0,0.0,1.0,0,0,0.0,0.0,0.0,0.0,0.0,0.0,0.0,0.0,0.0,1.0,0.0,1.0,0,0,0.0,0.0,0.0,0.0,0.0,0.0,0.0,0.0,0.0,1.0,0.0,1.0,0,0,0.0,0.0,0.0,0.0,0.0,0.0,0.0,0.0,0.0,0.0,0.0,0.0
0.002296551724137931,afterglow,0.0,0.0,0.0,3.918217129853786e+16,0.9891183041856922,0.0,13560000.0,0.0,0.65,0.0,0.0,50.0,0.0,0.0,1.0,0.0,2000000.0,0.0,0.2,0.0,0.0,200.0,-0.0,0.0,1.0,1.535907681018995e+17,0.9891927631708493,0.0,350.0,7.813541975572086,1.6169501187116837e+21,0.0,0.33333333333333337,1.886588041071713e-05,0.0,bohm,0.18,1.0,0.05555555555555556,0.0,0,0,0,0,1045972364083975.0,0.9854737806415262,0.0,340.0,7.998425638547969,1.7038929727864913e+21,0.0,1.0,0.00022818211436302822,0.0,bohm,0.4814,1.0,0.06231823847112588,0.0,0,0,0,0,1.0,0.0,1.0,0,0,0.0,0.0,0.0,0.0,0.0,0.0,0.0,0.0,0.0,1.0,0.0,1.0,0,0,0.0,0.0,0.0,0.0,0.0,0.0,0.0,0.0,0.0,1.0,0.0,1.0,0,0,0.0,0.0,0.0,0.0,0.0,0.0,0.0,0.0,0.0,0.0,0.0,0.0
0.002310344827586207,afterglow,0.0,0.0,0.0,3.10416075506146e+16,0.9794827478517089,0.0,13560000.0,0.0,0.65,0.0,0.0,50.0,0.0,0.0,1.0,0.0,2000000.0,0.0,0.2,0.0,0.0,200.0,-0.0,0.0,1.0,1.2161188555998435e+17,0.9795631721308762,0.0,350.0,7.813362556821003,1.6169129894338518e+21,0.0,0.33333333333333337,2.1098296022663474e-05,0.0,bohm,0.18,1.0,0.05555555555555556,0.0,0,0,0,0,851514880824687.1,0.9756540622723971,0.0,340.0,7.998419085924171,1.7038915768905805e+21,0.0,1.0,0.0002516349585799256,0.0,bohm,0.4814,1.0,0.06231823847112588,0.0,0,0,0,0,1.0,0.0,1.0,0,0,0.0,0.0,0.0,0.0,0.0,0.0,0.0,0.0,0.0,1.0,0.0,1.0,0,0,0.0,0.0,0.0,0.0,0.0,0.0,0.0,0.0,0.0,1.0,0.0,1.0,0,0,0.0,0.0,0.0,0.0,0.0,0.0,0.0,0.0,0.0,0.0,0.0,0.0
0.002324137931034483,afterglow,0.0,0.0,0.0,2.461952193999774e+16,0.970586359285785,0.0,13560000.0,0.0,0.65,0.0,0.0,50.0,0.0,0.0,1.0,0.0,2000000.0,0.0,0.2,0.0,0.0,200.0,-0.0,0.0,1.0,9.639651090612664e+16,0.970671875278909,0.0,350.0,7.813215840104397,1.6168826275809206e+21,0.0,0.33333333333333337,2.3589825800882676e-05,0.0,bohm,0.18,1.0,0.05555555555555556,0.0,0,0,0,0,693858951288108.8,0.9666261675933522,0.0,340.0,7.998412705913545,1.7038902177662024e+21,0.0,1.0,0.00027746796199022835,0.0,bohm,0.4814,1.0,0.06231823847112588,0.0,0,0,0,0,1.0,0.0,1.0,0,0,0.0,0.0,0.0,0.0,0.0,0.0,0.0,0.0,0.0,1.0,0.0,1.0,0,0,0.0,0.0,0.0,0.0,0.0,0.0,0.0,0.0,0.0,1.0,0.0,1.0,0,0,0.0,0.0,0.0,0.0,0.0,0.0,0.0,0.0,0.0,0.0,0.0,0.0
0.002337931034482759,afterglow,0.0,0.0,0.0,1.9546117595824056e+16,0.9623723704548,0.0,13560000.0,0.0,0.65,0.0,0.0,50.0,0.0,0.0,1.0,0.0,2000000.0,0.0,0.2,0.0,0.0,200.0,-0.0,0.0,1.0,7.648682784470854e+16,0.9624621805531082,0.0,350.0,7.813094775954535,1.616857574321835e+21,0.0,0.33333333333333337,2.637045843376464e-05,0.0,bohm,0.18,1.0,0.05555555555555556,0.0,0,0,0,0,565880846195890.1,0.958326000637904,0.0,340.0,7.998406465046629,1.7038888882834063e+21,0.0,1.0,0.0003059238291651394,0.0,bohm,0.4814,1.0,0.06231823847112588,0.0,0,0,0,0,1.0,0.0,1.0,0,0,0.0,0.0,0.0,0.0,0.0,0.0,0.0,0.0,0.0,1.0,0.0,1.0,0,0,0.0,0.0,0.0,0.0,0.0,0.0,0.0,0.0,0.0,1.0,0.0,1.0,0,0,0.0,0.0,0.0,0.0,0.0,0.0,0.0,0.0,0.0,0.0,0.0,0.0
0.0023517241379310346,afterglow,0.0,0.0,0.0,1.5532987743010852e+16,0.9547883388082339,0.0,13560000.0,0.0,0.65,0.0,0.0,50.0,0.0,0.0,1.0,0.0,2000000.0,0.0,0.2,0.0,0.0,200.0,-0.0,0.0,1.0,6.074632771244648e+16,0.9548817147536581,0.0,350.0,7.81299386890039,1.6168366924127483e+21,0.0,0.33333333333333337,2.9473651374700872e-05,0.0,bohm,0.18,1.0,0.05555555555555556,0.0,0,0,0,0,461874419865643.6,0.9506946966570123,0.0,340.0,7.998400336515932,1.7038875827314313e+21,0.0,1.0,0.00033727002791980875,0.0,bohm,0.4814,1.0,0.06231823847112588,0.0,0,0,0,0,1.0,0.0,1.0,0,0,0.0,0.0,0.0,0.0,0.0,0.0,0.0,0.0,0.0,1.0,0.0,1.0,0,0,0.0,0.0,0.0,0.0,0.0,0.0,0.0,0.0,0.0,1.0,0.0,1.0,0,0,0.0,0.0,0.0,0.0,0.0,0.0,0.0,0.0,0.0,0.0,0.0,0.0
0.0023655172413793103,afterglow,0.0,0.0,0.0,1.2354735403738502e+16,0.9477858775723921,0.0,13560000.0,0.0,0.65,0.0,0.0,50.0,0.0,0.0,1.0,0.0,2000000.0,0.0,0.2,0.0,0.0,200.0,-0.0,0.0,1.0,4.828716248835881e+16,0.9478821557257444,0.0,350.0,7.8129088260427055,1.6168190934724394e+21,0.0,0.33333333333333337,3.293673147103467e-05,0.0,bohm,0.18,1.0,0.05555555555555556,0.0,0,0,0,0,377259708865065.7,0.9436781866583676,0.0,340.0,7.998394298806071,1.703886296526887e+21,0.0,1.0,0.000371801308281337,0.0,bohm,0.4814,1.0,0.06231823847112588,0.0,0,0,0,0,1.0,0.0,1.0,0,0,0.0,0.0,0.0,0.0,0.0,0.0,0.0,0.0,0.0,1.0,0.0,1.0,0,0,0.0,0.0,0.0,0.0,0.0,0.0,0.0,0.0,0.0,1.0,0.0,1.0,0,0,0.0,0.0,0.0,0.0,0.0,0.0,0.0,0.0,0.0,0.0,0.0,0.0
0.002379310344827586,afterglow,0.0,0.0,0.0,9834862539652944.0,0.9413203293071436,0.0,13560000.0,0.0,0.65,0.0,0.0,50.0,0.0,0.0,1.0,0.0,2000000.0,0.0,0.2,0.0,0.0,200.0,-0.0,0.0,1.0,3.841438924570171e+16,0.9414189060896406,0.0,350.0,7.812836287357885,1.616804082170856e+21,0.0,0.33333333333333337,3.680134231007546e-05,0.0,bohm,0.18,1.0,0.05555555555555556,0.0,0,0,0,0,308353637636687.44,0.9372267968266491,0.0,340.0,7.998388334615977,1.7038850259841518e+21,0.0,1.0,0.00040984248736490966,0.0,bohm,0.4814,1.0,0.06231823847112588,0.0,0,0,0,0,1.0,0.0,1.0,0,0,0.0,0.0,0.0,0.0,0.0,0.0,0.0,0.0,0.0,1.0,0.0,1.0,0,0,0.0,0.0,0.0,0.0,0.0,0.0,0.0,0.0,0.0,1.0,0.0,1.0,0,0,0.0,0.0,0.0,0.0,0.0,0.0,0.0,0.0,0.0,0.0,0.0,0.0
0.002393103448275862,afterglow,0.0,0.0,0.0,7834908442017134.0,0.9353504765607551,0.0,13560000.0,0.0,0.65,0.0,0.0,50.0,0.0,0.0,1.0,0.0,2000000.0,0.0,0.2,0.0,0.0,200.0,-0.0,0.0,1.0,3.0583066463558908e+16,0.935450804168911,0.0,350.0,7.812773618181087,1.6167911132851468e+21,0.0,0.33333333333333337,4.111394306587607e-05,0.0,bohm,0.18,1.0,0.05555555555555556,0.0,0,0,0,0,252189101503209.7,0.9312948877320048,0.0,340.0,7.998382430008562,1.7038837681342277e+21,0.0,1.0,0.0004517515177814086,0.0,bohm,0.4814,1.0,0.06231823847112588,0.0,0,0,0,0,1.0,0.0,1.0,0,0,0.0,0.0,0.0,0.0,0.0,0.0,0.0,0.0,0.0,1.0,0.0,1.0,0,0,0.0,0.0,0.0,0.0,0.0,0.0,0.0,0.0,0.0,1.0,0.0,1.0,0,0,0.0,0.0,0.0,0.0,0.0,0.0,0.0,0.0,0.0,0.0,0.0,0.0
0.002406896551724138,afterglow,0.0,0.0,0.0,6246065830748429.0,0.9298382751697374,0.0,13560000.0,0.0,0.65,0.0,0.0,50.0,0.0,0.0,1.0,0.0,2000000.0,0.0,0.2,0.0,0.0,200.0,-0.0,0.0,1.0,2.436514789248503e+16,0.9299398575478832,0.0,350.0,7.812718749087863,1.616779758564448e+21,0.0,0.33333333333333337,4.5926365018771855e-05,0.0,bohm,0.18,1.0,0.05555555555555556,0.0,0,0,0,0,206371810169561.44,0.9258405236280531,0.0,340.0,7.998376573737918,1.7038825205814156e+21,0.0,1.0,0.0004979228699271758,0.0,bohm,0.4814,1.0,0.06231823847112588,0.0,0,0,0,0,1.0,0.0,1.0,0,0,0.0,0.0,0.0,0.0,0.0,0.0,0.0,0.0,0.0,1.0,0.0,1.0,0,0,0.0,0.0,0.0,0.0,0.0,0.0,0.0,0.0,0.0,1.0,0.0,1.0,0,0,0.0,0.0,0.0,0.0,0.0,0.0,0.0,0.0,0.0,0.0,0.0,0.0
0.002420689655172414,afterglow,0.0,0.0,0.0,4982692749207579.0,0.9247486085207577,0.0,13560000.0,0.0,0.65,0.0,0.0,50.0,0.0,0.0,1.0,0.0,2000000.0,0.0,0.2,0.0,0.0,200.0,-0.0,0.0,1.0,1.9423870870264304e+16,0.9248509975778831,0.0,350.0,7.812670052029972,1.6167696810971759e+21,0.0,0.33333333333333337,5.129643241062744e-05,0.0,bohm,0.18,1.0,0.05555555555555556,0.0,0,0,0,0,168966708855337.8,0.9208251693265187,0.0,340.0,7.998370756715572,1.7038812813896115e+21,0.0,1.0,0.0005487912602026328,0.0,bohm,0.4814,1.0,0.06231823847112588,0.0,0,0,0,0,1.0,0.0,1.0,0,0,0.0,0.0,0.0,0.0,0.0,0.0,0.0,0.0,0.0,1.0,0.0,1.0,0,0,0.0,0.0,0.0,0.0,0.0,0.0,0.0,0.0,0.0,1.0,0.0,1.0,0,0,0.0,0.0,0.0,0.0,0.0,0.0,0.0,0.0,0.0,0.0,0.0,0.0
0.0024344827586206897,afterglow,0.0,0.0,0.0,3977279294454416.5,0.9200490610578965,0.0,13560000.0,0.0,0.65,0.0,0.0,50.0,0.0,0.0,1.0,0.0,2000000.0,0.0,0.2,0.0,0.0,200.0,-0.0,0.0,1.0,1.5493894261235808e+16,0.9201518531163118,0.0,350.0,7.812626244282948,1.6167606154337455e+21,0.0,0.33333333333333337,5.728865507315599e-05,0.0,bohm,0.18,1.0,0.05555555555555556,0.0,0,0,0,0,138407638860619.2,0.9162134122524465,0.0,340.0,7.9983649715859935,1.7038800489918772e+21,0.0,1.0,0.0006048357605041375,0.0,bohm,0.4814,1.0,0.06231823847112588,0.0,0,0,0,0,1.0,0.0,1.0,0,0,0.0,0.0,0.0,0.0,0.0,0.0,0.0,0.0,0.0,1.0,0.0,1.0,0,0,0.0,0.0,0.0,0.0,0.0,0.0,0.0,0.0,0.0,1.0,0.0,1.0,0,0,0.0,0.0,0.0,0.0,0.0,0.0,0.0,0.0,0.0,0.0,0.0,0.0
0.0024482758620689654,afterglow,0.0,0.0,0.0,3176533935494742.0,0.9157097094779807,0.0,13560000.0,0.0,0.65,0.0,0.0,50.0,0.0,0.0,1.0,0.0,2000000.0,0.0,0.2,0.0,0.0,200.0,-0.0,0.0,1.0,1.2365859807912948e+16,0.9158125419417135,0.0,350.0,7.812586313789047,1.6167523521368875e+21,0.0,0.33333333333333337,6.397500112634345e-05,0.0,bohm,0.18,1.0,0.05555555555555556,0.0,0,0,0,0,113425311355339.95,0.9119727075248062,0.0,340.0,7.9983592123881495,1.7038788221183423e+21,0.0,1.0,0.0006665843279531178,0.0,bohm,0.4814,1.0,0.06231823847112588,0.0,0,0,0,0,1.0,0.0,1.0,0,0,0.0,0.0,0.0,0.0,0.0,0.0,0.0,0.0,0.0,1.0,0.0,1.0,0,0,0.0,0.0,0.0,0.0,0.0,0.0,0.0,0.0,0.0,1.0,0.0,1.0,0,0,0.0,0.0,0.0,0.0,0.0,0.0,0.0,0.0,0.0,0.0,0.0,0.0
0.0024620689655172412,afterglow,0.0,0.0,0.0,2538333734987425.0,0.9117029302491176,0.0,13560000.0,0.0,0.65,0.0,0.0,50.0,0.0,0.0,1.0,0.0,2000000.0,0.0,0.2,0.0,0.0,200.0,-0.0,0.0,1.0,9874365681193666.0,0.911805478481002,0.0,350.0,7.812549461003456,1.6167447257471884e+21,0.0,0.33333333333333337,7.14357589982145e-05,0.0,bohm,0.18,1.0,0.05555555555555556,0.0,0,0,0,0,92989752918678.17,0.9080731441353966,0.0,340.0,7.998353474285102,1.7038775997386014e+21,0.0,1.0,0.0007346187977922351,0.0,bohm,0.4814,1.0,0.06231823847112588,0.0,0,0,0,0,1.0,0.0,1.0,0,0,0.0,0.0,0.0,0.0,0.0,0.0,0.0,0.0,0.0,1.0,0.0,1.0,0,0,0.0,0.0,0.0,0.0,0.0,0.0,0.0,0.0,0.0,1.0,0.0,1.0,0,0,0.0,0.0,0.0,0.0,0.0,0.0,0.0,0.0,0.0,0.0,0.0,0.0
0.002475862068965517,afterglow,0.0,0.0,0.0,2029342877776054.2,0.9080032221176841,0.0,13560000.0,0.0,0.65,0.0,0.0,50.0,0.0,0.0,1.0,0.0,2000000.0,0.0,0.2,0.0,0.0,200.0,-0.0,0.0,1.0,7888578858111808.0,0.908105196514251,0.0,350.0,7.812515053502633,1.6167376053896458e+21,0.0,0.33333333333333337,7.976049909179508e-05,0.0,bohm,0.18,1.0,0.05555555555555556,0.0,0,0,0,0,76264217664136.66,0.9044872304181844,0.0,340.0,7.998347753347487,1.703876381015588e+21,0.0,1.0,0.0008095803867964628,0.0,bohm,0.4814,1.0,0.06231823847112588,0.0,0,0,0,0,1.0,0.0,1.0,0,0,0.0,0.0,0.0,0.0,0.0,0.0,0.0,0.0,0.0,1.0,0.0,1.0,0,0,0.0,0.0,0.0,0.0,0.0,0.0,0.0,0.0,0.0,1.0,0.0,1.0,0,0,0.0,0.0,0.0,0.0,0.0,0.0,0.0,0.0,0.0,0.0,0.0,0.0
0.0024896551724137932,afterglow,0.0,0.0,0.0,1623149444987535.5,0.9045870424223954,0.0,13560000.0,0.0,0.65,0.0,0.0,50.0,0.0,0.0,1.0,0.0,2000000.0,0.0,0.2,0.0,0.0,200.0,-0.0,0.0,1.0,6304893156310969.0,0.9046881856762005,0.0,350.0,7.812482590485486,1.616730887427473e+21,0.0,0.33333333333333337,8.904914661656051e-05,0.0,bohm,0.18,1.0,0.05555555555555556,0.0,0,0,0,0,62568207879724.555,0.9011896971873148,0.0,340.0,7.998342046379791,1.7038751652685653e+21,0.0,1.0,0.0008921757593834416,0.0,bohm,0.4814,1.0,0.06231823847112588,0.0,0,0,0,0,1.0,0.0,1.0,0,0,0.0,0.0,0.0,0.0,0.0,0.0,0.0,0.0,0.0,1.0,0.0,1.0,0,0,0.0,0.0,0.0,0.0,0.0,0.0,0.0,0.0,0.0,1.0,0.0,1.0,0,0,0.0,0.0,0.0,0.0,0.0,0.0,0.0,0.0,0.0,0.0,0.0,0.0
0.002503448275862069,afterglow,0.0,0.0,0.0,1298804987931231.2,0.9014326561327914,0.0,13560000.0,0.0,0.65,0.0,0.0,50.0,0.0,0.0,1.0,0.0,2000000.0,0.0,0.2,0.0,0.0,200.0,-0.0,0.0,1.0,5041176709390475.0,0.9015327406723439,0.0,350.0,7.812451674960721,1.616724489706491e+21,0.0,0.33333333333333337,9.941317843179381e-05,0.0,bohm,0.18,1.0,0.05555555555555556,0.0,0,0,0,0,51347747444816.55,0.8981573170649053,0.0,340.0,7.9983363507807,1.7038739519433804e+21,0.0,1.0,0.0009831837139433496,0.0,bohm,0.4814,1.0,0.06231823847112588,0.0,0,0,0,0,1.0,0.0,1.0,0,0,0.0,0.0,0.0,0.0,0.0,0.0,0.0,0.0,0.0,1.0,0.0,1.0,0,0,0.0,0.0,0.0,0.0,0.0,0.0,0.0,0.0,0.0,1.0,0.0,1.0,0,0,0.0,0.0,0.0,0.0,0.0,0.0,0.0,0.0,0.0,0.0,0.0,0.0
0.0025172413793103448,afterglow,0.0,0.0,0.0,1039677852220842.8,0.8985199966051356,0.0,13560000.0,0.0,0.65,0.0,0.0,50.0,0.0,0.0,1.0,0.0,2000000.0,0.0,0.2,0.0,0.0,200.0,-0.0,0.0,1.0,4032257078323818.0,0.8986188222029585,0.0,350.0,7.812421991918812,1.6167183470379946e+21,0.0,0.33333333333333337,0.00011097695823543812,0.0,bohm,0.18,1.0,0.05555555555555556,0.0,0,0,0,0,42151443519851.15,0.8953687386404806,0.0,340.0,7.9983306644306715,1.70387274058851e+21,0.0,1.0,0.0010834625528006352,0.0,bohm,0.4814,1.0,0.06231823847112588,0.0,0,0,0,0,1.0,0.0,1.0,0,0,0.0,0.0,0.0,0.0,0.0,0.0,0.0,0.0,0.0,1.0,0.0,1.0,0,0,0.0,0.0,0.0,0.0,0.0,0.0,0.0,0.0,0.0,1.0,0.0,1.0,0,0,0.0,0.0,0.0,0.0,0.0,0.0,0.0,0.0,0.0,0.0,0.0,0.0
0.0025310344827586206,afterglow,0.0,0.0,0.0,832551390919105.2,0.8958305371340349,0.0,13560000.0,0.0,0.65,0.0,0.0,50.0,0.0,0.0,1.0,0.0,2000000.0,0.0,0.2,0.0,0.0,200.0,-0.0,0.0,1.0,3226372030657017.0,0.8959279286737699,0.0,350.0,7.812393291173322,1.6167124076478986e+21,0.0,0.33333333333333337,0.00012387922608845863,0.0,bohm,0.18,1.0,0.05555555555555556,0.0,0,0,0,0,34611177673134.594,0.8928043342236065,0.0,340.0,7.998324985601232,1.7038715308357394e+21,0.0,1.0,0.0011939582057080077,0.0,bohm,0.4814,1.0,0.06231823847112588,0.0,0,0,0,0,1.0,0.0,1.0,0,0,0.0,0.0,0.0,0.0,0.0,0.0,0.0,0.0,0.0,1.0,0.0,1.0,0,0,0.0,0.0,0.0,0.0,0.0,0.0,0.0,0.0,0.0,1.0,0.0,1.0,0,0,0.0,0.0,0.0,0.0,0.0,0.0,0.0,0.0,0.0,0.0,0.0,0.0
0.0025448275862068963,afterglow,0.0,0.0,0.0,666913689624297.0,0.8933471724524109,0.0,13560000.0,0.0,0.65,0.0,0.0,50.0,0.0,0.0,1.0,0.0,2000000.0,0.0,0.2,0.0,0.0,200.0,-0.0,0.0,1.0,2582375237071154.0,0.8934429778462478,0.0,350.0,7.812365373852286,1.616706630381237e+21,0.0,0.33333333333333337,0.00013827476011295714,0.0,bohm,0.18,1.0,0.05555555555555556,0.0,0,0,0,0,28426507142011.27,0.890446060057718,0.0,340.0,7.9983193128817,1.7038703223845536e+21,0.0,1.0,0.001315713183926506,0.0,bohm,0.4814,1.0,0.06231823847112588,0.0,0,0,0,0,1.0,0.0,1.0,0,0,0.0,0.0,0.0,0.0,0.0,0.0,0.0,0.0,0.0,1.0,0.0,1.0,0,0,0.0,0.0,0.0,0.0,0.0,0.0,0.0,0.0,0.0,1.0,0.0,1.0,0,0,0.0,0.0,0.0,0.0,0.0,0.0,0.0,0.0,0.0,0.0,0.0,0.0
0.0025586206896551725,afterglow,0.0,0.0,0.0,534397334771468.4,0.891054109400458,0.0,13560000.0,0.0,0.65,0.0,0.0,50.0,0.0,0.0,1.0,0.0,2000000.0,0.0,0.2,0.0,0.0,200.0,-0.0,0.0,1.0,2067533203550769.8,0.8911481976485257,0.0,350.0,7.812338081748182,1.616700982498227e+21,0.0,0.33333333333333337,0.00015433623026412125,0.0,bohm,0.18,1.0,0.05555555555555556,0.0,0,0,0,0,23352045178367.85,0.8882773279600079,0.0,340.0,7.998313645119941,1.703869114989515e+21,0.0,1.0,0.0014498764498306704,0.0,bohm,0.4814,1.0,0.06231823847112588,0.0,0,0,0,0,1.0,0.0,1.0,0,0,0.0,0.0,0.0,0.0,0.0,0.0,0.0,0.0,0.0,1.0,0.0,1.0,0,0,0.0,0.0,0.0,0.0,0.0,0.0,0.0,0.0,0.0,1.0,0.0,1.0,0,0,0.0,0.0,0.0,0.0,0.0,0.0,0.0,0.0,0.0,0.0,0.0,0.0
0.0025724137931034483,afterglow,0.0,0.0,0.0,428336938569203.1,0.8889367660493108,0.0,13560000.0,0.0,0.65,0.0,0.0,50.0,0.0,0.0,1.0,0.0,2000000.0,0.0,0.2,0.0,0.0,200.0,-0.0,0.0,1.0,1655786040902022.0,0.8890290254330406,0.0,350.0,7.81231128891044,1.616695437934404e+21,0.0,0.33333333333333337,0.00017225626637470606,0.0,bohm,0.18,1.0,0.05555555555555556,0.0,0,0,0,0,19187237791596.79,0.8862828874420582,0.0,340.0,7.998307981374338,1.7038679084500323e+21,0.0,1.0,0.001597714295663228,0.0,bohm,0.4814,1.0,0.06231823847112588,0.0,0,0,0,0,1.0,0.0,1.0,0,0,0.0,0.0,0.0,0.0,0.0,0.0,0.0,0.0,0.0,1.0,0.0,1.0,0,0,0.0,0.0,0.0,0.0,0.0,0.0,0.0,0.0,0.0,1.0,0.0,1.0,0,0,0.0,0.0,0.0,0.0,0.0,0.0,0.0,0.0,0.0,0.0,0.0,0.0
0.002586206896551724,afterglow,0.0,0.0,0.0,343419231544944.0,0.8869816786047288,0.0,13560000.0,0.0,0.65,0.0,0.0,50.0,0.0,0.0,1.0,0.0,2000000.0,0.0,0.2,0.0,0.0,200.0,-0.0,0.0,1.0,1326372711863467.0,0.8870720150063486,0.0,350.0,7.812284895000008,1.6166899759254025e+21,0.0,0.33333333333333337,0.00019224976524645292,0.0,bohm,0.18,1.0,0.05555555555555556,0.0,0,0,0,0,15768071438769.65,0.8844487174356666,0.0,340.0,7.998302320874849,1.7038667026020646e+21,0.0,1.0,0.001760622334686423,0.0,bohm,0.4814,1.0,0.06231823847112588,0.0,0,0,0,0,1.0,0.0,1.0,0,0,0.0,0.0,0.0,0.0,0.0,0.0,0.0,0.0,0.0,1.0,0.0,1.0,0,0,0.0,0.0,0.0,0.0,0.0,0.0,0.0,0.0,0.0,1.0,0.0,1.0,0,0,0.0,0.0,0.0,0.0,0.0,0.0,0.0,0.0,0.0,0.0,0.0,0.0
0.0026,afterglow,0.0,0.0,0.0,275406033100939.0,0.8851764155013421,0.0,13560000.0,0.0,0.65,0.0,0.0,50.0,0.0,0.0,1.0,0.0,2000000.0,0.0,0.2,0.0,0.0,200.0,-0.0,0.0,1.0,1062743115121935.4,0.8852647508421941,0.0,350.0,7.812258820030619,1.6166845799187027e+21,0.0,0.33333333333333337,0.0002145564644133951,0.0,bohm,0.18,1.0,0.05555555555555556,0.0,0,0,0,0,12960339093940.252,0.8827619268414373,0.0,340.0,7.9982966629913905,1.703865497311386e+21,0.0,1.0,0.0019401387184858564,0.0,bohm,0.4814,1.0,0.06231823847112588,0.0,0,0,0,0,1.0,0.0,1.0,0,0,0.0,0.0,0.0,0.0,0.0,0.0,0.0,0.0,0.0,1.0,0.0,1.0,0,0,0.0,0.0,0.0,0.0,0.0,0.0,0.0,0.0,0.0,1.0,0.0,1.0,0,0,0.0,0.0,0.0,0.0,0.0,0.0,0.0,0.0,0.0,0.0,0.0,0.0
