time_s,step_id,self_bias_V,plasma_potential_V,total_absorbed_power_W,electron_density_m3,mean_electron_energy_eV,port_source_rf_absorbed_power_W,port_source_rf_frequency_Hz,port_source_rf_delivered_power_W,port_source_rf_coupling_efficiency,port_source_rf_plasma_resistance_Ohm,port_source_rf_coil_voltage_rms_V,port_source_rf_coil_current_rms_A,port_source_rf_E_over_H_mode_index,port_source_rf_downstream_fraction,port_source_rf_effective_field_Td,port_wafer_bias_absorbed_power_W,port_wafer_bias_frequency_Hz,port_wafer_bias_delivered_power_W,port_wafer_bias_rf_voltage_rms_V,port_wafer_bias_rf_current_rms_A,port_wafer_bias_bulk_resistance_Ohm,port_wafer_bias_sheath_reactance_Ohm,port_wafer_bias_self_bias_V,port_wafer_bias_plasma_potential_V,port_wafer_bias_sheath_voltage_powered_V,port_wafer_bias_sheath_voltage_ground_V,port_wafer_bias_pressure_Pa,port_wafer_bias_gas_temperature_K,ne_source_m3,mean_energy_source_eV,pabs_source_W,Tg_source_K,pressure_source_Pa,total_density_source_m3,electronegativity_source,residence_time_source_s,debye_length_source_m,EoverN_source_Td,ion_loss_family_source,ion_loss_area_source_m2,ion_loss_h_factor_source,ion_loss_characteristic_length_source_m,ambipolar_loss_rate_source_s,warning_high_electronegativity_source,warning_ion_ion_afterglow_source,warning_pressure_deviation_source,warning_debye_ratio_source,ne_process_m3,mean_energy_process_eV,pabs_process_W,Tg_process_K,pressure_process_Pa,total_density_process_m3,electronegativity_process,residence_time_process_s,debye_length_process_m,EoverN_process_Td,ion_loss_family_process,ion_loss_area_process_m2,ion_loss_h_factor_process,ion_loss_characteristic_length_process_m,ambipolar_loss_rate_process_s,warning_high_electronegativity_process,warning_ion_ion_afterglow_process,warning_pressure_deviation_process,warning_debye_ratio_process,ion_flux_wafer_m2_s,mean_ion_energy_wafer_eV,ied_width_wafer_eV,ied_collisionality_wafer,angle_spread_wafer_deg,sheath_voltage_wafer_V,sheath_thickness_wafer_m,ion_flux_wafer_Ar_plus_m2_s,mean_ion_energy_wafer_Ar_plus_eV,ied_width_wafer_Ar_plus_eV,charge_fraction_wafer_Ar_plus,site_fill_wafer,occupied_site_fraction_wafer,free_site_fraction_wafer,warning_site_overfill_wafer,warning_site_depletion_wafer,radical_incident_flux_wafer_m2_s,halogen_atom_flux_wafer_m2_s,carbon_atom_flux_wafer_m2_s,oxygen_atom_flux_wafer_m2_s,radical_to_ion_flux_ratio_wafer,halogen_to_C_radical_flux_ratio_wafer,F_to_C_radical_flux_ratio_wafer,etch_deposition_balance_wafer,net_total_flux_wafer_m2_s,site_fill_grounded_wall,occupied_site_fraction_grounded_wall,free_site_fraction_grounded_wall,warning_site_overfill_grounded_wall,warning_site_depletion_grounded_wall,radical_incident_flux_grounded_wall_m2_s,halogen_atom_flux_grounded_wall_m2_s,carbon_atom_flux_grounded_wall_m2_s,oxygen_atom_flux_grounded_wall_m2_s,radical_to_ion_flux_ratio_grounded_wall,halogen_to_C_radical_flux_ratio_grounded_wall,F_to_C_radical_flux_ratio_grounded_wall,etch_deposition_balance_grounded_wall,net_total_flux_grounded_wall_m2_s,site_fill_source_wall,occupied_site_fraction_source_wall,free_site_fraction_source_wall,warning_site_overfill_source_wall,warning_site_depletion_source_wall,radical_incident_flux_source_wall_m2_s,halogen_atom_flux_source_wall_m2_s,carbon_atom_flux_source_wall_m2_s,oxygen_atom_flux_source_wall_m2_s,radical_to_ion_flux_ratio_source_wall,halogen_to_C_radical_flux_ratio_source_wall,F_to_C_radical_flux_ratio_source_wall,etch_deposition_balance_source_wall,net_total_flux_source_wall_m2_s,film_wafer_m,film_grounded_wall_m,film_source_wall_m
0.0,ignition,0.0,6.710057103013591,90.00300542176797,1000000000000.0,3.0,90.00300542176797,13560000.0,500.0,0.18000601084353593,62.5,75.00125224861581,1.200020035977853,4.0165879057408976e-05,0.3,77.861554281284,0.0,2000000.0,0.0,0.0,0.0,1243.8741942316758,18210.190340684727,-0.0,9.0,0.0,0.0,16.000000004694208,340.0,1000000000000.0,3.0,63.00210379523757,350.0,16.000000004832273,3.3110722369039636e+21,0.0,0.33333333333333337,0.012875965235341126,77.861554281284,bohm,0.18,1.0,0.05555555555555556,0.0,0,0,0,1,1000000000000.0,3.0,27.00090162653039,340.0,16.000000004694208,3.4084567144305504e+21,0.0,1.0,0.012875965235341126,50.6100102828346,bohm,0.4814,1.0,0.06231823847112588,0.0,0,0,0,1,1642001652684139.0,0.0,0.0,41.07754727814589,33.0,0.0,0.040172186143398236,1642001652684139.0,0.0,0.0,1.0,1.0,0.0,1.0,0,0,0.0,0.0,0.0,0.0,0.0,0.0,0.0,0.0,0.0,1.0,0.0,1.0,0,0,0.0,0.0,0.0,0.0,0.0,0.0,0.0,0.0,0.0,1.0,0.0,1.0,0,0,0.0,0.0,0.0,0.0,0.0,0.0,0.0,0.0,0.0,0.0,0.0,0.0
1.4285714285714287e-05,ignition,0.0,10.301839343676928,279.04417598299625,9621667126592760.0,1.8564627437017611,279.04417598299625,13560000.0,500.0,0.5580883519659925,9.823920969612885,52.35750119980618,5.329593078136228,0.8142964800650584,0.3,68.69427063459268,0.0,2000000.0,0.0,0.0,0.0,19.968390426502527,246.78318927665407,-0.0,8.0,0.0,0.0,15.999991231785797,340.0,2.68457284864444e+16,1.8590257962398584,195.33092318809736,350.0,15.999605452078534,3.3109905873621824e+21,0.0,0.33333333333333337,6.186204597689971e-05,68.69427063459268,bohm,0.18,1.0,0.05555555555555556,0.0,0,0,0,0,3880313339975548.0,1.8505519656703933,83.71325279489888,340.0,15.999991231785797,3.4084548455506405e+21,0.0,1.0,0.00016234406349486906,44.65127591248525,bohm,0.4814,1.0,0.06231823847112588,0.0,0,0,0,0,5.004150952458997e+18,0.0,0.0,0.5230808047923593,15.513453989317702,0.0,0.0005115522316269725,5.004150952458997e+18,0.0,0.0,1.0,1.0,0.0,1.0,0,0,0.0,0.0,0.0,0.0,0.0,0.0,0.0,0.0,0.0,1.0,0.0,1.0,0,0,0.0,0.0,0.0,0.0,0.0,0.0,0.0,0.0,0.0,1.0,0.0,1.0,0,0,0.0,0.0,0.0,0.0,0.0,0.0,0.0,0.0,0.0,0.0,0.0,0.0
2.8571428571428574e-05,ignition,0.0,11.495094464441108,341.8470770758478,2.633603109743338e+16,1.7151399910034424,341.8470770758478,13560000.0,500.0,0.6836941541516955,6.93406115793661,48.68663614489913,7.0213739158001545,1.4612801050576367,0.3,67.73323475274626,0.0,2000000.0,0.0,0.0,0.0,12.024554320861043,144.89795612298207,-0.0,8.0,0.0,0.0,15.999974763667396,340.0,7.32418211108813e+16,1.717389629954893,239.29295395309342,350.0,15.999149852058789,3.3108963045761787e+21,0.0,0.33333333333333337,3.5997639141479435e-05,67.73323475274626,bohm,0.18,1.0,0.05555555555555556,0.0,0,0,0,0,1.0700767759617408e+16,1.710007410570974,102.55412312275433,340.0,15.999974763667396,3.408451337371345e+21,0.0,1.0,9.39746452641615e-05,44.02660258928507,bohm,0.4814,1.0,0.06231823847112588,0.0,0,0,0,0,1.3265599987236383e+19,0.0,0.0,0.303428017324793,11.691217864252181,0.0,0.00029674084336378005,1.3265599987236383e+19,0.0,0.0,1.0,1.0,0.0,1.0,0,0,0.0,0.0,0.0,0.0,0.0,0.0,0.0,0.0,0.0,1.0,0.0,1.0,0,0,0.0,0.0,0.0,0.0,0.0,0.0,0.0,0.0,0.0,1.0,0.0,1.0,0,0,0.0,0.0,0.0,0.0,0.0,0.0,0.0,0.0,0.0,0.0,0.0,0.0
4.285714285714286e-05,ignition,0.0,11.874542939611084,361.81804945321494,4.006885146575133e+16,1.6598029268793155,361.81804945321494,13560000.0,500.0,0.7236360989064299,6.101373136759605,46.98496490717646,7.700719797663422,1.6670187981312257,0.3,67.307506838949,0.0,2000000.0,0.0,0.0,0.0,9.708191680702877,115.73061499693833,-0.0,8.0,0.0,0.0,15.999950157133329,340.0,1.1102639805357656e+17,1.663182192205319,253.27263461725045,350.0,15.998631057456423,3.310788944175927e+21,0.0,0.33333333333333337,2.8772391164770773e-05,67.307506838949,bohm,0.18,1.0,0.05555555555555556,0.0,0,0,0,0,1.6416335936476242e+16,1.6521847499067905,108.54541483596448,340.0,15.999950157133329,3.408446095477205e+21,0.0,1.0,7.457793557760865e-05,43.74987944531685,bohm,0.4814,1.0,0.06231823847112588,0.0,0,0,0,0,2.0004076092486685e+19,0.0,0.0,0.241031685052519,10.46034970501961,0.0,0.00023572001072312004,2.0004076092486685e+19,0.0,0.0,1.0,1.0,0.0,1.0,0,0,0.0,0.0,0.0,0.0,0.0,0.0,0.0,0.0,0.0,1.0,0.0,1.0,0,0,0.0,0.0,0.0,0.0,0.0,0.0,0.0,0.0,0.0,1.0,0.0,1.0,0,0,0.0,0.0,0.0,0.0,0.0,0.0,0.0,0.0,0.0,0.0,0.0,0.0
5.714285714285715e-05,ignition,0.0,12.011682215678338,369.03590608833366,5.060818102500805e+16,1.6258880739510986,369.03590608833366,13560000.0,500.0,0.7380718121766673,5.709950070300322,45.903993267606076,8.039298540694892,1.741377778982267,0.3,66.9813773278963,0.0,2000000.0,0.0,0.0,0.0,8.605555237651206,101.93645098090522,-0.0,8.0,0.0,0.0,15.999919158619337,340.0,1.397545440926525e+17,1.6291134221385788,258.32513426183357,350.0,15.998064123891119,3.3106716218016966e+21,0.0,0.33333333333333337,2.538118298127487e-05,66.9813773278963,bohm,0.18,1.0,0.05555555555555556,0.0,0,0,0,0,2.0892726669126572e+16,1.6186964633231524,110.71077182650009,340.0,15.999919158619337,3.4084394919088855e+21,0.0,1.0,6.543412746858804e-05,43.5378952631326,bohm,0.4814,1.0,0.06231823847112588,0.0,0,0,0,0,2.5199434451814273e+19,0.0,0.0,0.2116038149199083,9.855409610473902,0.0,0.00020694105070881015,2.5199434451814273e+19,0.0,0.0,1.0,1.0,0.0,1.0,0,0,0.0,0.0,0.0,0.0,0.0,0.0,0.0,0.0,0.0,1.0,0.0,1.0,0,0,0.0,0.0,0.0,0.0,0.0,0.0,0.0,0.0,0.0,1.0,0.0,1.0,0,0,0.0,0.0,0.0,0.0,0.0,0.0,0.0,0.0,0.0,0.0,0.0,0.0
7.142857142857143e-05,ignition,0.0,12.06973071686011,372.09109036105855,5.8464836249522376e+16,1.6077763543312342,372.09109036105855,13560000.0,500.0,0.7441821807221171,5.490851953112532,45.20063152484476,8.23198875344334,1.7728539005978663,0.3,66.79804968034304,0.0,2000000.0,0.0,0.0,0.0,7.980602296935358,94.20882558630868,-0.0,8.0,0.0,0.0,15.999883262001982,340.0,1.6098027317824074e+17,1.6109649971361581,260.463763252741,350.0,15.997461425772144,3.310546898238674e+21,0.0,0.33333333333333337,2.3516673532512996e-05,66.79804968034304,bohm,0.18,1.0,0.05555555555555556,0.0,0,0,0,0,2.4293023939949576e+16,1.6007330622449503,111.62732710831756,340.0,15.999883262001982,3.4084318449047343e+21,0.0,1.0,6.03445199235671e-05,43.41873229222298,bohm,0.4814,1.0,0.06231823847112588,0.0,0,0,0,0,2.9137614843436995e+19,0.0,0.0,0.19520807402555876,9.511351930830749,0.0,0.0001909070240198342,2.9137614843436995e+19,0.0,0.0,1.0,1.0,0.0,1.0,0,0,0.0,0.0,0.0,0.0,0.0,0.0,0.0,0.0,0.0,1.0,0.0,1.0,0,0,0.0,0.0,0.0,0.0,0.0,0.0,0.0,0.0,0.0,1.0,0.0,1.0,0,0,0.0,0.0,0.0,0.0,0.0,0.0,0.0,0.0,0.0,0.0,0.0,0.0
8.571428571428573e-05,ignition,0.0,12.09784816167699,373.57095587773637,6.4240507595089464e+16,1.5970529276086736,373.57095587773637,13560000.0,500.0,0.7471419117554727,5.356824537775514,44.73426050630671,8.35089150127048,1.7881015012117456,0.3,66.68614091411982,0.0,2000000.0,0.0,0.0,0.0,7.592378891485379,89.44121415495074,-0.0,8.0,0.0,0.0,15.999843675392643,340.0,1.76439312645195e+17,1.6002613778406225,261.49966911441544,350.0,15.996832556841538,3.310416758835164e+21,0.0,0.33333333333333337,2.2388085216910625e-05,66.68614091411982,bohm,0.18,1.0,0.05555555555555556,0.0,0,0,0,0,2.684090591172095e+16,1.5900226537989492,112.07128676332091,340.0,15.999843675392643,3.4084234118269617e+21,0.0,1.0,5.721662532083674e-05,43.34599159417788,bohm,0.4814,1.0,0.06231823847112588,0.0,0,0,0,0,3.208571992280168e+19,0.0,0.0,0.1851258613210235,9.297246211794942,0.0,0.00018104740222771944,3.208571992280168e+19,0.0,0.0,1.0,1.0,0.0,1.0,0,0,0.0,0.0,0.0,0.0,0.0,0.0,0.0,0.0,0.0,1.0,0.0,1.0,0,0,0.0,0.0,0.0,0.0,0.0,0.0,0.0,0.0,0.0,1.0,0.0,1.0,0,0,0.0,0.0,0.0,0.0,0.0,0.0,0.0,0.0,0.0,0.0,0.0,0.0
0.0001,ignition,0.0,12.112984017088747,374.3675798467761,6.845884718672102e+16,1.5902833333530768,374.36757984677615,13560000.0,500.0,0.7487351596935523,5.270380581404794,44.41913577650918,8.428069869039605,1.7963105507684174,0.3,66.61430208398153,0.0,2000000.0,0.0,0.0,0.0,7.337524717539198,86.32500821594029,-0.0,8.0,0.0,0.0,15.999801332927877,340.0,1.8762194043821974e+17,1.5935381502856074,262.0573058927433,350.0,15.996184718660983,3.310282693896852e+21,0.0,0.33333333333333337,2.166499479638597e-05,66.61430208398153,bohm,0.18,1.0,0.05555555555555556,0.0,0,0,0,0,2.8737816102888124e+16,1.5832000408896292,112.31027395403284,340.0,15.999801332927877,3.4084143916733185e+21,0.0,1.0,5.517726675742648e-05,43.299296354587995,bohm,0.4814,1.0,0.06231823847112588,0.0,0,0,0,0,3.4279511161564393e+19,0.0,0.0,0.17854975163989997,9.156545536333692,0.0,0.00017461663119767472,3.4279511161564393e+19,0.0,0.0,1.0,1.0,0.0,1.0,0,0,0.0,0.0,0.0,0.0,0.0,0.0,0.0,0.0,0.0,1.0,0.0,1.0,0,0,0.0,0.0,0.0,0.0,0.0,0.0,0.0,0.0,0.0,1.0,0.0,1.0,0,0,0.0,0.0,0.0,0.0,0.0,0.0,0.0,0.0,0.0,0.0,0.0,0.0
0.0001142857142857143,ignition,0.0,12.121799663409663,374.83156123208755,7.152944645301705e+16,1.5858267225159826,374.83156123208755,13560000.0,500.0,0.7496631224641751,5.21272516838499,44.20287222726078,8.479801025258299,1.8010928300014837,0.3,66.56662944162247,0.0,2000000.0,0.0,0.0,0.0,7.164187584434041,84.21162489665664,-0.0,8.0,0.0,0.0,15.999756940841355,340.0,1.9568200906004243e+17,1.5891387343239374,262.38209286246126,350.0,15.995523198342648,3.3101457975493814e+21,0.0,0.33333333333333337,2.1184812546399105e-05,66.56662944162247,bohm,0.18,1.0,0.05555555555555556,0.0,0,0,0,0,3.014525891734193e+16,1.5786602984757678,112.44946836962626,340.0,15.999756940841355,3.408404934891735e+21,0.0,1.0,5.3796497652241415e-05,43.26830913705461,bohm,0.4814,1.0,0.06231823847112588,0.0,0,0,0,0,3.5906768727787573e+19,0.0,0.0,0.17409606697344068,9.0607816337631,0.0,0.00017026152535577047,3.5906768727787573e+19,0.0,0.0,1.0,1.0,0.0,1.0,0,0,0.0,0.0,0.0,0.0,0.0,0.0,0.0,0.0,0.0,1.0,0.0,1.0,0,0,0.0,0.0,0.0,0.0,0.0,0.0,0.0,0.0,0.0,1.0,0.0,1.0,0,0,0.0,0.0,0.0,0.0,0.0,0.0,0.0,0.0,0.0,0.0,0.0,0.0
0.00012857142857142858,ignition,0.0,12.127238827755221,375.11783303974846,7.376195673314973e+16,1.5825480307437014,375.11783303974846,13560000.0,500.0,0.7502356660794969,5.1734120524804315,44.05268571322499,8.515209162994005,1.804044414179917,0.3,66.53427137709353,0.0,2000000.0,0.0,0.0,0.0,7.0432396246182325,82.72677537587833,-0.0,8.0,0.0,0.0,15.99971102872118,340.0,2.0147941853137734e+17,1.5861801335281012,262.58248312782393,350.0,15.994851837591861,3.310006864802994e+21,0.0,0.33333333333333337,2.0858356059514473e-05,66.53427137709353,bohm,0.18,1.0,0.05555555555555556,0.0,0,0,0,0,3.1189469467073856e+16,1.5747270795321655,112.53534991192454,340.0,15.99971102872118,3.408395154299595e+21,0.0,1.0,5.282236261719542e-05,43.247276395110795,bohm,0.4814,1.0,0.06231823847112588,0.0,0,0,0,0,3.710424491187797e+19,0.0,0.0,0.17095580053700699,8.99302796324756,0.0,0.0001671909044166539,3.710424491187797e+19,0.0,0.0,1.0,1.0,0.0,1.0,0,0,0.0,0.0,0.0,0.0,0.0,0.0,0.0,0.0,0.0,1.0,0.0,1.0,0,0,0.0,0.0,0.0,0.0,0.0,0.0,0.0,0.0,0.0,1.0,0.0,1.0,0,0,0.0,0.0,0.0,0.0,0.0,0.0,0.0,0.0,0.0,0.0,0.0,0.0
0.00014285714285714287,ignition,0.0,12.130737773103073,375.3019880580564,7.539801725400349e+16,1.5796519278522838,375.30198805805645,13560000.0,500.0,0.750603976116113,5.146202910706997,43.947470727432,8.53978583627096,1.8059440354761693,0.3,66.51196372970335,0.0,2000000.0,0.0,0.0,0.0,6.955352438809002,81.61953480511666,-0.0,8.0,0.0,0.0,15.999664000546598,340.0,2.056440775149714e+17,1.5841531562235645,262.7113916406395,350.0,15.994173412668287,3.309866470182457e+21,0.0,0.33333333333333337,2.063287030659586e-05,66.51196372970335,bohm,0.18,1.0,0.05555555555555556,0.0,0,0,0,0,3.1982663833680856e+16,1.5700045038508523,112.59059641741693,340.0,15.999664000546598,3.4083851359560097e+21,0.0,1.0,5.208495587470355e-05,43.23277642430718,bohm,0.4814,1.0,0.06231823847112588,0.0,0,0,0,0,3.7990765537678836e+19,0.0,0.0,0.16858387860859053,8.941724826496484,0.0,0.00016487170305389104,3.7990765537678836e+19,0.0,0.0,1.0,1.0,0.0,1.0,0,0,0.0,0.0,0.0,0.0,0.0,0.0,0.0,0.0,0.0,1.0,0.0,1.0,0,0,0.0,0.0,0.0,0.0,0.0,0.0,0.0,0.0,0.0,1.0,0.0,1.0,0,0,0.0,0.0,0.0,0.0,0.0,0.0,0.0,0.0,0.0,0.0,0.0,0.0
0.00015714285714285716,ignition,0.0,12.13305729091649,375.4240679429731,7.660005390691178e+16,1.5775755645588856,375.4240679429731,13560000.0,500.0,0.7508481358859462,5.127176398566162,43.87328823567833,8.557007761220717,1.8072041881690548,0.3,66.49641785266893,0.0,2000000.0,0.0,0.0,0.0,6.890354264424913,80.80228717934266,-0.0,8.0,0.0,0.0,15.999616127142188,340.0,2.086334906060067e+17,1.5827465975290869,262.7968475600812,350.0,15.993489924130671,3.309725027687428e+21,0.0,0.33333333333333337,2.047542147626341e-05,66.49641785266893,bohm,0.18,1.0,0.05555555555555556,0.0,0,0,0,0,3.2588908340546804e+16,1.5665406172557714,112.62722038289193,340.0,15.999616127142188,3.4083749375543434e+21,0.0,1.0,5.1541267152985924e-05,43.222671604234804,bohm,0.4814,1.0,0.06231823847112588,0.0,0,0,0,0,3.866816874741596e+19,0.0,0.0,0.16683466069511382,8.903820148420476,0.0,0.0001631614906925165,3.866816874741596e+19,0.0,0.0,1.0,1.0,0.0,1.0,0,0,0.0,0.0,0.0,0.0,0.0,0.0,0.0,0.0,0.0,1.0,0.0,1.0,0,0,0.0,0.0,0.0,0.0,0.0,0.0,0.0,0.0,0.0,1.0,0.0,1.0,0,0,0.0,0.0,0.0,0.0,0.0,0.0,0.0,0.0,0.0,0.0,0.0,0.0
0.00017142857142857145,ignition,0.0,12.134628362743857,375.5067559338873,7.748351538813426e+16,1.5760715993045413,375.5067559338873,13560000.0,500.0,0.7510135118677745,5.113776244681248,43.820743127108564,8.569155361986315,1.8080585455743603,0.3,66.4855033373271,0.0,2000000.0,0.0,0.0,0.0,6.841918172819761,80.1941770394289,-0.0,8.0,0.0,0.0,15.999567605946813,340.0,2.107781939667667e+17,1.5817619822187718,262.8547291537211,350.0,15.992802810310605,3.309582834969145e+21,0.0,0.33333333333333337,2.0364647405842125e-05,66.4855033373271,bohm,0.18,1.0,0.05555555555555556,0.0,0,0,0,0,3.305195586192343e+16,1.5639754050717258,112.65202678016618,340.0,15.999567605946813,3.408364601154711e+21,0.0,1.0,5.1137035256074734e-05,43.215577169262616,bohm,0.4814,1.0,0.06231823847112588,0.0,0,0,0,0,3.918547235033755e+19,0.0,0.0,0.16553383994478507,8.875593298833145,0.0,0.000161889800843396,3.918547235033755e+19,0.0,0.0,1.0,1.0,0.0,1.0,0,0,0.0,0.0,0.0,0.0,0.0,0.0,0.0,0.0,0.0,1.0,0.0,1.0,0,0,0.0,0.0,0.0,0.0,0.0,0.0,0.0,0.0,0.0,1.0,0.0,1.0,0,0,0.0,0.0,0.0,0.0,0.0,0.0,0.0,0.0,0.0,0.0,0.0,0.0
0.00018571428571428574,ignition,0.0,12.135708888739746,375.5636257231445,7.813318318242778e+16,1.5749739955538165,375.5636257231445,13560000.0,500.0,0.751127251446289,5.104290930188571,43.783398777246404,8.577763175350368,1.8086469376897694,0.3,66.47780168536251,0.0,2000000.0,0.0,0.0,0.0,6.805621358681417,79.73897239488339,-0.0,8.0,0.0,0.0,15.999518588052677,340.0,2.123163772337213e+17,1.5810686273192072,262.8945380062012,350.0,15.992113104456259,3.3094401058500656e+21,0.0,0.33333333333333337,2.028629707550506e-05,66.47780168536251,bohm,0.18,1.0,0.05555555555555556,0.0,0,0,0,0,3.34054518319966e+16,1.562062029931069,112.66908771694335,340.0,15.999518588052677,3.408354158944064e+21,0.0,1.0,5.083462578301013e-05,43.21057109548563,bohm,0.4814,1.0,0.06231823847112588,0.0,0,0,0,0,3.958033363862569e+19,0.0,0.0,0.16456047364019136,8.854450343115875,0.0,0.00016093835515729147,3.958033363862569e+19,0.0,0.0,1.0,1.0,0.0,1.0,0,0,0.0,0.0,0.0,0.0,0.0,0.0,0.0,0.0,0.0,1.0,0.0,1.0,0,0,0.0,0.0,0.0,0.0,0.0,0.0,0.0,0.0,0.0,1.0,0.0,1.0,0,0,0.0,0.0,0.0,0.0,0.0,0.0,0.0,0.0,0.0,0.0,0.0,0.0
0.0002,production,0.0,23.404554897005355,1126.8094834901237,7.861124316232173e+16,1.5741684809319856,1126.8094834901237,13560000.0,1500.0,0.7512063223267491,5.0975525837191675,75.78898728657312,14.867720546646636,3.133378223853938,0.3,73.98441258177193,0.0,2000000.0,0.0,0.0,0.0,6.778308342302535,79.39671424247247,-0.0,8.0,0.0,0.0,15.999469188972325,340.0,2.1341935160189072e+17,1.5805784715365698,788.7666384430865,350.0,15.991421548162895,3.309296993797409e+21,0.0,0.33333333333333337,2.023067163815906e-05,73.98441258177193,bohm,0.18,1.0,0.05555555555555556,0.0,0,0,0,0,3.3675207015798748e+16,1.560627202745111,338.04284504703713,340.0,15.999469188972325,3.408343635529873e+21,0.0,1.0,5.0607352421615455e-05,48.08986817815176,bohm,0.4814,1.0,0.06231823847112588,0.0,0,0,0,0,3.988162293365349e+19,0.0,0.0,0.16382877566969223,8.838544581782227,0.0,0.00016022325718752714,3.988162293365349e+19,0.0,0.0,1.0,1.0,0.0,1.0,0,0,0.0,0.0,0.0,0.0,0.0,0.0,0.0,0.0,0.0,1.0,0.0,1.0,0,0,0.0,0.0,0.0,0.0,0.0,0.0,0.0,0.0,0.0,1.0,0.0,1.0,0,0,0.0,0.0,0.0,0.0,0.0,0.0,0.0,0.0,0.0,0.0,0.0,0.0
0.0002131578947368421,production,0.0,23.477947500357583,1131.3029081851582,1.2080078296639253e+17,1.6664717856440352,1131.3029081851582,13560000.0,1500.0,0.7542019387901056,4.585346959963271,72.02372075118323,15.707365523275506,3.160109096386139,0.3,75.10513254709085,0.0,2000000.0,0.0,0.0,0.0,5.524828560475791,65.88816076013238,-0.0,8.0,0.0,0.0,15.99941125814646,340.0,3.3113557857041946e+17,1.6720303236198095,791.9120357296107,350.0,15.990686052875185,3.309144788920735e+21,0.0,0.33333333333333337,1.670468613133646e-05,75.10513254709085,bohm,0.18,1.0,0.05555555555555556,0.0,0,0,0,0,5.068918443171689e+16,1.6543677591852077,339.3908724555475,340.0,15.99941125814646,3.408331294610352e+21,0.0,1.0,4.2469538838052997e-05,48.81833615560905,bohm,0.4814,1.0,0.06231823847112588,0.0,0,0,0,0,6.180794368747045e+19,0.0,0.0,0.13724936483858458,8.253598566421918,0.0,0.0001342292879564644,6.180794368747045e+19,0.0,0.0,1.0,1.0,0.0,1.0,0,0,0.0,0.0,0.0,0.0,0.0,0.0,0.0,0.0,0.0,1.0,0.0,1.0,0,0,0.0,0.0,0.0,0.0,0.0,0.0,0.0,0.0,0.0,1.0,0.0,1.0,0,0,0.0,0.0,0.0,0.0,0.0,0.0,0.0,0.0,0.0,0.0,0.0,0.0
0.00022631578947368422,production,0.0,23.482990506140435,1131.6116636412512,1.5199242897532966e+17,1.6289590628703707,1131.6116636412512,13560000.0,1500.0,0.7544077757608341,4.35786410995363,70.22399771721294,16.11431562466966,3.161951102010098,0.3,74.65493183761659,0.0,2000000.0,0.0,0.0,0.0,4.932553049804517,58.43962384119914,-0.0,8.0,0.0,0.0,15.99933612318973,340.0,4.1719068387138835e+17,1.6331830567023067,792.1281645488758,350.0,15.989815089158231,3.30896454993438e+21,0.0,0.33333333333333337,1.4708530995960166e-05,74.65493183761659,bohm,0.18,1.0,0.05555555555555556,0.0,0,0,0,0,6.359301067664345e+16,1.6197221417230958,339.4834990923753,340.0,15.99933612318973,3.408315288719872e+21,0.0,1.0,3.751757284931363e-05,48.525705694450785,bohm,0.4814,1.0,0.06231823847112588,0.0,0,0,0,0,7.672600898042033e+19,0.0,0.0,0.12131935291157625,7.8962536353733235,0.0,0.00011865036206508795,7.672600898042033e+19,0.0,0.0,1.0,1.0,0.0,1.0,0,0,0.0,0.0,0.0,0.0,0.0,0.0,0.0,0.0,0.0,1.0,0.0,1.0,0,0,0.0,0.0,0.0,0.0,0.0,0.0,0.0,0.0,0.0,1.0,0.0,1.0,0,0,0.0,0.0,0.0,0.0,0.0,0.0,0.0,0.0,0.0,0.0,0.0,0.0
0.00023947368421052632,production,0.0,23.48364563479079,1131.6517735586199,1.7500819310278384e+17,1.6098322843866846,1131.6517735586199,13560000.0,1500.0,0.7544345157057466,4.231830772448593,69.20230342294535,16.35280500191268,3.162195873065508,0.3,74.42442755660934,0.0,2000000.0,0.0,0.0,0.0,4.59424141692834,54.243555530263336,-0.0,8.0,0.0,0.0,15.999248110528344,340.0,4.801219790858453e+17,1.6135697676969245,792.1562414910338,350.0,15.988846393805847,3.3087640861664844e+21,0.0,0.33333333333333337,1.3628160773879463e-05,74.42442755660934,bohm,0.18,1.0,0.05555555555555556,0.0,0,0,0,0,7.33035977750967e+16,1.601672394385022,339.49553206758594,340.0,15.999248110528344,3.408296539510711e+21,0.0,1.0,3.474908456710953e-05,48.375877911796074,bohm,0.4814,1.0,0.06231823847112588,0.0,0,0,0,0,8.794782392494149e+19,0.0,0.0,0.1124031751481437,7.693996690612629,0.0,0.0001099309423785057,8.794782392494149e+19,0.0,0.0,1.0,1.0,0.0,1.0,0,0,0.0,0.0,0.0,0.0,0.0,0.0,0.0,0.0,0.0,1.0,0.0,1.0,0,0,0.0,0.0,0.0,0.0,0.0,0.0,0.0,0.0,0.0,1.0,0.0,1.0,0,0,0.0,0.0,0.0,0.0,0.0,0.0,0.0,0.0,0.0,0.0,0.0,0.0
0.0002526315789473684,production,0.0,23.483770318344824,1131.6594072456016,1.919911233669681e+17,1.5986584429250665,1131.6594072456016,13560000.0,1500.0,0.7544396048304011,4.154369839167686,68.56625780711317,16.504610918523852,3.1622479398576173,0.3,74.28998809714551,0.0,2000000.0,0.0,0.0,0.0,4.381093796828491,51.62031444218876,-0.0,8.0,0.0,0.0,15.999150406942693,340.0,5.2613511037929517e+17,1.6021985041714706,792.1615850719211,350.0,15.987806269894994,3.308548840828789e+21,0.0,0.33333333333333337,1.2972649575998588e-05,74.28998809714551,bohm,0.18,1.0,0.05555555555555556,0.0,0,0,0,0,8.060979436285907e+16,1.5909565231217804,339.4978221736805,340.0,15.999150406942693,3.408275725858059e+21,0.0,1.0,3.302588142239423e-05,48.28849226314458,bohm,0.4814,1.0,0.06231823847112588,0.0,0,0,0,0,9.638954530980015e+19,0.0,0.0,0.10684960222836634,7.567195202786598,0.0,0.0001045001547436582,9.638954530980015e+19,0.0,0.0,1.0,1.0,0.0,1.0,0,0,0.0,0.0,0.0,0.0,0.0,0.0,0.0,0.0,0.0,1.0,0.0,1.0,0,0,0.0,0.0,0.0,0.0,0.0,0.0,0.0,0.0,0.0,1.0,0.0,1.0,0,0,0.0,0.0,0.0,0.0,0.0,0.0,0.0,0.0,0.0,0.0,0.0,0.0
0.00026578947368421056,production,0.0,23.48379377799974,1131.6608435510045,2.0452470156759056e+17,1.5916032293496665,1131.6608435510045,13560000.0,1500.0,0.7544405623673364,4.103884978069342,68.14841110486911,16.605828737658552,3.162263482321228,0.3,74.2054224492893,0.0,2000000.0,0.0,0.0,0.0,4.238943585367992,49.87922614330769,-0.0,8.0,0.0,0.0,15.999045409469254,340.0,5.597782917176665e+17,1.595069141523062,792.1625904857032,350.0,15.986713940896294,3.308322792065035e+21,0.0,0.33333333333333337,1.2548762459291244e-05,74.2054224492893,bohm,0.18,1.0,0.05555555555555556,0.0,0,0,0,0,8.610683818423194e+16,1.584092628037082,339.49825306530136,340.0,15.999045409469254,3.408253358399107e+21,0.0,1.0,3.188530923830698e-05,48.233524592038044,bohm,0.4814,1.0,0.06231823847112588,0.0,0,0,0,0,1.0274031462655497e+20,0.0,0.0,0.1031720147889626,7.482877514084631,0.0,0.00010090409362194404,1.0274031462655497e+20,0.0,0.0,1.0,1.0,0.0,1.0,0,0,0.0,0.0,0.0,0.0,0.0,0.0,0.0,0.0,0.0,1.0,0.0,1.0,0,0,0.0,0.0,0.0,0.0,0.0,0.0,0.0,0.0,0.0,1.0,0.0,1.0,0,0,0.0,0.0,0.0,0.0,0.0,0.0,0.0,0.0,0.0,0.0,0.0,0.0
0.00027894736842105266,production,0.0,23.48379015012211,1131.6606214360477,2.1377642486568723e+17,1.586927476912703,1131.6606214360477,13560000.0,1500.0,0.7544404142906984,4.0697644317313655,67.86451315607768,16.675292709068827,3.1622694078266274,0.3,74.14966171874667,0.0,2000000.0,0.0,0.0,0.0,4.140667692360169,48.67931547156954,-0.0,8.0,0.0,0.0,15.99893492110237,340.0,5.843775498022061e+17,1.5903778764421845,792.1624350052333,350.0,15.985583457012687,3.3080888474525253e+21,0.0,0.33333333333333337,1.2263729685589054e-05,74.14966171874667,bohm,0.18,1.0,0.05555555555555556,0.0,0,0,0,0,9.024271655351429e+16,1.579479651389553,339.4981864308143,340.0,15.99893492110237,3.4082298212231157e+21,0.0,1.0,3.110069581085354e-05,48.197280117185336,bohm,0.4814,1.0,0.06231823847112588,0.0,0,0,0,0,1.0751823845966902e+20,0.0,0.0,0.10064125395540227,7.424691313573674,0.0,9.842964357304309e-05,1.0751823845966902e+20,0.0,0.0,1.0,1.0,0.0,1.0,0,0,0.0,0.0,0.0,0.0,0.0,0.0,0.0,0.0,0.0,1.0,0.0,1.0,0,0,0.0,0.0,0.0,0.0,0.0,0.0,0.0,0.0,0.0,1.0,0.0,1.0,0,0,0.0,0.0,0.0,0.0,0.0,0.0,0.0,0.0,0.0,0.0,0.0,0.0
0.00029210526315789475,production,0.0,23.48377715773642,1131.6598259838624,2.2060704494409795e+17,1.5837233859615054,1131.6598259838624,13560000.0,1500.0,0.7544398839892417,4.046149716394944,67.6673117831657,16.72387739607822,3.1622721046979603,0.3,74.1117432251185,0.0,2000000.0,0.0,0.0,0.0,4.071071455483173,47.83126005394241,-0.0,8.0,0.0,0.0,15.998820298157812,340.0,6.023645455029719e+17,1.5871922032739125,792.1618781887037,350.0,15.984425088745438,3.307849132389485e+21,0.0,0.33333333333333337,1.2067136569158072e-05,74.1117432251185,bohm,0.18,1.0,0.05555555555555556,0.0,0,0,0,0,9.335454475780664e+16,1.5762626080949258,339.4979477951587,340.0,15.998820298157812,3.40820540326406e+21,0.0,1.0,3.05468000420043e-05,48.172633096327026,bohm,0.4814,1.0,0.06231823847112588,0.0,0,0,0,0,1.1111244767773352e+20,0.0,0.0,0.09885415560992906,7.383523182619487,0.0,9.668250972125078e-05,1.1111244767773352e+20,0.0,0.0,1.0,1.0,0.0,1.0,0,0,0.0,0.0,0.0,0.0,0.0,0.0,0.0,0.0,0.0,1.0,0.0,1.0,0,0,0.0,0.0,0.0,0.0,0.0,0.0,0.0,0.0,0.0,1.0,0.0,1.0,0,0,0.0,0.0,0.0,0.0,0.0,0.0,0.0,0.0,0.0,0.0,0.0,0.0
0.00030526315789473684,production,0.0,23.483760225899054,1131.6587893407584,2.2568430689133216e+17,1.5806620094215025,1131.6587893407584,13560000.0,1500.0,0.754439192893839,4.02954132509522,67.52825969589186,16.758299331821874,3.1622735005272165,0.3,74.08541637581287,0.0,2000000.0,0.0,0.0,0.0,4.020032687008335,47.187032854001906,-0.0,8.0,0.0,0.0,15.998702589465477,340.0,6.155170133114399e+17,1.5849826721481657,792.1611525385308,350.0,15.983246344186103,3.307605200615508e+21,0.0,0.33333333333333337,1.1929202107866147e-05,74.08541637581287,bohm,0.18,1.0,0.05555555555555556,0.0,0,0,0,0,9.574007141796291e+16,1.571402767609604,339.49763680222753,340.0,15.998702589465477,3.408180327952646e+21,0.0,1.0,3.011730113511787e-05,48.15552064427837,bohm,0.4814,1.0,0.06231823847112588,0.0,0,0,0,0,1.1377594896930007e+20,0.0,0.0,0.09747250434960644,7.351649635838027,0.0,9.533191221345958e-05,1.1377594896930007e+20,0.0,0.0,1.0,1.0,0.0,1.0,0,0,0.0,0.0,0.0,0.0,0.0,0.0,0.0,0.0,0.0,1.0,0.0,1.0,0,0,0.0,0.0,0.0,0.0,0.0,0.0,0.0,0.0,0.0,1.0,0.0,1.0,0,0,0.0,0.0,0.0,0.0,0.0,0.0,0.0,0.0,0.0,0.0,0.0,0.0
0.00031842105263157894,production,0.0,23.483741369018126,1131.6576348378444,2.2947849323886986e+17,1.5784365684791213,1131.6576348378446,13560000.0,1500.0,0.7544384232252297,4.017729648840612,67.42918086277521,16.78290645619551,3.162274293787849,0.3,74.06687501341192,0.0,2000000.0,0.0,0.0,0.0,3.981685687268744,46.70397620959488,-0.0,8.0,0.0,0.0,15.998582534918274,340.0,6.251347710878482e+17,1.583427832554698,792.1603443864911,350.0,15.982052712849455,3.3073581881418407e+21,0.0,0.33333333333333337,1.1831273049650514e-05,74.06687501341192,bohm,0.18,1.0,0.05555555555555556,0.0,0,0,0,0,9.759306728921038e+16,1.5677793472509027,339.49729045135336,340.0,15.998582534918274,3.4081547529071844e+21,0.0,1.0,2.9795601261004003e-05,48.143468758717745,bohm,0.4814,1.0,0.06231823847112588,0.0,0,0,0,0,1.158442280510099e+20,0.0,0.0,0.0964372888311093,7.327742087019203,0.0,9.432013882668472e-05,1.158442280510099e+20,0.0,0.0,1.0,1.0,0.0,1.0,0,0,0.0,0.0,0.0,0.0,0.0,0.0,0.0,0.0,0.0,1.0,0.0,1.0,0,0,0.0,0.0,0.0,0.0,0.0,0.0,0.0,0.0,0.0,1.0,0.0,1.0,0,0,0.0,0.0,0.0,0.0,0.0,0.0,0.0,0.0,0.0,0.0,0.0,0.0
0.00033157894736842103,production,0.0,23.48372145914566,1131.6564158660608,2.3231633781818544e+17,1.576803204303459,1131.6564158660608,13560000.0,1500.0,0.7544376105773739,4.00926304699223,67.35806002271346,16.80060879847877,3.1622747763832653,0.3,74.05368750197005,0.0,2000000.0,0.0,0.0,0.0,3.952644977187021,46.33876842595436,-0.0,8.0,0.0,0.0,15.998460655207605,340.0,6.321681544241727e+17,1.5823227535868334,792.1594911062425,350.0,15.980848208239745,3.307108925531139e+21,0.0,0.33333333333333337,1.1761166480207327e-05,74.05368750197005,bohm,0.18,1.0,0.05555555555555556,0.0,0,0,0,0,9.903239894952304e+16,1.5650586192964777,339.4969247598182,340.0,15.998460655207605,3.4081287890498056e+21,0.0,1.0,2.955260864962349e-05,48.13489687628053,bohm,0.4814,1.0,0.06231823847112588,0.0,0,0,0,0,1.1745068833712293e+20,0.0,0.0,0.09565506830481604,7.3096624933765,0.0,9.35558036149263e-05,1.1745068833712293e+20,0.0,0.0,1.0,1.0,0.0,1.0,0,0,0.0,0.0,0.0,0.0,0.0,0.0,0.0,0.0,0.0,1.0,0.0,1.0,0,0,0.0,0.0,0.0,0.0,0.0,0.0,0.0,0.0,0.0,1.0,0.0,1.0,0,0,0.0,0.0,0.0,0.0,0.0,0.0,0.0,0.0,0.0,0.0,0.0,0.0
0.0003447368421052632,production,0.0,23.483700922972382,1131.6551585493296,2.344407796551054e+17,1.5755943556518055,1131.6551585493296,13560000.0,1500.0,0.7544367723662198,4.003160090228885,67.30673641327677,16.81340113715723,3.162275084931342,0.3,74.04424450926932,0.0,2000000.0,0.0,0.0,0.0,3.930520730588021,46.060896161303106,-0.0,8.0,0.0,0.0,15.998337354668175,340.0,6.373118873294587e+17,1.5815320148341552,792.1586109845307,350.0,15.979635764340333,3.3068580199478303e+21,0.0,0.33333333333333337,1.1710681039144851e-05,74.04424450926932,bohm,0.18,1.0,0.05555555555555556,0.0,0,0,0,0,1.0015041043032101e+17,1.562999497033443,339.49654756479885,340.0,15.998337354668175,3.4081025225153435e+21,0.0,1.0,2.936785454446094e-05,48.12875893102506,bohm,0.4814,1.0,0.06231823847112588,0.0,0,0,0,0,1.1869846838438206e+20,0.0,0.0,0.09506008912635745,7.295902115179359,0.0,9.297459852254145e-05,1.1869846838438206e+20,0.0,0.0,1.0,1.0,0.0,1.0,0,0,0.0,0.0,0.0,0.0,0.0,0.0,0.0,0.0,0.0,1.0,0.0,1.0,0,0,0.0,0.0,0.0,0.0,0.0,0.0,0.0,0.0,0.0,1.0,0.0,1.0,0,0,0.0,0.0,0.0,0.0,0.0,0.0,0.0,0.0,0.0,0.0,0.0,0.0
0.0003578947368421053,production,0.0,23.483679990577112,1131.653876974109,2.360326172281216e+17,1.574694144674599,1131.653876974109,13560000.0,1500.0,0.7544359179827392,3.9987430205273444,67.26955509145967,16.822675212219146,3.162275289491032,0.3,74.0374524210579,0.0,2000000.0,0.0,0.0,0.0,3.913589643093899,45.848455941493896,-0.0,8.0,0.0,0.0,15.99821294736773,340.0,6.410739722557921e+17,1.5809636963223326,792.1577138818762,350.0,15.978417526567894,3.3066059153687645e+21,0.0,0.33333333333333337,1.1674170836166411e-05,74.0374524210579,bohm,0.18,1.0,0.05555555555555556,0.0,0,0,0,0,1.010188322188981e+17,1.5614317780089253,339.4961630922327,340.0,15.99821294736773,3.4080760202091933e+21,0.0,1.0,2.9226681248998793e-05,48.12434407368764,bohm,0.4814,1.0,0.06231823847112588,0.0,0,0,0,0,1.1966766395255857e+20,0.0,0.0,0.09460524882484364,7.285377827565892,0.0,9.25304563472703e-05,1.1966766395255857e+20,0.0,0.0,1.0,1.0,0.0,1.0,0,0,0.0,0.0,0.0,0.0,0.0,0.0,0.0,0.0,0.0,1.0,0.0,1.0,0,0,0.0,0.0,0.0,0.0,0.0,0.0,0.0,0.0,0.0,1.0,0.0,1.0,0,0,0.0,0.0,0.0,0.0,0.0,0.0,0.0,0.0,0.0,0.0,0.0,0.0
0.0003710526315789474,production,0.0,23.48365879578363,1131.6525793336916,2.372264936659786e+17,1.57402070148379,1131.6525793336916,13560000.0,1500.0,0.7544350528891278,3.995536600408344,67.24254084784626,16.829414312203788,3.16227542875603,0.3,74.03255361055663,0.0,2000000.0,0.0,0.0,0.0,3.9005883319471835,45.68544684212586,-0.0,8.0,0.0,0.0,15.998087677248096,340.0,6.43825835402429e+17,1.5805541714547682,792.1568055335841,350.0,15.977195063550694,3.306352936409035e+21,0.0,0.33333333333333337,1.1647686170528141e-05,74.03255361055663,bohm,0.18,1.0,0.05555555555555556,0.0,0,0,0,0,1.0169337975382846e+17,1.5602327939119482,339.4957738001075,340.0,15.998087677248096,3.4080493340979275e+21,0.0,1.0,2.9118401392261874e-05,48.121159846861815,bohm,0.4814,1.0,0.06231823847112588,0.0,0,0,0,0,1.2042047743815403e+20,0.0,0.0,0.09425619426327664,7.277298332997908,0.0,9.218977878854093e-05,1.2042047743815403e+20,0.0,0.0,1.0,1.0,0.0,1.0,0,0,0.0,0.0,0.0,0.0,0.0,0.0,0.0,0.0,0.0,1.0,0.0,1.0,0,0,0.0,0.0,0.0,0.0,0.0,0.0,0.0,0.0,0.0,1.0,0.0,1.0,0,0,0.0,0.0,0.0,0.0,0.0,0.0,0.0,0.0,0.0,0.0,0.0,0.0
0.0003842105263157895,production,0.0,23.48363742110212,1131.6512706797216,2.381227599034536e+17,1.5735152193390585,1131.6512706797216,13560000.0,1500.0,0.7544341804531478,3.9932038328112087,67.22286955704836,16.834319601893093,3.1622755254301635,0.3,74.02901564453474,0.0,2000000.0,0.0,0.0,0.0,3.890578578561008,45.560019046437525,-0.0,8.0,0.0,0.0,15.997961733789007,340.0,6.458390491211866e+17,1.5802587531431789,792.1558894758051,350.0,15.975969522214884,3.3060993204158506e+21,0.0,0.33333333333333337,1.1628431002951752e-05,74.02901564453474,bohm,0.18,1.0,0.05555555555555556,0.0,0,0,0,0,1.0221733016420923e+17,1.5593126783649303,339.49538120391645,340.0,15.997961733789007,3.408022504546137e+21,0.0,1.0,2.9035112053896485e-05,48.118860168947585,bohm,0.4814,1.0,0.06231823847112588,0.0,0,0,0,0,1.2100521869354815e+20,0.0,0.0,0.09398751717866441,7.271077590468269,0.0,9.192771570931984e-05,1.2100521869354815e+20,0.0,0.0,1.0,1.0,0.0,1.0,0,0,0.0,0.0,0.0,0.0,0.0,0.0,0.0,0.0,0.0,1.0,0.0,1.0,0,0,0.0,0.0,0.0,0.0,0.0,0.0,0.0,0.0,0.0,1.0,0.0,1.0,0,0,0.0,0.0,0.0,0.0,0.0,0.0,0.0,0.0,0.0,0.0,0.0,0.0
0.0003973684210526316,production,0.0,23.48361591970391,1131.6499542675865,2.3879626921278365e+17,1.5731349166946762,1131.6499542675865,13560000.0,1500.0,0.7544333028450576,3.9915037762752092,67.20851929540436,16.837894453433787,3.1622755935054636,0.3,74.02646037756578,0.0,2000000.0,0.0,0.0,0.0,3.8828566281802095,45.46330322394414,-0.0,8.0,0.0,0.0,15.997835264170154,340.0,6.473121779970374e+17,1.5800457179654799,792.1549679873106,350.0,15.974741741159878,3.305845240930663e+21,0.0,0.33333333333333337,1.161440874161296e-05,74.02646037756578,bohm,0.18,1.0,0.05555555555555556,0.0,0,0,0,0,1.0262429961803235e+17,1.5586047458385897,339.49498628027595,340.0,15.997835264170154,3.407995562907298e+21,0.0,1.0,2.8970905007729207e-05,48.11719924541776,bohm,0.4814,1.0,0.06231823847112588,0.0,0,0,0,0,1.2145940964389885e+20,0.0,0.0,0.09378021921981854,7.266276944869459,0.0,9.172568595308105e-05,1.2145940964389885e+20,0.0,0.0,1.0,1.0,0.0,1.0,0,0,0.0,0.0,0.0,0.0,0.0,0.0,0.0,0.0,0.0,1.0,0.0,1.0,0,0,0.0,0.0,0.0,0.0,0.0,0.0,0.0,0.0,0.0,1.0,0.0,1.0,0,0,0.0,0.0,0.0,0.0,0.0,0.0,0.0,0.0,0.0,0.0,0.0,0.0
0.0004105263157894737,production,0.0,23.48359432700841,1131.6486322658213,2.3930290184113875e+17,1.5728483626212753,1131.6486322658213,13560000.0,1500.0,0.7544324215105476,3.9902631262551758,67.19803426594717,16.84050202699587,3.162275641951962,0.3,74.02461714808497,0.0,2000000.0,0.0,0.0,0.0,3.8768904713238412,45.38860581077326,-0.0,8.0,0.0,0.0,15.997708382715938,340.0,6.483904065855028e+17,1.5798923670527774,792.1540425860749,350.0,15.973512333549248,3.3055908248427776e+21,0.0,0.33333333333333337,1.1604184581146514e-05,74.02461714808497,bohm,0.18,1.0,0.05555555555555556,0.0,0,0,0,0,1.0294040025968402e+17,1.5580590123894584,339.4945896797464,340.0,15.997708382715938,3.4079685335357713e+21,0.0,1.0,2.8921325490812115e-05,48.116001146255236,bohm,0.4814,1.0,0.06231823847112588,0.0,0,0,0,0,1.2181219428831309e+20,0.0,0.0,0.09361997393462816,7.262565340219695,0.0,9.15696775692716e-05,1.2181219428831309e+20,0.0,0.0,1.0,1.0,0.0,1.0,0,0,0.0,0.0,0.0,0.0,0.0,0.0,0.0,0.0,0.0,1.0,0.0,1.0,0,0,0.0,0.0,0.0,0.0,0.0,0.0,0.0,0.0,0.0,1.0,0.0,1.0,0,0,0.0,0.0,0.0,0.0,0.0,0.0,0.0,0.0,0.0,0.0,0.0,0.0
0.0004236842105263158,production,0.0,23.483572667198594,1131.647306155016,2.396844091087206e+17,1.5726322881295356,1131.647306155016,13560000.0,1500.0,0.7544315374366772,3.98935667792645,67.19036194177697,16.842405271393417,3.1622756767029676,0.3,74.0232911176948,0.0,2000000.0,0.0,0.0,0.0,3.872275488872181,45.33084270261443,-0.0,8.0,0.0,0.0,15.99758117823072,340.0,6.491798900735018e+17,1.579782364354662,792.1531143085111,350.0,15.972281747715755,3.305336164931079e+21,0.0,0.33333333333333337,1.1596722626847687e-05,74.0232911176948,bohm,0.18,1.0,0.05555555555555556,0.0,0,0,0,0,1.0318591545379352e+17,1.5576377168341828,339.49419184650475,340.0,15.99758117823072,3.4079414353494194e+21,0.0,1.0,2.8882992312692783e-05,48.11513922650162,bohm,0.4814,1.0,0.06231823847112588,0.0,0,0,0,0,1.2208620987748255e+20,0.0,0.0,0.09349590640046568,7.259691317716367,0.0,9.144905428896595e-05,1.2208620987748255e+20,0.0,0.0,1.0,1.0,0.0,1.0,0,0,0.0,0.0,0.0,0.0,0.0,0.0,0.0,0.0,0.0,1.0,0.0,1.0,0,0,0.0,0.0,0.0,0.0,0.0,0.0,0.0,0.0,0.0,1.0,0.0,1.0,0,0,0.0,0.0,0.0,0.0,0.0,0.0,0.0,0.0,0.0,0.0,0.0,0.0
0.0004368421052631579,production,0.0,23.483550957089307,1131.6459769646515,2.3997201240193514e+17,1.5724693633194986,1131.6459769646515,13560000.0,1500.0,0.7544306513097676,3.988693684344879,67.18473905012355,16.84379507852789,3.1622757017803975,0.3,74.02234144074642,0.0,2000000.0,0.0,0.0,0.0,3.8687024963585075,45.286132915796955,-0.0,8.0,0.0,0.0,15.997453719695951,340.0,6.49758246716343e+17,1.5797039028833195,792.152183875256,350.0,15.971050311472688,3.30508132903391e+21,0.0,0.33333333333333337,1.1591272438705677e-05,74.02234144074642,bohm,0.18,1.0,0.05555555555555556,0.0,0,0,0,0,1.0337660096379917e+17,1.5573121559212977,339.4937930893954,340.0,15.997453719695951,3.407914283043262e+21,0.0,1.0,2.8853325867281164e-05,48.114521936485176,bohm,0.4814,1.0,0.06231823847112588,0.0,0,0,0,0,1.2229903992608671e+20,0.0,0.0,0.09339971921066145,7.257462922102199,0.0,9.13557007340138e-05,1.2229903992608671e+20,0.0,0.0,1.0,1.0,0.0,1.0,0,0,0.0,0.0,0.0,0.0,0.0,0.0,0.0,0.0,0.0,1.0,0.0,1.0,0,0,0.0,0.0,0.0,0.0,0.0,0.0,0.0,0.0,0.0,1.0,0.0,1.0,0,0,0.0,0.0,0.0,0.0,0.0,0.0,0.0,0.0,0.0,0.0,0.0,0.0
0.00045,production,0.0,23.483529208530225,1131.644645420218,2.4018907908244128e+17,1.5723466203741656,1131.644645420218,13560000.0,1500.0,0.7544297636134787,3.988208217871551,67.18061085294813,16.844810296489847,3.1622757199625666,0.3,74.02166598845956,0.0,2000000.0,0.0,0.0,0.0,3.8659343682550085,45.25150234091942,-0.0,8.0,0.0,0.0,15.997326060695336,340.0,6.501822294490264e+17,1.5796484223628275,792.1512517941526,350.0,15.969818264512504,3.304826366753711e+21,0.0,0.33333333333333337,1.1587289014806829e-05,74.02166598845956,bohm,0.18,1.0,0.05555555555555556,0.0,0,0,0,0,1.0352469562691296e+17,1.5570604065639104,339.49339362606537,340.0,15.997326060695336,3.4078870880321573e+21,0.0,1.0,2.8830350192834095e-05,48.114082892498715,bohm,0.4814,1.0,0.06231823847112588,0.0,0,0,0,0,1.2246434262122942e+20,0.0,0.0,0.09332505624551536,7.255733051248314,0.0,9.128340017803111e-05,1.2246434262122942e+20,0.0,0.0,1.0,1.0,0.0,1.0,0,0,0.0,0.0,0.0,0.0,0.0,0.0,0.0,0.0,0.0,1.0,0.0,1.0,0,0,0.0,0.0,0.0,0.0,0.0,0.0,0.0,0.0,0.0,1.0,0.0,1.0,0,0,0.0,0.0,0.0,0.0,0.0,0.0,0.0,0.0,0.0,0.0,0.0,0.0
0.0004631578947368421,production,0.0,23.483507429954663,1131.6433120380407,2.403531135619424e+17,1.572254318897305,1131.6433120380407,13560000.0,1500.0,0.7544288746920271,3.9878522993274714,67.17757351921439,16.845552060828208,3.1622757331966214,0.3,74.02119053893747,0.0,2000000.0,0.0,0.0,0.0,3.8637887257483396,45.22466493597035,-0.0,8.0,0.0,0.0,15.99719824285197,340.0,6.504933350491578e+17,1.5796097022135933,792.1503184266285,350.0,15.96858578209557,3.3045713143592135e+21,0.0,0.33333333333333337,1.1584375829134244e-05,74.02119053893747,bohm,0.18,1.0,0.05555555555555556,0.0,0,0,0,0,1.0363970639953723e+17,1.556865661434524,339.4929936114122,340.0,15.99719824285197,3.407859859183013e+21,0.0,1.0,2.8812546988737187e-05,48.11377385030936,bohm,0.4814,1.0,0.06231823847112588,0.0,0,0,0,0,1.225927272003586e+20,0.0,0.0,0.09326703334734177,7.254388634863748,0.0,9.122737553895115e-05,1.225927272003586e+20,0.0,0.0,1.0,1.0,0.0,1.0,0,0,0.0,0.0,0.0,0.0,0.0,0.0,0.0,0.0,0.0,1.0,0.0,1.0,0,0,0.0,0.0,0.0,0.0,0.0,0.0,0.0,0.0,0.0,1.0,0.0,1.0,0,0,0.0,0.0,0.0,0.0,0.0,0.0,0.0,0.0,0.0,0.0,0.0,0.0
0.0004763157894736843,production,0.0,23.483485627408008,1131.6419771882454,2.404772399569681e+17,1.5721851203041446,1131.6419771882454,13560000.0,1500.0,0.7544279847921636,3.987590967466379,67.17533272445802,16.846094113594514,3.162275742862167,0.3,74.0208610623632,0.0,2000000.0,0.0,0.0,0.0,3.862124986546032,45.20385940876566,-0.0,8.0,0.0,0.0,15.997070298498198,340.0,6.507219053611045e+17,1.579583214474788,792.1493840317718,350.0,15.967352992370643,3.3043161983697814e+21,0.0,0.33333333333333337,1.158224399682456e-05,74.0208610623632,bohm,0.18,1.0,0.05555555555555556,0.0,0,0,0,0,1.0372901815558926e+17,1.5567149975414512,339.4925931564736,340.0,15.997070298498198,3.40783260338354e+21,0.0,1.0,2.8798746783290928e-05,48.11355969053608,bohm,0.4814,1.0,0.06231823847112588,0.0,0,0,0,0,1.2269243462489037e+20,0.0,0.0,0.09322188837428982,7.25334255717442,0.0,9.118394712397988e-05,1.2269243462489037e+20,0.0,0.0,1.0,1.0,0.0,1.0,0,0,0.0,0.0,0.0,0.0,0.0,0.0,0.0,0.0,0.0,1.0,0.0,1.0,0,0,0.0,0.0,0.0,0.0,0.0,0.0,0.0,0.0,0.0,1.0,0.0,1.0,0,0,0.0,0.0,0.0,0.0,0.0,0.0,0.0,0.0,0.0,0.0,0.0,0.0
0.0004894736842105264,production,0.0,23.483463805246757,1131.6406411375565,2.4057130701755648e+17,1.5721334817015256,1131.6406411375565,13560000.0,1500.0,0.7544270940917044,3.987398723312079,67.17367376971394,16.846490263686757,3.162275749944723,0.3,74.02063818010664,0.0,2000000.0,0.0,0.0,0.0,3.860834599873559,45.18772628430741,-0.0,8.0,0.0,0.0,15.996942252749449,340.0,6.50890125979766e+17,1.5795656591890999,792.1484487962895,350.0,15.966119989039163,3.304061038176179e+21,0.0,0.33333333333333337,1.158068284818811e-05,74.02063818010664,bohm,0.18,1.0,0.05555555555555556,0.0,0,0,0,0,1.037983673634867e+17,1.5565984559136563,339.49219234126696,340.0,15.996942252749449,3.4078053259840434e+21,0.0,1.0,2.878804709176452e-05,48.11341481706932,bohm,0.4814,1.0,0.06231823847112588,0.0,0,0,0,0,1.2276986627078947e+20,0.0,0.0,0.09318671800519807,7.252527576775437,0.0,9.115027521736865e-05,1.2276986627078947e+20,0.0,0.0,1.0,1.0,0.0,1.0,0,0,0.0,0.0,0.0,0.0,0.0,0.0,0.0,0.0,0.0,1.0,0.0,1.0,0,0,0.0,0.0,0.0,0.0,0.0,0.0,0.0,0.0,0.0,1.0,0.0,1.0,0,0,0.0,0.0,0.0,0.0,0.0,0.0,0.0,0.0,0.0,0.0,0.0,0.0
0.0005026315789473685,production,0.0,23.483441966622415,1131.6393040789235,2.406427122223489e+17,1.572095207735757,1131.6393040789235,13560000.0,1500.0,0.7544262027192823,3.9872569565936526,67.17243994037649,16.84677979664558,3.1622757551526015,0.3,74.02049316632878,0.0,2000000.0,0.0,0.0,0.0,3.8598336361974837,45.17521474618239,-0.0,8.0,0.0,0.0,15.996814125115165,340.0,6.510142187999817e+17,1.5795546291963463,792.1475128552464,350.0,15.964886840615101,3.3038058479568253e+21,0.0,0.33333333333333337,1.157953864217288e-05,74.02049316632878,bohm,0.18,1.0,0.05555555555555556,0.0,0,0,0,0,1.0385221002980466e+17,1.5565083481864301,339.491791223677,340.0,15.996814125115165,3.4077780311405903e+21,0.0,1.0,2.877975044379529e-05,48.113320558113706,bohm,0.4814,1.0,0.06231823847112588,0.0,0,0,0,0,1.2282999458165796e+20,0.0,0.0,0.09315927842118803,7.251891718984672,0.0,9.112416514014897e-05,1.2282999458165796e+20,0.0,0.0,1.0,1.0,0.0,1.0,0,0,0.0,0.0,0.0,0.0,0.0,0.0,0.0,0.0,0.0,1.0,0.0,1.0,0,0,0.0,0.0,0.0,0.0,0.0,0.0,0.0,0.0,0.0,1.0,0.0,1.0,0,0,0.0,0.0,0.0,0.0,0.0,0.0,0.0,0.0,0.0,0.0,0.0,0.0
0.0005157894736842106,production,0.0,23.48342011382108,1131.637966152311,2.406970169240049e+17,1.5720671173551732,1131.637966152311,13560000.0,1500.0,0.7544253107682073,3.987152077977444,67.17151679292611,16.846991406206932,3.1622757589971915,0.3,74.0204050525485,0.0,2000000.0,0.0,0.0,0.0,3.8590571353846013,45.16551166272784,-0.0,8.0,0.0,0.0,15.996685930750154,340.0,6.511060451558483e+17,1.579548367430097,792.1465763066177,350.0,15.963653597195567,3.3035506380789173e+21,0.0,0.33333333333333337,1.1578699123916204e-05,74.0204050525485,bohm,0.18,1.0,0.05555555555555556,0.0,0,0,0,0,1.0389400751339046e+17,1.5564387307404852,339.4913898456933,340.0,15.996685930750154,3.407750722081587e+21,0.0,1.0,2.8773317197571588e-05,48.113263284156524,bohm,0.4814,1.0,0.06231823847112588,0.0,0,0,0,0,1.228766820446452e+20,0.0,0.0,0.09313783353256365,7.251394765406049,0.0,9.110391880979626e-05,1.228766820446452e+20,0.0,0.0,1.0,1.0,0.0,1.0,0,0,0.0,0.0,0.0,0.0,0.0,0.0,0.0,0.0,0.0,1.0,0.0,1.0,0,0,0.0,0.0,0.0,0.0,0.0,0.0,0.0,0.0,0.0,1.0,0.0,1.0,0,0,0.0,0.0,0.0,0.0,0.0,0.0,0.0,0.0,0.0,0.0,0.0,0.0
0.0005289473684210527,production,0.0,23.483398248504365,1131.6366274594511,2.407384059059307e+17,1.5720467948928394,1131.6366274594511,13560000.0,1500.0,0.7544244183063007,3.9870741608411078,67.17082072451514,16.847146056180925,3.1622757618489414,0.3,74.02035852549764,0.0,2000000.0,0.0,0.0,0.0,3.858454778829689,45.157987286505296,-0.0,8.0,0.0,0.0,15.996557681426568,340.0,6.511742779971118e+17,1.5795455907290707,792.1456392216157,350.0,15.962420295411395,3.3032954161229133e+21,0.0,0.33333333333333337,1.1578082298463093e-05,74.02035852549764,bohm,0.18,1.0,0.05555555555555556,0.0,0,0,0,0,1.0392644854220363e+17,1.5563850038441356,339.4909882378353,340.0,15.996557681426568,3.4077234013148393e+21,0.0,1.0,2.8768329456305844e-05,48.113233041573466,bohm,0.4814,1.0,0.06231823847112588,0.0,0,0,0,0,1.2291292895837707e+20,0.0,0.0,0.0931210389088699,7.251005568142667,0.0,9.108822121824794e-05,1.2291292895837707e+20,0.0,0.0,1.0,1.0,0.0,1.0,0,0,0.0,0.0,0.0,0.0,0.0,0.0,0.0,0.0,0.0,1.0,0.0,1.0,0,0,0.0,0.0,0.0,0.0,0.0,0.0,0.0,0.0,0.0,1.0,0.0,1.0,0,0,0.0,0.0,0.0,0.0,0.0,0.0,0.0,0.0,0.0,0.0,0.0,0.0
0.0005421052631578948,production,0.0,23.483376371881665,1131.6352880743875,2.407700309962967e+17,1.5720324034473363,1131.6352880743875,13560000.0,1500.0,0.754423525382925,3.9870159521340356,67.17029064661234,16.847259066184495,3.1622757639768673,0.3,74.02034239800209,0.0,2000000.0,0.0,0.0,0.0,3.8579875649926567,45.152153571841424,-0.0,8.0,0.0,0.0,15.996429386288984,340.0,6.512252589628723e+17,1.5795453616861297,792.1447016520713,350.0,15.96118696204693,3.30304018763162e+21,0.0,0.33333333333333337,1.1577628256906581e-05,74.02034239800209,bohm,0.18,1.0,0.05555555555555556,0.0,0,0,0,0,1.0395162167410482e+17,1.5563436048317199,339.49058642231626,340.0,15.996429386288984,3.407696070788402e+21,0.0,1.0,2.876446338006128e-05,48.11322255870136,bohm,0.4814,1.0,0.06231823847112588,0.0,0,0,0,0,1.22941065891836e+20,0.0,0.0,0.09310785271001604,7.250699988104646,0.0,9.107605331762533e-05,1.22941065891836e+20,0.0,0.0,1.0,1.0,0.0,1.0,0,0,0.0,0.0,0.0,0.0,0.0,0.0,0.0,0.0,0.0,1.0,0.0,1.0,0,0,0.0,0.0,0.0,0.0,0.0,0.0,0.0,0.0,0.0,1.0,0.0,1.0,0,0,0.0,0.0,0.0,0.0,0.0,0.0,0.0,0.0,0.0,0.0,0.0,0.0
0.0005552631578947368,production,0.0,23.483354484833992,1131.6339480510608,2.4079426821146704e+17,1.5720225445482223,1131.6339480510608,13560000.0,1500.0,0.7544226320340406,3.986972151257201,67.16988191367332,16.847341633046728,3.16227576557668,0.3,74.02034849513095,0.0,2000000.0,0.0,0.0,0.0,3.857625249427188,45.1476320948906,-0.0,8.0,0.0,0.0,15.99630105244091,340.0,6.51263625057955e+17,1.57954699530508,792.1437636357425,350.0,15.959953616686773,3.302784956657914e+21,0.0,0.33333333333333337,1.1577293218275028e-05,74.02034849513095,bohm,0.18,1.0,0.05555555555555556,0.0,0,0,0,0,1.0397114926263773e+17,1.5563117725015705,339.4901844153182,340.0,15.99630105244091,3.407668732015525e+21,0.0,1.0,2.8761467882506787e-05,48.11322652183512,bohm,0.4814,1.0,0.06231823847112588,0.0,0,0,0,0,1.2296290318137696e+20,0.0,0.0,0.09309746715432478,7.250459308269475,0.0,9.106662499170479e-05,1.2296290318137696e+20,0.0,0.0,1.0,1.0,0.0,1.0,0,0,0.0,0.0,0.0,0.0,0.0,0.0,0.0,0.0,0.0,1.0,0.0,1.0,0,0,0.0,0.0,0.0,0.0,0.0,0.0,0.0,0.0,0.0,1.0,0.0,1.0,0,0,0.0,0.0,0.0,0.0,0.0,0.0,0.0,0.0,0.0,0.0,0.0,0.0
0.0005684210526315789,production,0.0,23.483332588003528,1131.6326074287874,2.4081291035768e+17,1.5720161523626486,1131.6326074287874,13560000.0,1500.0,0.7544217382858582,3.986938883924039,67.16956189282598,16.847401941289885,3.1622757667909513,0.3,74.02037084200062,0.0,2000000.0,0.0,0.0,0.0,3.8573443696990903,45.144129313571334,-0.0,8.0,0.0,0.0,15.996172685400374,340.0,6.512927668694848e+17,1.5795499909396509,792.1428252001512,350.0,15.958720273651073,3.3025297261652355e+21,0.0,0.33333333333333337,1.1577045182907584e-05,74.02037084200062,bohm,0.18,1.0,0.05555555555555556,0.0,0,0,0,0,1.039862915204117e+17,1.5562873657433705,339.4897822286362,340.0,15.996172685400374,3.4076413861717066e+21,0.0,1.0,2.8759148205656146e-05,48.113241047300406,bohm,0.4814,1.0,0.06231823847112588,0.0,0,0,0,0,1.2297984705678074e+20,0.0,0.0,0.093089255677522,7.250269009985827,0.0,9.105932337371779e-05,1.2297984705678074e+20,0.0,0.0,1.0,1.0,0.0,1.0,0,0,0.0,0.0,0.0,0.0,0.0,0.0,0.0,0.0,0.0,1.0,0.0,1.0,0,0,0.0,0.0,0.0,0.0,0.0,0.0,0.0,0.0,0.0,1.0,0.0,1.0,0,0,0.0,0.0,0.0,0.0,0.0,0.0,0.0,0.0,0.0,0.0,0.0,0.0
0.000581578947368421,production,0.0,23.483310681858406,1131.6312662362288,2.408273114182299e+17,1.5720124137734628,1131.6312662362288,13560000.0,1500.0,0.7544208441574859,3.986913318060184,67.16930672926833,16.847445974057262,3.162275767723642,0.3,74.02040507109068,0.0,2000000.0,0.0,0.0,0.0,3.8571267192683916,45.14141745754339,-0.0,8.0,0.0,0.0,15.996044289453833,340.0,6.51315163609298e+17,1.579553982628811,792.1418863653602,350.0,15.957486943410608,3.3022744983204287e+21,0.0,0.33333333333333337,1.1576860759523968e-05,74.02040507109068,bohm,0.18,1.0,0.05555555555555556,0.0,0,0,0,0,1.0399802735454046e+17,1.5562687236354873,339.4893798708686,340.0,15.996044289453833,3.407614034170084e+21,0.0,1.0,2.8757353234767966e-05,48.11326329620894,bohm,0.4814,1.0,0.06231823847112588,0.0,0,0,0,0,1.2299298984574835e+20,0.0,0.0,0.09308273212326476,7.250117827751518,0.0,9.105367293153047e-05,1.2299298984574835e+20,0.0,0.0,1.0,1.0,0.0,1.0,0,0,0.0,0.0,0.0,0.0,0.0,0.0,0.0,0.0,0.0,1.0,0.0,1.0,0,0,0.0,0.0,0.0,0.0,0.0,0.0,0.0,0.0,0.0,1.0,0.0,1.0,0,0,0.0,0.0,0.0,0.0,0.0,0.0,0.0,0.0,0.0,0.0,0.0,0.0
0.0005947368421052632,production,0.0,23.483288766739886,1131.6299244942788,2.40838494892233e+17,1.572010707893499,1131.6299244942788,13560000.0,1500.0,0.7544199496628525,3.986893383278449,67.1690989837301,16.847478105495888,3.162275768450615,0.3,74.02044798950598,0.0,2000000.0,0.0,0.0,0.0,3.8569581668978925,45.13931974864762,-0.0,8.0,0.0,0.0,15.995915867931089,340.0,6.513326280930464e+17,1.5795587028357185,792.1409471459951,350.0,15.956253633621458,3.3020192747078586e+21,0.0,0.33333333333333337,1.1576722848031957e-05,74.02044798950598,bohm,0.18,1.0,0.05555555555555556,0.0,0,0,0,0,1.0400711715862856e+17,1.5562545573631126,339.48897734828364,340.0,15.995915867931089,3.407586676719999e+21,0.0,1.0,2.8755965689165167e-05,48.11329119317889,bohm,0.4814,1.0,0.06231823847112588,0.0,0,0,0,0,1.2300318004298842e+20,0.0,0.0,0.09307751918543218,7.2499970181866535,0.0,9.104930460152395e-05,1.2300318004298842e+20,0.0,0.0,1.0,1.0,0.0,1.0,0,0,0.0,0.0,0.0,0.0,0.0,0.0,0.0,0.0,0.0,1.0,0.0,1.0,0,0,0.0,0.0,0.0,0.0,0.0,0.0,0.0,0.0,0.0,1.0,0.0,1.0,0,0,0.0,0.0,0.0,0.0,0.0,0.0,0.0,0.0,0.0,0.0,0.0,0.0
0.0006078947368421053,production,0.0,23.48326684289663,1131.628582218161,2.408472351585417e+17,1.5720105602176189,1131.628582218161,13560000.0,1500.0,0.7544190548121074,3.9868775659346536,67.16892590637448,16.847501533603754,3.162275769027257,0.3,74.02049726288998,0.0,2000000.0,0.0,0.0,0.0,3.8568277425196174,45.13769895935563,-0.0,8.0,0.0,0.0,15.995787423418816,340.0,6.513464858674029e+17,1.5795639559618264,792.1400075527126,350.0,15.955020349881579,3.3017640564859774e+21,0.0,0.33333333333333337,1.1576618946717427e-05,74.02049726288998,bohm,0.18,1.0,0.05555555555555556,0.0,0,0,0,0,1.0401415158892131e+17,1.55624386661808,339.4885746654483,340.0,15.995787423418816,3.4075593143724896e+21,0.0,1.0,2.8754894529325856e-05,48.113323220878485,bohm,0.4814,1.0,0.06231823847112588,0.0,0,0,0,0,1.2301107673873927e+20,0.0,0.0,0.09307332398031207,7.249899794113194,0.0,9.104593189593215e-05,1.2301107673873927e+20,0.0,0.0,1.0,1.0,0.0,1.0,0,0,0.0,0.0,0.0,0.0,0.0,0.0,0.0,0.0,0.0,1.0,0.0,1.0,0,0,0.0,0.0,0.0,0.0,0.0,0.0,0.0,0.0,0.0,1.0,0.0,1.0,0,0,0.0,0.0,0.0,0.0,0.0,0.0,0.0,0.0,0.0,0.0,0.0,0.0
0.0006210526315789474,production,0.0,23.483244910509665,1131.627239418959,2.408541186363122e+17,1.5720116078223192,1131.627239418959,13560000.0,1500.0,0.7544181596126394,3.9868647593673012,67.16877817542576,16.847518596563873,3.162275769494022,0.3,74.02055118447673,0.0,2000000.0,0.0,0.0,0.0,3.856726928918683,45.13644854866362,-0.0,8.0,0.0,0.0,15.99565895792646,340.0,6.513577061865496e+17,1.579569598995218,792.1390675932713,350.0,15.953787096284017,3.3015088445018074e+21,0.0,0.33333333333333337,1.157653991528073e-05,74.02055118447673,bohm,0.18,1.0,0.05555555555555556,0.0,0,0,0,0,1.0401958945289974e+17,1.5562358748741618,339.48817182568774,340.0,15.99565895792646,3.407531947555623e+21,0.0,1.0,2.875406907493806e-05,48.113358269909874,bohm,0.4814,1.0,0.06231823847112588,0.0,0,0,0,0,1.2301719189780177e+20,0.0,0.0,0.09306991912318933,7.249820886121407,0.0,9.104333239384848e-05,1.2301719189780177e+20,0.0,0.0,1.0,1.0,0.0,1.0,0,0,0.0,0.0,0.0,0.0,0.0,0.0,0.0,0.0,0.0,1.0,0.0,1.0,0,0,0.0,0.0,0.0,0.0,0.0,0.0,0.0,0.0,0.0,1.0,0.0,1.0,0,0,0.0,0.0,0.0,0.0,0.0,0.0,0.0,0.0,0.0,0.0,0.0,0.0
0.0006342105263157895,production,0.0,23.483222969710628,1131.6258961047322,2.4085958980094506e+17,1.5720135729181255,1131.6258961047322,13560000.0,1500.0,0.7544172640698215,3.986854154443342,67.16864897525348,16.84753100396064,3.162275769880465,0.3,74.02060850631132,0.0,2000000.0,0.0,0.0,0.0,3.856649112589076,45.135485790746806,-0.0,8.0,0.0,0.0,15.99553047301506,340.0,6.513669977819059e+17,1.5795755273682777,792.1381272733125,350.0,15.952553875821387,3.301253639374647e+21,0.0,0.33333333333333337,1.1576479070803436e-05,74.02060850631132,bohm,0.18,1.0,0.05555555555555556,0.0,0,0,0,0,1.0402378714062477e+17,1.5562299792390484,339.48776883141966,340.0,15.99553047301506,3.407504576601946e+21,0.0,1.0,2.875343444559257e-05,48.11339552910236,bohm,0.4814,1.0,0.06231823847112588,0.0,0,0,0,0,1.2302192320116978e+20,0.0,0.0,0.09306712806010109,7.249756202703167,0.0,9.104133339409931e-05,1.2302192320116978e+20,0.0,0.0,1.0,1.0,0.0,1.0,0,0,0.0,0.0,0.0,0.0,0.0,0.0,0.0,0.0,0.0,1.0,0.0,1.0,0,0,0.0,0.0,0.0,0.0,0.0,0.0,0.0,0.0,0.0,1.0,0.0,1.0,0,0,0.0,0.0,0.0,0.0,0.0,0.0,0.0,0.0,0.0,0.0,0.0,0.0
0.0006473684210526316,production,0.0,23.48320102059507,1131.6245522813308,2.4086398583708394e+17,1.5720162427274216,1131.6245522813308,13560000.0,1500.0,0.7544163681875539,3.986845159552443,67.16853332248311,16.847540005798304,3.1622757702081827,0.3,74.02066831588427,0.0,2000000.0,0.0,0.0,0.0,3.8565891578100024,45.134746445950405,-0.0,8.0,0.0,0.0,15.995401969897372,340.0,6.51374878888778e+17,1.5795816646207208,792.1371865969315,350.0,15.951320690681676,3.300998441557283e+21,0.0,0.33333333333333337,1.157643152695238e-05,74.02066831588427,bohm,0.18,1.0,0.05555555555555556,0.0,0,0,0,0,1.0402702148651925e+17,1.5562257115780103,339.4873656843992,340.0,15.995401969897372,3.40747720176981e+21,0.0,1.0,2.875294802503771e-05,48.113434405324774,bohm,0.4814,1.0,0.06231823847112588,0.0,0,0,0,0,1.2302557955677882e+20,0.0,0.0,0.09306481369260847,7.2497025666728545,0.0,9.10398007889547e-05,1.2302557955677882e+20,0.0,0.0,1.0,1.0,0.0,1.0,0,0,0.0,0.0,0.0,0.0,0.0,0.0,0.0,0.0,0.0,1.0,0.0,1.0,0,0,0.0,0.0,0.0,0.0,0.0,0.0,0.0,0.0,0.0,1.0,0.0,1.0,0,0,0.0,0.0,0.0,0.0,0.0,0.0,0.0,0.0,0.0,0.0,0.0,0.0
0.0006605263157894737,production,0.0,23.483179063232157,1131.6232079529893,2.4086756275847648e+17,1.5720194541590757,1131.6232079529893,13560000.0,1500.0,0.7544154719686595,3.9868373421213237,67.16842757336293,16.847546516062238,3.1622757704929603,0.3,74.02072994594918,0.0,2000000.0,0.0,0.0,0.0,3.856543076183157,45.13418062645542,-0.0,8.0,0.0,0.0,15.995273449515608,340.0,6.513817284499119e+17,1.5795879548431302,792.1362455670925,350.0,15.950087542464516,3.300743251380746e+21,0.0,0.33333333333333337,1.157639371092921e-05,74.02072994594918,bohm,0.18,1.0,0.05555555555555556,0.0,0,0,0,0,1.0402950752799803e+17,1.5562227083622893,339.4869623858968,340.0,15.995273449515608,3.407449823259932e+21,0.0,1.0,2.8752576718199396e-05,48.113474464866975,bohm,0.4814,1.0,0.06231823847112588,0.0,0,0,0,0,1.2302840091575344e+20,0.0,0.0,0.09306286955307687,7.249657510679363,0.0,9.103863043246318e-05,1.2302840091575344e+20,0.0,0.0,1.0,1.0,0.0,1.0,0,0,0.0,0.0,0.0,0.0,0.0,0.0,0.0,0.0,0.0,1.0,0.0,1.0,0,0,0.0,0.0,0.0,0.0,0.0,0.0,0.0,0.0,0.0,1.0,0.0,1.0,0,0,0.0,0.0,0.0,0.0,0.0,0.0,0.0,0.0,0.0,0.0,0.0,0.0
0.0006736842105263158,production,0.0,23.483157097671768,1131.6218631227614,2.408705151139768e+17,1.5720230821252004,1131.6218631227614,13560000.0,1500.0,0.7544145754151743,3.986830385856689,67.16832906361141,16.847551203053825,3.162275770746334,0.3,74.02079290859251,0.0,2000000.0,0.0,0.0,0.0,3.856507770168637,45.13374958790368,-0.0,8.0,0.0,0.0,15.995144912601797,340.0,6.513878235557475e+17,1.579594357152585,792.1353041859329,350.0,15.948854432339301,3.300488069087033e+21,0.0,0.33333333333333337,1.1576363010328625e-05,74.02079290859251,bohm,0.18,1.0,0.05555555555555556,0.0,0,0,0,0,1.0403141230005325e+17,1.5562206872760846,339.48655893682843,340.0,15.995144912601797,3.407422441228257e+21,0.0,1.0,2.8752294822607776e-05,48.113515390585135,bohm,0.4814,1.0,0.06231823847112588,0.0,0,0,0,0,1.2303057366528152e+20,0.0,0.0,0.09306121295664913,7.2496191185179,0.0,9.10377414421831e-05,1.2303057366528152e+20,0.0,0.0,1.0,1.0,0.0,1.0,0,0,0.0,0.0,0.0,0.0,0.0,0.0,0.0,0.0,0.0,1.0,0.0,1.0,0,0,0.0,0.0,0.0,0.0,0.0,0.0,0.0,0.0,0.0,1.0,0.0,1.0,0,0,0.0,0.0,0.0,0.0,0.0,0.0,0.0,0.0,0.0,0.0,0.0,0.0
0.0006868421052631579,production,0.0,23.483135123949705,1131.620517792839,2.4087299086816528e+17,1.5720270306265274,1131.620517792839,13560000.0,1500.0,0.7544136785285593,3.986824059485409,67.16823584510634,16.847554555436272,3.162275770976738,0.3,74.02085684702995,0.0,2000000.0,0.0,0.0,0.0,3.8564808340098597,45.13342323906955,-0.0,8.0,0.0,0.0,15.99501635972475,340.0,6.513933668208837e+17,1.5796008416536473,792.1343624549874,350.0,15.947621361160842,3.3002328948530395e+21,0.0,0.33333333333333337,1.1576337514955548e-05,74.02085684702995,bohm,0.18,1.0,0.05555555555555556,0.0,0,0,0,0,1.0403286555059246e+17,1.5562194290623153,339.4861553378517,340.0,15.99501635972475,3.4073950557959566e+21,0.0,1.0,2.875208237624691e-05,48.11355695056947,bohm,0.4814,1.0,0.06231823847112588,0.0,0,0,0,0,1.230322425854496e+20,0.0,0.0,0.09305977968598633,7.249585901957552,0.0,9.103707100012004e-05,1.230322425854496e+20,0.0,0.0,1.0,1.0,0.0,1.0,0,0,0.0,0.0,0.0,0.0,0.0,0.0,0.0,0.0,0.0,1.0,0.0,1.0,0,0,0.0,0.0,0.0,0.0,0.0,0.0,0.0,0.0,0.0,1.0,0.0,1.0,0,0,0.0,0.0,0.0,0.0,0.0,0.0,0.0,0.0,0.0,0.0,0.0,0.0
0.0007,production,0.0,23.483113142091433,1131.6191719647816,2.4087510264842678e+17,1.5720312259445446,1131.6191719647816,13560000.0,1500.0,0.7544127813098545,3.9868181938993885,67.16814649336806,16.847556930523808,3.162275771190339,0.3,74.02092150036198,0.0,2000000.0,0.0,0.0,0.0,3.8564603991808255,45.13317820854953,-0.0,8.0,0.0,0.0,15.99488779132646,340.0,6.513985064020091e+17,1.5796073864851925,792.1334203753471,350.0,15.946388329553907,3.299977728808058e+21,0.0,0.33333333333333337,1.1576315828058849e-05,74.02092150036198,bohm,0.18,1.0,0.05555555555555556,0.0,0,0,0,0,1.0403396806389941e+17,1.55621876343099,339.48575158943447,340.0,15.99488779132646,3.407367667057189e+21,0.0,1.0,2.875192387496871e-05,48.11359897523529,bohm,0.4814,1.0,0.06231823847112588,0.0,0,0,0,0,1.230335201370623e+20,0.0,0.0,0.09305851986498352,7.249556705119737,0.0,9.103657031661488e-05,1.230335201370623e+20,0.0,0.0,1.0,1.0,0.0,1.0,0,0,0.0,0.0,0.0,0.0,0.0,0.0,0.0,0.0,0.0,1.0,0.0,1.0,0,0,0.0,0.0,0.0,0.0,0.0,0.0,0.0,0.0,0.0,1.0,0.0,1.0,0,0,0.0,0.0,0.0,0.0,0.0,0.0,0.0,0.0,0.0,0.0,0.0,0.0
0.0007131578947368421,production,0.0,23.48309115211491,1131.6178256396884,2.4087693625337056e+17,1.5720356114383724,1131.6178256396884,13560000.0,1500.0,0.7544118837597922,3.9868126654450116,67.1680599668001,16.847558589588946,3.1622757713916423,0.3,74.02098667780336,0.0,2000000.0,0.0,0.0,0.0,3.8564450143843603,45.132996343690984,-0.0,8.0,0.0,0.0,15.994759207750427,340.0,6.514033506351835e+17,1.5796139756610725,792.1324779477818,350.0,15.945155337975072,3.299722571046571e+21,0.0,0.33333333333333337,1.157629692831426e-05,74.02098667780336,bohm,0.18,1.0,0.05555555555555556,0.0,0,0,0,0,1.0403479812609955e+17,1.5562185581192924,339.4853476919065,340.0,15.994759207750427,3.407340275085128e+21,0.0,1.0,2.8751807276675168e-05,48.11364134057219,bohm,0.4814,1.0,0.06231823847112588,0.0,0,0,0,0,1.2303449367619206e+20,0.0,0.0,0.09305739475508358,7.249530630235727,0.0,9.103620149664355e-05,1.2303449367619206e+20,0.0,0.0,1.0,1.0,0.0,1.0,0,0,0.0,0.0,0.0,0.0,0.0,0.0,0.0,0.0,0.0,1.0,0.0,1.0,0,0,0.0,0.0,0.0,0.0,0.0,0.0,0.0,0.0,0.0,1.0,0.0,1.0,0,0,0.0,0.0,0.0,0.0,0.0,0.0,0.0,0.0,0.0,0.0,0.0,0.0
0.0007263157894736842,production,0.0,23.483069154032556,1131.6164788183198,2.4087855709524045e+17,1.5720401435650848,1131.6164788183198,13560000.0,1500.0,0.7544109858788799,3.9868073837048916,67.16797550376971,16.84755972367828,3.162275771583945,0.3,74.0210522398396,0.0,2000000.0,0.0,0.0,0.0,3.856433552368338,45.1328635450039,-0.0,8.0,0.0,0.0,15.994630609263641,340.0,6.514079787388104e+17,1.5796205974911963,792.1315351728239,350.0,15.94392238675791,3.2994674216376106e+21,0.0,0.33333333333333337,1.15762800689102e-05,74.0210522398396,bohm,0.18,1.0,0.05555555555555556,0.0,0,0,0,0,1.0403541654738382e+17,1.5562187103973968,339.48494364549595,340.0,15.994630609263641,3.407312879936652e+21,0.0,1.0,2.8751723228070093e-05,48.113683955895745,bohm,0.4814,1.0,0.06231823847112588,0.0,0,0,0,0,1.2303523105826965e+20,0.0,0.0,0.09305637426764443,7.249506979997377,0.0,9.103593510650785e-05,1.2303523105826965e+20,0.0,0.0,1.0,1.0,0.0,1.0,0,0,0.0,0.0,0.0,0.0,0.0,0.0,0.0,0.0,0.0,1.0,0.0,1.0,0,0,0.0,0.0,0.0,0.0,0.0,0.0,0.0,0.0,0.0,1.0,0.0,1.0,0,0,0.0,0.0,0.0,0.0,0.0,0.0,0.0,0.0,0.0,0.0,0.0,0.0
0.0007394736842105263,production,0.0,23.483047147852787,1131.6151315011907,2.4088001508231088e+17,1.5720447888335851,1131.615131501191,13560000.0,1500.0,0.7544100876674606,3.9868022825641187,67.16789254735512,16.847560472488738,3.162275771769655,0.3,74.02111808444803,0.0,2000000.0,0.0,0.0,0.0,3.8564251375614025,45.132768861006845,-0.0,8.0,0.0,0.0,15.994501996073655,340.0,6.514124486398044e+17,1.57962724342698,792.1305920508336,350.0,15.94268947614604,3.299212280631591e+21,0.0,0.33333333333333337,1.1576264703760996e-05,74.02111808444803,bohm,0.18,1.0,0.05555555555555556,0.0,0,0,0,0,1.0403587056314642e+17,1.5562191404726013,339.48453945035726,340.0,15.994501996073655,3.407285481655975e+21,0.0,1.0,2.8751664464187394e-05,48.113726754891225,bohm,0.4814,1.0,0.06231823847112588,0.0,0,0,0,0,1.2303578499119928e+20,0.0,0.0,0.09305543503216229,7.249485212789122,0.0,9.103574828422892e-05,1.2303578499119928e+20,0.0,0.0,1.0,1.0,0.0,1.0,0,0,0.0,0.0,0.0,0.0,0.0,0.0,0.0,0.0,0.0,1.0,0.0,1.0,0,0,0.0,0.0,0.0,0.0,0.0,0.0,0.0,0.0,0.0,1.0,0.0,1.0,0,0,0.0,0.0,0.0,0.0,0.0,0.0,0.0,0.0,0.0,0.0,0.0,0.0
0.0007526315789473685,production,0.0,23.483025133581055,1131.613783688636,2.4088134832226506e+17,1.5720495214714367,1131.613783688636,13560000.0,1500.0,0.7544091891257574,3.9867973136779997,67.16781069032137,16.847560938169703,3.1622757719505343,0.3,74.02118413702222,0.0,2000000.0,0.0,0.0,0.0,3.856419089873512,45.13270378527584,-0.0,8.0,0.0,0.0,15.994373368341867,340.0,6.514168026962084e+17,1.579633907217099,792.1296485820451,350.0,15.941456606317342,3.298957148065323e+21,0.0,0.33333333333333337,1.157625043355453e-05,74.02118413702222,bohm,0.18,1.0,0.05555555555555556,0.0,0,0,0,0,1.0403619686428394e+17,1.5562197863671596,339.48413510659077,340.0,15.994373368341867,3.407258080277478e+21,0.0,1.0,2.8751625342062183e-05,48.11376968906444,bohm,0.4814,1.0,0.06231823847112588,0.0,0,0,0,0,1.2303619641673989e+20,0.0,0.0,0.09305455889605622,7.249464907920938,0.0,9.103562327206918e-05,1.2303619641673989e+20,0.0,0.0,1.0,1.0,0.0,1.0,0,0,0.0,0.0,0.0,0.0,0.0,0.0,0.0,0.0,0.0,1.0,0.0,1.0,0,0,0.0,0.0,0.0,0.0,0.0,0.0,0.0,0.0,0.0,1.0,0.0,1.0,0,0,0.0,0.0,0.0,0.0,0.0,0.0,0.0,0.0,0.0,0.0,0.0,0.0
0.0007657894736842106,production,0.0,23.483003111220665,1131.612435380857,2.408825859337118e+17,1.5720543216365888,1131.612435380857,13560000.0,1500.0,0.7544082902539048,3.986792441695671,67.16772963488665,16.847561195415214,3.1622757721278716,0.3,74.02125034300433,0.0,2000000.0,0.0,0.0,0.0,3.856414881048386,45.1326617104992,-0.0,8.0,0.0,0.0,15.99424472619381,340.0,6.514210718816874e+17,1.5796405842901398,792.1287047665999,350.0,15.940223777401581,3.298702023965661e+21,0.0,0.33333333333333337,1.1576236966302169e-05,74.02125034300433,bohm,0.18,1.0,0.05555555555555556,0.0,0,0,0,0,1.0403642395105328e+17,1.556220599940306,339.4837306142571,340.0,15.99424472619381,3.4072306758279045e+21,0.0,1.0,2.8751601478559413e-05,48.113812722952815,bohm,0.4814,1.0,0.06231823847112588,0.0,0,0,0,0,1.2303649713707391e+20,0.0,0.0,0.09305373175954378,7.24944573862679,0.0,9.103554627682415e-05,1.2303649713707391e+20,0.0,0.0,1.0,1.0,0.0,1.0,0,0,0.0,0.0,0.0,0.0,0.0,0.0,0.0,0.0,0.0,1.0,0.0,1.0,0,0,0.0,0.0,0.0,0.0,0.0,0.0,0.0,0.0,0.0,1.0,0.0,1.0,0,0,0.0,0.0,0.0,0.0,0.0,0.0,0.0,0.0,0.0,0.0,0.0,0.0
0.0007789473684210527,production,0.0,23.482981080773342,1131.6110865779597,2.4088375018243763e+17,1.5720591740458572,1131.6110865779597,13560000.0,1500.0,0.7544073910519731,3.986787640767596,67.1676491633033,16.84756129884339,3.1622757723026074,0.3,74.02131666249727,0.0,2000000.0,0.0,0.0,0.0,3.856412100763412,45.13263750445673,-0.0,8.0,0.0,0.0,15.99411606972716,340.0,6.514252788453135e+17,1.5796472713031473,792.1277606045717,350.0,15.938990989493368,3.298446908352183e+21,0.0,0.33333333333333337,1.1576224088492563e-05,74.02131666249727,bohm,0.18,1.0,0.05555555555555556,0.0,0,0,0,0,1.0403657396147902e+17,1.5562215437987426,339.4833259733879,340.0,15.99411606972716,3.4072032683280617e+21,0.0,1.0,2.87515894690863e-05,48.11385583062323,bohm,0.4814,1.0,0.06231823847112588,0.0,0,0,0,0,1.230367118550477e+20,0.0,0.0,0.09305294267073065,7.2494274510934265,0.0,9.103550658464469e-05,1.230367118550477e+20,0.0,0.0,1.0,1.0,0.0,1.0,0,0,0.0,0.0,0.0,0.0,0.0,0.0,0.0,0.0,0.0,1.0,0.0,1.0,0,0,0.0,0.0,0.0,0.0,0.0,0.0,0.0,0.0,0.0,1.0,0.0,1.0,0,0,0.0,0.0,0.0,0.0,0.0,0.0,0.0,0.0,0.0,0.0,0.0,0.0
0.0007921052631578948,production,0.0,23.482959042239656,1131.6097372799788,2.408848581059454e+17,1.5720640669224222,1131.6097372799788,13560000.0,1500.0,0.754406491519986,3.98678289199181,67.16756911634637,16.847561288392413,3.1622757724754313,0.3,74.0213830663251,0.0,2000000.0,0.0,0.0,0.0,3.8564104302994298,45.132627180684516,-0.0,8.0,0.0,0.0,15.993987399017964,340.0,6.514294401489537e+17,1.5796539658115165,792.1268160959852,350.0,15.937758242661603,3.2981918012391487e+21,0.0,0.33333333333333337,1.1576211643999004e-05,74.0213830663251,bohm,0.18,1.0,0.05555555555555556,0.0,0,0,0,0,1.0403666409160931e+17,1.5562225888970846,339.48292118399365,340.0,15.993987399017964,3.4071758577941506e+21,0.0,1.0,2.8751586669118098e-05,48.11389899311132,bohm,0.4814,1.0,0.06231823847112588,0.0,0,0,0,0,1.2303685975897332e+20,0.0,0.0,0.09305218312277841,7.249409848172227,0.0,9.103549587352539e-05,1.2303685975897332e+20,0.0,0.0,1.0,1.0,0.0,1.0,0,0,0.0,0.0,0.0,0.0,0.0,0.0,0.0,0.0,0.0,1.0,0.0,1.0,0,0,0.0,0.0,0.0,0.0,0.0,0.0,0.0,0.0,0.0,1.0,0.0,1.0,0,0,0.0,0.0,0.0,0.0,0.0,0.0,0.0,0.0,0.0,0.0,0.0,0.0
0.0008052631578947369,production,0.0,23.482936995619337,1131.6083874868982,2.4088592274987184e+17,1.5720689911876304,1131.6083874868982,13560000.0,1500.0,0.7544055916579322,3.9867781815465886,67.16748937758418,16.84756119326607,3.1622757726468462,0.3,74.0214495331519,0.0,2000000.0,0.0,0.0,0.0,3.856409622089685,45.132627642676425,-0.0,8.0,0.0,0.0,15.993858714125455,340.0,6.514335679033056e+17,1.579660666027578,792.1258712408287,350.0,15.936525536956372,3.2979367026369217e+21,0.0,0.33333333333333337,1.1576199518656058e-05,74.0214495331519,bohm,0.18,1.0,0.05555555555555556,0.0,0,0,0,0,1.0403670769872726e+17,1.556223712674107,339.48251624606945,340.0,15.993858714125455,3.4071484442387887e+21,0.0,1.0,2.8751591024506818e-05,48.113942196548734,bohm,0.4814,1.0,0.06231823847112588,0.0,0,0,0,0,1.2303695575365371e+20,0.0,0.0,0.09305144650801096,7.249392776728088,0.0,9.103550767930624e-05,1.2303695575365371e+20,0.0,0.0,1.0,1.0,0.0,1.0,0,0,0.0,0.0,0.0,0.0,0.0,0.0,0.0,0.0,0.0,1.0,0.0,1.0,0,0,0.0,0.0,0.0,0.0,0.0,0.0,0.0,0.0,0.0,1.0,0.0,1.0,0,0,0.0,0.0,0.0,0.0,0.0,0.0,0.0,0.0,0.0,0.0,0.0,0.0
0.000818421052631579,production,0.0,23.482914940911506,1131.6070371986634,2.408869541097714e+17,1.5720739398400772,1131.6070371986636,13560000.0,1500.0,0.7544046914657757,3.986773499325013,67.16740986187666,16.847561034818895,3.1622757728172197,0.3,74.021516047375,0.0,2000000.0,0.0,0.0,0.0,3.85640948383495,45.13263648519919,-0.0,8.0,0.0,0.0,15.993730015095817,340.0,6.514376709642102e+17,1.5796673706440703,792.1249260390645,350.0,15.935292872414019,3.297681612553023e+21,0.0,0.33333333333333337,1.1576187628981715e-05,74.021516047375,bohm,0.18,1.0,0.05555555555555556,0.0,0,0,0,0,1.0403671515829178e+17,1.556224897605148,339.48211115959907,340.0,15.993730015095817,3.407121027671815e+21,0.0,1.0,2.87516009396783e-05,48.113985430793754,bohm,0.4814,1.0,0.06231823847112588,0.0,0,0,0,0,1.2303701141660549e+20,0.0,0.0,0.09305072769391078,7.249376117813097,0.0,9.103553698090481e-05,1.2303701141660549e+20,0.0,0.0,1.0,1.0,0.0,1.0,0,0,0.0,0.0,0.0,0.0,0.0,0.0,0.0,0.0,0.0,1.0,0.0,1.0,0,0,0.0,0.0,0.0,0.0,0.0,0.0,0.0,0.0,0.0,1.0,0.0,1.0,0,0,0.0,0.0,0.0,0.0,0.0,0.0,0.0,0.0,0.0,0.0,0.0,0.0
0.000831578947368421,production,0.0,23.48289287811481,1131.6056864151926,2.408879598490455e+17,1.572078907478293,1131.6056864151926,13560000.0,1500.0,0.7544037909434618,3.9867688379365456,67.1673305069651,16.84756082866577,3.162275772986822,0.3,74.02158259758437,0.0,2000000.0,0.0,0.0,0.0,3.856409866165177,45.132651839967124,-0.0,8.0,0.0,0.0,15.993601301965102,340.0,6.514417558074345e+17,1.5796740787050403,792.1239804906348,350.0,15.93406024906083,3.297426530992894e+21,0.0,0.33333333333333337,1.1576175913930723e-05,74.02158259758437,bohm,0.18,1.0,0.05555555555555556,0.0,0,0,0,0,1.0403669452958253e+17,1.5562261300777085,339.4817059245578,340.0,15.993601301965102,3.4070936081009093e+21,0.0,1.0,2.8751615175256326e-05,48.11402868842984,bohm,0.4814,1.0,0.06231823847112588,0.0,0,0,0,0,1.230370357408229e+20,0.0,0.0,0.09305002269378272,7.249359779034092,0.0,9.103557987815133e-05,1.230370357408229e+20,0.0,0.0,1.0,1.0,0.0,1.0,0,0,0.0,0.0,0.0,0.0,0.0,0.0,0.0,0.0,0.0,1.0,0.0,1.0,0,0,0.0,0.0,0.0,0.0,0.0,0.0,0.0,0.0,0.0,1.0,0.0,1.0,0,0,0.0,0.0,0.0,0.0,0.0,0.0,0.0,0.0,0.0,0.0,0.0,0.0
0.0008447368421052631,production,0.0,23.4828708072276,1131.6043351363835,2.4088894584664774e+17,1.5720838899336504,1131.6043351363835,13560000.0,1500.0,0.7544028900909223,3.986764191976955,67.16725126732241,16.847560586224574,3.1622757731558493,0.3,74.02164917543602,0.0,2000000.0,0.0,0.0,0.0,3.8564106530557765,45.1326722557712,-0.0,8.0,0.0,0.0,15.993472574761464,340.0,6.514458271683379e+17,1.5796807895114517,792.1230345954684,350.0,15.932827666915744,3.2971714579604523e+21,0.0,0.33333333333333337,1.1576164328864448e-05,74.02164917543602,bohm,0.18,1.0,0.05555555555555556,0.0,0,0,0,0,1.0403665207275104e+17,1.556227399518091,339.481300540915,340.0,15.993472574761464,3.407066185532069e+21,0.0,1.0,2.875163276854325e-05,48.11407196403342,bohm,0.4814,1.0,0.06231823847112588,0.0,0,0,0,0,1.2303703571173233e+20,0.0,0.0,0.09304932841094789,7.249343688624323,0.0,9.103563334155064e-05,1.2303703571173233e+20,0.0,0.0,1.0,1.0,0.0,1.0,0,0,0.0,0.0,0.0,0.0,0.0,0.0,0.0,0.0,0.0,1.0,0.0,1.0,0,0,0.0,0.0,0.0,0.0,0.0,0.0,0.0,0.0,0.0,1.0,0.0,1.0,0,0,0.0,0.0,0.0,0.0,0.0,0.0,0.0,0.0,0.0,0.0,0.0,0.0
0.0008578947368421052,production,0.0,23.48284872824794,1131.602983362119,2.4088991661524224e+17,1.5720888839878793,1131.602983362119,13560000.0,1500.0,0.7544019889080793,3.9867595574944663,67.1671721096562,16.847560315844163,3.1622757733244455,0.3,74.02171577482805,0.0,2000000.0,0.0,0.0,0.0,3.8564117543834824,45.13269660536969,-0.0,8.0,0.0,0.0,15.993343833506954,340.0,6.514498885096204e+17,1.5796875025521386,792.1220883534833,350.0,15.93159512599231,3.296916393458503e+21,0.0,0.33333333333333337,1.1576152841141386e-05,74.02171577482805,bohm,0.18,1.0,0.05555555555555556,0.0,0,0,0,0,1.0403659265044952e+17,1.556228697713019,339.4808950086357,340.0,15.993343833506954,3.407038759969992e+21,0.0,1.0,2.875165297175342e-05,48.11411525363824,bohm,0.4814,1.0,0.06231823847112588,0.0,0,0,0,0,1.2303701675535237e+20,0.0,0.0,0.09304864244004832,7.249327790838627,0.0,9.103569501791037e-05,1.2303701675535237e+20,0.0,0.0,1.0,1.0,0.0,1.0,0,0,0.0,0.0,0.0,0.0,0.0,0.0,0.0,0.0,0.0,1.0,0.0,1.0,0,0,0.0,0.0,0.0,0.0,0.0,0.0,0.0,0.0,0.0,1.0,0.0,1.0,0,0,0.0,0.0,0.0,0.0,0.0,0.0,0.0,0.0,0.0,0.0,0.0,0.0
0.0008710526315789474,production,0.0,23.482826641173766,1131.6016310922714,2.408908756206906e+17,1.5720938871556047,1131.6016310922714,13560000.0,1500.0,0.7544010873948476,3.9867549315993953,67.16709300962066,16.84756002362923,3.1622757734927154,0.3,74.0217823912982,0.0,2000000.0,0.0,0.0,0.0,3.856413100144109,45.1327240131653,-0.0,8.0,0.0,0.0,15.993215078218867,340.0,6.514539423633555e+17,1.5796942174533273,792.12114176459,350.0,15.930362626300163,3.2966613374890384e+21,0.0,0.33333333333333337,1.1576141426892858e-05,74.0217823912982,bohm,0.18,1.0,0.05555555555555556,0.0,0,0,0,0,1.0403652003980229e+17,1.5562300182826971,339.4804893276814,340.0,15.993215078218867,3.407011331418363e+21,0.0,1.0,2.8751675204036023e-05,48.11415855434383,bohm,0.4814,1.0,0.06231823847112588,0.0,0,0,0,0,1.2303698308640876e+20,0.0,0.0,0.09304796291271124,7.249312042376669,0.0,9.103576307936212e-05,1.2303698308640876e+20,0.0,0.0,1.0,1.0,0.0,1.0,0,0,0.0,0.0,0.0,0.0,0.0,0.0,0.0,0.0,0.0,1.0,0.0,1.0,0,0,0.0,0.0,0.0,0.0,0.0,0.0,0.0,0.0,0.0,1.0,0.0,1.0,0,0,0.0,0.0,0.0,0.0,0.0,0.0,0.0,0.0,0.0,0.0,0.0,0.0
0.0008842105263157895,production,0.0,23.482804546002846,1131.600278326705,2.408918255263259e+17,1.5720988975168573,1131.600278326705,13560000.0,1500.0,0.7544001855511366,3.9867503121787022,67.16701394941194,16.84755971404342,3.162275773660737,0.3,74.02184902158331,0.0,2000000.0,0.0,0.0,0.0,3.8564146359611606,45.1327537990282,-0.0,8.0,0.0,0.0,15.993086308910804,340.0,6.514579905810995e+17,1.5797009339417198,792.1201948286935,350.0,15.929130167846047,3.296406290053455e+21,0.0,0.33333333333333337,1.1576130068665262e-05,74.02184902158331,bohm,0.18,1.0,0.05555555555555556,0.0,0,0,0,0,1.0403643717473472e+17,1.556231356271516,339.4800834980115,340.0,15.993086308910804,3.4069838998800784e+21,0.0,1.0,2.8751699014208617e-05,48.11420186402915,bohm,0.4814,1.0,0.06231823847112588,0.0,0,0,0,0,1.2303693797873875e+20,0.0,0.0,0.09304728837766965,7.249296409604692,0.0,9.103583610608865e-05,1.2303693797873875e+20,0.0,0.0,1.0,1.0,0.0,1.0,0,0,0.0,0.0,0.0,0.0,0.0,0.0,0.0,0.0,0.0,1.0,0.0,1.0,0,0,0.0,0.0,0.0,0.0,0.0,0.0,0.0,0.0,0.0,1.0,0.0,1.0,0,0,0.0,0.0,0.0,0.0,0.0,0.0,0.0,0.0,0.0,0.0,0.0,0.0
0.0008973684210526316,production,0.0,23.48278244273288,1131.5989250652785,2.408927683798497e+17,1.5721039135880135,1131.5989250652785,13560000.0,1500.0,0.7543992833768524,3.98674569768726,67.16693491601004,16.847559390350394,3.1622757738285654,0.3,74.02191566329702,0.0,2000000.0,0.0,0.0,0.0,3.8564163195971206,45.13278543465991,-0.0,8.0,0.0,0.0,15.9929575255935,340.0,6.514620345167804e+17,1.5797076518174908,792.119247545695,350.0,15.927897750634617,3.296151251152717e+21,0.0,0.33333333333333337,1.1576118753695991e-05,74.02191566329702,bohm,0.18,1.0,0.05555555555555556,0.0,0,0,0,0,1.0403634633420611e+17,1.5562327078301217,339.47967751958356,340.0,15.9929575255935,3.406956465357426e+21,0.0,1.0,2.875172405181006e-05,48.11424518114307,bohm,0.4814,1.0,0.06231823847112588,0.0,0,0,0,0,1.2303688397533179e+20,0.0,0.0,0.09304661770764498,7.249280866397487,0.0,9.103591299523051e-05,1.2303688397533179e+20,0.0,0.0,1.0,1.0,0.0,1.0,0,0,0.0,0.0,0.0,0.0,0.0,0.0,0.0,0.0,0.0,1.0,0.0,1.0,0,0,0.0,0.0,0.0,0.0,0.0,0.0,0.0,0.0,0.0,1.0,0.0,1.0,0,0,0.0,0.0,0.0,0.0,0.0,0.0,0.0,0.0,0.0,0.0,0.0,0.0
0.0009105263157894737,production,0.0,23.482760331361483,1131.5975713078458,2.4089370575642525e+17,1.5721089342223142,1131.5975713078458,13560000.0,1500.0,0.7543983808718973,3.9867410869952273,67.16685589989308,16.847559054936312,3.162275773996243,0.3,74.02198231469426,0.0,2000000.0,0.0,0.0,0.0,3.856418118243559,45.13281850969881,-0.0,8.0,0.0,0.0,15.992828728275468,340.0,6.514660751604351e+17,1.5797143709345491,792.118299915492,350.0,15.926665374668994,3.2958962207874687e+21,0.0,0.33333333333333337,1.1576107472652724e-05,74.02198231469426,bohm,0.18,1.0,0.05555555555555556,0.0,0,0,0,0,1.0403624928842195e+17,1.5562340699684631,339.4792713923537,340.0,15.992828728275468,3.406929027852218e+21,0.0,1.0,2.875175004461572e-05,48.11428850455127,bohm,0.4814,1.0,0.06231823847112588,0.0,0,0,0,0,1.2303682305148133e+20,0.0,0.0,0.093045950027019,7.2492653924621955,0.0,9.10359928901294e-05,1.2303682305148133e+20,0.0,0.0,1.0,1.0,0.0,1.0,0,0,0.0,0.0,0.0,0.0,0.0,0.0,0.0,0.0,0.0,1.0,0.0,1.0,0,0,0.0,0.0,0.0,0.0,0.0,0.0,0.0,0.0,0.0,1.0,0.0,1.0,0,0,0.0,0.0,0.0,0.0,0.0,0.0,0.0,0.0,0.0,0.0,0.0,0.0
0.0009236842105263158,production,0.0,23.482738211886215,1131.5962170542582,2.4089463886830605e+17,1.5721139585331476,1131.5962170542582,13560000.0,1500.0,0.7543974780361722,3.9867364792764377,67.1667768940972,16.847558709545673,3.162275774163798,0.3,74.02204897449889,0.0,2000000.0,0.0,0.0,0.0,3.8564200064161973,45.13285270539217,-0.0,8.0,0.0,0.0,15.99269991696348,340.0,6.514701132360035e+17,1.579721091186098,792.1173519379807,350.0,15.925433039951157,3.295641198958121e+21,0.0,0.33333333333333337,1.1576096218711547e-05,74.02204897449889,bohm,0.18,1.0,0.05555555555555556,0.0,0,0,0,0,1.0403614741240693e+17,1.5562354403639653,339.47886511627746,340.0,15.99269991696348,3.406901587365899e+21,0.0,1.0,2.8751776781172106e-05,48.11433183342428,bohm,0.4814,1.0,0.06231823847112588,0.0,0,0,0,0,1.2303675674151594e+20,0.0,0.0,0.09304528465565176,7.249249972036234,0.0,9.103607512536657e-05,1.2303675674151594e+20,0.0,0.0,1.0,1.0,0.0,1.0,0,0,0.0,0.0,0.0,0.0,0.0,0.0,0.0,0.0,0.0,1.0,0.0,1.0,0,0,0.0,0.0,0.0,0.0,0.0,0.0,0.0,0.0,0.0,1.0,0.0,1.0,0,0,0.0,0.0,0.0,0.0,0.0,0.0,0.0,0.0,0.0,0.0,0.0,0.0
0.0009368421052631579,production,0.0,23.48271608430462,1131.5948623043646,2.4089556864887808e+17,1.5721189858348639,1131.5948623043646,13560000.0,1500.0,0.7543965748695765,3.986731873926787,67.16669789352909,16.847558355453764,3.1622757743312544,0.3,74.02211564177773,0.0,2000000.0,0.0,0.0,0.0,3.856421964319882,45.13288777414549,-0.0,8.0,0.0,0.0,15.992571091662976,340.0,6.514741492728406e+17,1.5797278124940777,792.1164036130551,350.0,15.924200746482274,3.295386185664914e+21,0.0,0.33333333333333337,1.157608498688282e-05,74.02211564177773,bohm,0.18,1.0,0.05555555555555556,0.0,0,0,0,0,1.040360417742239e+17,1.5562368172125287,339.47845869130936,340.0,15.992571091662976,3.406874143899626e+21,0.0,1.0,2.8751804097230474e-05,48.11437516715553,bohm,0.4814,1.0,0.06231823847112588,0.0,0,0,0,0,1.23036686237239e+20,0.0,0.0,0.0930446210652425,7.2492345928759665,0.0,9.103615918407093e-05,1.23036686237239e+20,0.0,0.0,1.0,1.0,0.0,1.0,0,0,0.0,0.0,0.0,0.0,0.0,0.0,0.0,0.0,0.0,1.0,0.0,1.0,0,0,0.0,0.0,0.0,0.0,0.0,0.0,0.0,0.0,0.0,1.0,0.0,1.0,0,0,0.0,0.0,0.0,0.0,0.0,0.0,0.0,0.0,0.0,0.0,0.0,0.0
0.00095,production,0.0,23.482693948614195,1131.593507058012,2.4089649581712704e+17,1.5721240155971046,1131.593507058012,13560000.0,1500.0,0.7543956713720079,3.9867272705045553,67.16661889446323,16.84755799359275,3.1622757744986276,0.3,74.02218231584835,0.0,2000000.0,0.0,0.0,0.0,3.8564239765785513,45.132923523637444,-0.0,8.0,0.0,0.0,15.992442252378343,340.0,6.514781836580097e+17,1.5797345348014422,792.1154549406083,350.0,15.922968494262918,3.295131180907968e+21,0.0,0.33333333333333337,1.157607377351823e-05,74.02218231584835,bohm,0.18,1.0,0.05555555555555556,0.0,0,0,0,0,1.040359332034995e+17,1.5562381991127876,339.4780521174036,340.0,15.992442252378343,3.406846697454335e+21,0.0,1.0,2.8751831865209e-05,48.11441850530143,bohm,0.4814,1.0,0.06231823847112588,0.0,0,0,0,0,1.2303661246439344e+20,0.0,0.0,0.09304395884543247,7.249219245471113,0.0,9.10362446647578e-05,1.2303661246439344e+20,0.0,0.0,1.0,1.0,0.0,1.0,0,0,0.0,0.0,0.0,0.0,0.0,0.0,0.0,0.0,0.0,1.0,0.0,1.0,0,0,0.0,0.0,0.0,0.0,0.0,0.0,0.0,0.0,0.0,1.0,0.0,1.0,0,0,0.0,0.0,0.0,0.0,0.0,0.0,0.0,0.0,0.0,0.0,0.0,0.0
0.0009631578947368421,production,0.0,23.48267180481242,1131.592151315046,2.4089742092711955e+17,1.5721290474095413,1131.592151315046,13560000.0,1500.0,0.754394767543364,3.986722668686764,67.16653989417438,16.8475576246439,3.1622757746659285,0.3,74.02224899621177,0.0,2000000.0,0.0,0.0,0.0,3.8564260312487293,45.13295980448074,-0.0,8.0,0.0,0.0,15.992313399113172,340.0,6.514822166745219e+17,1.5797412580665162,792.1145059205322,350.0,15.92173628329321,3.294876184687307e+21,0.0,0.33333333333333337,1.1576062575950324e-05,74.02224899621177,bohm,0.18,1.0,0.05555555555555556,0.0,0,0,0,0,1.0403582234465211e+17,1.5562395849762056,339.4776453945138,340.0,15.992313399113172,3.4068192480307897e+21,0.0,1.0,2.8751859986007326e-05,48.114461847537655,bohm,0.4814,1.0,0.06231823847112588,0.0,0,0,0,0,1.2303653614205639e+20,0.0,0.0,0.09304329767747517,7.249203922434556,0.0,9.103633125557031e-05,1.2303653614205639e+20,0.0,0.0,1.0,1.0,0.0,1.0,0,0,0.0,0.0,0.0,0.0,0.0,0.0,0.0,0.0,0.0,1.0,0.0,1.0,0,0,0.0,0.0,0.0,0.0,0.0,0.0,0.0,0.0,0.0,1.0,0.0,1.0,0,0,0.0,0.0,0.0,0.0,0.0,0.0,0.0,0.0,0.0,0.0,0.0,0.0
0.0009763157894736842,production,0.0,23.482649652896757,1131.5907950753117,2.4089834440600256e+17,1.5721340809546462,1131.5907950753117,13560000.0,1500.0,0.7543938633835411,3.9867180682372685,67.16646089066866,16.847557249104995,3.1622757748331667,0.3,74.02231568250308,0.0,2000000.0,0.0,0.0,0.0,3.8564281190532417,45.132996500637724,-0.0,8.0,0.0,0.0,15.992184531870395,340.0,6.51486248529298e+17,1.5797479822588592,792.1135565527181,350.0,15.92050411357296,3.2946211970028913e+21,0.0,0.33333333333333337,1.1576051392228893e-05,74.02231568250308,bohm,0.18,1.0,0.05555555555555556,0.0,0,0,0,0,1.0403570969823739e+17,1.556240973957245,339.4772385225935,340.0,15.992184531870395,3.4067917956296155e+21,0.0,1.0,2.875188838264847e-05,48.114505193627004,bohm,0.4814,1.0,0.06231823847112588,0.0,0,0,0,0,1.2303645782877492e+20,0.0,0.0,0.0930426373137845,7.249188618028347,0.0,9.103641871427125e-05,1.2303645782877492e+20,0.0,0.0,1.0,1.0,0.0,1.0,0,0,0.0,0.0,0.0,0.0,0.0,0.0,0.0,0.0,0.0,1.0,0.0,1.0,0,0,0.0,0.0,0.0,0.0,0.0,0.0,0.0,0.0,0.0,1.0,0.0,1.0,0,0,0.0,0.0,0.0,0.0,0.0,0.0,0.0,0.0,0.0,0.0,0.0,0.0
0.0009894736842105264,production,0.0,23.482627492864673,1131.5894383386535,2.4089926658320266e+17,1.5721391159866624,1131.5894383386535,13560000.0,1500.0,0.7543929588924356,3.986713468983419,67.1663818824871,16.847556867339655,3.162275775000348,0.3,74.0223823744555,0.0,2000000.0,0.0,0.0,0.0,3.856430232785997,45.133033521975364,-0.0,8.0,0.0,0.0,15.992055650652476,340.0,6.514902793736182e+17,1.5797547073562543,792.1126068370575,350.0,15.91927198510173,3.294366217854632e+21,0.0,0.33333333333333337,1.1576040220928251e-05,74.0223823744555,bohm,0.18,1.0,0.05555555555555556,0.0,0,0,0,0,1.0403559565306416e+17,1.5562423653991164,339.47683150159605,340.0,15.992055650652476,3.406764340251338e+21,0.0,1.0,2.8751916995340016e-05,48.114548543396076,bohm,0.4814,1.0,0.06231823847112588,0.0,0,0,0,0,1.2303637795840259e+20,0.0,0.0,0.09304197756204857,7.249173327795547,0.0,9.10365068527011e-05,1.2303637795840259e+20,0.0,0.0,1.0,1.0,0.0,1.0,0,0,0.0,0.0,0.0,0.0,0.0,0.0,0.0,0.0,0.0,1.0,0.0,1.0,0,0,0.0,0.0,0.0,0.0,0.0,0.0,0.0,0.0,0.0,1.0,0.0,1.0,0,0,0.0,0.0,0.0,0.0,0.0,0.0,0.0,0.0,0.0,0.0,0.0,0.0
0.0010026315789473685,production,0.0,23.48260532471361,1131.588081104915,2.409001877128734e+17,1.5721441523153485,1131.588081104915,13560000.0,1500.0,0.7543920540699434,3.9867088707989997,67.16630286856187,16.84755647961339,3.1622757751674775,0.3,74.02244907187401,0.0,2000000.0,0.0,0.0,0.0,3.8564323668496407,45.13307079848255,-0.0,8.0,0.0,0.0,15.991926755461503,340.0,6.514943093180727e+17,1.5797614333424939,792.1116567734405,350.0,15.918039897878932,3.294111247242406e+21,0.0,0.33333333333333337,1.1576029061006257e-05,74.02244907187401,bohm,0.18,1.0,0.05555555555555556,0.0,0,0,0,0,1.0403548051114034e+17,1.5562437587916513,339.4764243314745,340.0,15.991926755461503,3.4067368818964e+21,0.0,1.0,2.8751945777637975e-05,48.1145918967181,bohm,0.4814,1.0,0.06231823847112588,0.0,0,0,0,0,1.2303629686793585e+20,0.0,0.0,0.09304131827289047,7.249158048274262,0.0,9.103659552470626e-05,1.2303629686793585e+20,0.0,0.0,1.0,1.0,0.0,1.0,0,0,0.0,0.0,0.0,0.0,0.0,0.0,0.0,0.0,0.0,1.0,0.0,1.0,0,0,0.0,0.0,0.0,0.0,0.0,0.0,0.0,0.0,0.0,1.0,0.0,1.0,0,0,0.0,0.0,0.0,0.0,0.0,0.0,0.0,0.0,0.0,0.0,0.0,0.0
0.0010157894736842106,production,0.0,23.482583148441012,1131.5867233739395,2.409011079911623e+17,1.5721491897934126,1131.5867233739395,13560000.0,1500.0,0.7543911489159597,3.986704273591748,67.1662238481111,16.84755608611996,3.162275775334558,0.3,74.02251577461597,0.0,2000000.0,0.0,0.0,0.0,3.8564345168964245,45.13310827577794,-0.0,8.0,0.0,0.0,15.991797846299256,340.0,6.514983384434976e+17,1.5797681602057658,792.1107063617576,350.0,15.916807851903824,3.2938562851660597e+21,0.0,0.33333333333333337,1.157601791170125e-05,74.02251577461597,bohm,0.18,1.0,0.05555555555555556,0.0,0,0,0,0,1.0403536450705058e+17,1.5562451537385638,339.47601701218184,340.0,15.991797846299256,3.4067094205651825e+21,0.0,1.0,2.875197469346681e-05,48.11463525350038,bohm,0.4814,1.0,0.06231823847112588,0.0,0,0,0,0,1.2303621481913629e+20,0.0,0.0,0.0930406593302828,7.24914277677548,0.0,9.103668461676146e-05,1.2303621481913629e+20,0.0,0.0,1.0,1.0,0.0,1.0,0,0,0.0,0.0,0.0,0.0,0.0,0.0,0.0,0.0,0.0,1.0,0.0,1.0,0,0,0.0,0.0,0.0,0.0,0.0,0.0,0.0,0.0,0.0,1.0,0.0,1.0,0,0,0.0,0.0,0.0,0.0,0.0,0.0,0.0,0.0,0.0,0.0,0.0,0.0
0.0010289473684210527,production,0.0,23.482560964044314,1131.5853651455702,2.409020275694982e+17,1.5721542283068082,1131.5853651455702,13560000.0,1500.0,0.7543902434303802,3.9866996772942307,67.16614482056208,16.847555687000654,3.162275775501592,0.3,74.02258248257716,0.0,2000000.0,0.0,0.0,0.0,3.8564366795492484,45.13314591162098,-0.0,8.0,0.0,0.0,15.991668923167293,340.0,6.515023668089704e+17,1.579774887937474,792.1097556018991,350.0,15.9155758471756,3.2936013316254267e+21,0.0,0.33333333333333337,1.1576006772456677e-05,74.02258248257716,bohm,0.18,1.0,0.05555555555555556,0.0,0,0,0,0,1.040352478230075e+17,1.5562465499320357,339.47560954367106,340.0,15.991668923167293,3.406681956258016e+21,0.0,1.0,2.8752003714804914e-05,48.11467861367516,bohm,0.4814,1.0,0.06231823847112588,0.0,0,0,0,0,1.23036132015326e+20,0.0,0.0,0.09304000064410309,7.249127511210563,0.0,9.103677404068615e-05,1.23036132015326e+20,0.0,0.0,1.0,1.0,0.0,1.0,0,0,0.0,0.0,0.0,0.0,0.0,0.0,0.0,0.0,0.0,1.0,0.0,1.0,0,0,0.0,0.0,0.0,0.0,0.0,0.0,0.0,0.0,0.0,1.0,0.0,1.0,0,0,0.0,0.0,0.0,0.0,0.0,0.0,0.0,0.0,0.0,0.0,0.0,0.0
0.0010421052631578948,production,0.0,23.482538771520954,1131.5840064196502,2.409029465648218e+17,1.5721592677672143,1131.5840064196502,13560000.0,1500.0,0.7543893376131001,3.9866950818571736,67.1660657854951,16.847555282358407,3.162275775668582,0.3,74.02264919568142,0.0,2000000.0,0.0,0.0,0.0,3.8564388521849726,45.133183673201465,-0.0,8.0,0.0,0.0,15.991539986066986,340.0,6.515063944576568e+17,1.5797816165313714,792.1088044937551,350.0,15.914343883693366,3.2933463866203224e+21,0.0,0.33333333333333337,1.157599564286597e-05,74.02264919568142,bohm,0.18,1.0,0.05555555555555556,0.0,0,0,0,0,1.0403513060054349e+17,1.5562479471329607,339.4752019258951,340.0,15.991539986066986,3.4066544889751945e+21,0.0,1.0,2.8752032819886588e-05,48.11472197719293,bohm,0.4814,1.0,0.06231823847112588,0.0,0,0,0,0,1.2303604861443364e+20,0.0,0.0,0.0930393421443502,7.249112249957188,0.0,9.103686372798624e-05,1.2303604861443364e+20,0.0,0.0,1.0,1.0,0.0,1.0,0,0,0.0,0.0,0.0,0.0,0.0,0.0,0.0,0.0,0.0,1.0,0.0,1.0,0,0,0.0,0.0,0.0,0.0,0.0,0.0,0.0,0.0,0.0,1.0,0.0,1.0,0,0,0.0,0.0,0.0,0.0,0.0,0.0,0.0,0.0,0.0,0.0,0.0,0.0
0.0010552631578947369,production,0.0,23.48251657086835,1131.5826471960215,2.409038650674656e+17,1.5721643081062304,1131.5826471960215,13560000.0,1500.0,0.7543884314640144,3.986690487244577,67.16598674260221,16.847554872268088,3.1622757758355284,0.3,74.02271591387306,0.0,2000000.0,0.0,0.0,0.0,3.856441032766106,45.13322153503446,-0.0,8.0,0.0,0.0,15.991411034999585,340.0,6.515104214210871e+17,1.5797883459829316,792.107853037215,350.0,15.9131119614562,3.2930914501505555e+21,0.0,0.33333333333333337,1.1575984522632243e-05,74.02271591387306,bohm,0.18,1.0,0.05555555555555556,0.0,0,0,0,0,1.040350129495918e+17,1.5562493451556099,339.47479415880645,340.0,15.991411034999585,3.406627018716983e+21,0.0,1.0,2.8752061991805524e-05,48.11476534401749,bohm,0.4814,1.0,0.06231823847112588,0.0,0,0,0,0,1.2303596473912785e+20,0.0,0.0,0.09303868377665292,7.249096991755265,0.0,9.103695362545982e-05,1.2303596473912785e+20,0.0,0.0,1.0,1.0,0.0,1.0,0,0,0.0,0.0,0.0,0.0,0.0,0.0,0.0,0.0,0.0,1.0,0.0,1.0,0,0,0.0,0.0,0.0,0.0,0.0,0.0,0.0,0.0,0.0,1.0,0.0,1.0,0,0,0.0,0.0,0.0,0.0,0.0,0.0,0.0,0.0,0.0,0.0,0.0,0.0
0.001068421052631579,production,0.0,23.482494362083948,1131.5812874745275,2.4090478314722624e+17,1.572169349270881,1131.5812874745275,13560000.0,1500.0,0.7543875249830183,3.9866858934301543,67.16590769165731,16.847554456784053,3.1622757760024327,0.3,74.02278263711145,0.0,2000000.0,0.0,0.0,0.0,3.856443219710065,45.13325947732496,-0.0,8.0,0.0,0.0,15.991282069966214,340.0,6.51514447722282e+17,1.5797950762888857,792.1069012321692,350.0,15.911880080463119,3.2928365222159225e+21,0.0,0.33333333333333337,1.1575973411538823e-05,74.02278263711145,bohm,0.18,1.0,0.05555555555555556,0.0,0,0,0,0,1.04034894955541e+17,1.5562507438557156,339.4743862423582,340.0,15.991282069966214,3.406599545483621e+21,0.0,1.0,2.875209121743003e-05,48.11480871412244,bohm,0.4814,1.0,0.06231823847112588,0.0,0,0,0,0,1.2303588048468887e+20,0.0,0.0,0.09303802549878015,7.2490817356260555,0.0,9.103704369178301e-05,1.2303588048468887e+20,0.0,0.0,1.0,1.0,0.0,1.0,0,0,0.0,0.0,0.0,0.0,0.0,0.0,0.0,0.0,0.0,1.0,0.0,1.0,0,0,0.0,0.0,0.0,0.0,0.0,0.0,0.0,0.0,0.0,1.0,0.0,1.0,0,0,0.0,0.0,0.0,0.0,0.0,0.0,0.0,0.0,0.0,0.0,0.0,0.0
0.001081578947368421,production,0.0,23.482472145165158,1131.5799272550098,2.409057008580457e+17,1.572174391220137,1131.5799272550098,13560000.0,1500.0,0.7543866181700065,3.9866813003947166,67.16582863249407,16.847554035945652,3.1622757761692952,0.3,74.02284936536691,0.0,2000000.0,0.0,0.0,0.0,3.856445411787624,45.13329748469766,-0.0,8.0,0.0,0.0,15.991153090967924,340.0,6.515184733780404e+17,1.579801807446884,792.1059490785068,350.0,15.910648240713131,3.292581602816218e+21,0.0,0.33333333333333337,1.1575962309427685e-05,74.02284936536691,bohm,0.18,1.0,0.05555555555555556,0.0,0,0,0,0,1.0403477668471414e+17,1.5562521431212157,339.47397817650295,340.0,15.991153090967924,3.406572069275332e+21,0.0,1.0,2.8752120486560353e-05,48.114852087488494,bohm,0.4814,1.0,0.06231823847112588,0.0,0,0,0,0,1.2303579592512273e+20,0.0,0.0,0.09303736727793106,7.249066480809382,0.0,9.103713389485847e-05,1.2303579592512273e+20,0.0,0.0,1.0,1.0,0.0,1.0,0,0,0.0,0.0,0.0,0.0,0.0,0.0,0.0,0.0,0.0,1.0,0.0,1.0,0,0,0.0,0.0,0.0,0.0,0.0,0.0,0.0,0.0,0.0,1.0,0.0,1.0,0,0,0.0,0.0,0.0,0.0,0.0,0.0,0.0,0.0,0.0,0.0,0.0,0.0
0.0010947368421052631,production,0.0,23.482449920109413,1131.578566537311,2.4090661824162144e+17,1.5721794339222197,1131.5785665373112,13560000.0,1500.0,0.7543857110248741,3.9866767081242687,67.16574956498994,16.847553609781272,3.162275776336117,0.3,74.02291609861776,0.0,2000000.0,0.0,0.0,0.0,3.856447608044031,45.13333554521037,-0.0,8.0,0.0,0.0,15.991024098005697,340.0,6.515224984006107e+17,1.5798085394552497,792.1049965761177,350.0,15.909416442205222,3.2923266919512324e+21,0.0,0.33333333333333337,1.1575951216183703e-05,74.02291609861776,bohm,0.18,1.0,0.05555555555555556,0.0,0,0,0,0,1.0403465818862502e+17,1.5562535428650637,339.47356996119333,340.0,15.991024098005697,3.406544590092327e+21,0.0,1.0,2.8752149791274187e-05,48.114895464101544,bohm,0.4814,1.0,0.06231823847112588,0.0,0,0,0,0,1.2303571111791026e+20,0.0,0.0,0.0930367090886297,7.249051226714817,0.0,9.103722420975574e-05,1.2303571111791026e+20,0.0,0.0,1.0,1.0,0.0,1.0,0,0,0.0,0.0,0.0,0.0,0.0,0.0,0.0,0.0,0.0,1.0,0.0,1.0,0,0,0.0,0.0,0.0,0.0,0.0,0.0,0.0,0.0,0.0,1.0,0.0,1.0,0,0,0.0,0.0,0.0,0.0,0.0,0.0,0.0,0.0,0.0,0.0,0.0,0.0
0.0011078947368421055,production,0.0,23.482427686914136,1131.5772053212736,2.409075353301915e+17,1.5721844773525222,1131.5772053212736,13560000.0,1500.0,0.7543848035475158,3.9866721166086125,67.1656704890543,16.84755317831126,3.1622757765028977,0.3,74.02298283684824,0.0,2000000.0,0.0,0.0,0.0,3.856449807737731,45.13337364958758,-0.0,8.0,0.0,0.0,15.990895091080471,340.0,6.515265227989134e+17,1.5798152723127972,792.1040437248914,350.0,15.908184684938362,3.2920717896207533e+21,0.0,0.33333333333333337,1.157594013172311e-05,74.02298283684824,bohm,0.18,1.0,0.05555555555555556,0.0,0,0,0,0,1.0403453950728422e+17,1.5562549430196444,339.47316159638206,340.0,15.990895091080471,3.406517107934804e+21,0.0,1.0,2.8752179125418246e-05,48.11493884395136,bohm,0.4814,1.0,0.06231823847112588,0.0,0,0,0,0,1.2303562610769641e+20,0.0,0.0,0.09303605091108978,7.249035972883794,0.0,9.103731461711122e-05,1.2303562610769641e+20,0.0,0.0,1.0,1.0,0.0,1.0,0,0,0.0,0.0,0.0,0.0,0.0,0.0,0.0,0.0,0.0,1.0,0.0,1.0,0,0,0.0,0.0,0.0,0.0,0.0,0.0,0.0,0.0,0.0,1.0,0.0,1.0,0,0,0.0,0.0,0.0,0.0,0.0,0.0,0.0,0.0,0.0,0.0,0.0,0.0
0.0011210526315789475,production,0.0,23.482405445576745,1131.5758436067395,2.409084521486841e+17,1.5721895214919908,1131.5758436067397,13560000.0,1500.0,0.7543838957378265,3.9866675258403257,67.16559140461997,16.84755274155011,3.1622757766696385,0.3,74.02304958004684,0.0,2000000.0,0.0,0.0,0.0,3.8564520102927777,45.13341179062515,-0.0,8.0,0.0,0.0,15.990766070193136,340.0,6.515305465794355e+17,1.5798220060187012,792.1030905247177,350.0,15.906952968911511,3.291816895824564e+21,0.0,0.33333333333333337,1.157592905598509e-05,74.02304958004684,bohm,0.18,1.0,0.05555555555555556,0.0,0,0,0,0,1.04034420671767e+17,1.5562563435324366,339.4727530820219,340.0,15.990766070193136,3.4064896228029534e+21,0.0,1.0,2.875220848421335e-05,48.11498222703045,bohm,0.4814,1.0,0.06231823847112588,0.0,0,0,0,0,1.2303554092915568e+20,0.0,0.0,0.0930353927299444,7.249020718960178,0.0,9.103740510188543e-05,1.2303554092915568e+20,0.0,0.0,1.0,1.0,0.0,1.0,0,0,0.0,0.0,0.0,0.0,0.0,0.0,0.0,0.0,0.0,1.0,0.0,1.0,0,0,0.0,0.0,0.0,0.0,0.0,0.0,0.0,0.0,0.0,1.0,0.0,1.0,0,0,0.0,0.0,0.0,0.0,0.0,0.0,0.0,0.0,0.0,0.0,0.0,0.0
0.0011342105263157896,production,0.0,23.482383196094673,1131.5744813935512,2.4090936871637728e+17,1.5721945663258747,1131.5744813935514,13560000.0,1500.0,0.7543829875957009,3.986662935814018,67.16551231163685,16.847552299508017,3.162275776836339,0.3,74.02311632820525,0.0,2000000.0,0.0,0.0,0.0,3.856454215261861,45.13344996272796,-0.0,8.0,0.0,0.0,15.990637035344552,340.0,6.515345697468849e+17,1.5798287405724005,792.1021369754859,350.0,15.905721294123621,3.291562010562449e+21,0.0,0.33333333333333337,1.157591798892559e-05,74.02311632820525,bohm,0.18,1.0,0.05555555555555556,0.0,0,0,0,0,1.0403430170620806e+17,1.5562577443626446,339.4723444180654,340.0,15.990637035344552,3.4064621346969585e+21,0.0,1.0,2.8752237863947714e-05,48.115025613333415,bohm,0.4814,1.0,0.06231823847112588,0.0,0,0,0,0,1.230354556092178e+20,0.0,0.0,0.0930347345332597,7.249005464667388,0.0,9.103749565239787e-05,1.230354556092178e+20,0.0,0.0,1.0,1.0,0.0,1.0,0,0,0.0,0.0,0.0,0.0,0.0,0.0,0.0,0.0,0.0,1.0,0.0,1.0,0,0,0.0,0.0,0.0,0.0,0.0,0.0,0.0,0.0,0.0,1.0,0.0,1.0,0,0,0.0,0.0,0.0,0.0,0.0,0.0,0.0,0.0,0.0,0.0,0.0,0.0
0.0011473684210526317,production,0.0,23.482360938465327,1131.5731186815506,2.409102850481801e+17,1.5721996118427626,1131.5731186815508,13560000.0,1500.0,0.7543820791210338,3.9866583465257825,67.16543321006732,16.847551852192044,3.1622757770029994,0.3,74.02318308131736,0.0,2000000.0,0.0,0.0,0.0,3.85645642229759,45.13348816155059,-0.0,8.0,0.0,0.0,15.990507986535569,340.0,6.515385923046675e+17,1.579835475973523,792.1011830770855,350.0,15.90448966057365,3.2913071338341914e+21,0.0,0.33333333333333337,1.1575906930512827e-05,74.02318308131736,bohm,0.18,1.0,0.05555555555555556,0.0,0,0,0,0,1.0403418262935098e+17,1.556259145478579,339.4719356044652,340.0,15.990507986535569,3.4064346436169997e+21,0.0,1.0,2.875226726173859e-05,48.11506900285628,bohm,0.4814,1.0,0.06231823847112588,0.0,0,0,0,0,1.2303537016879684e+20,0.0,0.0,0.0930340763117682,7.248990209790644,0.0,9.103758625957697e-05,1.2303537016879684e+20,0.0,0.0,1.0,1.0,0.0,1.0,0,0,0.0,0.0,0.0,0.0,0.0,0.0,0.0,0.0,0.0,1.0,0.0,1.0,0,0,0.0,0.0,0.0,0.0,0.0,0.0,0.0,0.0,0.0,1.0,0.0,1.0,0,0,0.0,0.0,0.0,0.0,0.0,0.0,0.0,0.0,0.0,0.0,0.0,0.0
0.0011605263157894738,production,0.0,23.482338672686133,1131.5717554705798,2.409112011556233e+17,1.5722046580338251,1131.5717554705798,13560000.0,1500.0,0.7543811703137199,3.9866537579727996,67.16535409988296,16.847551399606953,3.16227577716962,0.3,74.02324983937879,0.0,2000000.0,0.0,0.0,0.0,3.8564586311301845,45.13352638371846,-0.0,8.0,0.0,0.0,15.990378923767002,340.0,6.515426142552381e+17,1.5798422122218405,792.1002288294058,350.0,15.903258068260529,3.291052265639571e+21,0.0,0.33333333333333337,1.157589588072399e-05,74.02324983937879,bohm,0.18,1.0,0.05555555555555556,0.0,0,0,0,0,1.0403406345575168e+17,1.5562605468556239,339.4715266411739,340.0,15.990378923767002,3.406407149563251e+21,0.0,1.0,2.8752296675347255e-05,48.11511239559621,bohm,0.4814,1.0,0.06231823847112588,0.0,0,0,0,0,1.2303528462413401e+20,0.0,0.0,0.09303341805827353,7.248974954163155,0.0,9.103767691637774e-05,1.2303528462413401e+20,0.0,0.0,1.0,1.0,0.0,1.0,0,0,0.0,0.0,0.0,0.0,0.0,0.0,0.0,0.0,0.0,1.0,0.0,1.0,0,0,0.0,0.0,0.0,0.0,0.0,0.0,0.0,0.0,0.0,1.0,0.0,1.0,0,0,0.0,0.0,0.0,0.0,0.0,0.0,0.0,0.0,0.0,0.0,0.0,0.0
0.001173684210526316,production,0.0,23.48231639875451,1131.57039176048,2.409121170476238e+17,1.5722097048922414,1131.5703917604803,13560000.0,1500.0,0.7543802611736535,3.9866491701530427,67.165274981062,16.84755094175583,3.162275777336201,0.3,74.02331660238643,0.0,2000000.0,0.0,0.0,0.0,3.856460841550156,45.133564626611054,-0.0,8.0,0.0,0.0,15.99024984703966,340.0,6.515466356003551e+17,1.5798489493172276,792.0992742323361,350.0,15.902026517183204,3.290797405978369e+21,0.0,0.33333333333333337,1.1575884839542833e-05,74.02331660238643,bohm,0.18,1.0,0.05555555555555556,0.0,0,0,0,0,1.0403394419671336e+17,1.5562619484746603,339.4711175281441,340.0,15.99024984703966,3.4063796525358855e+21,0.0,1.0,2.8752326103035226e-05,48.11515579155118,bohm,0.4814,1.0,0.06231823847112588,0.0,0,0,0,0,1.2303519898784103e+20,0.0,0.0,0.0930327597671884,7.248959697655437,0.0,9.103776761732944e-05,1.2303519898784103e+20,0.0,0.0,1.0,1.0,0.0,1.0,0,0,0.0,0.0,0.0,0.0,0.0,0.0,0.0,0.0,0.0,1.0,0.0,1.0,0,0,0.0,0.0,0.0,0.0,0.0,0.0,0.0,0.0,0.0,1.0,0.0,1.0,0,0,0.0,0.0,0.0,0.0,0.0,0.0,0.0,0.0,0.0,0.0,0.0,0.0
0.001186842105263158,production,0.0,23.482294116667877,1131.5690275510947,2.409130327310763e+17,1.5722147524127428,1131.5690275510947,13560000.0,1500.0,0.7543793517007298,3.9866445830650665,67.16519585358758,16.84755047864054,3.162275777502742,0.3,74.02338337033802,0.0,2000000.0,0.0,0.0,0.0,3.8564630533948425,45.13360288819362,-0.0,8.0,0.0,0.0,15.99012075635434,340.0,6.515506563412677e+17,1.5798556872596328,792.0983192857663,350.0,15.900795007340617,3.2905425548503674e+21,0.0,0.33333333333333337,1.1575873806957904e-05,74.02338337033802,bohm,0.18,1.0,0.05555555555555556,0.0,0,0,0,0,1.0403382486101246e+17,1.556263350320834,339.47070826532837,340.0,15.99012075635434,3.4063521525350715e+21,0.0,1.0,2.8752355543452574e-05,48.115199190719714,bohm,0.4814,1.0,0.06231823847112588,0.0,0,0,0,0,1.2303511326970996e+20,0.0,0.0,0.09303210143417497,7.248944440166953,0.0,9.103785835818405e-05,1.2303511326970996e+20,0.0,0.0,1.0,1.0,0.0,1.0,0,0,0.0,0.0,0.0,0.0,0.0,0.0,0.0,0.0,0.0,1.0,0.0,1.0,0,0,0.0,0.0,0.0,0.0,0.0,0.0,0.0,0.0,0.0,1.0,0.0,1.0,0,0,0.0,0.0,0.0,0.0,0.0,0.0,0.0,0.0,0.0,0.0,0.0,0.0
0.0012000000000000001,production,0.0,23.482271826423652,1131.5676628422643,2.409139482113106e+17,1.5722198005912666,1131.5676628422643,13560000.0,1500.0,0.7543784418948429,3.9866399967078507,67.16511671744638,16.847550010262033,3.1622757776692434,0.3,74.02345014323194,0.0,2000000.0,0.0,0.0,0.0,3.856465266537958,45.1336411668863,-0.0,8.0,0.0,0.0,15.989991651711831,340.0,6.515546764788536e+17,1.579862426049059,792.097363989585,350.0,15.899563538731707,3.290287712255345e+21,0.0,0.33333333333333337,1.1575862782961254e-05,74.02345014323194,bohm,0.18,1.0,0.05555555555555556,0.0,0,0,0,0,1.0403370545546298e+17,1.5562647523826105,339.47029885267926,340.0,15.989991651711831,3.406324649560978e+21,0.0,1.0,2.87523849955512e-05,48.11524259310076,bohm,0.4814,1.0,0.06231823847112588,0.0,0,0,0,0,1.230350274773432e+20,0.0,0.0,0.09303144305586618,7.248929181619666,0.0,9.103794913564339e-05,1.230350274773432e+20,0.0,0.0,1.0,1.0,0.0,1.0,0,0,0.0,0.0,0.0,0.0,0.0,0.0,0.0,0.0,0.0,1.0,0.0,1.0,0,0,0.0,0.0,0.0,0.0,0.0,0.0,0.0,0.0,0.0,1.0,0.0,1.0,0,0,0.0,0.0,0.0,0.0,0.0,0.0,0.0,0.0,0.0,0.0,0.0,0.0
0.0012131578947368422,production,0.0,23.482249528019246,1131.5662976338315,2.409148634924452e+17,1.5722248494246847,1131.5662976338315,13560000.0,1500.0,0.7543775317558876,3.9866354110806848,67.16503757262775,16.847549536620622,3.162275777835705,0.3,74.02351692106708,0.0,2000000.0,0.0,0.0,0.0,3.8564674808814687,45.13367946146272,-0.0,8.0,0.0,0.0,15.98986253311291,340.0,6.515586960137178e+17,1.5798691656855524,792.096408343682,350.0,15.898332111355401,3.290032878193082e+21,0.0,0.33333333333333337,1.1575851767547509e-05,74.02351692106708,bohm,0.18,1.0,0.05555555555555556,0.0,0,0,0,0,1.0403358598535434e+17,1.5562661546510284,339.4698892901494,340.0,15.98986253311291,3.4062971436137704e+21,0.0,1.0,2.8752414458517445e-05,48.11528599869361,bohm,0.4814,1.0,0.06231823847112588,0.0,0,0,0,0,1.2303494161664192e+20,0.0,0.0,0.09303078462964892,7.24891392195301,0.0,9.1038039947147e-05,1.2303494161664192e+20,0.0,0.0,1.0,1.0,0.0,1.0,0,0,0.0,0.0,0.0,0.0,0.0,0.0,0.0,0.0,0.0,1.0,0.0,1.0,0,0,0.0,0.0,0.0,0.0,0.0,0.0,0.0,0.0,0.0,1.0,0.0,1.0,0,0,0.0,0.0,0.0,0.0,0.0,0.0,0.0,0.0,0.0,0.0,0.0,0.0
0.0012263157894736843,production,0.0,23.482227221452085,1131.5649319256377,2.4091577857766038e+17,1.5722298989105936,1131.564931925638,13560000.0,1500.0,0.7543766212837586,3.9866308261830863,67.16495841912294,16.847549057716133,3.162275778002127,0.3,74.02358370384272,0.0,2000000.0,0.0,0.0,0.0,3.85646969634929,45.13371777097096,-0.0,8.0,0.0,0.0,15.989733400558352,340.0,6.515627149462659e+17,1.579875906169187,792.0954523479464,350.0,15.897100725210652,3.2897780526633593e+21,0.0,0.33333333333333337,1.1575840760713174e-05,74.02358370384272,bohm,0.18,1.0,0.05555555555555556,0.0,0,0,0,0,1.040334664547919e+17,1.5562675571191258,339.46947957769135,340.0,15.989733400558352,3.406269634693614e+21,0.0,1.0,2.8752443931719752e-05,48.11532940749777,bohm,0.4814,1.0,0.06231823847112588,0.0,0,0,0,0,1.2303485569218596e+20,0.0,0.0,0.09303012615349579,7.2488986611199975,0.0,9.103813079070748e-05,1.2303485569218596e+20,0.0,0.0,1.0,1.0,0.0,1.0,0,0,0.0,0.0,0.0,0.0,0.0,0.0,0.0,0.0,0.0,1.0,0.0,1.0,0,0,0.0,0.0,0.0,0.0,0.0,0.0,0.0,0.0,0.0,1.0,0.0,1.0,0,0,0.0,0.0,0.0,0.0,0.0,0.0,0.0,0.0,0.0,0.0,0.0,0.0
0.0012394736842105264,production,0.0,23.482204906719574,1131.563565717525,2.409166934694105e+17,1.5722349490471523,1131.563565717525,13560000.0,1500.0,0.7543757104783501,3.9866262420147383,67.16487925692455,16.847548573548032,3.162275778168509,0.3,74.02365049155829,0.0,2000000.0,0.0,0.0,0.0,3.8564719128823852,45.13375609467242,-0.0,8.0,0.0,0.0,15.989604254048936,340.0,6.515667332767584e+17,1.579882647500056,792.0944960022675,350.0,15.895869380296386,3.2895232356659563e+21,0.0,0.33333333333333337,1.1575829762456112e-05,74.02365049155829,bohm,0.18,1.0,0.05555555555555556,0.0,0,0,0,0,1.0403334686696117e+17,1.556268959781498,339.4690697152575,340.0,15.989604254048936,3.4062421228006744e+21,0.0,1.0,2.8752473414668045e-05,48.115372819512885,bohm,0.4814,1.0,0.06231823847112588,0.0,0,0,0,0,1.2303476970752885e+20,0.0,0.0,0.09302946762583429,7.248883399084184,0.0,9.103822166478267e-05,1.2303476970752885e+20,0.0,0.0,1.0,1.0,0.0,1.0,0,0,0.0,0.0,0.0,0.0,0.0,0.0,0.0,0.0,0.0,1.0,0.0,1.0,0,0,0.0,0.0,0.0,0.0,0.0,0.0,0.0,0.0,0.0,1.0,0.0,1.0,0,0,0.0,0.0,0.0,0.0,0.0,0.0,0.0,0.0,0.0,0.0,0.0,0.0
0.0012526315789473685,production,0.0,23.48218258381914,1131.562199009335,2.409176081695873e+17,1.5722399998329561,1131.562199009335,13560000.0,1500.0,0.7543747993395566,3.9866216585754457,67.16480008602628,16.84754808411554,3.162275778334852,0.3,74.02371728421349,0.0,2000000.0,0.0,0.0,0.0,3.8564741304349592,45.133794431994026,-0.0,8.0,0.0,0.0,15.989475093585426,340.0,6.515707510053495e+17,1.5798893896782722,792.0935393065345,350.0,15.894638076611539,3.289268427200652e+21,0.0,0.33333333333333337,1.1575818772775201e-05,74.02371728421349,bohm,0.18,1.0,0.05555555555555556,0.0,0,0,0,0,1.0403322722433325e+17,1.5562703626339423,339.4686597028005,340.0,15.989475093585426,3.4062146079351143e+21,0.0,1.0,2.875250290698208e-05,48.11541623473877,bohm,0.4814,1.0,0.06231823847112588,0.0,0,0,0,0,1.2303468366542681e+20,0.0,0.0,0.09302880904544523,7.248868135817311,0.0,9.103831256817605e-05,1.2303468366542681e+20,0.0,0.0,1.0,1.0,0.0,1.0,0,0,0.0,0.0,0.0,0.0,0.0,0.0,0.0,0.0,0.0,1.0,0.0,1.0,0,0,0.0,0.0,0.0,0.0,0.0,0.0,0.0,0.0,0.0,1.0,0.0,1.0,0,0,0.0,0.0,0.0,0.0,0.0,0.0,0.0,0.0,0.0,0.0,0.0,0.0
0.0012657894736842106,production,0.0,23.482160252748184,1131.5608318009092,2.4091852267964688e+17,1.5722450512669384,1131.5608318009092,13560000.0,1500.0,0.7543738878672729,3.9866170758651016,67.16472090642246,16.847547589417683,3.1622757785011544,0.3,74.02378408180816,0.0,2000000.0,0.0,0.0,0.0,3.856476348971501,45.13383278249141,-0.0,8.0,0.0,0.0,15.989345919168596,340.0,6.515747681321148e+17,1.5798961327039591,792.0925822606364,350.0,15.893406814155052,3.289013627267228e+21,0.0,0.33333333333333337,1.1575807791670053e-05,74.02378408180816,bohm,0.18,1.0,0.05555555555555556,0.0,0,0,0,0,1.0403310752882424e+17,1.5562717656731984,339.4682495402728,340.0,15.989345919168596,3.406187090097098e+21,0.0,1.0,2.875253240836699e-05,48.11545965317531,bohm,0.4814,1.0,0.06231823847112588,0.0,0,0,0,0,1.230345975680169e+20,0.0,0.0,0.09302815041138394,7.24885287129748,0.0,9.103840349995969e-05,1.230345975680169e+20,0.0,0.0,1.0,1.0,0.0,1.0,0,0,0.0,0.0,0.0,0.0,0.0,0.0,0.0,0.0,0.0,1.0,0.0,1.0,0,0,0.0,0.0,0.0,0.0,0.0,0.0,0.0,0.0,0.0,1.0,0.0,1.0,0,0,0.0,0.0,0.0,0.0,0.0,0.0,0.0,0.0,0.0,0.0,0.0,0.0
0.0012789473684210527,production,0.0,23.482137913504133,1131.5594640920895,2.409194370007078e+17,1.5722501033482952,1131.5594640920897,13560000.0,1500.0,0.7543729760613932,3.9866124938836656,67.16464171810813,16.847547089453354,3.1622757786674183,0.3,74.0238508843422,0.0,2000000.0,0.0,0.0,0.0,3.8564785684644916,45.13387114582017,-0.0,8.0,0.0,0.0,15.9892167307992,340.0,6.515787846570737e+17,1.5799028765772463,792.0916248644627,350.0,15.89217559292585,3.288758835865462e+21,0.0,0.33333333333333337,1.1575796819140812e-05,74.0238508843422,bohm,0.18,1.0,0.05555555555555556,0.0,0,0,0,0,1.0403298778191917e+17,1.5562731688967324,339.4678392276269,340.0,15.9892167307992,3.4061595692867885e+21,0.0,1.0,2.8752561918594224e-05,48.11550307482243,bohm,0.4814,1.0,0.06231823847112588,0.0,0,0,0,0,1.2303451141695513e+20,0.0,0.0,0.09302749172291903,7.24883760550774,0.0,9.103849445941444e-05,1.2303451141695513e+20,0.0,0.0,1.0,1.0,0.0,1.0,0,0,0.0,0.0,0.0,0.0,0.0,0.0,0.0,0.0,0.0,1.0,0.0,1.0,0,0,0.0,0.0,0.0,0.0,0.0,0.0,0.0,0.0,0.0,1.0,0.0,1.0,0,0,0.0,0.0,0.0,0.0,0.0,0.0,0.0,0.0,0.0,0.0,0.0,0.0
0.001292105263157895,production,0.0,23.482115566084392,1131.558095882718,2.4092035113362694e+17,1.5722551560764264,1131.558095882718,13560000.0,1500.0,0.7543720639218119,3.986607912631143,67.16456252107857,16.847546584221337,3.162275778833642,0.3,74.02391769181561,0.0,2000000.0,0.0,0.0,0.0,3.8564807888926165,45.133909521713456,-0.0,8.0,0.0,0.0,15.989087528478008,340.0,6.515828005802031e+17,1.5799096212982717,792.0906671179025,350.0,15.89094441292288,3.2885040529951346e+21,0.0,0.33333333333333337,1.157578585518802e-05,74.02391769181561,bohm,0.18,1.0,0.05555555555555556,0.0,0,0,0,0,1.0403286798476826e+17,1.5562745723025753,339.46742876481534,340.0,15.989087528478008,3.406132045504347e+21,0.0,1.0,2.875259143748667e-05,48.11554649968015,bohm,0.4814,1.0,0.06231823847112588,0.0,0,0,0,0,1.2303442521352382e+20,0.0,0.0,0.09302683297948454,7.248822338434973,0.0,9.103858544598302e-05,1.2303442521352382e+20,0.0,0.0,1.0,1.0,0.0,1.0,0,0,0.0,0.0,0.0,0.0,0.0,0.0,0.0,0.0,0.0,1.0,0.0,1.0,0,0,0.0,0.0,0.0,0.0,0.0,0.0,0.0,0.0,0.0,1.0,0.0,1.0,0,0,0.0,0.0,0.0,0.0,0.0,0.0,0.0,0.0,0.0,0.0,0.0,0.0
0.001305263157894737,production,0.0,23.48209321048637,1131.556727172635,2.4092126507905885e+17,1.5722602094508888,1131.556727172635,13560000.0,1500.0,0.7543711514484234,3.9866033321075744,67.16448331532945,16.847546073720356,3.162275778999826,0.3,74.02398450422842,0.0,2000000.0,0.0,0.0,0.0,3.856483010239383,45.13394790996479,-0.0,8.0,0.0,0.0,15.988958312205776,340.0,6.515868159014505e+17,1.5799163668671772,792.0897090208445,350.0,15.88971327414507,3.288249278656025e+21,0.0,0.33333333333333337,1.1575774899812501e-05,74.02398450422842,bohm,0.18,1.0,0.05555555555555556,0.0,0,0,0,0,1.0403274813826162e+17,1.5562759758891989,339.46701815179046,340.0,15.988958312205776,3.406104518749936e+21,0.0,1.0,2.8752620964907263e-05,48.11558992774847,bohm,0.4814,1.0,0.06231823847112588,0.0,0,0,0,0,1.2303433895871517e+20,0.0,0.0,0.09302617418064323,7.248807070069039,0.0,9.103867645923412e-05,1.2303433895871517e+20,0.0,0.0,1.0,1.0,0.0,1.0,0,0,0.0,0.0,0.0,0.0,0.0,0.0,0.0,0.0,0.0,1.0,0.0,1.0,0,0,0.0,0.0,0.0,0.0,0.0,0.0,0.0,0.0,0.0,1.0,0.0,1.0,0,0,0.0,0.0,0.0,0.0,0.0,0.0,0.0,0.0,0.0,0.0,0.0,0.0
0.0013184210526315792,production,0.0,23.48207084670749,1131.555357961683,2.4092217883750045e+17,1.5722652634713639,1131.555357961683,13560000.0,1500.0,0.7543702386411221,3.9865987523130273,67.16440410085663,16.847545557949065,3.162275779165971,0.3,74.02405132158074,0.0,2000000.0,0.0,0.0,0.0,3.856485232492043,45.133986310414464,-0.0,8.0,0.0,0.0,15.988829081983267,340.0,6.515908306207398e+17,1.5799231132841087,792.0887505731781,350.0,15.88848217659136,3.287994512847914e+21,0.0,0.33333333333333337,1.1575763953015298e-05,74.02405132158074,bohm,0.18,1.0,0.05555555555555556,0.0,0,0,0,0,1.0403262824308728e+17,1.5562773796554148,339.4666073885049,340.0,15.988829081983267,3.4060769890237185e+21,0.0,1.0,2.8752650500749988e-05,48.115633359027484,bohm,0.4814,1.0,0.06231823847112588,0.0,0,0,0,0,1.2303425265329578e+20,0.0,0.0,0.0930255153260578,7.248791800402124,0.0,9.103876749883413e-05,1.2303425265329578e+20,0.0,0.0,1.0,1.0,0.0,1.0,0,0,0.0,0.0,0.0,0.0,0.0,0.0,0.0,0.0,0.0,1.0,0.0,1.0,0,0,0.0,0.0,0.0,0.0,0.0,0.0,0.0,0.0,0.0,1.0,0.0,1.0,0,0,0.0,0.0,0.0,0.0,0.0,0.0,0.0,0.0,0.0,0.0,0.0,0.0
0.0013315789473684213,production,0.0,23.482048474745156,1131.5539882497035,2.4092309240932723e+17,1.572270318137627,1131.5539882497035,13560000.0,1500.0,0.7543693254998023,3.9865941732475854,67.1643248776561,16.84754503690609,3.1622757793320764,0.3,74.02411814387268,0.0,2000000.0,0.0,0.0,0.0,3.8564874556407553,45.134024722939195,-0.0,8.0,0.0,0.0,15.988699837811248,340.0,6.515948447379798e+17,1.5799298605492131,792.0877917747924,350.0,15.887251120260682,3.28773975557058e+21,0.0,0.33333333333333337,1.1575753014797596e-05,74.02411814387268,bohm,0.18,1.0,0.05555555555555556,0.0,0,0,0,0,1.0403250829977642e+17,1.5562787836003005,339.46619647491104,340.0,15.988699837811248,3.406049456325857e+21,0.0,1.0,2.8752680044932965e-05,48.115676793517245,bohm,0.4814,1.0,0.06231823847112588,0.0,0,0,0,0,1.2303416629785728e+20,0.0,0.0,0.09302485641546855,7.2487765294282065,0.0,9.103885856452547e-05,1.2303416629785728e+20,0.0,0.0,1.0,1.0,0.0,1.0,0,0,0.0,0.0,0.0,0.0,0.0,0.0,0.0,0.0,0.0,1.0,0.0,1.0,0,0,0.0,0.0,0.0,0.0,0.0,0.0,0.0,0.0,0.0,1.0,0.0,1.0,0,0,0.0,0.0,0.0,0.0,0.0,0.0,0.0,0.0,0.0,0.0,0.0,0.0
0.0013447368421052634,production,0.0,23.48202609459678,1131.5526180365375,2.409240057948203e+17,1.572275373449527,1131.5526180365375,13560000.0,1500.0,0.7543684120243583,3.986589594911349,67.16424564572401,16.847544510590026,3.1622757794981413,0.3,74.02418497110438,0.0,2000000.0,0.0,0.0,0.0,3.8564896796779404,45.134063147443975,-0.0,8.0,0.0,0.0,15.988570579690473,340.0,6.515988582530664e+17,1.5799366086626414,792.0868326255762,350.0,15.886020105151976,3.2874850068238046e+21,0.0,0.33333333333333337,1.1575742085160706e-05,74.02418497110438,bohm,0.18,1.0,0.05555555555555556,0.0,0,0,0,0,1.0403238830873826e+17,1.5562801877231405,339.46578541096125,340.0,15.988570579690473,3.406021920656511e+21,0.0,1.0,2.8752709597393077e-05,48.11572023121784,bohm,0.4814,1.0,0.06231823847112588,0.0,0,0,0,0,1.2303407989285521e+20,0.0,0.0,0.09302419744867609,7.248761257142657,0.0,9.103894965610953e-05,1.2303407989285521e+20,0.0,0.0,1.0,1.0,0.0,1.0,0,0,0.0,0.0,0.0,0.0,0.0,0.0,0.0,0.0,0.0,1.0,0.0,1.0,0,0,0.0,0.0,0.0,0.0,0.0,0.0,0.0,0.0,0.0,1.0,0.0,1.0,0,0,0.0,0.0,0.0,0.0,0.0,0.0,0.0,0.0,0.0,0.0,0.0,0.0
0.0013578947368421055,production,0.0,23.482003706259768,1131.5512473220267,2.409249189941874e+17,1.5722804294069705,1131.5512473220267,13560000.0,1500.0,0.7543674982146844,3.9865850173044244,67.16416640505653,16.84754397899944,3.162275779664167,0.3,74.02425180327594,0.0,2000000.0,0.0,0.0,0.0,3.8564919045977706,45.13410158385568,-0.0,8.0,0.0,0.0,15.9884413076217,340.0,6.516028711658874e+17,1.5799433576245427,792.0858731254186,350.0,15.884789131264181,3.287230266607367e+21,0.0,0.33333333333333337,1.1575731164106008e-05,74.02425180327594,bohm,0.18,1.0,0.05555555555555556,0.0,0,0,0,0,1.040322682702874e+17,1.5562815920233777,339.465374196608,340.0,15.9884413076217,3.4059943820158446e+21,0.0,1.0,2.875273915808175e-05,48.11576367212937,bohm,0.4814,1.0,0.06231823847112588,0.0,0,0,0,0,1.230339934386395e+20,0.0,0.0,0.09302353842552778,7.248745983541941,0.0,9.10390407734335e-05,1.230339934386395e+20,0.0,0.0,1.0,1.0,0.0,1.0,0,0,0.0,0.0,0.0,0.0,0.0,0.0,0.0,0.0,0.0,1.0,0.0,1.0,0,0,0.0,0.0,0.0,0.0,0.0,0.0,0.0,0.0,0.0,1.0,0.0,1.0,0,0,0.0,0.0,0.0,0.0,0.0,0.0,0.0,0.0,0.0,0.0,0.0,0.0
0.0013710526315789476,production,0.0,23.481981309731538,1131.5498761060126,2.409258320075796e+17,1.5722854860099098,1131.5498761060126,13560000.0,1500.0,0.754366584070675,3.9865804404269287,67.16408715564997,16.847543442132892,3.162275779830154,0.3,74.02431864038759,0.0,2000000.0,0.0,0.0,0.0,3.8564941303957854,45.13414003211829,-0.0,8.0,0.0,0.0,15.988312021605692,340.0,6.516068834763241e+17,1.57995010743507,792.0849132742087,350.0,15.883558198596226,3.286975534921046e+21,0.0,0.33333333333333337,1.157572025163495e-05,74.02431864038759,bohm,0.18,1.0,0.05555555555555556,0.0,0,0,0,0,1.040321481846648e+17,1.5562829965005793,339.46496283180375,340.0,15.988312021605692,3.4059668404040185e+21,0.0,1.0,2.8752768726961723e-05,48.115807116251936,bohm,0.4814,1.0,0.06231823847112588,0.0,0,0,0,0,1.2303390693547801e+20,0.0,0.0,0.0930228793459074,7.248730708623362,0.0,9.103913191638018e-05,1.2303390693547801e+20,0.0,0.0,1.0,1.0,0.0,1.0,0,0,0.0,0.0,0.0,0.0,0.0,0.0,0.0,0.0,0.0,1.0,0.0,1.0,0,0,0.0,0.0,0.0,0.0,0.0,0.0,0.0,0.0,0.0,1.0,0.0,1.0,0,0,0.0,0.0,0.0,0.0,0.0,0.0,0.0,0.0,0.0,0.0,0.0,0.0
0.0013842105263157896,production,0.0,23.481958905009492,1131.5485043883364,2.4092674483510394e+17,1.5722905432583294,1131.5485043883364,13560000.0,1500.0,0.7543656695922242,3.9865758642789832,67.16400789750061,16.847542899988927,3.1622757799961003,0.3,74.02438548243947,0.0,2000000.0,0.0,0.0,0.0,3.85649635706858,45.13417849218901,-0.0,8.0,0.0,0.0,15.9881827216432,340.0,6.516108951842527e+17,1.5799568580943748,792.0839530718354,350.0,15.88232730714705,3.286720811764622e+21,0.0,0.33333333333333337,1.1575709347749027e-05,74.02438548243947,bohm,0.18,1.0,0.05555555555555556,0.0,0,0,0,0,1.0403202805205438e+17,1.5562844011544108,339.4645513165009,340.0,15.9881827216432,3.405939295821194e+21,0.0,1.0,2.875279830400454e-05,48.11585056358566,bohm,0.4814,1.0,0.06231823847112588,0.0,0,0,0,0,1.230338203835748e+20,0.0,0.0,0.09302222020972706,7.248715432384881,0.0,9.103922308486008e-05,1.230338203835748e+20,0.0,0.0,1.0,1.0,0.0,1.0,0,0,0.0,0.0,0.0,0.0,0.0,0.0,0.0,0.0,0.0,1.0,0.0,1.0,0,0,0.0,0.0,0.0,0.0,0.0,0.0,0.0,0.0,0.0,1.0,0.0,1.0,0,0,0.0,0.0,0.0,0.0,0.0,0.0,0.0,0.0,0.0,0.0,0.0,0.0
0.0013973684210526317,production,0.0,23.48193649209104,1131.5471321688392,2.4092765747683328e+17,1.5722956011522433,1131.5471321688392,13560000.0,1500.0,0.7543647547792262,3.9865712888607128,67.16392863060477,16.847542352566073,3.1622757801620076,0.3,74.02445232943177,0.0,2000000.0,0.0,0.0,0.0,3.856498584613572,45.134216964035346,-0.0,8.0,0.0,0.0,15.988053407734995,340.0,6.516149062895462e+17,1.5799636096026126,792.0829925181874,350.0,15.881096456915595,3.2864660971378767e+21,0.0,0.33333333333333337,1.1575698452449767e-05,74.02445232943177,bohm,0.18,1.0,0.05555555555555556,0.0,0,0,0,0,1.0403190787259566e+17,1.5562858059846103,339.46413965065176,340.0,15.988053407734995,3.405911748267533e+21,0.0,1.0,2.8752827889188548e-05,48.11589401413065,bohm,0.4814,1.0,0.06231823847112588,0.0,0,0,0,0,1.2303373378308443e+20,0.0,0.0,0.09302156101692065,7.248700154824959,0.0,9.103931427880501e-05,1.2303373378308443e+20,0.0,0.0,1.0,1.0,0.0,1.0,0,0,0.0,0.0,0.0,0.0,0.0,0.0,0.0,0.0,0.0,1.0,0.0,1.0,0,0,0.0,0.0,0.0,0.0,0.0,0.0,0.0,0.0,0.0,1.0,0.0,1.0,0,0,0.0,0.0,0.0,0.0,0.0,0.0,0.0,0.0,0.0,0.0,0.0,0.0
0.0014105263157894738,production,0.0,23.48191407097359,1131.5457594473628,2.4092856993281405e+17,1.5723006596916833,1131.5457594473628,13560000.0,1500.0,0.7543638396315752,3.9865667141722456,67.16384935495888,16.84754179986287,3.1622757803278754,0.3,74.02451918136465,0.0,2000000.0,0.0,0.0,0.0,3.856500813028822,45.13425544763278,-0.0,8.0,0.0,0.0,15.987924079881822,340.0,6.516189167920754e+17,1.5799703619599335,792.082031613154,350.0,15.879865647900786,3.2862113910405873e+21,0.0,0.33333333333333337,1.1575687565738704e-05,74.02451918136465,bohm,0.18,1.0,0.05555555555555556,0.0,0,0,0,0,1.0403178764639362e+17,1.5562872109909758,339.46372783420884,340.0,15.987924079881822,3.405884197743197e+21,0.0,1.0,2.8752857482497407e-05,48.11593746788703,bohm,0.4814,1.0,0.06231823847112588,0.0,0,0,0,0,1.2303364713412302e+20,0.0,0.0,0.09302090176743921,7.248684875942465,0.0,9.103940549816367e-05,1.2303364713412302e+20,0.0,0.0,1.0,1.0,0.0,1.0,0,0,0.0,0.0,0.0,0.0,0.0,0.0,0.0,0.0,0.0,1.0,0.0,1.0,0,0,0.0,0.0,0.0,0.0,0.0,0.0,0.0,0.0,0.0,1.0,0.0,1.0,0,0,0.0,0.0,0.0,0.0,0.0,0.0,0.0,0.0,0.0,0.0,0.0,0.0
0.001423684210526316,production,0.0,23.481891641654546,1131.5443862237478,2.4092948220307216e+17,1.572305718876699,1131.5443862237478,13560000.0,1500.0,0.7543629241491652,3.986562140213712,67.16377007055928,16.847541241877835,3.1622757804937036,0.3,74.0245860382383,0.0,2000000.0,0.0,0.0,0.0,3.856503042312881,45.134293942963026,-0.0,8.0,0.0,0.0,15.987794738084451,340.0,6.516229266917089e+17,1.579977115166493,792.0810703566234,350.0,15.878634880101567,3.285956693472535e+21,0.0,0.33333333333333337,1.1575676687617409e-05,74.0245860382383,bohm,0.18,1.0,0.05555555555555556,0.0,0,0,0,0,1.0403166737352656e+17,1.5562886161733498,339.4633158671243,340.0,15.987794738084451,3.4058566442483487e+21,0.0,1.0,2.8752887083918886e-05,48.115980924854895,bohm,0.4814,1.0,0.06231823847112588,0.0,0,0,0,0,1.2303356043677678e+20,0.0,0.0,0.09302024246124711,7.248669595736568,0.0,9.103949674289762e-05,1.2303356043677678e+20,0.0,0.0,1.0,1.0,0.0,1.0,0,0,0.0,0.0,0.0,0.0,0.0,0.0,0.0,0.0,0.0,1.0,0.0,1.0,0,0,0.0,0.0,0.0,0.0,0.0,0.0,0.0,0.0,0.0,1.0,0.0,1.0,0,0,0.0,0.0,0.0,0.0,0.0,0.0,0.0,0.0,0.0,0.0,0.0,0.0
0.001436842105263158,production,0.0,23.481869204131318,1131.5430124978357,2.409303942876174e+17,1.5723107787073543,1131.543012497836,13560000.0,1500.0,0.7543620083318906,3.986557566985243,67.16369077740238,16.847540678609494,3.162275780659492,0.3,74.0246529000529,0.0,2000000.0,0.0,0.0,0.0,3.8565052724646907,45.13433245001259,-0.0,8.0,0.0,0.0,15.98766538234364,340.0,6.516269359883139e+17,1.5799838692224455,792.080108748485,350.0,15.87740415351688,3.2857020044335005e+21,0.0,0.33333333333333337,1.1575665818087466e-05,74.0246529000529,bohm,0.18,1.0,0.05555555555555556,0.0,0,0,0,0,1.040315470540519e+17,1.55629002153161,339.46290374935074,340.0,15.98766538234364,3.405829087783149e+21,0.0,1.0,2.875291669344397e-05,48.116024385034386,bohm,0.4814,1.0,0.06231823847112588,0.0,0,0,0,0,1.230334736911087e+20,0.0,0.0,0.09301958309831883,7.2486543142066715,0.0,9.103958801297846e-05,1.230334736911087e+20,0.0,0.0,1.0,1.0,0.0,1.0,0,0,0.0,0.0,0.0,0.0,0.0,0.0,0.0,0.0,0.0,1.0,0.0,1.0,0,0,0.0,0.0,0.0,0.0,0.0,0.0,0.0,0.0,0.0,1.0,0.0,1.0,0,0,0.0,0.0,0.0,0.0,0.0,0.0,0.0,0.0,0.0,0.0,0.0,0.0
0.0014500000000000001,production,0.0,23.48184675840131,1131.5416382694682,2.409313061864473e+17,1.572315839183721,1131.5416382694682,13560000.0,1500.0,0.7543610921796454,3.986552994486972,67.16361147548457,16.847540110056364,3.162275780825241,0.3,74.02471976680869,0.0,2000000.0,0.0,0.0,0.0,3.8565075034834906,45.134370968771776,-0.0,8.0,0.0,0.0,15.987536012660131,340.0,6.516309446817564e+17,1.5799906241279464,792.0791467886277,350.0,15.876173468145659,3.285447323923264e+21,0.0,0.33333333333333337,1.1575654957150469e-05,74.02471976680869,bohm,0.18,1.0,0.05555555555555556,0.0,0,0,0,0,1.0403142668801091e+17,1.5562914270656623,339.46249148084047,340.0,15.987536012660131,3.4058015283477574e+21,0.0,1.0,2.8752946311066127e-05,48.11606784842565,bohm,0.4814,1.0,0.06231823847112588,0.0,0,0,0,0,1.2303338689716376e+20,0.0,0.0,0.09301892367863694,7.248639031352376,0.0,9.103967930838571e-05,1.2303338689716376e+20,0.0,0.0,1.0,1.0,0.0,1.0,0,0,0.0,0.0,0.0,0.0,0.0,0.0,0.0,0.0,0.0,1.0,0.0,1.0,0,0,0.0,0.0,0.0,0.0,0.0,0.0,0.0,0.0,0.0,1.0,0.0,1.0,0,0,0.0,0.0,0.0,0.0,0.0,0.0,0.0,0.0,0.0,0.0,0.0,0.0
0.0014631578947368422,production,0.0,23.481824304461927,1131.5402635384853,2.409322178995499e+17,1.572320900305876,1131.5402635384855,13560000.0,1500.0,0.7543601756923237,3.9865484227190326,67.16353216480226,16.84753953621696,3.1622757809909503,0.3,74.02478663850577,0.0,2000000.0,0.0,0.0,0.0,3.8565097353687516,45.13440949923371,-0.0,8.0,0.0,0.0,15.987406629034696,340.0,6.516349527719025e+17,1.5799973798831464,792.0781844769398,350.0,15.874942823986839,3.285192651941605e+21,0.0,0.33333333333333337,1.1575644104807988e-05,74.02478663850577,bohm,0.18,1.0,0.05555555555555556,0.0,0,0,0,0,1.0403130627543238e+17,1.556292832775432,339.46207906154564,340.0,15.987406629034696,3.4057739659423373e+21,0.0,1.0,2.875297593678073e-05,48.11611131502875,bohm,0.4814,1.0,0.06231823847112588,0.0,0,0,0,0,1.2303330005497296e+20,0.0,0.0,0.09301826420219014,7.24862374717341,0.0,9.103977062910486e-05,1.2303330005497296e+20,0.0,0.0,1.0,1.0,0.0,1.0,0,0,0.0,0.0,0.0,0.0,0.0,0.0,0.0,0.0,0.0,1.0,0.0,1.0,0,0,0.0,0.0,0.0,0.0,0.0,0.0,0.0,0.0,0.0,1.0,0.0,1.0,0,0,0.0,0.0,0.0,0.0,0.0,0.0,0.0,0.0,0.0,0.0,0.0,0.0
0.0014763157894736843,production,0.0,23.48180184231057,1131.538888304729,2.4093312942690576e+17,1.5723259620739078,1131.538888304729,13560000.0,1500.0,0.7543592588698194,3.986543851681559,67.16345284535187,16.847538957089796,3.16227578115662,0.3,74.0248535151444,0.0,2000000.0,0.0,0.0,0.0,3.856511968120125,45.13444804139385,-0.0,8.0,0.0,0.0,15.987277231468099,340.0,6.51638960258617e+17,1.5800041364882034,792.0772218133102,350.0,15.873712221039357,3.284937988488303e+21,0.0,0.33333333333333337,1.1575633261061646e-05,74.0248535151444,bohm,0.18,1.0,0.05555555555555556,0.0,0,0,0,0,1.0403118581633533e+17,1.5562942386608625,339.46166649141867,340.0,15.987277231468099,3.4057464005670517e+21,0.0,1.0,2.8753005570584667e-05,48.116154784843864,bohm,0.4814,1.0,0.06231823847112588,0.0,0,0,0,0,1.2303321316455644e+20,0.0,0.0,0.09301760466897212,7.24860846166963,0.0,9.103986197512614e-05,1.2303321316455644e+20,0.0,0.0,1.0,1.0,0.0,1.0,0,0,0.0,0.0,0.0,0.0,0.0,0.0,0.0,0.0,0.0,1.0,0.0,1.0,0,0,0.0,0.0,0.0,0.0,0.0,0.0,0.0,0.0,0.0,1.0,0.0,1.0,0,0,0.0,0.0,0.0,0.0,0.0,0.0,0.0,0.0,0.0,0.0,0.0,0.0
0.0014894736842105264,production,0.0,23.481779371944654,1131.5375125680398,2.4093404076848944e+17,1.5723310244879043,1131.53751256804,13560000.0,1500.0,0.7543583417120268,3.986539281374685,67.1633735171298,16.847538372673387,3.16227578132225,0.3,74.02492039672475,0.0,2000000.0,0.0,0.0,0.0,3.856514201737405,45.13448659524937,-0.0,8.0,0.0,0.0,15.987147819961082,340.0,6.516429671417644e+17,1.58001089394327,792.0762587976279,350.0,15.872481659302153,3.2846833335631395e+21,0.0,0.33333333333333337,1.1575622425913035e-05,74.02492039672475,bohm,0.18,1.0,0.05555555555555556,0.0,0,0,0,0,1.0403106531073115e+17,1.5562956447219087,339.461253770412,340.0,15.987147819961082,3.405718832222059e+21,0.0,1.0,2.8753035212475995e-05,48.11619825787109,bohm,0.4814,1.0,0.06231823847112588,0.0,0,0,0,0,1.2303312622592577e+20,0.0,0.0,0.0930169450789801,7.248593174840965,0.0,9.103995334644352e-05,1.2303312622592577e+20,0.0,0.0,1.0,1.0,0.0,1.0,0,0,0.0,0.0,0.0,0.0,0.0,0.0,0.0,0.0,0.0,1.0,0.0,1.0,0,0,0.0,0.0,0.0,0.0,0.0,0.0,0.0,0.0,0.0,1.0,0.0,1.0,0,0,0.0,0.0,0.0,0.0,0.0,0.0,0.0,0.0,0.0,0.0,0.0,0.0
0.0015026315789473685,production,0.0,23.48175689336157,1131.5361363282593,2.409349519242712e+17,1.572336087547961,1131.5361363282593,13560000.0,1500.0,0.7543574242188396,3.9865347117985475,67.1632941801325,16.84753778296625,3.162275781487841,0.3,74.02498728324701,0.0,2000000.0,0.0,0.0,0.0,3.8565164362204922,45.13452516079887,-0.0,8.0,0.0,0.0,15.98701839451442,340.0,6.516469734212088e+17,1.5800176522485025,792.0752954297815,350.0,15.871251138774168,3.2844286871658944e+21,0.0,0.33333333333333337,1.1575611599363773e-05,74.02498728324701,bohm,0.18,1.0,0.05555555555555556,0.0,0,0,0,0,1.0403094475862536e+17,1.5562970509585383,339.4608408984778,340.0,15.98701839451442,3.4056912609075234e+21,0.0,1.0,2.8753064862453693e-05,48.11624173411056,bohm,0.4814,1.0,0.06231823847112588,0.0,0,0,0,0,1.230330392390861e+20,0.0,0.0,0.09301628543221441,7.2485778866874275,0.0,9.104004474305374e-05,1.230330392390861e+20,0.0,0.0,1.0,1.0,0.0,1.0,0,0,0.0,0.0,0.0,0.0,0.0,0.0,0.0,0.0,0.0,1.0,0.0,1.0,0,0,0.0,0.0,0.0,0.0,0.0,0.0,0.0,0.0,0.0,1.0,0.0,1.0,0,0,0.0,0.0,0.0,0.0,0.0,0.0,0.0,0.0,0.0,0.0,0.0,0.0
0.0015157894736842106,production,0.0,23.481734406558726,1131.5347595852281,2.4093586289421786e+17,1.5723411512541714,1131.5347595852281,13560000.0,1500.0,0.7543565063901521,3.9865301429532805,67.16321483435635,16.84753718796689,3.1622757816533924,0.3,74.02505417471137,0.0,2000000.0,0.0,0.0,0.0,3.8565186715693747,45.134563738041926,-0.0,8.0,0.0,0.0,15.986888955128855,340.0,6.516509790968145e+17,1.5800244114040543,792.0743317096596,350.0,15.870020659454338,3.284174049296348e+21,0.0,0.33333333333333337,1.1575600781415463e-05,74.02505417471137,bohm,0.18,1.0,0.05555555555555556,0.0,0,0,0,0,1.0403082416001896e+17,1.556298457370721,339.4604278755684,340.0,15.986888955128855,3.4056636866236037e+21,0.0,1.0,2.875309452051739e-05,48.11628521356239,bohm,0.4814,1.0,0.06231823847112588,0.0,0,0,0,0,1.2303295220403731e+20,0.0,0.0,0.09301562572867741,7.248562597209063,0.0,9.104013616495574e-05,1.2303295220403731e+20,0.0,0.0,1.0,1.0,0.0,1.0,0,0,0.0,0.0,0.0,0.0,0.0,0.0,0.0,0.0,0.0,1.0,0.0,1.0,0,0,0.0,0.0,0.0,0.0,0.0,0.0,0.0,0.0,0.0,1.0,0.0,1.0,0,0,0.0,0.0,0.0,0.0,0.0,0.0,0.0,0.0,0.0,0.0,0.0,0.0
0.001528947368421053,production,0.0,23.481711911533512,1131.5333823387866,2.409367736782932e+17,1.5723462156066361,1131.5333823387866,13560000.0,1500.0,0.7543555882258578,3.986525574839021,67.1631354797978,16.847536587673815,3.1622757818189036,0.3,74.02512107111802,0.0,2000000.0,0.0,0.0,0.0,3.856520907784104,45.134602326979,-0.0,8.0,0.0,0.0,15.986759501805148,340.0,6.516549841684449e+17,1.58003117141008,792.0733676371506,350.0,15.868790221341598,3.28391941995428e+21,0.0,0.33333333333333337,1.1575589972069714e-05,74.02512107111802,bohm,0.18,1.0,0.05555555555555556,0.0,0,0,0,0,1.0403070351490934e+17,1.556299863958439,339.460014701636,340.0,15.986759501805148,3.4056361093704623e+21,0.0,1.0,2.8753124186667318e-05,48.11632869622672,bohm,0.4814,1.0,0.06231823847112588,0.0,0,0,0,0,1.2303286512077549e+20,0.0,0.0,0.09301496596837341,7.2485473064059684,0.0,9.104022761215026e-05,1.2303286512077549e+20,0.0,0.0,1.0,1.0,0.0,1.0,0,0,0.0,0.0,0.0,0.0,0.0,0.0,0.0,0.0,0.0,1.0,0.0,1.0,0,0,0.0,0.0,0.0,0.0,0.0,0.0,0.0,0.0,0.0,1.0,0.0,1.0,0,0,0.0,0.0,0.0,0.0,0.0,0.0,0.0,0.0,0.0,0.0,0.0,0.0
0.001542105263157895,production,0.0,23.48168940828335,1131.5320045887768,2.4093768427645946e+17,1.5723512806054547,1131.5320045887768,13560000.0,1500.0,0.7543546697258512,3.986521007455903,67.16305611645325,16.847535982085546,3.162275781984376,0.3,74.02518797246718,0.0,2000000.0,0.0,0.0,0.0,3.8565231448647834,45.134640927611166,-0.0,8.0,0.0,0.0,15.98663003454406,340.0,6.516589886359643e+17,1.5800379322667362,792.0724032121437,350.0,15.867559824434897,3.2836647991394723e+21,0.0,0.33333333333333337,1.1575579171328149e-05,74.02518797246718,bohm,0.18,1.0,0.05555555555555556,0.0,0,0,0,0,1.0403058282329117e+17,1.5563012707216748,339.45960137663303,340.0,15.98663003454406,3.405608529148261e+21,0.0,1.0,2.8753153860904114e-05,48.11637218210367,bohm,0.4814,1.0,0.06231823847112588,0.0,0,0,0,0,1.2303277798929354e+20,0.0,0.0,0.09301430615130807,7.24853201427828,0.0,9.104031908463935e-05,1.2303277798929354e+20,0.0,0.0,1.0,1.0,0.0,1.0,0,0,0.0,0.0,0.0,0.0,0.0,0.0,0.0,0.0,0.0,1.0,0.0,1.0,0,0,0.0,0.0,0.0,0.0,0.0,0.0,0.0,0.0,0.0,1.0,0.0,1.0,0,0,0.0,0.0,0.0,0.0,0.0,0.0,0.0,0.0,0.0,0.0,0.0,0.0
0.001555263157894737,production,0.0,23.481666896805628,1131.5306263350385,2.409385946886767e+17,1.5723563462507288,1131.5306263350385,13560000.0,1500.0,0.7543537508900257,3.9865164408040643,67.16297674431912,16.847535371200582,3.1622757821498086,0.3,74.025254878759,0.0,2000000.0,0.0,0.0,0.0,3.856525382811557,45.13467953994,-0.0,8.0,0.0,0.0,15.986500553346351,340.0,6.516629924992361e+17,1.580044693974176,792.071438434527,350.0,15.86632946873316,3.283410186851703e+21,0.0,0.33333333333333337,1.157556837919237e-05,74.025254878759,bohm,0.18,1.0,0.05555555555555556,0.0,0,0,0,0,1.0403046208515694e+17,1.5563026776604165,339.45918790051155,340.0,15.986500553346351,3.4055809459571613e+21,0.0,1.0,2.875318354322872e-05,48.11641567119335,bohm,0.4814,1.0,0.06231823847112588,0.0,0,0,0,0,1.2303269080958203e+20,0.0,0.0,0.09301364627748804,7.248516720826144,0.0,9.104041058242603e-05,1.2303269080958203e+20,0.0,0.0,1.0,1.0,0.0,1.0,0,0,0.0,0.0,0.0,0.0,0.0,0.0,0.0,0.0,0.0,1.0,0.0,1.0,0,0,0.0,0.0,0.0,0.0,0.0,0.0,0.0,0.0,0.0,1.0,0.0,1.0,0,0,0.0,0.0,0.0,0.0,0.0,0.0,0.0,0.0,0.0,0.0,0.0,0.0
0.0015684210526315792,production,0.0,23.48164437709775,1131.5292475774131,2.4093950491490403e+17,1.5723614125425607,1131.5292475774133,13560000.0,1500.0,0.7543528317182755,3.986511874883639,67.16289736339185,16.847534755017442,3.1622757823152017,0.3,74.0253217899937,0.0,2000000.0,0.0,0.0,0.0,3.8565276216245996,45.13471816396749,-0.0,8.0,0.0,0.0,15.986371058212775,340.0,6.516669957581238e+17,1.5800514565325547,792.0704733041892,350.0,15.865099154235335,3.283155583090754e+21,0.0,0.33333333333333337,1.1575557595663998e-05,74.0253217899937,bohm,0.18,1.0,0.05555555555555556,0.0,0,0,0,0,1.0403034130049749e+17,1.5563040847746548,339.458774273224,340.0,15.986371058212775,3.4055533597973246e+21,0.0,1.0,2.875321323364238e-05,48.116459163495904,bohm,0.4814,1.0,0.06231823847112588,0.0,0,0,0,0,1.2303260358162958e+20,0.0,0.0,0.09301298634692085,7.248501426049732,0.0,9.104050210551427e-05,1.2303260358162958e+20,0.0,0.0,1.0,1.0,0.0,1.0,0,0,0.0,0.0,0.0,0.0,0.0,0.0,0.0,0.0,0.0,1.0,0.0,1.0,0,0,0.0,0.0,0.0,0.0,0.0,0.0,0.0,0.0,0.0,1.0,0.0,1.0,0,0,0.0,0.0,0.0,0.0,0.0,0.0,0.0,0.0,0.0,0.0,0.0,0.0
0.0015815789473684213,production,0.0,23.481621849157108,1131.5278683157414,2.409404149550994e+17,1.5723664794810535,1131.5278683157414,13560000.0,1500.0,0.7543519122104942,3.9865073096947645,67.16281797366783,16.847534133534623,3.1622757824805547,0.3,74.02538870617147,0.0,2000000.0,0.0,0.0,0.0,3.8565298613041086,45.13475679969585,-0.0,8.0,0.0,0.0,15.986241549144095,340.0,6.516709984124905e+17,1.580058219942028,792.069507821019,350.0,15.863868880940363,3.2829009878564067e+21,0.0,0.33333333333333337,1.157554682074465e-05,74.02538870617147,bohm,0.18,1.0,0.05555555555555556,0.0,0,0,0,0,1.0403022046930237e+17,1.5563054920643815,339.4583604947224,340.0,15.986241549144095,3.405525770668912e+21,0.0,1.0,2.8753242932146497e-05,48.11650265901146,bohm,0.4814,1.0,0.06231823847112588,0.0,0,0,0,0,1.230325163054235e+20,0.0,0.0,0.09301232635961452,7.248486129949228,0.0,9.104059365390842e-05,1.230325163054235e+20,0.0,0.0,1.0,1.0,0.0,1.0,0,0,0.0,0.0,0.0,0.0,0.0,0.0,0.0,0.0,0.0,1.0,0.0,1.0,0,0,0.0,0.0,0.0,0.0,0.0,0.0,0.0,0.0,0.0,1.0,0.0,1.0,0,0,0.0,0.0,0.0,0.0,0.0,0.0,0.0,0.0,0.0,0.0,0.0,0.0
0.0015947368421052634,production,0.0,23.481599312981107,1131.5264885498639,2.409413248092201e+17,1.5723715470663109,1131.5264885498639,13560000.0,1500.0,0.7543509923665759,3.9865027452375763,67.16273857514349,16.847533506750644,3.162275782645869,0.3,74.0254556272925,0.0,2000000.0,0.0,0.0,0.0,3.856532101850301,45.13479544712761,-0.0,8.0,0.0,0.0,15.986112026141063,340.0,6.516750004621999e+17,1.5800649842027503,792.0685419849046,350.0,15.862638648847177,3.2826464011484403e+21,0.0,0.33333333333333337,1.1575536054435943e-05,74.0254556272925,bohm,0.18,1.0,0.05555555555555556,0.0,0,0,0,0,1.0403009959156014e+17,1.55630689952959,339.4579465649592,340.0,15.986112026141063,3.4054981785720854e+21,0.0,1.0,2.8753272638742634e-05,48.116546157740125,bohm,0.4814,1.0,0.06231823847112588,0.0,0,0,0,0,1.2303242898094983e+20,0.0,0.0,0.09301166631557779,7.248470832524833,0.0,9.104068522761356e-05,1.2303242898094983e+20,0.0,0.0,1.0,1.0,0.0,1.0,0,0,0.0,0.0,0.0,0.0,0.0,0.0,0.0,0.0,0.0,1.0,0.0,1.0,0,0,0.0,0.0,0.0,0.0,0.0,0.0,0.0,0.0,0.0,1.0,0.0,1.0,0,0,0.0,0.0,0.0,0.0,0.0,0.0,0.0,0.0,0.0,0.0,0.0,0.0
0.0016078947368421055,production,0.0,23.481576768567145,1131.5251082796212,2.409422344772227e+17,1.5723766152984389,1131.5251082796212,13560000.0,1500.0,0.7543500721864141,3.986498181512211,67.16265916781525,16.847532874664005,3.162275782811143,0.3,74.02552255335699,0.0,2000000.0,0.0,0.0,0.0,3.856534343263408,45.13483410626547,-0.0,8.0,0.0,0.0,15.985982489204442,340.0,6.516790019071151e+17,1.5800717493148775,792.0675757957348,350.0,15.86140845795472,3.2823918229666356e+21,0.0,0.33333333333333337,1.1575525296739492e-05,74.02552255335699,bohm,0.18,1.0,0.05555555555555556,0.0,0,0,0,0,1.0402997866725858e+17,1.5563083071702781,339.4575324838864,340.0,15.985982489204442,3.405470583507006e+21,0.0,1.0,2.875330235343251e-05,48.11658965968205,bohm,0.4814,1.0,0.06231823847112588,0.0,0,0,0,0,1.230323416081939e+20,0.0,0.0,0.09301100621481964,7.248455533776754,0.0,9.104077682663509e-05,1.230323416081939e+20,0.0,0.0,1.0,1.0,0.0,1.0,0,0,0.0,0.0,0.0,0.0,0.0,0.0,0.0,0.0,0.0,1.0,0.0,1.0,0,0,0.0,0.0,0.0,0.0,0.0,0.0,0.0,0.0,0.0,1.0,0.0,1.0,0,0,0.0,0.0,0.0,0.0,0.0,0.0,0.0,0.0,0.0,0.0,0.0,0.0
0.0016210526315789476,production,0.0,23.481554215912617,1131.523727504854,2.4094314395906355e+17,1.5723816841775395,1131.5237275048542,13560000.0,1500.0,0.7543491516699028,3.9864936185188045,67.16257975167952,16.847532237273217,3.162275782976378,0.3,74.02558948436511,0.0,2000000.0,0.0,0.0,0.0,3.8565365855436724,45.1348727771122,-0.0,8.0,0.0,0.0,15.985852938334988,340.0,6.516830027470998e+17,1.5800785152785632,792.0666092533978,350.0,15.860178308261926,3.282137253310772e+21,0.0,0.33333333333333337,1.1575514547656912e-05,74.02558948436511,bohm,0.18,1.0,0.05555555555555556,0.0,0,0,0,0,1.0402985769638478e+17,1.5563097149864402,339.4571182514562,340.0,15.985852938334988,3.4054429854738363e+21,0.0,1.0,2.8753332076217894e-05,48.116633164837324,bohm,0.4814,1.0,0.06231823847112588,0.0,0,0,0,0,1.2303225418714019e+20,0.0,0.0,0.09301034605734942,7.248440233705205,0.0,9.10408684509786e-05,1.2303225418714019e+20,0.0,0.0,1.0,1.0,0.0,1.0,0,0,0.0,0.0,0.0,0.0,0.0,0.0,0.0,0.0,0.0,1.0,0.0,1.0,0,0,0.0,0.0,0.0,0.0,0.0,0.0,0.0,0.0,0.0,1.0,0.0,1.0,0,0,0.0,0.0,0.0,0.0,0.0,0.0,0.0,0.0,0.0,0.0,0.0,0.0
0.0016342105263157897,production,0.0,23.481531655014926,1131.5223462254037,2.409440532546982e+17,1.5723867537037208,1131.5223462254037,13560000.0,1500.0,0.7543482308169358,3.986489056257493,67.16250032673274,16.847531594576793,3.1622757831415735,0.3,74.02565642031708,0.0,2000000.0,0.0,0.0,0.0,3.8565388286913467,45.13491145967077,-0.0,8.0,0.0,0.0,15.985723373533453,340.0,6.516870029820165e+17,1.5800852820939637,792.0656423577825,350.0,15.85894819976774,3.281882692180632e+21,0.0,0.33333333333333337,1.157550380718983e-05,74.02565642031708,bohm,0.18,1.0,0.05555555555555556,0.0,0,0,0,0,1.0402973667892544e+17,1.5563111229780755,339.4567038676211,340.0,15.985723373533453,3.4054153844727354e+21,0.0,1.0,2.875336180710066e-05,48.1166766732061,bohm,0.4814,1.0,0.06231823847112588,0.0,0,0,0,0,1.2303216671777273e+20,0.0,0.0,0.09300968584317666,7.248424932310403,0.0,9.104096010065007e-05,1.2303216671777273e+20,0.0,0.0,1.0,1.0,0.0,1.0,0,0,0.0,0.0,0.0,0.0,0.0,0.0,0.0,0.0,0.0,1.0,0.0,1.0,0,0,0.0,0.0,0.0,0.0,0.0,0.0,0.0,0.0,0.0,1.0,0.0,1.0,0,0,0.0,0.0,0.0,0.0,0.0,0.0,0.0,0.0,0.0,0.0,0.0,0.0
0.0016473684210526317,production,0.0,23.48150908587146,1131.5209644411098,2.409449623640825e+17,1.5723918238770853,1131.5209644411098,13560000.0,1500.0,0.7543473096274065,3.986484494728413,67.16242089297127,16.847530946573226,3.1622757833067294,0.3,74.02572336121308,0.0,2000000.0,0.0,0.0,0.0,3.856541072706687,45.134950153944146,-0.0,8.0,0.0,0.0,15.985593794800604,340.0,6.516910026117292e+17,1.5800920497612336,792.0646751087768,350.0,15.857718132471115,3.281628139575997e+21,0.0,0.33333333333333337,1.1575493075339852e-05,74.02572336121308,bohm,0.18,1.0,0.05555555555555556,0.0,0,0,0,0,1.0402961561486691e+17,1.5563125311451798,339.4562893323329,340.0,15.985593794800604,3.4053877805038667e+21,0.0,1.0,2.87533915460827e-05,48.116720184788505,bohm,0.4814,1.0,0.06231823847112588,0.0,0,0,0,0,1.2303207920007517e+20,0.0,0.0,0.09300902557231107,7.2484096295925715,0.0,9.104105177565544e-05,1.2303207920007517e+20,0.0,0.0,1.0,1.0,0.0,1.0,0,0,0.0,0.0,0.0,0.0,0.0,0.0,0.0,0.0,0.0,1.0,0.0,1.0,0,0,0.0,0.0,0.0,0.0,0.0,0.0,0.0,0.0,0.0,1.0,0.0,1.0,0,0,0.0,0.0,0.0,0.0,0.0,0.0,0.0,0.0,0.0,0.0,0.0,0.0
0.0016605263157894738,production,0.0,23.48148650847962,1131.5195821518134,2.4094587128717146e+17,1.5723968946977407,1131.5195821518134,13560000.0,1500.0,0.7543463881012089,3.986479933931701,67.16234145039158,16.847530293261034,3.162275783471846,0.3,74.0257903070533,0.0,2000000.0,0.0,0.0,0.0,3.85654331758996,45.13498885993547,-0.0,8.0,0.0,0.0,15.98546420213719,340.0,6.516950016361004e+17,1.5800988182805282,792.0637075062693,350.0,15.85648810637097,3.2813735954966454e+21,0.0,0.33333333333333337,1.1575482352108608e-05,74.0257903070533,bohm,0.18,1.0,0.05555555555555556,0.0,0,0,0,0,1.0402949450419514e+17,1.556313939487753,339.45587464554404,340.0,15.98546420213719,3.4053601735673905e+21,0.0,1.0,2.8753421293166e-05,48.116763699584645,bohm,0.4814,1.0,0.06231823847112588,0.0,0,0,0,0,1.2303199163403076e+20,0.0,0.0,0.09300836524476257,7.2483943255519385,0.0,9.104114347600104e-05,1.2303199163403076e+20,0.0,0.0,1.0,1.0,0.0,1.0,0,0,0.0,0.0,0.0,0.0,0.0,0.0,0.0,0.0,0.0,1.0,0.0,1.0,0,0,0.0,0.0,0.0,0.0,0.0,0.0,0.0,0.0,0.0,1.0,0.0,1.0,0,0,0.0,0.0,0.0,0.0,0.0,0.0,0.0,0.0,0.0,0.0,0.0,0.0
0.001673684210526316,production,0.0,23.48146392283679,1131.5181993573547,2.409467800239203e+17,1.572401966165792,1131.5181993573547,13560000.0,1500.0,0.7543454662382364,3.986475373867494,67.16226199899006,16.847529634638718,3.162275783636922,0.3,74.02585725783794,0.0,2000000.0,0.0,0.0,0.0,3.856545563341432,45.135027577647854,-0.0,8.0,0.0,0.0,15.985334595543979,340.0,6.516990000549934e+17,1.580105587652003,792.0627395501482,350.0,15.855258121466255,3.281119059942359e+21,0.0,0.33333333333333337,1.1575471637497715e-05,74.02585725783794,bohm,0.18,1.0,0.05555555555555556,0.0,0,0,0,0,1.0402937334689592e+17,1.5563153480057943,339.4554598072064,340.0,15.985334595543979,3.405332563663469e+21,0.0,1.0,2.875345104835255e-05,48.11680721759466,bohm,0.4814,1.0,0.06231823847112588,0.0,0,0,0,0,1.2303190401962258e+20,0.0,0.0,0.0930077048605412,7.248379020188736,0.0,9.104123520169319e-05,1.2303190401962258e+20,0.0,0.0,1.0,1.0,0.0,1.0,0,0,0.0,0.0,0.0,0.0,0.0,0.0,0.0,0.0,0.0,1.0,0.0,1.0,0,0,0.0,0.0,0.0,0.0,0.0,0.0,0.0,0.0,0.0,1.0,0.0,1.0,0,0,0.0,0.0,0.0,0.0,0.0,0.0,0.0,0.0,0.0,0.0,0.0,0.0
0.001686842105263158,production,0.0,23.481441328940377,1131.5168160575743,2.40947688574284e+17,1.5724070382813442,1131.5168160575743,13560000.0,1500.0,0.7543445440383829,3.9864708145359273,67.16218253876312,16.84752897070478,3.1622757838019595,0.3,74.0259242135672,0.0,2000000.0,0.0,0.0,0.0,3.8565478099613726,45.13506630708446,-0.0,8.0,0.0,0.0,15.985204975021716,340.0,6.517029978682711e+17,1.5801123578758132,792.0617712403019,350.0,15.854028177755914,3.2808645329129193e+21,0.0,0.33333333333333337,1.1575460931508792e-05,74.0259242135672,bohm,0.18,1.0,0.05555555555555556,0.0,0,0,0,0,1.0402925214295494e+17,1.5563167566993017,339.45504481727227,340.0,15.985204975021716,3.405304950792263e+21,0.0,1.0,2.875348081164437e-05,48.11685073881868,bohm,0.4814,1.0,0.06231823847112588,0.0,0,0,0,0,1.230318163568335e+20,0.0,0.0,0.09300704441965696,7.248363713503188,0.0,9.104132695273822e-05,1.230318163568335e+20,0.0,0.0,1.0,1.0,0.0,1.0,0,0,0.0,0.0,0.0,0.0,0.0,0.0,0.0,0.0,0.0,1.0,0.0,1.0,0,0,0.0,0.0,0.0,0.0,0.0,0.0,0.0,0.0,0.0,1.0,0.0,1.0,0,0,0.0,0.0,0.0,0.0,0.0,0.0,0.0,0.0,0.0,0.0,0.0,0.0
0.0017000000000000001,production,0.0,23.481418726787776,1131.5154322523128,2.409485969382174e+17,1.5724121110445053,1131.5154322523128,13560000.0,1500.0,0.7543436215015419,3.986466255937138,67.16210306970719,16.847528301457732,3.162275783966957,0.3,74.02599117424127,0.0,2000000.0,0.0,0.0,0.0,3.8565500574500575,45.1351050482485,-0.0,8.0,0.0,0.0,15.98507534057117,340.0,6.517069950757967e+17,1.5801191289521144,792.0608025766189,350.0,15.852798275238877,3.280610014408105e+21,0.0,0.33333333333333337,1.1575450234143462e-05,74.02599117424127,bohm,0.18,1.0,0.05555555555555556,0.0,0,0,0,0,1.0402913089235766e+17,1.5563181655682756,339.45462967569387,340.0,15.98507534057117,3.405277334953934e+21,0.0,1.0,2.8753510583043497e-05,48.116894263256825,bohm,0.4814,1.0,0.06231823847112588,0.0,0,0,0,0,1.230317286456462e+20,0.0,0.0,0.09300638392212,7.248348405495533,0.0,9.104141872914263e-05,1.230317286456462e+20,0.0,0.0,1.0,1.0,0.0,1.0,0,0,0.0,0.0,0.0,0.0,0.0,0.0,0.0,0.0,0.0,1.0,0.0,1.0,0,0,0.0,0.0,0.0,0.0,0.0,0.0,0.0,0.0,0.0,1.0,0.0,1.0,0,0,0.0,0.0,0.0,0.0,0.0,0.0,0.0,0.0,0.0,0.0,0.0,0.0
0.0017131578947368422,production,0.0,23.481396116376374,1131.5140479414108,2.4094950511567536e+17,1.5724171844553787,1131.5140479414108,13560000.0,1500.0,0.7543426986276072,3.9864616980712633,67.16202359181865,16.847527626896078,3.162275784131915,0.3,74.02605813986034,0.0,2000000.0,0.0,0.0,0.0,3.8565523058077615,45.135143801143194,-0.0,8.0,0.0,0.0,15.984945692193095,340.0,6.517109916774331e+17,1.580125900881061,792.0598335589875,350.0,15.851568413914098,3.2803555044277e+21,0.0,0.33333333333333337,1.1575439545403342e-05,74.02605813986034,bohm,0.18,1.0,0.05555555555555556,0.0,0,0,0,0,1.0402900959508946e+17,1.5563195746127148,339.45421438242323,340.0,15.984945692193095,3.4052497161486446e+21,0.0,1.0,2.8753540362552e-05,48.11693779090922,bohm,0.4814,1.0,0.06231823847112588,0.0,0,0,0,0,1.2303164088604328e+20,0.0,0.0,0.09300572336794052,7.248333096166001,0.0,9.104151053091293e-05,1.2303164088604328e+20,0.0,0.0,1.0,1.0,0.0,1.0,0,0,0.0,0.0,0.0,0.0,0.0,0.0,0.0,0.0,0.0,1.0,0.0,1.0,0,0,0.0,0.0,0.0,0.0,0.0,0.0,0.0,0.0,0.0,1.0,0.0,1.0,0,0,0.0,0.0,0.0,0.0,0.0,0.0,0.0,0.0,0.0,0.0,0.0,0.0
0.0017263157894736843,production,0.0,23.48137349770356,1131.5126631247076,2.4095041310661248e+17,1.572422258514072,1131.5126631247078,13560000.0,1500.0,0.754341775416472,3.9864571409384384,67.16194410509394,16.847526947018316,3.1622757842968343,0.3,74.02612511042459,0.0,2000000.0,0.0,0.0,0.0,3.8565545550347626,45.13518256577184,-0.0,8.0,0.0,0.0,15.984816029888245,340.0,6.517149876730432e+17,1.5801326736628094,792.0588641872954,350.0,15.850338593780512,3.280101002971483e+21,0.0,0.33333333333333337,1.1575428865290057e-05,74.02612511042459,bohm,0.18,1.0,0.05555555555555556,0.0,0,0,0,0,1.0402888825113557e+17,1.5563209838326189,339.45379893741233,340.0,15.984816029888245,3.4052220943765545e+21,0.0,1.0,2.875357015017195e-05,48.11698132177598,bohm,0.4814,1.0,0.06231823847112588,0.0,0,0,0,0,1.2303155307800715e+20,0.0,0.0,0.09300506275712876,7.248317785514832,0.0,9.10416023580557e-05,1.2303155307800715e+20,0.0,0.0,1.0,1.0,0.0,1.0,0,0,0.0,0.0,0.0,0.0,0.0,0.0,0.0,0.0,0.0,1.0,0.0,1.0,0,0,0.0,0.0,0.0,0.0,0.0,0.0,0.0,0.0,0.0,1.0,0.0,1.0,0,0,0.0,0.0,0.0,0.0,0.0,0.0,0.0,0.0,0.0,0.0,0.0,0.0
0.0017394736842105264,production,0.0,23.48135087076673,1131.5112778020448,2.409513209109835e+17,1.5724273332206915,1131.5112778020448,13560000.0,1500.0,0.7543408518680299,3.9864525845388004,67.16186460952943,16.847526261822953,3.162275784461713,0.3,74.02619208593423,0.0,2000000.0,0.0,0.0,0.0,3.8565568051313375,45.135221342137655,-0.0,8.0,0.0,0.0,15.98468635365739,340.0,6.517189830624901e+17,1.5801394472975148,792.0578944614313,350.0,15.84910881483706,3.279846510039235e+21,0.0,0.33333333333333337,1.157541819380523e-05,74.02619208593423,bohm,0.18,1.0,0.05555555555555556,0.0,0,0,0,0,1.0402876686048131e+17,1.5563223932279875,339.4533833406134,340.0,15.98468635365739,3.4051944696378273e+21,0.0,1.0,2.875359994590542e-05,48.11702485585725,bohm,0.4814,1.0,0.06231823847112588,0.0,0,0,0,0,1.230314652215203e+20,0.0,0.0,0.09300440208969504,7.248302473542255,0.0,9.104169421057753e-05,1.230314652215203e+20,0.0,0.0,1.0,1.0,0.0,1.0,0,0,0.0,0.0,0.0,0.0,0.0,0.0,0.0,0.0,0.0,1.0,0.0,1.0,0,0,0.0,0.0,0.0,0.0,0.0,0.0,0.0,0.0,0.0,1.0,0.0,1.0,0,0,0.0,0.0,0.0,0.0,0.0,0.0,0.0,0.0,0.0,0.0,0.0,0.0
0.0017526315789473685,production,0.0,23.48132823556328,1131.509891973262,2.40952228528743e+17,1.5724324085753427,1131.509891973262,13560000.0,1500.0,0.7543399279821748,3.986448028872487,67.16178510512158,16.8475255713085,3.162275784626553,0.3,74.02625906638946,0.0,2000000.0,0.0,0.0,0.0,3.856559056097767,45.13526013024392,-0.0,8.0,0.0,0.0,15.984556663501273,340.0,6.517229778456366e+17,1.5801462217853324,792.0569243812834,350.0,15.847879077082684,3.2795920256307377e+21,0.0,0.33333333333333337,1.1575407530950479e-05,74.02625906638946,bohm,0.18,1.0,0.05555555555555556,0.0,0,0,0,0,1.040286454231118e+17,1.5563238027988209,339.4529675919786,340.0,15.984556663501273,3.405166841932622e+21,0.0,1.0,2.8753629749754508e-05,48.11706839315315,bohm,0.4814,1.0,0.06231823847112588,0.0,0,0,0,0,1.2303137731656502e+20,0.0,0.0,0.09300374136564957,7.248287160248512,0.0,9.104178608848502e-05,1.2303137731656502e+20,0.0,0.0,1.0,1.0,0.0,1.0,0,0,0.0,0.0,0.0,0.0,0.0,0.0,0.0,0.0,0.0,1.0,0.0,1.0,0,0,0.0,0.0,0.0,0.0,0.0,0.0,0.0,0.0,0.0,1.0,0.0,1.0,0,0,0.0,0.0,0.0,0.0,0.0,0.0,0.0,0.0,0.0,0.0,0.0,0.0
0.0017657894736842108,production,0.0,23.481305592090592,1131.5085056381997,2.409531359598455e+17,1.5724374845781328,1131.5085056381997,13560000.0,1500.0,0.7543390037587998,3.9864434739396337,67.16170559186678,16.84752487547345,3.162275784791353,0.3,74.02632605179046,0.0,2000000.0,0.0,0.0,0.0,3.85656130793433,45.135298930093946,-0.0,8.0,0.0,0.0,15.984426959420656,340.0,6.517269720223453e+17,1.5801529971264179,792.0559539467398,350.0,15.846649380516329,3.2793375497457726e+21,0.0,0.33333333333333337,1.157539687672743e-05,74.02632605179046,bohm,0.18,1.0,0.05555555555555556,0.0,0,0,0,0,1.0402852393901222e+17,1.5563252125451192,339.4525516914599,340.0,15.984426959420656,3.405139211261101e+21,0.0,1.0,2.8753659561721317e-05,48.1171119336638,bohm,0.4814,1.0,0.06231823847112588,0.0,0,0,0,0,1.2303128936312373e+20,0.0,0.0,0.09300308058500269,7.2482718456338375,0.0,9.104187799178485e-05,1.2303128936312373e+20,0.0,0.0,1.0,1.0,0.0,1.0,0,0,0.0,0.0,0.0,0.0,0.0,0.0,0.0,0.0,0.0,1.0,0.0,1.0,0,0,0.0,0.0,0.0,0.0,0.0,0.0,0.0,0.0,0.0,1.0,0.0,1.0,0,0,0.0,0.0,0.0,0.0,0.0,0.0,0.0,0.0,0.0,0.0,0.0,0.0
0.001778947368421053,production,0.0,23.481282940346066,1131.5071187966978,2.409540432042457e+17,1.5724425612291657,1131.5071187966978,13560000.0,1500.0,0.7543380791977985,3.9864389197403773,67.1616260697614,16.84752417431631,3.1622757849561136,0.3,74.02639304213741,0.0,2000000.0,0.0,0.0,0.0,3.8565635606413085,45.13533774169099,-0.0,8.0,0.0,0.0,15.9842972414163,340.0,6.517309655924797e+17,1.580159773320926,792.0549831576884,350.0,15.845419725136939,3.27908308238412e+21,0.0,0.33333333333333337,1.1575386231137701e-05,74.02639304213741,bohm,0.18,1.0,0.05555555555555556,0.0,0,0,0,0,1.0402840240816763e+17,1.5563266224668824,339.4521356390093,340.0,15.9842972414163,3.4051115776234257e+21,0.0,1.0,2.8753689381807936e-05,48.11715547738932,bohm,0.4814,1.0,0.06231823847112588,0.0,0,0,0,0,1.230312013611786e+20,0.0,0.0,0.09300241974776473,7.248256529698469,0.0,9.104196992048362e-05,1.230312013611786e+20,0.0,0.0,1.0,1.0,0.0,1.0,0,0,0.0,0.0,0.0,0.0,0.0,0.0,0.0,0.0,0.0,1.0,0.0,1.0,0,0,0.0,0.0,0.0,0.0,0.0,0.0,0.0,0.0,0.0,1.0,0.0,1.0,0,0,0.0,0.0,0.0,0.0,0.0,0.0,0.0,0.0,0.0,0.0,0.0,0.0
0.001792105263157895,production,0.0,23.481260280327074,1131.5057314485964,2.4095495026189786e+17,1.5724476385285509,1131.5057314485964,13560000.0,1500.0,0.7543371542990642,3.986434366274855,67.16154653880189,16.847523467835583,3.1622757851208347,0.3,74.02646003743055,0.0,2000000.0,0.0,0.0,0.0,3.8565658142189827,45.1353765650384,-0.0,8.0,0.0,0.0,15.984167509488957,340.0,6.517349585559021e+17,1.5801665503690139,792.0540120140174,350.0,15.844190110943451,3.278828623545562e+21,0.0,0.33333333333333337,1.1575375594182922e-05,74.02646003743055,bohm,0.18,1.0,0.05555555555555556,0.0,0,0,0,0,1.0402828083056312e+17,1.5563280325641091,339.45171943457893,340.0,15.984167509488957,3.4050839410197576e+21,0.0,1.0,2.8753719210016477e-05,48.117199024329864,bohm,0.4814,1.0,0.06231823847112588,0.0,0,0,0,0,1.2303111331071186e+20,0.0,0.0,0.09300175885394601,7.24824121244264,0.0,9.104206187458801e-05,1.2303111331071186e+20,0.0,0.0,1.0,1.0,0.0,1.0,0,0,0.0,0.0,0.0,0.0,0.0,0.0,0.0,0.0,0.0,1.0,0.0,1.0,0,0,0.0,0.0,0.0,0.0,0.0,0.0,0.0,0.0,0.0,1.0,0.0,1.0,0,0,0.0,0.0,0.0,0.0,0.0,0.0,0.0,0.0,0.0,0.0,0.0,0.0
0.001805263157894737,production,0.0,23.48123761203102,1131.504343593736,2.4095585713275654e+17,1.5724527164763926,1131.504343593736,13560000.0,1500.0,0.7543362290624906,3.9864298135432032,67.16146699898464,16.847522756029772,3.1622757852855163,0.3,74.02652703767002,0.0,2000000.0,0.0,0.0,0.0,3.856568068667635,45.13541540013946,-0.0,8.0,0.0,0.0,15.984037763639396,340.0,6.517389509124751e+17,1.5801733282708357,792.0530405156151,350.0,15.842960537934806,3.2785741732298783e+21,0.0,0.33333333333333337,1.1575364965864713e-05,74.02652703767002,bohm,0.18,1.0,0.05555555555555556,0.0,0,0,0,0,1.0402815920618373e+17,1.556329442836801,339.45130307812076,340.0,15.984037763639396,3.405056301450259e+21,0.0,1.0,2.8753749046349056e-05,48.117242574485516,bohm,0.4814,1.0,0.06231823847112588,0.0,0,0,0,0,1.2303102521170577e+20,0.0,0.0,0.093001097903557,7.248225893866593,0.0,9.104215385410476e-05,1.2303102521170577e+20,0.0,0.0,1.0,1.0,0.0,1.0,0,0,0.0,0.0,0.0,0.0,0.0,0.0,0.0,0.0,0.0,1.0,0.0,1.0,0,0,0.0,0.0,0.0,0.0,0.0,0.0,0.0,0.0,0.0,1.0,0.0,1.0,0,0,0.0,0.0,0.0,0.0,0.0,0.0,0.0,0.0,0.0,0.0,0.0,0.0
0.0018184210526315792,production,0.0,23.481214935455284,1131.5029552319563,2.409567638167763e+17,1.572457795072799,1131.5029552319563,13560000.0,1500.0,0.754335303487971,3.986425261545559,67.16138745030604,16.847522038897374,3.162275785450159,0.3,74.02659404285606,0.0,2000000.0,0.0,0.0,0.0,3.856570323987546,45.13545424699746,-0.0,8.0,0.0,0.0,15.983908003868363,340.0,6.517429426620617e+17,1.5801801070265487,792.0520686623694,350.0,15.841731006109947,3.2783197314368505e+21,0.0,0.33333333333333337,1.1575354346184704e-05,74.02659404285606,bohm,0.18,1.0,0.05555555555555556,0.0,0,0,0,0,1.0402803753501454e+17,1.5563308532849578,339.4508865695869,340.0,15.983908003868363,3.4050286589150893e+21,0.0,1.0,2.875377889080777e-05,48.11728612785644,bohm,0.4814,1.0,0.06231823847112588,0.0,0,0,0,0,1.2303093706414259e+20,0.0,0.0,0.0930004368966079,7.248210573970564,0.0,9.104224585904046e-05,1.2303093706414259e+20,0.0,0.0,1.0,1.0,0.0,1.0,0,0,0.0,0.0,0.0,0.0,0.0,0.0,0.0,0.0,0.0,1.0,0.0,1.0,0,0,0.0,0.0,0.0,0.0,0.0,0.0,0.0,0.0,0.0,1.0,0.0,1.0,0,0,0.0,0.0,0.0,0.0,0.0,0.0,0.0,0.0,0.0,0.0,0.0,0.0
0.0018315789473684213,production,0.0,23.481192250597264,1131.501566363098,2.409576703139115e+17,1.5724628743178741,1131.501566363098,13560000.0,1500.0,0.7543343775753987,3.98642071028206,67.16130789276252,16.847521316436897,3.1622757856147614,0.3,74.02666105298886,0.0,2000000.0,0.0,0.0,0.0,3.856572580179,45.13549310561575,-0.0,8.0,0.0,0.0,15.983778230176618,340.0,6.517469338045244e+17,1.5801868866363071,792.0510964541685,350.0,15.840501515467825,3.2780652981662604e+21,0.0,0.33333333333333337,1.1575343735144515e-05,74.02666105298886,bohm,0.18,1.0,0.05555555555555556,0.0,0,0,0,0,1.0402791581704051e+17,1.5563322639085784,339.4504699089294,340.0,15.983778230176618,3.405001013414411e+21,0.0,1.0,2.875380874339475e-05,48.11732968444276,bohm,0.4814,1.0,0.06231823847112588,0.0,0,0,0,0,1.230308488680043e+20,0.0,0.0,0.09299977583310919,7.24819525275479,0.0,9.104233788940187e-05,1.230308488680043e+20,0.0,0.0,1.0,1.0,0.0,1.0,0,0,0.0,0.0,0.0,0.0,0.0,0.0,0.0,0.0,0.0,1.0,0.0,1.0,0,0,0.0,0.0,0.0,0.0,0.0,0.0,0.0,0.0,0.0,1.0,0.0,1.0,0,0,0.0,0.0,0.0,0.0,0.0,0.0,0.0,0.0,0.0,0.0,0.0,0.0
0.0018447368421052634,production,0.0,23.481169557454336,1131.5001769870003,2.4095857662411654e+17,1.5724679542117266,1131.5001769870003,13560000.0,1500.0,0.7543334513246669,3.986416159752842,67.16122832635045,16.847520588646834,3.1622757857793244,0.3,74.02672806806856,0.0,2000000.0,0.0,0.0,0.0,3.8565748372422775,45.13553197599762,-0.0,8.0,0.0,0.0,15.983648442564922,340.0,6.517509243397261e+17,1.5801936671002672,792.0501238909002,350.0,15.839272066007373,3.277810873417889e+21,0.0,0.33333333333333337,1.1575333132745771e-05,74.02672806806856,bohm,0.18,1.0,0.05555555555555556,0.0,0,0,0,0,1.0402779405224672e+17,1.5563336747076648,339.4500530961001,340.0,15.983648442564922,3.4049733649483857e+21,0.0,1.0,2.8753838604112104e-05,48.11737324424457,bohm,0.4814,1.0,0.06231823847112588,0.0,0,0,0,0,1.230307606232733e+20,0.0,0.0,0.09299911471307115,7.248179930219512,0.0,9.104242994519567e-05,1.230307606232733e+20,0.0,0.0,1.0,1.0,0.0,1.0,0,0,0.0,0.0,0.0,0.0,0.0,0.0,0.0,0.0,0.0,1.0,0.0,1.0,0,0,0.0,0.0,0.0,0.0,0.0,0.0,0.0,0.0,0.0,1.0,0.0,1.0,0,0,0.0,0.0,0.0,0.0,0.0,0.0,0.0,0.0,0.0,0.0,0.0,0.0
0.0018578947368421055,production,0.0,23.481146856023894,1131.4987871035037,2.409594827473459e+17,1.5724730347544613,1131.4987871035037,13560000.0,1500.0,0.7543325247356691,3.986411609958042,67.16114875106626,16.847519855525697,3.1622757859438484,0.3,74.0267950880954,0.0,2000000.0,0.0,0.0,0.0,3.8565770951776623,45.135570858146416,-0.0,8.0,0.0,0.0,15.983518641034033,340.0,6.517549142675293e+17,1.5802004484185843,792.0491509724525,350.0,15.838042657727538,3.277556457191517e+21,0.0,0.33333333333333337,1.1575322538990094e-05,74.0267950880954,bohm,0.18,1.0,0.05555555555555556,0.0,0,0,0,0,1.040276722406181e+17,1.5563350856822156,339.4496361310511,340.0,15.983518641034033,3.404945713517175e+21,0.0,1.0,2.8753868472961946e-05,48.11741680726201,bohm,0.4814,1.0,0.06231823847112588,0.0,0,0,0,0,1.230306723299316e+20,0.0,0.0,0.09299845353650425,7.248164606364966,0.0,9.104252202642854e-05,1.230306723299316e+20,0.0,0.0,1.0,1.0,0.0,1.0,0,0,0.0,0.0,0.0,0.0,0.0,0.0,0.0,0.0,0.0,1.0,0.0,1.0,0,0,0.0,0.0,0.0,0.0,0.0,0.0,0.0,0.0,0.0,1.0,0.0,1.0,0,0,0.0,0.0,0.0,0.0,0.0,0.0,0.0,0.0,0.0,0.0,0.0,0.0
0.0018710526315789476,production,0.0,23.48112414630331,1131.4973967124477,2.409603886835539e+17,1.5724781159461856,1131.4973967124477,13560000.0,1500.0,0.7543315978082985,3.9864070608977973,67.16106916690634,16.847519117071975,3.1622757861083324,0.3,74.02686211306955,0.0,2000000.0,0.0,0.0,0.0,3.8565793539854365,45.135609752065406,-0.0,8.0,0.0,0.0,15.983388825584706,340.0,6.517589035877966e+17,1.580207230591414,792.0481776987133,350.0,15.836813290627267,3.277302049486927e+21,0.0,0.33333333333333337,1.1575311953879116e-05,74.02686211306955,bohm,0.18,1.0,0.05555555555555556,0.0,0,0,0,0,1.040275503821397e+17,1.5563364968322306,339.4492190137343,340.0,15.983388825584706,3.4049180591209395e+21,0.0,1.0,2.875389834994639e-05,48.11746037349521,bohm,0.4814,1.0,0.06231823847112588,0.0,0,0,0,0,1.2303058398796136e+20,0.0,0.0,0.0929977923034188,7.248149281191392,0.0,9.104261413310722e-05,1.2303058398796136e+20,0.0,0.0,1.0,1.0,0.0,1.0,0,0,0.0,0.0,0.0,0.0,0.0,0.0,0.0,0.0,0.0,1.0,0.0,1.0,0,0,0.0,0.0,0.0,0.0,0.0,0.0,0.0,0.0,0.0,1.0,0.0,1.0,0,0,0.0,0.0,0.0,0.0,0.0,0.0,0.0,0.0,0.0,0.0,0.0,0.0
0.0018842105263157897,production,0.0,23.481101428289982,1131.4960058136726,2.40961294432695e+17,1.572483197787006,1131.4960058136726,13560000.0,1500.0,0.7543306705424484,3.9864025125722446,67.16098957386708,16.847518373284174,3.162275786272777,0.3,74.02692914299124,0.0,2000000.0,0.0,0.0,0.0,3.856581613665883,45.13564865775797,-0.0,8.0,0.0,0.0,15.983258996217701,340.0,6.517628923003905e+17,1.5802140136189138,792.0472040695707,350.0,15.8355839647055,3.277047650303899e+21,0.0,0.33333333333333337,1.1575301377414464e-05,74.02692914299124,bohm,0.18,1.0,0.05555555555555556,0.0,0,0,0,0,1.0402742847679648e+17,1.556337908157711,339.4488017441018,340.0,15.983258996217701,3.404890401759842e+21,0.0,1.0,2.875392823506757e-05,48.1175039429443,bohm,0.4814,1.0,0.06231823847112588,0.0,0,0,0,0,1.2303049559734477e+20,0.0,0.0,0.09299713101382527,7.248133954699024,0.0,9.10427062652384e-05,1.2303049559734477e+20,0.0,0.0,1.0,1.0,0.0,1.0,0,0,0.0,0.0,0.0,0.0,0.0,0.0,0.0,0.0,0.0,1.0,0.0,1.0,0,0,0.0,0.0,0.0,0.0,0.0,0.0,0.0,0.0,0.0,1.0,0.0,1.0,0,0,0.0,0.0,0.0,0.0,0.0,0.0,0.0,0.0,0.0,0.0,0.0,0.0
0.0018973684210526318,production,0.0,23.481078701981296,1131.4946144070182,2.409621999947235e+17,1.5724882802770295,1131.4946144070182,13560000.0,1500.0,0.7543297429380121,3.986397964981521,67.1609099719449,16.847517624160794,3.162275786437182,0.3,74.02699617786064,0.0,2000000.0,0.0,0.0,0.0,3.8565838742192846,45.1356875752274,-0.0,8.0,0.0,0.0,15.983129152933778,340.0,6.517668804051736e+17,1.5802207975012383,792.0462300849126,350.0,15.834354679961178,3.2767932596422155e+21,0.0,0.33333333333333337,1.1575290809597762e-05,74.02699617786064,bohm,0.18,1.0,0.05555555555555556,0.0,0,0,0,0,1.0402730652457344e+17,1.5563393196586575,339.4483843221054,340.0,15.983129152933778,3.4048627414340427e+21,0.0,1.0,2.8753958128327604e-05,48.11754751560942,bohm,0.4814,1.0,0.06231823847112588,0.0,0,0,0,0,1.2303040715806399e+20,0.0,0.0,0.09299646966773395,7.248118626888105,0.0,9.10427984228288e-05,1.2303040715806399e+20,0.0,0.0,1.0,1.0,0.0,1.0,0,0,0.0,0.0,0.0,0.0,0.0,0.0,0.0,0.0,0.0,1.0,0.0,1.0,0,0,0.0,0.0,0.0,0.0,0.0,0.0,0.0,0.0,0.0,1.0,0.0,1.0,0,0,0.0,0.0,0.0,0.0,0.0,0.0,0.0,0.0,0.0,0.0,0.0,0.0
0.0019105263157894738,production,0.0,23.481055967374626,1131.493222492324,2.4096310536959376e+17,1.5724933634163614,1131.493222492324,13560000.0,1500.0,0.7543288149948827,3.986393418125764,67.16083036113618,16.847516869700332,3.162275786601548,0.3,74.02706321767793,0.0,2000000.0,0.0,0.0,0.0,3.8565861356459257,45.135726504477006,-0.0,8.0,0.0,0.0,15.98299929573369,340.0,6.517708679020084e+17,1.580227582238543,792.0452557446268,350.0,15.833125436393248,3.2765388775016565e+21,0.0,0.33333333333333337,1.1575280250430637e-05,74.02706321767793,bohm,0.18,1.0,0.05555555555555556,0.0,0,0,0,0,1.0402718452545552e+17,1.5563407313350686,339.4479667476972,340.0,15.98299929573369,3.404835078143704e+21,0.0,1.0,2.8753988029728607e-05,48.11759109149066,bohm,0.4814,1.0,0.06231823847112588,0.0,0,0,0,0,1.2303031867010104e+20,0.0,0.0,0.09299580826515526,7.24810329775887,0.0,9.104289060588514e-05,1.2303031867010104e+20,0.0,0.0,1.0,1.0,0.0,1.0,0,0,0.0,0.0,0.0,0.0,0.0,0.0,0.0,0.0,0.0,1.0,0.0,1.0,0,0,0.0,0.0,0.0,0.0,0.0,0.0,0.0,0.0,0.0,1.0,0.0,1.0,0,0,0.0,0.0,0.0,0.0,0.0,0.0,0.0,0.0,0.0,0.0,0.0,0.0
0.001923684210526316,production,0.0,23.48103322446736,1131.4918300694303,2.409640105572601e+17,1.5724984472051105,1131.4918300694303,13560000.0,1500.0,0.7543278867129535,3.9863888720051106,67.16075074143733,16.84751610990129,3.1622757867658744,0.3,74.02713026244335,0.0,2000000.0,0.0,0.0,0.0,3.856588397946088,45.13576544551015,-0.0,8.0,0.0,0.0,15.9828694246182,340.0,6.517748547907574e+17,1.580234367830986,792.0442810486012,350.0,15.831896234000656,3.2762845038820055e+21,0.0,0.33333333333333337,1.1575269699914721e-05,74.02713026244335,bohm,0.18,1.0,0.05555555555555556,0.0,0,0,0,0,1.0402706247942771e+17,1.5563421431869449,339.44754902082906,340.0,15.9828694246182,3.4048074118889865e+21,0.0,1.0,2.8754017939272703e-05,48.11763467058818,bohm,0.4814,1.0,0.06231823847112588,0.0,0,0,0,0,1.2303023013343809e+20,0.0,0.0,0.09299514680609962,7.2480879673115615,0.0,9.104298281441411e-05,1.2303023013343809e+20,0.0,0.0,1.0,1.0,0.0,1.0,0,0,0.0,0.0,0.0,0.0,0.0,0.0,0.0,0.0,0.0,1.0,0.0,1.0,0,0,0.0,0.0,0.0,0.0,0.0,0.0,0.0,0.0,0.0,1.0,0.0,1.0,0,0,0.0,0.0,0.0,0.0,0.0,0.0,0.0,0.0,0.0,0.0,0.0,0.0
0.001936842105263158,production,0.0,23.48101047325688,1131.4904371381763,2.409649155576769e+17,1.572503531643381,1131.4904371381763,13560000.0,1500.0,0.7543269580921175,3.9863843266196977,67.16067111284474,16.84751534476216,3.162275786930161,0.3,74.02719731215703,0.0,2000000.0,0.0,0.0,0.0,3.8565906611200558,45.135804398330144,-0.0,8.0,0.0,0.0,15.982739539588055,340.0,6.517788410712828e+17,1.5802411542787205,792.0433059967233,350.0,15.830667072782346,3.276030138783043e+21,0.0,0.33333333333333337,1.1575259158051637e-05,74.02719731215703,bohm,0.18,1.0,0.05555555555555556,0.0,0,0,0,0,1.0402694038647496e+17,1.5563435552142868,339.44713114145287,340.0,15.982739539588055,3.404779742670051e+21,0.0,1.0,2.8754047856962015e-05,48.11767825290207,bohm,0.4814,1.0,0.06231823847112588,0.0,0,0,0,0,1.2303014154805725e+20,0.0,0.0,0.09299448529057738,7.248072635546412,0.0,9.104307504842246e-05,1.2303014154805725e+20,0.0,0.0,1.0,1.0,0.0,1.0,0,0,0.0,0.0,0.0,0.0,0.0,0.0,0.0,0.0,0.0,1.0,0.0,1.0,0,0,0.0,0.0,0.0,0.0,0.0,0.0,0.0,0.0,0.0,1.0,0.0,1.0,0,0,0.0,0.0,0.0,0.0,0.0,0.0,0.0,0.0,0.0,0.0,0.0,0.0
0.0019500000000000001,production,0.0,23.48098771374056,1131.4890436984015,2.4096582037079843e+17,1.572508616731281,1131.4890436984017,13560000.0,1500.0,0.7543260291322678,3.9863797819696627,67.16059147535478,16.847514574281444,3.162275787094408,0.3,74.02726436681922,0.0,2000000.0,0.0,0.0,0.0,3.8565929251681124,45.13584336294031,-0.0,8.0,0.0,0.0,15.98260964064402,340.0,6.51782826743447e+17,1.5802479415819042,792.0423305888811,350.0,15.82943795273726,3.275775782204551e+21,0.0,0.33333333333333337,1.1575248624843019e-05,74.02726436681922,bohm,0.18,1.0,0.05555555555555556,0.0,0,0,0,0,1.0402681824658224e+17,1.5563449674170944,339.4467131095205,340.0,15.98260964064402,3.404752070487059e+21,0.0,1.0,2.8754077782798668e-05,48.117721838432495,bohm,0.4814,1.0,0.06231823847112588,0.0,0,0,0,0,1.2303005291394061e+20,0.0,0.0,0.09299382371859896,7.248057302463667,0.0,9.104316730791693e-05,1.2303005291394061e+20,0.0,0.0,1.0,1.0,0.0,1.0,0,0,0.0,0.0,0.0,0.0,0.0,0.0,0.0,0.0,0.0,1.0,0.0,1.0,0,0,0.0,0.0,0.0,0.0,0.0,0.0,0.0,0.0,0.0,1.0,0.0,1.0,0,0,0.0,0.0,0.0,0.0,0.0,0.0,0.0,0.0,0.0,0.0,0.0,0.0
0.001963157894736842,production,0.0,23.480964945915794,1131.4876497499467,2.40966724996579e+17,1.5725137024689164,1131.4876497499467,13560000.0,1500.0,0.7543250998332978,3.9863752380551425,67.16051182896389,16.847513798457644,3.1622757872586162,0.3,74.02733142643008,0.0,2000000.0,0.0,0.0,0.0,3.8565951900905415,45.135882339344,-0.0,8.0,0.0,0.0,15.982479727786856,340.0,6.517868118071126e+17,1.5802547297406921,792.0413548249627,350.0,15.828208873864348,3.275521434146311e+21,0.0,0.33333333333333337,1.1575238100290488e-05,74.02733142643008,bohm,0.18,1.0,0.05555555555555556,0.0,0,0,0,0,1.0402669605973446e+17,1.556346379795368,339.446294924984,340.0,15.982479727786856,3.404724395340174e+21,0.0,1.0,2.8754107716784795e-05,48.117765427179556,bohm,0.4814,1.0,0.06231823847112588,0.0,0,0,0,0,1.2302996423107027e+20,0.0,0.0,0.09299316209017479,7.248041968063562,0.0,9.104325959290422e-05,1.2302996423107027e+20,0.0,0.0,1.0,1.0,0.0,1.0,0,0,0.0,0.0,0.0,0.0,0.0,0.0,0.0,0.0,0.0,1.0,0.0,1.0,0,0,0.0,0.0,0.0,0.0,0.0,0.0,0.0,0.0,0.0,1.0,0.0,1.0,0,0,0.0,0.0,0.0,0.0,0.0,0.0,0.0,0.0,0.0,0.0,0.0,0.0
0.001976315789473684,production,0.0,23.480942169779958,1131.4862552926504,2.4096762943497283e+17,1.5725187888563947,1131.4862552926504,13560000.0,1500.0,0.7543241701951002,3.9863706948762747,67.16043217366843,16.84751301728925,3.1622757874227845,0.3,74.02739849098982,0.0,2000000.0,0.0,0.0,0.0,3.856597455887627,45.13592132754451,-0.0,8.0,0.0,0.0,15.982349801017316,340.0,6.517907962621416e+17,1.5802615187552413,792.0403787048552,350.0,15.826979836162545,3.275267094608104e+21,0.0,0.33333333333333337,1.157522758439568e-05,74.02739849098982,bohm,0.18,1.0,0.05555555555555556,0.0,0,0,0,0,1.040265738259166e+17,1.5563477923491071,339.4458765877951,340.0,15.982349801017316,3.4046967172295557e+21,0.0,1.0,2.875413765892251e-05,48.11780901914339,bohm,0.4814,1.0,0.06231823847112588,0.0,0,0,0,0,1.230298754994283e+20,0.0,0.0,0.09299250040531523,7.248026632346335,0.0,9.104335190339106e-05,1.230298754994283e+20,0.0,0.0,1.0,1.0,0.0,1.0,0,0,0.0,0.0,0.0,0.0,0.0,0.0,0.0,0.0,0.0,1.0,0.0,1.0,0,0,0.0,0.0,0.0,0.0,0.0,0.0,0.0,0.0,0.0,1.0,0.0,1.0,0,0,0.0,0.0,0.0,0.0,0.0,0.0,0.0,0.0,0.0,0.0,0.0,0.0
0.001989473684210526,production,0.0,23.480919385330427,1131.4848603263529,2.409685336859343e+17,1.572523875893823,1131.4848603263529,13560000.0,1500.0,0.7543232402175686,3.986366152433197,67.16035250946481,16.84751223077476,3.1622757875869136,0.3,74.02746556049864,0.0,2000000.0,0.0,0.0,0.0,3.8565997225596518,45.135960327545206,-0.0,8.0,0.0,0.0,15.982219860336158,340.0,6.517947801083964e+17,1.5802683086257079,792.039402228447,350.0,15.825750839630805,3.2750127635897123e+21,0.0,0.33333333333333337,1.1575217077160224e-05,74.02746556049864,bohm,0.18,1.0,0.05555555555555556,0.0,0,0,0,0,1.0402645154511362e+17,1.5563492050783128,339.4454580979058,340.0,15.982219860336158,3.404669036155366e+21,0.0,1.0,2.875416760921395e-05,48.11785261432412,bohm,0.4814,1.0,0.06231823847112588,0.0,0,0,0,0,1.2302978671899684e+20,0.0,0.0,0.09299183866403068,7.248011295312225,0.0,9.10434442393842e-05,1.2302978671899684e+20,0.0,0.0,1.0,1.0,0.0,1.0,0,0,0.0,0.0,0.0,0.0,0.0,0.0,0.0,0.0,0.0,1.0,0.0,1.0,0,0,0.0,0.0,0.0,0.0,0.0,0.0,0.0,0.0,0.0,1.0,0.0,1.0,0,0,0.0,0.0,0.0,0.0,0.0,0.0,0.0,0.0,0.0,0.0,0.0,0.0
0.0020026315789473683,production,0.0,23.480896592564584,1131.483464850893,2.409694377494177e+17,1.5725289635813062,1131.483464850893,13560000.0,1500.0,0.7543223099005953,3.9863616107260462,67.16027283634942,16.847511438912676,3.162275787751003,0.3,74.02753263495671,0.0,2000000.0,0.0,0.0,0.0,3.8566019901069,45.135999339349404,-0.0,8.0,0.0,0.0,15.98208990574414,340.0,6.517987633457394e+17,1.580275099352247,792.038425395625,350.0,15.824521884268064,3.2747584410909163e+21,0.0,0.33333333333333337,1.1575206578585748e-05,74.02753263495671,bohm,0.18,1.0,0.05555555555555556,0.0,0,0,0,0,1.0402632921731043e+17,1.556350617982984,339.4450394552679,340.0,15.98208990574414,3.4046413521177653e+21,0.0,1.0,2.8754197567661225e-05,48.11789621272187,bohm,0.4814,1.0,0.06231823847112588,0.0,0,0,0,0,1.2302969788975795e+20,0.0,0.0,0.09299117686633156,7.247995956961473,0.0,9.104353660089034e-05,1.2302969788975795e+20,0.0,0.0,1.0,1.0,0.0,1.0,0,0,0.0,0.0,0.0,0.0,0.0,0.0,0.0,0.0,0.0,1.0,0.0,1.0,0,0,0.0,0.0,0.0,0.0,0.0,0.0,0.0,0.0,0.0,1.0,0.0,1.0,0,0,0.0,0.0,0.0,0.0,0.0,0.0,0.0,0.0,0.0,0.0,0.0,0.0
0.002015789473684211,production,0.0,23.48087379147981,1131.482068866111,2.4097034162537725e+17,1.5725340519189528,1131.482068866111,13560000.0,1500.0,0.7543213792440739,3.9863570697549595,67.16019315431865,16.84751064170149,3.162275787915053,0.3,74.02759971436424,0.0,2000000.0,0.0,0.0,0.0,3.8566042585296554,45.13603836296043,-0.0,8.0,0.0,0.0,15.981959937242019,340.0,6.518027459740329e+17,1.580281890935016,792.0374482062776,350.0,15.823292970073277,3.2745041271114994e+21,0.0,0.33333333333333337,1.1575196088673885e-05,74.02759971436424,bohm,0.18,1.0,0.05555555555555556,0.0,0,0,0,0,1.0402620684249202e+17,1.5563520310631223,339.4446206598333,340.0,15.981959937242019,3.4046136651169163e+21,0.0,1.0,2.8754227534266476e-05,48.11793981433676,bohm,0.4814,1.0,0.06231823847112588,0.0,0,0,0,0,1.2302960901169378e+20,0.0,0.0,0.09299051501222824,7.247980617294315,0.0,9.104362898791621e-05,1.2302960901169378e+20,0.0,0.0,1.0,1.0,0.0,1.0,0,0,0.0,0.0,0.0,0.0,0.0,0.0,0.0,0.0,0.0,1.0,0.0,1.0,0,0,0.0,0.0,0.0,0.0,0.0,0.0,0.0,0.0,0.0,1.0,0.0,1.0,0,0,0.0,0.0,0.0,0.0,0.0,0.0,0.0,0.0,0.0,0.0,0.0,0.0
0.002028947368421053,production,0.0,23.48085098207348,1131.4806723718457,2.409712453137673e+17,1.5725391409068694,1131.4806723718457,13560000.0,1500.0,0.7543204482478971,3.9863525295200732,67.16011346336887,16.8475098391397,3.162275788079063,0.3,74.02766679872143,0.0,2000000.0,0.0,0.0,0.0,3.856606527828201,45.1360773983816,-0.0,8.0,0.0,0.0,15.981829954830555,340.0,6.518067279931393e+17,1.58028868337417,792.0364706602919,350.0,15.822064097045386,3.2742498216512434e+21,0.0,0.33333333333333337,1.1575185607426259e-05,74.02766679872143,bohm,0.18,1.0,0.05555555555555556,0.0,0,0,0,0,1.0402608442064331e+17,1.5563534443187264,339.4442017115537,340.0,15.981829954830555,3.40458597515298e+21,0.0,1.0,2.8754257509031815e-05,48.11798341916893,bohm,0.4814,1.0,0.06231823847112588,0.0,0,0,0,0,1.2302952008478636e+20,0.0,0.0,0.09298985310173112,7.247965276310989,0.0,9.104372140046854e-05,1.2302952008478636e+20,0.0,0.0,1.0,1.0,0.0,1.0,0,0,0.0,0.0,0.0,0.0,0.0,0.0,0.0,0.0,0.0,1.0,0.0,1.0,0,0,0.0,0.0,0.0,0.0,0.0,0.0,0.0,0.0,0.0,1.0,0.0,1.0,0,0,0.0,0.0,0.0,0.0,0.0,0.0,0.0,0.0,0.0,0.0,0.0,0.0
0.002042105263157895,production,0.0,23.480828164342967,1131.4792753679367,2.4097214881454195e+17,1.572544230545163,1131.479275367937,13560000.0,1500.0,0.7543195169119579,3.9863479900215273,67.1600337634965,16.8475090312258,3.162275788243034,0.3,74.02773388802846,0.0,2000000.0,0.0,0.0,0.0,3.856608798002821,45.1361164456163,-0.0,8.0,0.0,0.0,15.981699958510507,340.0,6.518107094029202e+17,1.580295476669867,792.0354927575557,350.0,15.820835265183334,3.2739955247099287e+21,0.0,0.33333333333333337,1.157517513484451e-05,74.02773388802846,bohm,0.18,1.0,0.05555555555555556,0.0,0,0,0,0,1.0402596195174922e+17,1.5563548577497976,339.44378261038105,340.0,15.981699958510507,3.404558282226118e+21,0.0,1.0,2.8754287491959387e-05,48.1180270272185,bohm,0.4814,1.0,0.06231823847112588,0.0,0,0,0,0,1.230294311090178e+20,0.0,0.0,0.09298919113485068,7.2479499340117375,0.0,9.104381383855411e-05,1.230294311090178e+20,0.0,0.0,1.0,1.0,0.0,1.0,0,0,0.0,0.0,0.0,0.0,0.0,0.0,0.0,0.0,0.0,1.0,0.0,1.0,0,0,0.0,0.0,0.0,0.0,0.0,0.0,0.0,0.0,0.0,1.0,0.0,1.0,0,0,0.0,0.0,0.0,0.0,0.0,0.0,0.0,0.0,0.0,0.0,0.0,0.0
0.002055263157894737,production,0.0,23.48080533828566,1131.477877854224,2.4097305212765555e+17,1.5725493208339392,1131.477877854224,13560000.0,1500.0,0.7543185852361494,3.9863434512594567,67.1599540546979,16.84750821795829,3.162275788406966,0.3,74.02780098228554,0.0,2000000.0,0.0,0.0,0.0,3.856611069053801,45.13615550466782,-0.0,8.0,0.0,0.0,15.981569948282626,340.0,6.518146902032383e+17,1.5803022708222612,792.0345144979568,350.0,15.819606474486072,3.273741236287338e+21,0.0,0.33333333333333337,1.1575164670930261e-05,74.02780098228554,bohm,0.18,1.0,0.05555555555555556,0.0,0,0,0,0,1.0402583943579466e+17,1.5563562713563353,339.4433633562672,340.0,15.981569948282626,3.404530586336491e+21,0.0,1.0,2.8754317483051313e-05,48.118070638485605,bohm,0.4814,1.0,0.06231823847112588,0.0,0,0,0,0,1.2302934208437006e+20,0.0,0.0,0.09298852911159722,7.247934590396795,0.0,9.104390630217963e-05,1.2302934208437006e+20,0.0,0.0,1.0,1.0,0.0,1.0,0,0,0.0,0.0,0.0,0.0,0.0,0.0,0.0,0.0,0.0,1.0,0.0,1.0,0,0,0.0,0.0,0.0,0.0,0.0,0.0,0.0,0.0,0.0,1.0,0.0,1.0,0,0,0.0,0.0,0.0,0.0,0.0,0.0,0.0,0.0,0.0,0.0,0.0,0.0
0.002068421052631579,production,0.0,23.48078250389892,1131.4764798305462,2.409739552530622e+17,1.5725544117733061,1131.4764798305462,13560000.0,1500.0,0.7543176532203641,3.9863389132340012,67.1598743369695,16.847507399335655,3.162275788570858,0.3,74.02786808149284,0.0,2000000.0,0.0,0.0,0.0,3.856613340981423,45.136194575539506,-0.0,8.0,0.0,0.0,15.981439924147676,340.0,6.518186703939552e+17,1.5803090658315104,792.0335358813822,350.0,15.818377724952548,3.273486956383255e+21,0.0,0.33333333333333337,1.1575154215685154e-05,74.02786808149284,bohm,0.18,1.0,0.05555555555555556,0.0,0,0,0,0,1.0402571687276458e+17,1.5563576851383396,339.44294394916386,340.0,15.981439924147676,3.4045028874842606e+21,0.0,1.0,2.8754347482309714e-05,48.11811425297035,bohm,0.4814,1.0,0.06231823847112588,0.0,0,0,0,0,1.230292530108253e+20,0.0,0.0,0.09298786703198125,7.247919245466405,0.0,9.104399879135182e-05,1.230292530108253e+20,0.0,0.0,1.0,1.0,0.0,1.0,0,0,0.0,0.0,0.0,0.0,0.0,0.0,0.0,0.0,0.0,1.0,0.0,1.0,0,0,0.0,0.0,0.0,0.0,0.0,0.0,0.0,0.0,0.0,1.0,0.0,1.0,0,0,0.0,0.0,0.0,0.0,0.0,0.0,0.0,0.0,0.0,0.0,0.0,0.0
0.0020815789473684213,production,0.0,23.48075966118013,1131.4750812967427,2.409748581907162e+17,1.5725595033633704,1131.4750812967427,13560000.0,1500.0,0.7543167208644952,3.9863343759452965,67.15979461030763,16.847506575356398,3.1622757887347106,0.3,74.02793518565059,0.0,2000000.0,0.0,0.0,0.0,3.8566156137859737,45.13623365823472,-0.0,8.0,0.0,0.0,15.981309886106407,340.0,6.518226499749332e+17,1.5803158616977704,792.0325569077198,350.0,15.817149016581698,3.2732326849974585e+21,0.0,0.33333333333333337,1.1575143769110817e-05,74.02793518565059,bohm,0.18,1.0,0.05555555555555556,0.0,0,0,0,0,1.0402559426264386e+17,1.556359099095811,339.4425243890228,340.0,15.981309886106407,3.404475185669588e+21,0.0,1.0,2.8754377489736738e-05,48.11815787067289,bohm,0.4814,1.0,0.06231823847112588,0.0,0,0,0,0,1.2302916388836554e+20,0.0,0.0,0.0929872048960131,7.247903899220802,0.0,9.104409130607746e-05,1.2302916388836554e+20,0.0,0.0,1.0,1.0,0.0,1.0,0,0,0.0,0.0,0.0,0.0,0.0,0.0,0.0,0.0,0.0,1.0,0.0,1.0,0,0,0.0,0.0,0.0,0.0,0.0,0.0,0.0,0.0,0.0,1.0,0.0,1.0,0,0,0.0,0.0,0.0,0.0,0.0,0.0,0.0,0.0,0.0,0.0,0.0,0.0
0.0020947368421052634,production,0.0,23.48073681012667,1131.473682252653,2.4097576094057165e+17,1.5725645956042391,1131.4736822526531,13560000.0,1500.0,0.7543157881684355,3.9863298393934805,67.1597148747087,16.84750574601901,3.1622757888985236,0.3,74.02800229475895,0.0,2000000.0,0.0,0.0,0.0,3.8566178874677357,45.13627275275679,-0.0,8.0,0.0,0.0,15.981179834159585,340.0,6.518266289460343e+17,1.580322658421198,792.0315775768571,350.0,15.81592034937248,3.272978422129733e+21,0.0,0.33333333333333337,1.1575133331208882e-05,74.02800229475895,bohm,0.18,1.0,0.05555555555555556,0.0,0,0,0,0,1.0402547160541742e+17,1.55636051322875,339.4421046757959,340.0,15.981179834159585,3.4044474808926355e+21,0.0,1.0,2.875440750533451e-05,48.11820149159332,bohm,0.4814,1.0,0.06231823847112588,0.0,0,0,0,0,1.2302907471697283e+20,0.0,0.0,0.09298654270370324,7.247888551660226,0.0,9.10441838463633e-05,1.2302907471697283e+20,0.0,0.0,1.0,1.0,0.0,1.0,0,0,0.0,0.0,0.0,0.0,0.0,0.0,0.0,0.0,0.0,1.0,0.0,1.0,0,0,0.0,0.0,0.0,0.0,0.0,0.0,0.0,0.0,0.0,1.0,0.0,1.0,0,0,0.0,0.0,0.0,0.0,0.0,0.0,0.0,0.0,0.0,0.0,0.0,0.0
0.0021078947368421055,production,0.0,23.480713950735908,1131.4722826981167,2.4097666350258285e+17,1.5725696884960185,1131.4722826981167,13560000.0,1500.0,0.7543148551320777,3.986325303578692,67.15963513016911,16.847504911321984,3.1622757890622974,0.3,74.02806940881814,0.0,2000000.0,0.0,0.0,0.0,3.856620162026993,45.136311859109036,-0.0,8.0,0.0,0.0,15.981049768307956,340.0,6.518306073071208e+17,1.5803294560019487,792.0305978886817,350.0,15.814691723323834,3.2727241677798596e+21,0.0,0.33333333333333337,1.157512290198098e-05,74.02806940881814,bohm,0.18,1.0,0.05555555555555556,0.0,0,0,0,0,1.040253489010702e+17,1.5563619275371559,339.441684809435,340.0,15.981049768307956,3.4044197731535626e+21,0.0,1.0,2.875443752910515e-05,48.118245115731796,bohm,0.4814,1.0,0.06231823847112588,0.0,0,0,0,0,1.2302898549662926e+20,0.0,0.0,0.09298588045506202,7.247873202784919,0.0,9.104427641221604e-05,1.2302898549662926e+20,0.0,0.0,1.0,1.0,0.0,1.0,0,0,0.0,0.0,0.0,0.0,0.0,0.0,0.0,0.0,0.0,1.0,0.0,1.0,0,0,0.0,0.0,0.0,0.0,0.0,0.0,0.0,0.0,0.0,1.0,0.0,1.0,0,0,0.0,0.0,0.0,0.0,0.0,0.0,0.0,0.0,0.0,0.0,0.0,0.0
0.0021210526315789476,production,0.0,23.48069108300522,1131.4708826329725,2.4097756587670394e+17,1.5725747820388167,1131.4708826329725,13560000.0,1500.0,0.754313921755315,3.986320768501067,67.15955537668525,16.84750407126382,3.162275789226032,0.3,74.02813652782834,0.0,2000000.0,0.0,0.0,0.0,3.856622437464031,45.1363509772948,-0.0,8.0,0.0,0.0,15.980919688552293,340.0,6.518345850580543e+17,1.5803362544401804,792.0296178430807,350.0,15.813463138434711,3.27246992194762e+21,0.0,0.33333333333333337,1.1575112481428751e-05,74.02813652782834,bohm,0.18,1.0,0.05555555555555556,0.0,0,0,0,0,1.0402522614958715e+17,1.5563633420210294,339.4412647898917,340.0,15.980919688552293,3.4043920624525325e+21,0.0,1.0,2.8754467561050796e-05,48.11828874308842,bohm,0.4814,1.0,0.06231823847112588,0.0,0,0,0,0,1.230288962273169e+20,0.0,0.0,0.09298521815009994,7.247857852595119,0.0,9.104436900364245e-05,1.230288962273169e+20,0.0,0.0,1.0,1.0,0.0,1.0,0,0,0.0,0.0,0.0,0.0,0.0,0.0,0.0,0.0,0.0,1.0,0.0,1.0,0,0,0.0,0.0,0.0,0.0,0.0,0.0,0.0,0.0,0.0,1.0,0.0,1.0,0,0,0.0,0.0,0.0,0.0,0.0,0.0,0.0,0.0,0.0,0.0,0.0,0.0
0.0021342105263157897,production,0.0,23.480668206931966,1131.4694820570592,2.40978468062889e+17,1.5725798762327405,1131.4694820570592,13560000.0,1500.0,0.7543129880380395,3.986316234160744,67.15947561425345,16.847503225843,3.1622757893897266,0.3,74.02820365178974,0.0,2000000.0,0.0,0.0,0.0,3.8566247137791336,45.13639010731745,-0.0,8.0,0.0,0.0,15.98078959489334,340.0,6.518385621986967e+17,1.5803430537360494,792.0286374399413,350.0,15.812234594704053,3.272215684632797e+21,0.0,0.33333333333333337,1.1575102069553828e-05,74.02820365178974,bohm,0.18,1.0,0.05555555555555556,0.0,0,0,0,0,1.0402510335095309e+17,1.5563647566803707,339.44084461711776,340.0,15.98078959489334,3.4043643487897057e+21,0.0,1.0,2.875449760117358e-05,48.11833237366333,bohm,0.4814,1.0,0.06231823847112588,0.0,0,0,0,0,1.2302880690901772e+20,0.0,0.0,0.09298455578882733,7.247842501091063,0.0,9.104446162064929e-05,1.2302880690901772e+20,0.0,0.0,1.0,1.0,0.0,1.0,0,0,0.0,0.0,0.0,0.0,0.0,0.0,0.0,0.0,0.0,1.0,0.0,1.0,0,0,0.0,0.0,0.0,0.0,0.0,0.0,0.0,0.0,0.0,1.0,0.0,1.0,0,0,0.0,0.0,0.0,0.0,0.0,0.0,0.0,0.0,0.0,0.0,0.0,0.0
0.0021473684210526318,production,0.0,23.48064532251354,1131.4680809702168,2.4097937006109226e+17,1.5725849710778963,1131.4680809702168,13560000.0,1500.0,0.7543120539801444,3.986311700557861,67.15939584287015,16.847502375058024,3.1622757895533824,0.3,74.02827078070254,0.0,2000000.0,0.0,0.0,0.0,3.8566269909725857,45.1364292491803,-0.0,8.0,0.0,0.0,15.980659487331861,340.0,6.518425387289101e+17,1.5803498538897114,792.0276566791517,350.0,15.811006092130812,3.2719614558351723e+21,0.0,0.33333333333333337,1.1575091666357844e-05,74.02827078070254,bohm,0.18,1.0,0.05555555555555556,0.0,0,0,0,0,1.0402498050515296e+17,1.5563661715151786,339.440424291065,340.0,15.980659487331861,3.404336632165244e+21,0.0,1.0,2.875452764947563e-05,48.118376007456654,bohm,0.4814,1.0,0.06231823847112588,0.0,0,0,0,0,1.2302871754171376e+20,0.0,0.0,0.0929838933712546,7.247827148272991,0.0,9.104455426324326e-05,1.2302871754171376e+20,0.0,0.0,1.0,1.0,0.0,1.0,0,0,0.0,0.0,0.0,0.0,0.0,0.0,0.0,0.0,0.0,1.0,0.0,1.0,0,0,0.0,0.0,0.0,0.0,0.0,0.0,0.0,0.0,0.0,1.0,0.0,1.0,0,0,0.0,0.0,0.0,0.0,0.0,0.0,0.0,0.0,0.0,0.0,0.0,0.0
0.002160526315789474,production,0.0,23.4806224297473,1131.4666793722836,2.409802718712678e+17,1.5725900665743917,1131.4666793722836,13560000.0,1500.0,0.7543111195815224,3.986307167692555,67.1593160625317,16.847501518907382,3.162275789716998,0.3,74.02833791456695,0.0,2000000.0,0.0,0.0,0.0,3.8566292690446726,45.13646840288671,-0.0,8.0,0.0,0.0,15.980529365868614,340.0,6.518465146485564e+17,1.580356654901323,792.0266755605985,350.0,15.809777630713938,3.271707235554529e+21,0.0,0.33333333333333337,1.1575081271842431e-05,74.02833791456695,bohm,0.18,1.0,0.05555555555555556,0.0,0,0,0,0,1.0402485761217162e+17,1.5563675865254554,339.4400038116851,340.0,15.980529365868614,3.4043089125793087e+21,0.0,1.0,2.875455770595909e-05,48.11841964446852,bohm,0.4814,1.0,0.06231823847112588,0.0,0,0,0,0,1.2302862812538706e+20,0.0,0.0,0.09298323089739227,7.247811794141139,0.0,9.104464693143119e-05,1.2302862812538706e+20,0.0,0.0,1.0,1.0,0.0,1.0,0,0,0.0,0.0,0.0,0.0,0.0,0.0,0.0,0.0,0.0,1.0,0.0,1.0,0,0,0.0,0.0,0.0,0.0,0.0,0.0,0.0,0.0,0.0,1.0,0.0,1.0,0,0,0.0,0.0,0.0,0.0,0.0,0.0,0.0,0.0,0.0,0.0,0.0,0.0
0.002173684210526316,production,0.0,23.48059952863062,1131.4652772630993,2.409811734933698e+17,1.5725951627223338,1131.4652772630993,13560000.0,1500.0,0.7543101848420662,3.9863026355649644,67.1592362732345,16.847500657389567,3.162275789880575,0.3,74.02840505338314,0.0,2000000.0,0.0,0.0,0.0,3.8566315479956774,45.136507568440024,-0.0,8.0,0.0,0.0,15.980399230504359,340.0,6.518504899574971e+17,1.5803634567710423,792.0256940841695,350.0,15.808549210452371,3.2714530237906483e+21,0.0,0.33333333333333337,1.1575070886009234e-05,74.02840505338314,bohm,0.18,1.0,0.05555555555555556,0.0,0,0,0,0,1.04024734671994e+17,1.5563690017112006,339.4395831789298,340.0,15.980399230504359,3.4042811900320615e+21,0.0,1.0,2.8754587770626098e-05,48.11846328469904,bohm,0.4814,1.0,0.06231823847112588,0.0,0,0,0,0,1.230285386600197e+20,0.0,0.0,0.09298256836725076,7.2477964386957545,0.0,9.104473962521981e-05,1.230285386600197e+20,0.0,0.0,1.0,1.0,0.0,1.0,0,0,0.0,0.0,0.0,0.0,0.0,0.0,0.0,0.0,0.0,1.0,0.0,1.0,0,0,0.0,0.0,0.0,0.0,0.0,0.0,0.0,0.0,0.0,1.0,0.0,1.0,0,0,0.0,0.0,0.0,0.0,0.0,0.0,0.0,0.0,0.0,0.0,0.0,0.0
0.002186842105263158,production,0.0,23.480576619160875,1131.4638746425026,2.409820749273523e+17,1.5726002595218291,1131.4638746425026,13560000.0,1500.0,0.7543092497616684,3.9862981041752272,67.15915647497492,16.84749979050307,3.1622757900441116,0.3,74.02847219715133,0.0,2000000.0,0.0,0.0,0.0,3.8566338278258856,45.13654674584356,-0.0,8.0,0.0,0.0,15.980269081239848,340.0,6.518544646555942e+17,1.580370259499024,792.0247122497517,350.0,15.807320831345066,3.2711988205433127e+21,0.0,0.33333333333333337,1.1575060508859879e-05,74.02847219715133,bohm,0.18,1.0,0.05555555555555556,0.0,0,0,0,0,1.0402461168460501e+17,1.5563704170724135,339.43916239275075,340.0,15.980269081239848,3.4042534645236635e+21,0.0,1.0,2.8754617843478764e-05,48.11850692814836,bohm,0.4814,1.0,0.06231823847112588,0.0,0,0,0,0,1.2302844914559371e+20,0.0,0.0,0.09298190578084037,7.247781081937073,0.0,9.104483234461584e-05,1.2302844914559371e+20,0.0,0.0,1.0,1.0,0.0,1.0,0,0,0.0,0.0,0.0,0.0,0.0,0.0,0.0,0.0,0.0,1.0,0.0,1.0,0,0,0.0,0.0,0.0,0.0,0.0,0.0,0.0,0.0,0.0,1.0,0.0,1.0,0,0,0.0,0.0,0.0,0.0,0.0,0.0,0.0,0.0,0.0,0.0,0.0,0.0
0.0022,afterglow,0.0,5.0,0.0,2.409829761731695e+17,1.572605356972795,0.0,13560000.0,0.0,0.0,1.0,0.0,0.0,0.0,0.0,0.0,0.0,2000000.0,0.0,0.0,0.0,3.856636108535582,45.136585935099134,-0.0,8.0,0.0,0.0,15.980138918075848,340.0,6.518584387427096e+17,1.5803770630852287,0.0,350.0,15.806092493390969,3.2709446258123053e+21,0.0,0.33333333333333337,1.1575050140395284e-05,35.0,bohm,0.18,1.0,0.05555555555555556,0.0,0,0,0,0,1.040244886499895e+17,1.5563718326089178,0.0,340.0,15.980138918075848,3.404225736054277e+21,0.0,1.0,2.8754647924517606e-05,35.0,bohm,0.4814,1.0,0.06231823847112588,0.0,0,0,0,0,1.2302835958208407e+20,0.0,0.0,0.09298124313816669,7.247765723865214,0.0,9.104492508962119e-05,1.2302835958208407e+20,0.0,0.0,1.0,1.0,0.0,1.0,0,0,0.0,0.0,0.0,0.0,0.0,0.0,0.0,0.0,0.0,1.0,0.0,1.0,0,0,0.0,0.0,0.0,0.0,0.0,0.0,0.0,0.0,0.0,1.0,0.0,1.0,0,0,0.0,0.0,0.0,0.0,0.0,0.0,0.0,0.0,0.0,0.0,0.0,0.0
0.002213793103448276,afterglow,0.0,5.0,0.0,1.9049569115855923e+17,1.0845224677046466,0.0,13560000.0,0.0,0.0,1.0,0.0,0.0,0.0,0.0,0.0,0.0,2000000.0,0.0,0.0,0.0,4.29752513225622,45.388683937950134,-0.0,8.0,0.0,0.0,15.980030265345398,340.0,5.1065682192498246e+17,1.0858546652571848,0.0,350.0,15.805021122114718,3.270722914081859e+21,0.0,0.33333333333333337,1.0840278747871493e-05,35.0,bohm,0.18,1.0,0.05555555555555556,0.0,0,0,0,0,8.377531423641819e+16,1.0818156410196575,0.0,340.0,15.980030265345398,3.404202589921244e+21,0.0,1.0,2.6713928757328e-05,35.0,bohm,0.4814,1.0,0.06231823847112588,0.0,0,0,0,0,8.260487078380257e+19,0.0,0.0,0.08751814540172895,7.120835659965129,0.0,8.569617807201235e-05,8.260487078380257e+19,0.0,0.0,1.0,1.0,0.0,1.0,0,0,0.0,0.0,0.0,0.0,0.0,0.0,0.0,0.0,0.0,1.0,0.0,1.0,0,0,0.0,0.0,0.0,0.0,0.0,0.0,0.0,0.0,0.0,1.0,0.0,1.0,0,0,0.0,0.0,0.0,0.0,0.0,0.0,0.0,0.0,0.0,0.0,0.0,0.0
0.0022275862068965517,afterglow,0.0,5.0,0.0,1.5112189844354982e+17,1.023693324615036,0.0,13560000.0,0.0,0.0,1.0,0.0,0.0,0.0,0.0,0.0,0.0,2000000.0,0.0,0.0,0.0,4.782318120965592,49.77452820066718,-0.0,8.0,0.0,0.0,15.979945599791467,340.0,4.015337661600882e+17,1.0246900067136528,0.0,350.0,15.804136448144007,3.270539837867969e+21,0.0,0.33333333333333337,1.1875567768727023e-05,35.0,bohm,0.18,1.0,0.05555555555555556,0.0,0,0,0,0,6.765127587137036e+16,1.0217214400665817,0.0,340.0,15.979945599791467,3.404184553741513e+21,0.0,1.0,2.8889992273011453e-05,35.0,bohm,0.4814,1.0,0.06231823847112588,0.0,0,0,0,0,6.482689302464912e+19,0.0,0.0,0.0948819246463093,7.291780183205071,0.0,9.290714917519705e-05,6.482689302464912e+19,0.0,0.0,1.0,1.0,0.0,1.0,0,0,0.0,0.0,0.0,0.0,0.0,0.0,0.0,0.0,0.0,1.0,0.0,1.0,0,0,0.0,0.0,0.0,0.0,0.0,0.0,0.0,0.0,0.0,1.0,0.0,1.0,0,0,0.0,0.0,0.0,0.0,0.0,0.0,0.0,0.0,0.0,0.0,0.0,0.0
0.002241379310344828,afterglow,0.0,5.0,0.0,1.2036673717995995e+17,0.9978258102781572,0.0,13560000.0,0.0,0.0,1.0,0.0,0.0,0.0,0.0,0.0,0.0,2000000.0,0.0,0.0,0.0,5.312611274105148,54.941551797879185,-0.0,8.0,0.0,0.0,15.979876608489691,340.0,3.1700777974306144e+17,0.9987511648800759,0.0,350.0,15.803372082944692,3.2703816585936225e+21,0.0,0.33333333333333337,1.3195105207035209e-05,35.0,bohm,0.18,1.0,0.05555555555555556,0.0,0,0,0,0,5.481972299225944e+16,0.9960421176470052,0.0,340.0,15.979876608489691,3.4041698566249067e+21,0.0,1.0,3.168761853117211e-05,35.0,bohm,0.4814,1.0,0.06231823847112588,0.0,0,0,0,0,5.186670402094144e+19,0.0,0.0,0.10418910303286895,7.506224675467729,0.0,0.00010202105791921142,5.186670402094144e+19,0.0,0.0,1.0,1.0,0.0,1.0,0,0,0.0,0.0,0.0,0.0,0.0,0.0,0.0,0.0,0.0,1.0,0.0,1.0,0,0,0.0,0.0,0.0,0.0,0.0,0.0,0.0,0.0,0.0,1.0,0.0,1.0,0,0,0.0,0.0,0.0,0.0,0.0,0.0,0.0,0.0,0.0,0.0,0.0,0.0
0.0022551724137931037,afterglow,0.0,5.0,0.0,9.612038861112784e+16,0.9775552777948339,0.0,13560000.0,0.0,0.0,1.0,0.0,0.0,0.0,0.0,0.0,0.0,2000000.0,0.0,0.0,0.0,5.894947404783871,60.650405501149166,-0.0,8.0,0.0,0.0,15.979819546877941,340.0,2.5090990122512144e+17,0.9786144087845746,0.0,350.0,15.802696999278943,3.270241955419712e+21,0.0,0.33333333333333337,1.4681352670933439e-05,35.0,bohm,0.18,1.0,0.05555555555555556,0.0,0,0,0,0,4.452388440646333e+16,0.9755657355108592,0.0,340.0,15.979819546877941,3.4041577008728035e+21,0.0,1.0,3.479772999301122e-05,35.0,bohm,0.4814,1.0,0.06231823847112588,0.0,0,0,0,0,4.169022876929702e+19,0.0,0.0,0.11452426180082313,7.742259213176502,0.0,0.00011214155538041015,4.169022876929702e+19,0.0,0.0,1.0,1.0,0.0,1.0,0,0,0.0,0.0,0.0,0.0,0.0,0.0,0.0,0.0,0.0,1.0,0.0,1.0,0,0,0.0,0.0,0.0,0.0,0.0,0.0,0.0,0.0,0.0,1.0,0.0,1.0,0,0,0.0,0.0,0.0,0.0,0.0,0.0,0.0,0.0,0.0,0.0,0.0,0.0
0.0022689655172413795,afterglow,0.0,5.0,0.0,7.693128431965203e+16,0.9603389205126246,0.0,13560000.0,0.0,0.0,1.0,0.0,0.0,0.0,0.0,0.0,0.0,2000000.0,0.0,0.0,0.0,6.534696090221352,66.93726784096148,-0.0,8.0,0.0,0.0,15.97977190722359,340.0,1.9902667974887206e+17,0.9614773811931699,0.0,350.0,15.802090714303471,3.270116489585378e+21,0.0,0.33333333333333337,1.6339285261893653e-05,35.0,bohm,0.18,1.0,0.05555555555555556,0.0,0,0,0,0,3.6232819176578696e+16,0.9582544010592403,0.0,340.0,15.97977190722359,3.4041475522665723e+21,0.0,1.0,3.823037130541608e-05,35.0,bohm,0.4814,1.0,0.06231823847112588,0.0,0,0,0,0,3.362447409292248e+19,0.0,0.0,0.1259268178008267,8.000136267472143,0.0,0.0001233072459084813,3.362447409292248e+19,0.0,0.0,1.0,1.0,0.0,1.0,0,0,0.0,0.0,0.0,0.0,0.0,0.0,0.0,0.0,0.0,1.0,0.0,1.0,0,0,0.0,0.0,0.0,0.0,0.0,0.0,0.0,0.0,0.0,1.0,0.0,1.0,0,0,0.0,0.0,0.0,0.0,0.0,0.0,0.0,0.0,0.0,0.0,0.0,0.0
0.0022827586206896552,afterglow,0.0,5.0,0.0,6.169323362365895e+16,0.9457172528513532,0.0,13560000.0,0.0,0.0,1.0,0.0,0.0,0.0,0.0,0.0,0.0,2000000.0,0.0,0.0,0.0,7.237805661249977,73.86189558489465,-0.0,8.0,0.0,0.0,15.979731753346403,340.0,1.5816750506407712e+17,0.9468930368061399,0.0,350.0,15.80153777847109,3.270002063930201e+21,0.0,0.33333333333333337,1.818909107223968e-05,35.0,bohm,0.18,1.0,0.05555555555555556,0.0,0,0,0,0,2.953514314351955e+16,0.9436183880772849,0.0,340.0,15.979731753346403,3.4041389983445554e+21,0.0,1.0,4.201920445599024e-05,35.0,bohm,0.4814,1.0,0.06231823847112588,0.0,0,0,0,0,2.7198831104507314e+19,0.0,0.0,0.13850787948981577,8.281612036406369,0.0,0.00013562693293582963,2.7198831104507314e+19,0.0,0.0,1.0,1.0,0.0,1.0,0,0,0.0,0.0,0.0,0.0,0.0,0.0,0.0,0.0,0.0,1.0,0.0,1.0,0,0,0.0,0.0,0.0,0.0,0.0,0.0,0.0,0.0,0.0,1.0,0.0,1.0,0,0,0.0,0.0,0.0,0.0,0.0,0.0,0.0,0.0,0.0,0.0,0.0,0.0
0.002296551724137931,afterglow,0.0,5.0,0.0,4.955704882095438e+16,0.9332993327673149,0.0,13560000.0,0.0,0.0,1.0,0.0,0.0,0.0,0.0,0.0,0.0,2000000.0,0.0,0.0,0.0,8.010845593171776,81.49011195904737,-0.0,8.0,0.0,0.0,15.97969757538612,340.0,1.2589836455567384e+17,0.9344804063035177,0.0,350.0,15.80102640892385,3.2698962400858163e+21,0.0,0.33333333333333337,2.0253226688287042e-05,35.0,bohm,0.18,1.0,0.05555555555555556,0.0,0,0,0,0,2.4109943576047892e+16,0.9312435388420284,0.0,340.0,15.97969757538612,3.4041317174634197e+21,0.0,1.0,4.620114165540553e-05,35.0,bohm,0.4814,1.0,0.06231823847112588,0.0,0,0,0,0,2.2056713030509367e+19,0.0,0.0,0.15238939803775467,8.588506854772007,0.0,0.00014922003679233585,2.2056713030509367e+19,0.0,0.0,1.0,1.0,0.0,1.0,0,0,0.0,0.0,0.0,0.0,0.0,0.0,0.0,0.0,0.0,1.0,0.0,1.0,0,0,0.0,0.0,0.0,0.0,0.0,0.0,0.0,0.0,0.0,1.0,0.0,1.0,0,0,0.0,0.0,0.0,0.0,0.0,0.0,0.0,0.0,0.0,0.0,0.0,0.0
0.002310344827586207,afterglow,0.0,5.0,0.0,3.986656220006593e+16,0.9227532061136612,0.0,13560000.0,0.0,0.0,1.0,0.0,0.0,0.0,0.0,0.0,0.0,2000000.0,0.0,0.0,0.0,8.861064438098303,89.89442144373761,-0.0,8.0,0.0,0.0,15.979668188035365,340.0,1.0035061080519027e+17,0.9239155898900598,0.0,350.0,15.800547561822963,3.2697971465020045e+21,0.0,0.33333333333333337,2.2556686603312402e-05,35.0,bohm,0.18,1.0,0.05555555555555556,0.0,0,0,0,0,1.9705212665024484e+16,0.9207800239590278,0.0,340.0,15.979668188035365,3.404125457118859e+21,0.0,1.0,5.081671058930688e-05,35.0,bohm,0.4814,1.0,0.06231823847112588,0.0,0,0,0,0,1.7925531156604381e+19,0.0,0.0,0.1677053625091032,8.922695280635523,0.0,0.00016421776520054537,1.7925531156604381e+19,0.0,0.0,1.0,1.0,0.0,1.0,0,0,0.0,0.0,0.0,0.0,0.0,0.0,0.0,0.0,0.0,1.0,0.0,1.0,0,0,0.0,0.0,0.0,0.0,0.0,0.0,0.0,0.0,0.0,1.0,0.0,1.0,0,0,0.0,0.0,0.0,0.0,0.0,0.0,0.0,0.0,0.0,0.0,0.0,0.0
0.002324137931034483,afterglow,0.0,5.0,0.0,3.2111713063835936e+16,0.9137969584076817,0.0,13560000.0,0.0,0.0,1.0,0.0,0.0,0.0,0.0,0.0,0.0,2000000.0,0.0,0.0,0.0,9.796456835518601,99.15470208541251,-0.0,8.0,0.0,0.0,15.979642655085792,340.0,8.008130434783118e+16,0.9149231398889823,0.0,350.0,15.800094255126968,3.2697033383010385e+21,0.0,0.33333333333333337,2.5127304623643464e-05,35.0,bohm,0.18,1.0,0.05555555555555556,0.0,0,0,0,0,1.6121849302504192e+16,0.9119322822930348,0.0,340.0,15.979642655085792,3.4041200178717723e+21,0.0,1.0,5.591045600809588e-05,35.0,bohm,0.4814,1.0,0.06231823847112588,0.0,0,0,0,0,1.4595168553166672e+19,0.0,0.0,0.1846031189752411,9.286092198391792,0.0,0.00018076440509937668,1.4595168553166672e+19,0.0,0.0,1.0,1.0,0.0,1.0,0,0,0.0,0.0,0.0,0.0,0.0,0.0,0.0,0.0,0.0,1.0,0.0,1.0,0,0,0.0,0.0,0.0,0.0,0.0,0.0,0.0,0.0,0.0,1.0,0.0,1.0,0,0,0.0,0.0,0.0,0.0,0.0,0.0,0.0,0.0,0.0,0.0,0.0,0.0
0.002337931034482759,afterglow,0.0,5.0,0.0,2.589389314070688e+16,0.9061911427511563,0.0,13560000.0,0.0,0.0,1.0,0.0,0.0,0.0,0.0,0.0,0.0,2000000.0,0.0,0.0,0.0,10.825837871184774,109.35896753036295,-0.0,8.0,0.0,0.0,15.979620233053568,340.0,6.3970470845744536e+16,0.9072687667525989,0.0,350.0,15.799661070553313,3.2696136942126105e+21,0.0,0.33333333333333337,2.7996089586953393e-05,35.0,bohm,0.18,1.0,0.05555555555555556,0.0,0,0,0,0,1.3201700572360994e+16,0.9044505560141395,0.0,340.0,15.979620233053568,3.404115241338881e+21,0.0,1.0,6.153137838418078e-05,35.0,bohm,0.4814,1.0,0.06231823847112588,0.0,0,0,0,0,1.1902419582331124e+19,0.0,0.0,0.2032448130274436,9.680633899685574,0.0,0.00019901873528377272,1.1902419582331124e+19,0.0,0.0,1.0,1.0,0.0,1.0,0,0,0.0,0.0,0.0,0.0,0.0,0.0,0.0,0.0,0.0,1.0,0.0,1.0,0,0,0.0,0.0,0.0,0.0,0.0,0.0,0.0,0.0,0.0,1.0,0.0,1.0,0,0,0.0,0.0,0.0,0.0,0.0,0.0,0.0,0.0,0.0,0.0,0.0,0.0
0.0023517241379310346,afterglow,0.0,5.0,0.0,2.090011273959809e+16,0.8997323700141863,0.0,13560000.0,0.0,0.0,1.0,0.0,0.0,0.0,0.0,0.0,0.0,2000000.0,0.0,0.0,0.0,11.958925454875107,120.60420596545943,-0.0,8.0,0.0,0.0,15.979600328661476,340.0,5.114483520522535e+16,0.9007531628925809,0.0,350.0,15.799243784009164,3.2695273400944385e+21,0.0,0.33333333333333337,3.119759918806042e-05,35.0,bohm,0.18,1.0,0.05555555555555556,0.0,0,0,0,0,1.0818538584389e+16,0.898123764466807,0.0,340.0,15.979600328661476,3.4041110011352024e+21,0.0,1.0,6.773341350264697e-05,35.0,bohm,0.4814,1.0,0.06231823847112588,0.0,0,0,0,0,9.7196282557281e+18,0.0,0.0,0.22380896872253075,10.108253326550727,0.0,0.0002191555726276209,9.7196282557281e+18,0.0,0.0,1.0,1.0,0.0,1.0,0,0,0.0,0.0,0.0,0.0,0.0,0.0,0.0,0.0,0.0,1.0,0.0,1.0,0,0,0.0,0.0,0.0,0.0,0.0,0.0,0.0,0.0,0.0,1.0,0.0,1.0,0,0,0.0,0.0,0.0,0.0,0.0,0.0,0.0,0.0,0.0,0.0,0.0,0.0
0.0023655172413793103,afterglow,0.0,5.0,0.0,1.688357689070324e+16,0.8942478713968244,0.0,13560000.0,0.0,0.0,1.0,0.0,0.0,0.0,0.0,0.0,0.0,2000000.0,0.0,0.0,0.0,13.206431505540523,132.9973041048086,-0.0,8.0,0.0,0.0,15.979582466484644,340.0,4.092073337124308e+16,0.895206760287405,0.0,350.0,15.798839089039575,3.269443591702075e+21,0.0,0.33333333333333337,3.4770356253879276e-05,35.0,bohm,0.18,1.0,0.05555555555555556,0.0,0,0,0,0,8871191397189962.0,0.8927734945866423,0.0,340.0,15.979582466484644,3.404107195981669e+21,0.0,1.0,7.45759573922783e-05,35.0,bohm,0.4814,1.0,0.06231823847112588,0.0,0,0,0,0,7.946310955639935e+18,0.0,0.0,0.2464922187381809,10.570848627959101,0.0,0.00024136746636450353,7.946310955639935e+18,0.0,0.0,1.0,1.0,0.0,1.0,0,0,0.0,0.0,0.0,0.0,0.0,0.0,0.0,0.0,0.0,1.0,0.0,1.0,0,0,0.0,0.0,0.0,0.0,0.0,0.0,0.0,0.0,0.0,1.0,0.0,1.0,0,0,0.0,0.0,0.0,0.0,0.0,0.0,0.0,0.0,0.0,0.0,0.0,0.0
0.002379310344827586,afterglow,0.0,5.0,0.0,1.3648964372249334e+16,0.8895908843087033,0.0,13560000.0,0.0,0.0,1.0,0.0,0.0,0.0,0.0,0.0,0.0,2000000.0,0.0,0.0,0.0,14.580162783692991,146.65606504463503,-0.0,8.0,0.0,0.0,15.97956626412416,340.0,3.2761047097200916e+16,0.8904852788586145,0.0,350.0,15.798444388267015,3.269361911528981e+21,0.0,0.33333333333333337,3.8757312365493275e-05,35.0,bohm,0.18,1.0,0.05555555555555556,0.0,0,0,0,0,7278270130598806.0,0.8882489307287387,0.0,340.0,15.97956626412416,3.4041037444163956e+21,0.0,1.0,8.212444160231724e-05,35.0,bohm,0.4814,1.0,0.06231823847112588,0.0,0,0,0,0,6.502921021065129e+18,0.0,0.0,0.271511202324098,11.07024417485458,0.0,0.0002658665566714353,6.502921021065129e+18,0.0,0.0,1.0,1.0,0.0,1.0,0,0,0.0,0.0,0.0,0.0,0.0,0.0,0.0,0.0,0.0,1.0,0.0,1.0,0,0,0.0,0.0,0.0,0.0,0.0,0.0,0.0,0.0,0.0,1.0,0.0,1.0,0,0,0.0,0.0,0.0,0.0,0.0,0.0,0.0,0.0,0.0,0.0,0.0,0.0
0.002393103448275862,afterglow,0.0,5.0,0.0,1.1041188478484062e+16,0.8856367358762705,0.0,13560000.0,0.0,0.0,1.0,0.0,0.0,0.0,0.0,0.0,0.0,2000000.0,0.0,0.0,0.0,16.093132302799955,161.71032970277452,-0.0,8.0,0.0,0.0,15.979551413008286,340.0,2.6242484264088284e+16,0.8864659450567038,0.0,350.0,15.798057634975018,3.269281876023526e+21,0.0,0.33333333333333337,4.3206364330167014e-05,35.0,bohm,0.18,1.0,0.05555555555555556,0.0,0,0,0,0,5974089883282656.0,0.8844225755442194,0.0,340.0,15.979551413008286,3.404100580704796e+21,0.0,1.0,9.045096439326838e-05,35.0,bohm,0.4814,1.0,0.06231823847112588,0.0,0,0,0,0,5.326165104683011e+18,0.0,0.0,0.29910464942950094,11.608143211921247,0.0,0.00029288661555702664,5.326165104683011e+18,0.0,0.0,1.0,1.0,0.0,1.0,0,0,0.0,0.0,0.0,0.0,0.0,0.0,0.0,0.0,0.0,1.0,0.0,1.0,0,0,0.0,0.0,0.0,0.0,0.0,0.0,0.0,0.0,0.0,1.0,0.0,1.0,0,0,0.0,0.0,0.0,0.0,0.0,0.0,0.0,0.0,0.0,0.0,0.0,0.0
0.002406896551724138,afterglow,0.0,5.0,0.0,8936763724524240.0,0.8822569497163755,0.0,13560000.0,0.0,0.0,1.0,0.0,0.0,0.0,0.0,0.0,0.0,2000000.0,0.0,0.0,0.0,17.759667759379052,178.30046826843366,-0.0,8.0,0.0,0.0,15.97953766346102,340.0,2.103055618733006e+16,0.8830442769941347,0.0,350.0,15.797677211986736,3.2692031505238757e+21,0.0,0.33333333333333337,4.8170929773586445e-05,35.0,bohm,0.18,1.0,0.05555555555555556,0.0,0,0,0,0,4905499570255634.0,0.881131822681871,0.0,340.0,15.97953766346102,3.404097651658753e+21,0.0,1.0,9.963180313820294e-05,35.0,bohm,0.4814,1.0,0.06231823847112588,0.0,0,0,0,0,4.365325654429489e+18,0.0,0.0,0.3295261954556946,12.185893909743184,0.0,0.0003226760110667631,4.365325654429489e+18,0.0,0.0,1.0,1.0,0.0,1.0,0,0,0.0,0.0,0.0,0.0,0.0,0.0,0.0,0.0,0.0,1.0,0.0,1.0,0,0,0.0,0.0,0.0,0.0,0.0,0.0,0.0,0.0,0.0,1.0,0.0,1.0,0,0,0.0,0.0,0.0,0.0,0.0,0.0,0.0,0.0,0.0,0.0,0.0,0.0
0.002420689655172414,afterglow,0.0,5.0,0.0,7237227764098344.0,0.8791383595444934,0.0,13560000.0,0.0,0.0,1.0,0.0,0.0,0.0,0.0,0.0,0.0,2000000.0,0.0,0.0,0.0,19.595300952746303,196.5646817160585,-0.0,8.0,0.0,0.0,15.979524813364943,340.0,1.6860470070362994e+16,0.879968641808936,0.0,350.0,15.797301839026291,3.269125470087161e+21,0.0,0.33333333333333337,5.3705396444296657e-05,35.0,bohm,0.18,1.0,0.05555555555555556,0.0,0,0,0,0,4029480328676794.5,0.8779803153197856,0.0,340.0,15.979524813364943,3.4040949142214877e+21,0.0,1.0,0.00010973294567597894,35.0,bohm,0.4814,1.0,0.06231823847112588,0.0,0,0,0,0,3.579351853065381e+18,0.0,0.0,0.36300120915956163,12.80361916175146,0.0,0.00035545543265458524,3.579351853065381e+18,0.0,0.0,1.0,1.0,0.0,1.0,0,0,0.0,0.0,0.0,0.0,0.0,0.0,0.0,0.0,0.0,1.0,0.0,1.0,0,0,0.0,0.0,0.0,0.0,0.0,0.0,0.0,0.0,0.0,1.0,0.0,1.0,0,0,0.0,0.0,0.0,0.0,0.0,0.0,0.0,0.0,0.0,0.0,0.0,0.0
0.0024344827586206897,afterglow,0.0,5.0,0.0,5863884628213427.0,0.8760950373569816,0.0,13560000.0,0.0,0.0,1.0,0.0,0.0,0.0,0.0,0.0,0.0,2000000.0,0.0,0.0,0.0,21.616919994871168,216.666439887469,-0.0,8.0,0.0,0.0,15.979512698450815,340.0,1.3522398889017378e+16,0.8769681441067264,0.0,350.0,15.796930501671453,3.269048624786801e+21,0.0,0.33333333333333337,5.986654646618177e-05,35.0,bohm,0.18,1.0,0.05555555555555556,0.0,0,0,0,0,3311046541278777.0,0.8749064405799455,0.0,340.0,15.979512698450815,3.4040923333989635e+21,0.0,1.0,0.00012084184075796701,35.0,bohm,0.4814,1.0,0.06231823847112588,0.0,0,0,0,0,2.936020304808092e+18,0.0,0.0,0.3998213974083679,13.461922526265898,0.0,0.00039151052933705143,2.936020304808092e+18,0.0,0.0,1.0,1.0,0.0,1.0,0,0,0.0,0.0,0.0,0.0,0.0,0.0,0.0,0.0,0.0,1.0,0.0,1.0,0,0,0.0,0.0,0.0,0.0,0.0,0.0,0.0,0.0,0.0,1.0,0.0,1.0,0,0,0.0,0.0,0.0,0.0,0.0,0.0,0.0,0.0,0.0,0.0,0.0,0.0
0.0024482758620689654,afterglow,0.0,5.0,0.0,4753530470101716.0,0.8731237691348434,0.0,13560000.0,0.0,0.0,1.0,0.0,0.0,0.0,0.0,0.0,0.0,2000000.0,0.0,0.0,0.0,23.843069765969027,238.78798480037608,-0.0,8.0,0.0,0.0,15.979501184582395,340.0,1.0849241406650004e+16,0.8740386045530798,0.0,350.0,15.796562392356435,3.268972447503505e+21,0.0,0.33333333333333337,6.672441720122176e-05,35.0,bohm,0.18,1.0,0.05555555555555556,0.0,0,0,0,0,2721626824585619.0,0.8719081640403533,0.0,340.0,15.979501184582395,3.404089880616331e+21,0.0,1.0,0.00013305777344291774,35.0,bohm,0.4814,1.0,0.06231823847112588,0.0,0,0,0,0,2.4092225050801864e+18,0.0,0.0,0.4403167629817701,14.161183974966228,0.0,0.00043116445063043606,2.4092225050801864e+18,0.0,0.0,1.0,1.0,0.0,1.0,0,0,0.0,0.0,0.0,0.0,0.0,0.0,0.0,0.0,0.0,1.0,0.0,1.0,0,0,0.0,0.0,0.0,0.0,0.0,0.0,0.0,0.0,0.0,1.0,0.0,1.0,0,0,0.0,0.0,0.0,0.0,0.0,0.0,0.0,0.0,0.0,0.0,0.0,0.0
0.0024620689655172412,afterglow,0.0,5.0,0.0,3855328314390307.5,0.8702228885743664,0.0,13560000.0,0.0,0.0,1.0,0.0,0.0,0.0,0.0,0.0,0.0,2000000.0,0.0,0.0,0.0,26.294121721537373,263.1294447799718,-0.0,8.0,0.0,0.0,15.979490162149,340.0,8707692074988614.0,0.871178356498574,0.0,350.0,15.796196866846733,3.268896804918087e+21,0.0,0.33333333333333337,7.435688285623607e-05,35.0,bohm,0.18,1.0,0.05555555555555556,0.0,0,0,0,0,2237873727524205.5,0.8689836288298448,0.0,340.0,15.979490162149,3.404087532523387e+21,0.0,1.0,0.00014648972932445822,35.0,bohm,0.4814,1.0,0.06231823847112588,0.0,0,0,0,0,1.9776723314667656e+18,0.0,0.0,0.4848495804226781,14.901304066653577,0.0,0.0004747719477347165,1.9776723314667656e+18,0.0,0.0,1.0,1.0,0.0,1.0,0,0,0.0,0.0,0.0,0.0,0.0,0.0,0.0,0.0,0.0,1.0,0.0,1.0,0,0,0.0,0.0,0.0,0.0,0.0,0.0,0.0,0.0,0.0,1.0,0.0,1.0,0,0,0.0,0.0,0.0,0.0,0.0,0.0,0.0,0.0,0.0,0.0,0.0,0.0
0.002475862068965517,afterglow,0.0,5.0,0.0,3128363530033043.0,0.8673907541285375,0.0,13560000.0,0.0,0.0,1.0,0.0,0.0,0.0,0.0,0.0,0.0,2000000.0,0.0,0.0,0.0,28.99245318083597,289.9105780624098,-0.0,8.0,0.0,0.0,15.97947954154038,340.0,6991354444267202.0,0.8683857533330057,0.0,350.0,15.795833410954252,3.2688215906234264e+21,0.0,0.33333333333333337,8.285044641480731e-05,35.0,bohm,0.18,1.0,0.05555555555555556,0.0,0,0,0,0,1840699891954990.2,0.866131017340264,0.0,340.0,15.97947954154038,3.40408527003059e+21,0.0,1.0,0.00016125733211725708,35.0,bohm,0.4814,1.0,0.06231823847112588,0.0,0,0,0,0,1.624006432686314e+18,0.0,0.0,0.5338175204966276,15.681613480394567,0.0,0.000522722433146561,1.624006432686314e+18,0.0,0.0,1.0,1.0,0.0,1.0,0,0,0.0,0.0,0.0,0.0,0.0,0.0,0.0,0.0,0.0,1.0,0.0,1.0,0,0,0.0,0.0,0.0,0.0,0.0,0.0,0.0,0.0,0.0,1.0,0.0,1.0,0,0,0.0,0.0,0.0,0.0,0.0,0.0,0.0,0.0,0.0,0.0,0.0,0.0
0.0024896551724137932,afterglow,0.0,5.0,0.0,2539688341716131.5,0.8646257651642116,0.0,13560000.0,0.0,0.0,1.0,0.0,0.0,0.0,0.0,0.0,0.0,2000000.0,0.0,0.0,0.0,31.962641889761283,319.3726717347054,-0.0,8.0,0.0,0.0,15.979469249465986,340.0,5615271149653465.0,0.8656591914984969,0.0,350.0,15.795471614101567,3.268746719653804e+21,0.0,0.33333333333333337,9.230118448460349e-05,35.0,bohm,0.18,1.0,0.05555555555555556,0.0,0,0,0,0,1514494072403687.2,0.8633485577706795,0.0,340.0,15.979469249465986,3.404083077524961e+21,0.0,1.0,0.0001774918691972972,35.0,bohm,0.4814,1.0,0.06231823847112588,0.0,0,0,0,0,1.3340546604032865e+18,0.0,0.0,0.5876570648414602,16.500779261560595,0.0,0.0005754433244411627,1.3340546604032865e+18,0.0,0.0,1.0,1.0,0.0,1.0,0,0,0.0,0.0,0.0,0.0,0.0,0.0,0.0,0.0,0.0,1.0,0.0,1.0,0,0,0.0,0.0,0.0,0.0,0.0,0.0,0.0,0.0,0.0,1.0,0.0,1.0,0,0,0.0,0.0,0.0,0.0,0.0,0.0,0.0,0.0,0.0,0.0,0.0,0.0
0.002503448275862069,afterglow,0.0,5.0,0.0,2062755060397584.8,0.8619263583198628,0.0,13560000.0,0.0,0.0,1.0,0.0,0.0,0.0,0.0,0.0,0.0,2000000.0,0.0,0.0,0.0,35.23168065130376,351.7806359738629,-0.0,8.0,0.0,0.0,15.979459225956774,340.0,4511572666535154.0,0.8629971054800668,0.0,350.0,15.79511114829305,3.2686721241331427e+21,0.0,0.33333333333333337,0.0001028158000329705,35.0,bohm,0.18,1.0,0.05555555555555556,0.0,0,0,0,0,1246482525018395.0,0.8606345221532133,0.0,340.0,15.979459225956774,3.404080942231382e+21,0.0,1.0,0.00019533742223722228,35.0,bohm,0.4814,1.0,0.06231823847112588,0.0,0,0,0,0,1.0962473037514442e+18,0.0,0.0,0.6468472707938486,17.35671163614002,0.0,0.0006334037309640068,1.0962473037514442e+18,0.0,0.0,1.0,1.0,0.0,1.0,0,0,0.0,0.0,0.0,0.0,0.0,0.0,0.0,0.0,0.0,1.0,0.0,1.0,0,0,0.0,0.0,0.0,0.0,0.0,0.0,0.0,0.0,0.0,1.0,0.0,1.0,0,0,0.0,0.0,0.0,0.0,0.0,0.0,0.0,0.0,0.0,0.0,0.0,0.0
0.0025172413793103448,afterglow,0.0,5.0,0.0,1676160634431808.0,0.8592910066480941,0.0,13560000.0,0.0,0.0,1.0,0.0,0.0,0.0,0.0,0.0,0.0,2000000.0,0.0,0.0,0.0,38.829212624682036,387.4252995834141,-0.0,8.0,0.0,0.0,15.979449421923043,340.0,3626016044079393.0,0.860397967016257,0.0,350.0,15.794751751387174,3.2685977498133484e+21,0.0,0.33333333333333337,0.00011451278977992335,35.0,bohm,0.18,1.0,0.05555555555555556,0.0,0,0,0,0,1026208831215946.4,0.8579872252171864,0.0,340.0,15.979449421923043,3.4040788536923453e+21,0.0,1.0,0.00021495210625334515,35.0,bohm,0.4814,1.0,0.06231823847112588,0.0,0,0,0,0,9.011334709566388e+17,0.0,0.0,0.7119138973863662,18.24647551279271,0.0,0.0006971184941991631,9.011334709566388e+17,0.0,0.0,1.0,1.0,0.0,1.0,0,0,0.0,0.0,0.0,0.0,0.0,0.0,0.0,0.0,0.0,1.0,0.0,1.0,0,0,0.0,0.0,0.0,0.0,0.0,0.0,0.0,0.0,0.0,1.0,0.0,1.0,0,0,0.0,0.0,0.0,0.0,0.0,0.0,0.0,0.0,0.0,0.0,0.0,0.0
0.0025310344827586206,afterglow,0.0,5.0,0.0,1362639960021152.0,0.85671821873414,0.0,13560000.0,0.0,0.0,1.0,0.0,0.0,0.0,0.0,0.0,0.0,2000000.0,0.0,0.0,0.0,42.787789404864235,426.6259273549882,-0.0,8.0,0.0,0.0,15.979439797164114,340.0,2915229980330117.0,0.8578602842078348,0.0,350.0,15.794393213782481,3.268523553319072e+21,0.0,0.33333333333333337,0.00012752373915387273,35.0,bohm,0.18,1.0,0.05555555555555556,0.0,0,0,0,0,845109953251497.1,0.8554050233344941,0.0,340.0,15.979439797164114,3.4040768033439587e+21,0.0,1.0,0.00023650942809369093,35.0,bohm,0.4814,1.0,0.06231823847112588,0.0,0,0,0,0,7.409895398474021e+17,0.0,0.0,0.7834339292763021,19.1662124381405,0.0,0.0007671526178127591,7.409895398474021e+17,0.0,0.0,1.0,1.0,0.0,1.0,0,0,0.0,0.0,0.0,0.0,0.0,0.0,0.0,0.0,0.0,1.0,0.0,1.0,0,0,0.0,0.0,0.0,0.0,0.0,0.0,0.0,0.0,0.0,1.0,0.0,1.0,0,0,0.0,0.0,0.0,0.0,0.0,0.0,0.0,0.0,0.0,0.0,0.0,0.0
0.0025448275862068963,afterglow,0.0,5.0,0.0,1108258150129360.5,0.8542065378307123,0.0,13560000.0,0.0,0.0,1.0,0.0,0.0,0.0,0.0,0.0,0.0,2000000.0,0.0,0.0,0.0,47.14315408186799,469.7329806387994,-0.0,8.0,0.0,0.0,15.979430318745322,340.0,2344520961608400.0,0.8553826006438472,0.0,350.0,15.79403536781508,3.2684494999536093e+21,0.0,0.33333333333333337,0.00014199475871989455,35.0,bohm,0.18,1.0,0.05555555555555556,0.0,0,0,0,0,696170546303014.2,0.8528863134823322,0.0,340.0,15.979430318745322,3.4040747841701984e+21,0.0,1.0,0.0002601997758582722,35.0,bohm,0.4814,1.0,0.06231823847112588,0.0,0,0,0,0,6.095006600761068e+17,0.0,0.0,0.8620405369056722,20.1110800077364,0.0,0.0008441261248767476,6.095006600761068e+17,0.0,0.0,1.0,1.0,0.0,1.0,0,0,0.0,0.0,0.0,0.0,0.0,0.0,0.0,0.0,0.0,1.0,0.0,1.0,0,0,0.0,0.0,0.0,0.0,0.0,0.0,0.0,0.0,0.0,1.0,0.0,1.0,0,0,0.0,0.0,0.0,0.0,0.0,0.0,0.0,0.0,0.0,0.0,0.0,0.0
0.0025586206896551725,afterglow,0.0,5.0,0.0,901762037350266.8,0.8517545410177708,0.0,13560000.0,0.0,0.0,1.0,0.0,0.0,0.0,0.0,0.0,0.0,2000000.0,0.0,0.0,0.0,51.93455168620053,517.131144521806,-0.0,8.0,0.0,0.0,15.979420959674064,340.0,1886125317512152.2,0.8529634945522878,0.0,350.0,15.793678079311178,3.268375561950767e+21,0.0,0.33333333333333337,0.00015808807747207592,35.0,bohm,0.18,1.0,0.05555555555555556,0.0,0,0,0,0,573640943962971.8,0.8504295322335911,0.0,340.0,15.979420959674064,3.40407279042087e+21,0.0,1.0,0.000286232051827118,35.0,bohm,0.4814,1.0,0.06231823847112588,0.0,0,0,0,0,5.0150153994800134e+17,0.0,0.0,0.9484285148048484,21.075216912865685,0.0,0.0009287193833161125,5.0150153994800134e+17,0.0,0.0,1.0,1.0,0.0,1.0,0,0,0.0,0.0,0.0,0.0,0.0,0.0,0.0,0.0,0.0,1.0,0.0,1.0,0,0,0.0,0.0,0.0,0.0,0.0,0.0,0.0,0.0,0.0,1.0,0.0,1.0,0,0,0.0,0.0,0.0,0.0,0.0,0.0,0.0,0.0,0.0,0.0,0.0,0.0
0.0025724137931034483,afterglow,0.0,5.0,0.0,734059200613816.2,0.8493608383839614,0.0,13560000.0,0.0,0.0,1.0,0.0,0.0,0.0,0.0,0.0,0.0,2000000.0,0.0,0.0,0.0,57.205069658964106,569.2426472669063,-0.0,8.0,0.0,0.0,15.979411697819137,340.0,1517815866034310.0,0.8506015779711509,0.0,350.0,15.793321240853333,3.2683017170813625e+21,0.0,0.33333333333333337,0.00017598381005651622,35.0,bohm,0.18,1.0,0.05555555555555556,0.0,0,0,0,0,472806978806985.1,0.8480331547727727,0.0,340.0,15.979411697819137,3.4040708173813944e+21,0.0,1.0,0.00031483546268130914,35.0,bohm,0.4814,1.0,0.06231823847112588,0.0,0,0,0,0,4.1276537266582336e+17,0.0,0.0,1.0433602439853906,22.05174272543731,0.0,0.0010216789445722158,4.1276537266582336e+17,0.0,0.0,1.0,1.0,0.0,1.0,0,0,0.0,0.0,0.0,0.0,0.0,0.0,0.0,0.0,0.0,1.0,0.0,1.0,0,0,0.0,0.0,0.0,0.0,0.0,0.0,0.0,0.0,0.0,1.0,0.0,1.0,0,0,0.0,0.0,0.0,0.0,0.0,0.0,0.0,0.0,0.0,0.0,0.0,0.0
0.002586206896551724,afterglow,0.0,5.0,0.0,597799186064232.6,0.8470240722292511,0.0,13560000.0,0.0,0.0,1.0,0.0,0.0,0.0,0.0,0.0,0.0,2000000.0,0.0,0.0,0.0,63.00201123847384,626.5309001273075,-0.0,8.0,0.0,0.0,15.97940251502828,340.0,1221790676675083.0,0.8482954959395821,0.0,350.0,15.79296476641009,3.2682279475418733e+21,0.0,0.33333333333333337,0.0001958819168426878,35.0,bohm,0.18,1.0,0.05555555555555556,0.0,0,0,0,0,389802022527282.56,0.8456956939366719,0.0,340.0,15.97940251502828,3.404068861184823e+21,0.0,1.0,0.00034626148212306624,35.0,bohm,0.4814,1.0,0.06231823847112588,0.0,0,0,0,0,3.398318739505423e+17,0.0,0.0,1.1476722287708667,23.03280197072548,0.0,0.001123823944786874,3.398318739505423e+17,0.0,0.0,1.0,1.0,0.0,1.0,0,0,0.0,0.0,0.0,0.0,0.0,0.0,0.0,0.0,0.0,1.0,0.0,1.0,0,0,0.0,0.0,0.0,0.0,0.0,0.0,0.0,0.0,0.0,1.0,0.0,1.0,0,0,0.0,0.0,0.0,0.0,0.0,0.0,0.0,0.0,0.0,0.0,0.0,0.0
0.0026,afterglow,0.0,5.0,0.0,487036675434367.2,0.8447429162854851,0.0,13560000.0,0.0,0.0,1.0,0.0,0.0,0.0,0.0,0.0,0.0,2000000.0,0.0,0.0,0.0,69.37730493364285,689.5044883542254,-0.0,8.0,0.0,0.0,15.979393396407314,340.0,983786408077486.1,0.84604392570519,0.0,350.0,15.79260858705096,3.2681542390676843e+21,0.0,0.33333333333333337,0.00021800437781674184,35.0,bohm,0.18,1.0,0.05555555555555556,0.0,0,0,0,0,321453431219994.2,0.8434156992771727,0.0,340.0,15.979393396407314,3.4040669186582695e+21,0.0,1.0,0.0003807860024519928,35.0,bohm,0.4814,1.0,0.06231823847112588,0.0,0,0,0,0,2.7986711357616605e+17,0.0,0.0,1.2622822632520627,24.009661747000976,0.0,0.0012360531225490694,2.7986711357616605e+17,0.0,0.0,1.0,1.0,0.0,1.0,0,0,0.0,0.0,0.0,0.0,0.0,0.0,0.0,0.0,0.0,1.0,0.0,1.0,0,0,0.0,0.0,0.0,0.0,0.0,0.0,0.0,0.0,0.0,1.0,0.0,1.0,0,0,0.0,0.0,0.0,0.0,0.0,0.0,0.0,0.0,0.0,0.0,0.0,0.0
