time_s,step_id,self_bias_V,plasma_potential_V,total_absorbed_power_W,electron_density_m3,mean_electron_energy_eV,port_source_rf_absorbed_power_W,port_source_rf_frequency_Hz,port_source_rf_delivered_power_W,port_source_rf_coupling_efficiency,port_source_rf_plasma_resistance_Ohm,port_source_rf_coil_voltage_rms_V,port_source_rf_coil_current_rms_A,port_source_rf_E_over_H_mode_index,port_source_rf_downstream_fraction,port_source_rf_effective_field_Td,port_wafer_bias_absorbed_power_W,port_wafer_bias_frequency_Hz,port_wafer_bias_delivered_power_W,port_wafer_bias_rf_voltage_rms_V,port_wafer_bias_rf_current_rms_A,port_wafer_bias_bulk_resistance_Ohm,port_wafer_bias_sheath_reactance_Ohm,port_wafer_bias_self_bias_V,port_wafer_bias_plasma_potential_V,port_wafer_bias_sheath_voltage_powered_V,port_wafer_bias_sheath_voltage_ground_V,port_wafer_bias_pressure_Pa,port_wafer_bias_gas_temperature_K,ne_source_m3,mean_energy_source_eV,pabs_source_W,Tg_source_K,pressure_source_Pa,total_density_source_m3,electronegativity_source,residence_time_source_s,debye_length_source_m,EoverN_source_Td,ion_loss_family_source,ion_loss_area_source_m2,ion_loss_h_factor_source,ion_loss_characteristic_length_source_m,ambipolar_loss_rate_source_s,warning_high_electronegativity_source,warning_ion_ion_afterglow_source,warning_pressure_deviation_source,warning_debye_ratio_source,ne_process_m3,mean_energy_process_eV,pabs_process_W,Tg_process_K,pressure_process_Pa,total_density_process_m3,electronegativity_process,residence_time_process_s,debye_length_process_m,EoverN_process_Td,ion_loss_family_process,ion_loss_area_process_m2,ion_loss_h_factor_process,ion_loss_characteristic_length_process_m,ambipolar_loss_rate_process_s,warning_high_electronegativity_process,warning_ion_ion_afterglow_process,warning_pressure_deviation_process,warning_debye_ratio_process,ion_flux_wafer_m2_s,mean_ion_energy_wafer_eV,ied_width_wafer_eV,ied_collisionality_wafer,angle_spread_wafer_deg,sheath_voltage_wafer_V,sheath_thickness_wafer_m,ion_flux_wafer_Ar_plus_m2_s,mean_ion_energy_wafer_Ar_plus_eV,ied_width_wafer_Ar_plus_eV,charge_fraction_wafer_Ar_plus,site_fill_wafer,occupied_site_fraction_wafer,free_site_fraction_wafer,warning_site_overfill_wafer,warning_site_depletion_wafer,radical_incident_flux_wafer_m2_s,halogen_atom_flux_wafer_m2_s,carbon_atom_flux_wafer_m2_s,oxygen_atom_flux_wafer_m2_s,radical_to_ion_flux_ratio_wafer,halogen_to_C_radical_flux_ratio_wafer,F_to_C_radical_flux_ratio_wafer,etch_deposition_balance_wafer,net_total_flux_wafer_m2_s,site_fill_grounded_wall,occupied_site_fraction_grounded_wall,free_site_fraction_grounded_wall,warning_site_overfill_grounded_wall,warning_site_depletion_grounded_wall,radical_incident_flux_grounded_wall_m2_s,halogen_atom_flux_grounded_wall_m2_s,carbon_atom_flux_grounded_wall_m2_s,oxygen_atom_flux_grounded_wall_m2_s,radical_to_ion_flux_ratio_grounded_wall,halogen_to_C_radical_flux_ratio_grounded_wall,F_to_C_radical_flux_ratio_grounded_wall,etch_deposition_balance_grounded_wall,net_total_flux_grounded_wall_m2_s,site_fill_source_wall,occupied_site_fraction_source_wall,free_site_fraction_source_wall,warning_site_overfill_source_wall,warning_site_depletion_source_wall,radical_incident_flux_source_wall_m2_s,halogen_atom_flux_source_wall_m2_s,carbon_atom_flux_source_wall_m2_s,oxygen_atom_flux_source_wall_m2_s,radical_to_ion_flux_ratio_source_wall,halogen_to_C_radical_flux_ratio_source_wall,F_to_C_radical_flux_ratio_source_wall,etch_deposition_balance_source_wall,net_total_flux_source_wall_m2_s,film_wafer_m,film_grounded_wall_m,film_source_wall_m
0.0,ignition,0.0,6.710053157925894,90.00279778557339,1000000000000.0,3.0,90.00279778557339,13560000.0,500.0,0.1800055955711468,62.5,75.00116573492933,1.2000186517588693,4.0165879057408976e-05,0.3,77.86155220492205,0.0,2000000.0,0.0,0.0,0.0,1243.8741942316758,18210.190340684727,-0.0,9.0,0.0,0.0,8.000000004694206,340.0,1000000000000.0,3.0,63.00195844990137,350.0,8.000000004832271,1.6555361189519816e+21,0.0,0.33333333333333337,0.012875965235341126,77.86155220492205,bohm,0.18,1.0,0.05555555555555556,0.0,0,0,0,1,1000000000000.0,3.0,27.000839335672016,340.0,8.000000004694206,1.704228357715275e+21,0.0,1.0,0.012875965235341126,50.61000893319933,bohm,0.4814,1.0,0.06231823847112588,0.0,0,0,0,1,1642001652684139.0,0.0,0.0,20.53877364509877,32.9999997374152,0.0,0.040172186143398236,1642001652684139.0,0.0,0.0,1.0,1.0,0.0,1.0,0,0,0.0,0.0,0.0,0.0,0.0,0.0,0.0,0.0,0.0,1.0,0.0,1.0,0,0,0.0,0.0,0.0,0.0,0.0,0.0,0.0,0.0,0.0,1.0,0.0,1.0,0,0,0.0,0.0,0.0,0.0,0.0,0.0,0.0,0.0,0.0,0.0,0.0,0.0
1.4285714285714287e-05,ignition,0.0,10.23810267712706,275.6896145856347,1.0003688966725738e+16,1.9954308260028402,275.6896145856347,13560000.0,500.0,0.5513792291712694,9.683496979939822,51.6685547527775,5.335733037332821,0.837606717910903,0.3,70.16258055407741,0.0,2000000.0,0.0,0.0,0.0,19.578496797293557,247.7876004520853,-0.0,8.0,0.0,0.0,7.999994335411681,340.0,2.79055550422504e+16,1.9980467445884924,192.98273020994426,350.0,7.999946992570696,1.6555251484877652e+21,0.0,0.33333333333333337,6.290376754066779e-05,70.16258055407741,bohm,0.18,1.0,0.05555555555555556,0.0,0,0,0,0,4036400274884185.5,1.989402462848655,82.7068843756904,340.0,7.999994335411681,1.7042271499962698e+21,0.0,1.0,0.00016503778268181743,45.60567736015032,bohm,0.4814,1.0,0.06231823847112588,0.0,0,0,0,0,5.397200044246533e+18,0.0,0.0,0.2654038946239843,10.94937370229281,0.0,0.0005191089983213509,5.397200044246533e+18,0.0,0.0,1.0,1.0,0.0,1.0,0,0,0.0,0.0,0.0,0.0,0.0,0.0,0.0,0.0,0.0,1.0,0.0,1.0,0,0,0.0,0.0,0.0,0.0,0.0,0.0,0.0,0.0,0.0,1.0,0.0,1.0,0,0,0.0,0.0,0.0,0.0,0.0,0.0,0.0,0.0,0.0,0.0,0.0,0.0
2.8571428571428574e-05,ignition,0.0,11.330687167293355,333.19406143649235,2.6926804310360024e+16,1.8254994284174066,333.19406143649235,13560000.0,500.0,0.6663881228729847,6.886074607730445,47.89988690909831,6.956051108613453,1.4739741861603453,0.3,68.89690063556739,0.0,2000000.0,0.0,0.0,0.0,11.88619768003312,146.08266962981978,-0.0,8.0,0.0,0.0,7.999980515421254,340.0,7.485321571111126e+16,1.8283510905797267,233.23584300554464,350.0,7.999829325428887,1.65550079821237e+21,0.0,0.33333333333333337,3.674038766315448e-05,68.89690063556739,bohm,0.18,1.0,0.05555555555555556,0.0,0,0,0,0,1.0951333843442946e+16,1.8190023177755164,99.9582184309477,340.0,7.999980515421254,1.7042242059438231e+21,0.0,1.0,9.580811268834963e-05,44.78298541311881,bohm,0.4814,1.0,0.06231823847112588,0.0,0,0,0,0,1.4002210655334349e+19,0.0,0.0,0.154417616333889,8.633026862407505,0.0,0.0003020291496766812,1.4002210655334349e+19,0.0,0.0,1.0,1.0,0.0,1.0,0,0,0.0,0.0,0.0,0.0,0.0,0.0,0.0,0.0,0.0,1.0,0.0,1.0,0,0,0.0,0.0,0.0,0.0,0.0,0.0,0.0,0.0,0.0,1.0,0.0,1.0,0,0,0.0,0.0,0.0,0.0,0.0,0.0,0.0,0.0,0.0,0.0,0.0,0.0
4.285714285714286e-05,ignition,0.0,11.672082582040344,351.1622411600181,4.070019200834574e+16,1.7627817517330588,351.1622411600181,13560000.0,500.0,0.7023244823200362,6.074217151120141,46.18479953491158,7.60341594412618,1.6728235694253095,0.3,68.38537281678911,0.0,2000000.0,0.0,0.0,0.0,9.627226581793145,116.95283064892068,-0.0,8.0,0.0,0.0,7.999958266350915,340.0,1.127199073511485e+17,1.766573301528116,245.81356881201265,350.0,7.999646310437904,1.6554629247214077e+21,0.0,0.33333333333333337,2.942962225988194e-05,68.38537281678911,bohm,0.18,1.0,0.05555555555555556,0.0,0,0,0,0,1.6693620227411494e+16,1.7542478899784084,105.34867234800542,340.0,7.999958266350915,1.7042194662567502e+21,0.0,1.0,7.62060383310387e-05,44.45049233091293,bohm,0.4814,1.0,0.06231823847112588,0.0,0,0,0,0,2.096085401257124e+19,0.0,0.0,0.12294193039114895,7.932886377259111,0.0,0.00024046576321375243,2.096085401257124e+19,0.0,0.0,1.0,1.0,0.0,1.0,0,0,0.0,0.0,0.0,0.0,0.0,0.0,0.0,0.0,0.0,1.0,0.0,1.0,0,0,0.0,0.0,0.0,0.0,0.0,0.0,0.0,0.0,0.0,1.0,0.0,1.0,0,0,0.0,0.0,0.0,0.0,0.0,0.0,0.0,0.0,0.0,0.0,0.0,0.0
5.714285714285715e-05,ignition,0.0,11.794358062516471,357.5977927640248,5.1166035131354264e+16,1.7261429829606878,357.5977927640248,13560000.0,500.0,0.7151955855280496,5.693271041640546,45.1209614048504,7.925314125190245,1.7440512163394843,0.3,68.03216408260639,0.0,2000000.0,0.0,0.0,0.0,8.553334362492459,103.22247405946703,-0.0,8.0,0.0,0.0,7.999929446617602,340.0,1.4121828303216528e+17,1.729767362105934,250.31845493481734,350.0,7.99941389104078,1.6554148273831013e+21,0.0,0.33333333333333337,2.6017619251392076e-05,68.03216408260639,bohm,0.18,1.0,0.05555555555555556,0.0,0,0,0,0,2.114861916441726e+16,1.7180758116721015,107.27933782920744,340.0,7.999929446617602,1.7042133268309072e+21,0.0,1.0,6.700378270262704e-05,44.22090665369415,bohm,0.4814,1.0,0.06231823847112588,0.0,0,0,0,0,2.6279442093067645e+19,0.0,0.0,0.10815704603968987,7.597104369199032,0.0,0.00021154833207963616,2.6279442093067645e+19,0.0,0.0,1.0,1.0,0.0,1.0,0,0,0.0,0.0,0.0,0.0,0.0,0.0,0.0,0.0,0.0,1.0,0.0,1.0,0,0,0.0,0.0,0.0,0.0,0.0,0.0,0.0,0.0,0.0,1.0,0.0,1.0,0,0,0.0,0.0,0.0,0.0,0.0,0.0,0.0,0.0,0.0,0.0,0.0,0.0
7.142857142857143e-05,ignition,0.0,11.845983250025816,360.3149078960955,5.890291937588695e+16,1.7066439065674475,360.3149078960955,13560000.0,500.0,0.720629815792191,5.480584631889684,44.43800565795104,8.10826009316254,1.7741308938300726,0.3,67.83592298241518,0.0,2000000.0,0.0,0.0,0.0,7.945716743754969,95.54781099902118,-0.0,8.0,0.0,0.0,7.999895636101199,340.0,1.6209125184197917e+17,1.7102339423995105,252.22043552726686,350.0,7.999145116049491,1.6553592065448912e+21,0.0,0.33333333333333337,2.4147220096792918e-05,67.83592298241518,bohm,0.18,1.0,0.05555555555555556,0.0,0,0,0,0,2.45068085538562e+16,1.6987289169990347,108.09447236882865,340.0,7.999895636101199,1.704206124225806e+21,0.0,1.0,6.189247200329284e-05,44.09334993856987,bohm,0.4814,1.0,0.06231823847112588,0.0,0,0,0,0,3.0280410644757012e+19,0.0,0.0,0.09993726850350941,7.408481998392363,0.0,0.00019547179393945933,3.0280410644757012e+19,0.0,0.0,1.0,1.0,0.0,1.0,0,0,0.0,0.0,0.0,0.0,0.0,0.0,0.0,0.0,0.0,1.0,0.0,1.0,0,0,0.0,0.0,0.0,0.0,0.0,0.0,0.0,0.0,0.0,1.0,0.0,1.0,0,0,0.0,0.0,0.0,0.0,0.0,0.0,0.0,0.0,0.0,0.0,0.0,0.0
8.571428571428573e-05,ignition,0.0,11.870986741636427,361.6308811387594,6.45484735358812e+16,1.6951326975791468,361.6308811387594,13560000.0,500.0,0.7232617622775187,5.350884047431997,43.98914539911141,8.220911723965077,1.7887061248251979,0.3,67.71714600534969,0.0,2000000.0,0.0,0.0,0.0,7.569112511075972,90.82485004661845,-0.0,8.0,0.0,0.0,7.999858093652613,340.0,1.7717538470918346e+17,1.6987505214097,253.14161679713155,350.0,7.998849950571771,1.655298124406249e+21,0.0,0.33333333333333337,2.3018778683872447e-05,67.71714600534969,bohm,0.18,1.0,0.05555555555555556,0.0,0,0,0,0,2.7006169811447124e+16,1.6872210569742563,108.48926434162782,340.0,7.999858093652613,1.7041981266126234e+21,0.0,1.0,5.875890101459919e-05,44.0161449034773,bohm,0.4814,1.0,0.06231823847112588,0.0,0,0,0,0,3.3255382706256683e+19,0.0,0.0,0.09489505831408615,7.292084060305495,0.0,0.00018561037951361095,3.3255382706256683e+19,0.0,0.0,1.0,1.0,0.0,1.0,0,0,0.0,0.0,0.0,0.0,0.0,0.0,0.0,0.0,0.0,1.0,0.0,1.0,0,0,0.0,0.0,0.0,0.0,0.0,0.0,0.0,0.0,0.0,1.0,0.0,1.0,0,0,0.0,0.0,0.0,0.0,0.0,0.0,0.0,0.0,0.0,0.0,0.0,0.0
0.0001,ignition,0.0,11.884446811768925,362.339305882575,6.866008677842846e+16,1.6863886260033096,362.339305882575,13560000.0,500.0,0.72467861176515,5.267542590579031,43.687958592469236,8.293802630206521,1.796558776753656,0.3,67.64141621348408,0.0,2000000.0,0.0,0.0,0.0,7.31971837011953,87.63495228996882,-0.0,8.0,0.0,0.0,7.9998177976214375,340.0,1.880069335069499e+17,1.6915623676638365,253.63751411780248,350.0,7.998535796170263,1.65523311266146e+21,0.0,0.33333333333333337,2.2298530451683442e-05,67.64141621348408,bohm,0.18,1.0,0.05555555555555556,0.0,0,0,0,0,2.8877804535587984e+16,1.6751608645212566,108.7017917647725,340.0,7.9998177976214375,1.7041895424077495e+21,0.0,1.0,5.6619410197716026e-05,43.966920538764654,bohm,0.4814,1.0,0.06231823847112588,0.0,0,0,0,0,3.543279358199586e+19,0.0,0.0,0.09145775599325691,7.212431627346972,0.0,0.0001788880749810682,3.543279358199586e+19,0.0,0.0,1.0,1.0,0.0,1.0,0,0,0.0,0.0,0.0,0.0,0.0,0.0,0.0,0.0,0.0,1.0,0.0,1.0,0,0,0.0,0.0,0.0,0.0,0.0,0.0,0.0,0.0,0.0,1.0,0.0,1.0,0,0,0.0,0.0,0.0,0.0,0.0,0.0,0.0,0.0,0.0,0.0,0.0,0.0
0.0001142857142857143,ignition,0.0,11.892279463912438,362.7515507322336,7.166128013531618e+16,1.6803848062798166,362.7515507322336,13560000.0,500.0,0.7255031014644673,5.212194262884778,43.482543067064334,8.342464013035112,1.8011343422591368,0.3,67.59146471331263,0.0,2000000.0,0.0,0.0,0.0,7.146401408820246,85.41973015587853,-0.0,8.0,0.0,0.0,7.999775459029967,340.0,1.9575862512276432e+17,1.686877041918879,253.92608551256353,350.0,7.998208040243394,1.6551652861896095e+21,0.0,0.33333333333333337,2.182229532165326e-05,67.59146471331263,bohm,0.18,1.0,0.05555555555555556,0.0,0,0,0,0,3.0295498472833456e+16,1.6664013083264213,108.82546521967008,340.0,7.999775459029967,1.7041805230792282e+21,0.0,1.0,5.513405253254667e-05,43.93445206365321,bohm,0.4814,1.0,0.06231823847112588,0.0,0,0,0,0,3.707497476849683e+19,0.0,0.0,0.08907116018891394,7.156982045348596,0.0,0.00017422090164480572,3.707497476849683e+19,0.0,0.0,1.0,1.0,0.0,1.0,0,0,0.0,0.0,0.0,0.0,0.0,0.0,0.0,0.0,0.0,1.0,0.0,1.0,0,0,0.0,0.0,0.0,0.0,0.0,0.0,0.0,0.0,0.0,1.0,0.0,1.0,0,0,0.0,0.0,0.0,0.0,0.0,0.0,0.0,0.0,0.0,0.0,0.0,0.0
0.00012857142857142858,ignition,0.0,11.89715047337823,363.0079196514858,7.38643771244898e+16,1.6749863629914048,363.0079196514858,13560000.0,500.0,0.7260158393029715,5.174232701351061,43.339213752791316,8.375969202443267,1.8039853159781103,0.3,67.5360467310044,0.0,2000000.0,0.0,0.0,0.0,7.023252556361031,83.85129997976767,-0.0,8.0,0.0,0.0,7.999731575557077,340.0,2.013557804594657e+17,1.6818603442163935,254.10554375604005,350.0,7.9978706131563415,1.6550954583483854e+21,0.0,0.33333333333333337,2.1484837959833385e-05,67.5360467310044,bohm,0.18,1.0,0.05555555555555556,0.0,0,0,0,0,3.1367242679497824e+16,1.6602776442114995,108.90237589544573,340.0,7.999731575557077,1.7041711746468673e+21,0.0,1.0,5.408431781463378e-05,43.89843037515286,bohm,0.4814,1.0,0.06231823847112588,0.0,0,0,0,0,3.8315956061328015e+19,0.0,0.0,0.08738391617458294,7.117709104909457,0.0,0.00017092163329326422,3.8315956061328015e+19,0.0,0.0,1.0,1.0,0.0,1.0,0,0,0.0,0.0,0.0,0.0,0.0,0.0,0.0,0.0,0.0,1.0,0.0,1.0,0,0,0.0,0.0,0.0,0.0,0.0,0.0,0.0,0.0,0.0,1.0,0.0,1.0,0,0,0.0,0.0,0.0,0.0,0.0,0.0,0.0,0.0,0.0,0.0,0.0,0.0
0.00014285714285714287,ignition,0.0,11.900350000097085,363.1763157945834,7.549693305728987e+16,1.6709389271265103,363.1763157945834,13560000.0,500.0,0.7263526315891667,5.147397911798036,43.236709050707624,8.399721527571709,1.805863028137338,0.3,67.49303943186104,0.0,2000000.0,0.0,0.0,0.0,6.934379251718261,82.72228270833617,-0.0,8.0,0.0,0.0,7.999686523417636,340.0,2.05458469274615e+17,1.6779986595972938,254.22342105620837,350.0,7.997526264830467,1.6550241982120555e+21,0.0,0.33333333333333337,2.1244814763957967e-05,67.49303943186104,bohm,0.18,1.0,0.05555555555555556,0.0,0,0,0,0,3.217642098484817e+16,1.6559125839996747,108.95289473837501,340.0,7.999686523417636,1.7041615772551715e+21,0.0,1.0,5.332968317830693e-05,43.87047563070968,bohm,0.4814,1.0,0.06231823847112588,0.0,0,0,0,0,3.925268790452708e+19,0.0,0.0,0.0861706207312085,7.089431089358594,0.0,0.00016854939477041893,3.925268790452708e+19,0.0,0.0,1.0,1.0,0.0,1.0,0,0,0.0,0.0,0.0,0.0,0.0,0.0,0.0,0.0,0.0,1.0,0.0,1.0,0,0,0.0,0.0,0.0,0.0,0.0,0.0,0.0,0.0,0.0,1.0,0.0,1.0,0,0,0.0,0.0,0.0,0.0,0.0,0.0,0.0,0.0,0.0,0.0,0.0,0.0
0.00015714285714285716,ignition,0.0,11.902508761482284,363.289934814857,7.670613128442219e+16,1.6680480153837538,363.2899348148571,13560000.0,500.0,0.7265798696297141,5.128246928425276,43.16295277598729,8.416707186375927,1.8071347580289778,0.3,67.46249201090494,0.0,2000000.0,0.0,0.0,0.0,6.869509146794728,81.8997063373889,-0.0,8.0,0.0,0.0,7.999640588618043,340.0,2.084635652522778e+17,1.6752636292839813,254.30295437039993,350.0,7.997176855343759,1.6549518907089053e+21,0.0,0.33333333333333337,2.1073936519323977e-05,67.46249201090494,bohm,0.18,1.0,0.05555555555555556,0.0,0,0,0,0,3.2786986628470336e+16,1.652755437913203,108.98698044445712,340.0,7.999640588618043,1.704151791831668e+21,0.0,1.0,5.278040442905498e-05,43.850619807088215,bohm,0.4814,1.0,0.06231823847112588,0.0,0,0,0,0,3.9959382050476786e+19,0.0,0.0,0.08528723984345774,7.068822887012912,0.0,0.0001668224631402283,3.9959382050476786e+19,0.0,0.0,1.0,1.0,0.0,1.0,0,0,0.0,0.0,0.0,0.0,0.0,0.0,0.0,0.0,0.0,1.0,0.0,1.0,0,0,0.0,0.0,0.0,0.0,0.0,0.0,0.0,0.0,0.0,1.0,0.0,1.0,0,0,0.0,0.0,0.0,0.0,0.0,0.0,0.0,0.0,0.0,0.0,0.0,0.0
0.00017142857142857145,ignition,0.0,11.903993251295322,363.36806585764856,7.760149351034813e+16,1.665964001664231,363.36806585764856,13560000.0,500.0,0.7267361317152972,5.114487007281454,43.10964221250201,8.428927896605693,1.8080139112925948,0.3,67.44063050767939,0.0,2000000.0,0.0,0.0,0.0,6.8217727881027574,81.2952018115216,-0.0,8.0,0.0,0.0,7.999593987017377,340.0,2.1066360713346714e+17,1.6733103962119866,254.35764610035397,350.0,7.996823744251946,1.6548788171881374e+21,0.0,0.33333333333333337,2.0951381485965006e-05,67.44063050767939,bohm,0.18,1.0,0.05555555555555556,0.0,0,0,0,0,3.3247455635975124e+16,1.6504478471670698,109.01041975729457,340.0,7.999593987017377,1.7041418643605026e+21,0.0,1.0,5.237702937262128e-05,43.8364098299916,bohm,0.4814,1.0,0.06231823847112588,0.0,0,0,0,0,4.04922845876158e+19,0.0,0.0,0.08463831332120551,7.053673777923463,0.0,0.0001655541225592486,4.04922845876158e+19,0.0,0.0,1.0,1.0,0.0,1.0,0,0,0.0,0.0,0.0,0.0,0.0,0.0,0.0,0.0,0.0,1.0,0.0,1.0,0,0,0.0,0.0,0.0,0.0,0.0,0.0,0.0,0.0,0.0,1.0,0.0,1.0,0,0,0.0,0.0,0.0,0.0,0.0,0.0,0.0,0.0,0.0,0.0,0.0,0.0
0.00018571428571428574,ignition,0.0,11.905027391330579,363.42249428055675,7.826435992375635e+16,1.664451713571195,363.4224942805568,13560000.0,500.0,0.7268449885611136,5.1045528875116455,43.07098028332418,8.437757670940758,1.8086308689130286,0.3,67.42490300255032,0.0,2000000.0,0.0,0.0,0.0,6.786436481542957,80.84816364118221,-0.0,8.0,0.0,0.0,7.999546881612155,340.0,2.1227367122213453e+17,1.6719074492608474,254.39574599638973,350.0,7.996467927925116,1.6548051838405842e+21,0.0,0.33333333333333337,2.0863022142126437e-05,67.42490300255032,bohm,0.18,1.0,0.05555555555555556,0.0,0,0,0,0,3.359458949096362e+16,1.648748228669952,109.02674828416704,340.0,7.999546881612155,1.704131829564586e+21,0.0,1.0,5.207888407339542e-05,43.82618695165771,bohm,0.4814,1.0,0.06231823847112588,0.0,0,0,0,0,4.089398865112433e+19,0.0,0.0,0.08415850982251112,7.042467134163851,0.0,0.00016461658728991258,4.089398865112433e+19,0.0,0.0,1.0,1.0,0.0,1.0,0,0,0.0,0.0,0.0,0.0,0.0,0.0,0.0,0.0,0.0,1.0,0.0,1.0,0,0,0.0,0.0,0.0,0.0,0.0,0.0,0.0,0.0,0.0,1.0,0.0,1.0,0,0,0.0,0.0,0.0,0.0,0.0,0.0,0.0,0.0,0.0,0.0,0.0,0.0
0.0002,production,0.0,22.80957532746436,1090.382162905981,7.875506051463965e+16,1.6633617047578353,1090.382162905981,13560000.0,1500.0,0.7269214419373207,5.097356108003728,74.55243911601497,14.625707432712966,3.133398745651898,0.3,74.68291328055608,0.0,2000000.0,0.0,0.0,0.0,6.760165829793148,80.5162333455581,-0.0,8.0,0.0,0.0,7.999499395419483,340.0,2.1345164082524176e+17,1.670908832572386,763.2675140341867,350.0,7.9961101362040266,1.6547311417009633e+21,0.0,0.33333333333333337,2.0799160040485105e-05,74.68291328055608,bohm,0.18,1.0,0.05555555555555556,0.0,0,0,0,0,3.385620041110561e+16,1.6475010273834068,327.11464887179426,340.0,7.999499395419483,1.704121713650073e+21,0.0,1.0,5.18576588929171e-05,48.54389363236145,bohm,0.4814,1.0,0.06231823847112588,0.0,0,0,0,0,4.119685153713569e+19,0.0,0.0,0.0838023304115953,7.034144815439273,0.0,0.0001639208626557907,4.119685153713569e+19,0.0,0.0,1.0,1.0,0.0,1.0,0,0,0.0,0.0,0.0,0.0,0.0,0.0,0.0,0.0,0.0,1.0,0.0,1.0,0,0,0.0,0.0,0.0,0.0,0.0,0.0,0.0,0.0,0.0,1.0,0.0,1.0,0,0,0.0,0.0,0.0,0.0,0.0,0.0,0.0,0.0,0.0,0.0,0.0,0.0
0.0002131578947368421,production,0.0,22.8778632870123,1094.5630583885081,1.211929918326213e+17,1.7719622874054417,1094.5630583885081,13560000.0,1500.0,0.7297087055923388,4.582998191868675,70.82641115770853,15.454165197658462,3.160144452305106,0.3,75.95157421523737,0.0,2000000.0,0.0,0.0,0.0,5.509963030647479,66.98366697263283,-0.0,8.0,0.0,0.0,7.999442649487583,340.0,3.318827699818993e+17,1.778306139816597,766.1941408719556,350.0,7.995677496384272,1.6546416103450047e+21,0.0,0.33333333333333337,1.7207987383359058e-05,75.95157421523737,bohm,0.18,1.0,0.05555555555555556,0.0,0,0,0,0,5.096306578286196e+16,1.758191430163185,328.3689175165524,340.0,7.999442649487583,1.704109625146789e+21,0.0,1.0,4.36640961376674e-05,49.36852323990429,bohm,0.4814,1.0,0.06231823847112588,0.0,0,0,0,0,6.4062161494938034e+19,0.0,0.0,0.07043375738780266,6.719844030108365,0.0,0.0001377723520999725,6.4062161494938034e+19,0.0,0.0,1.0,1.0,0.0,1.0,0,0,0.0,0.0,0.0,0.0,0.0,0.0,0.0,0.0,0.0,1.0,0.0,1.0,0,0,0.0,0.0,0.0,0.0,0.0,0.0,0.0,0.0,0.0,1.0,0.0,1.0,0,0,0.0,0.0,0.0,0.0,0.0,0.0,0.0,0.0,0.0,0.0,0.0,0.0
0.00022631578947368422,production,0.0,22.882394530385273,1094.8404814521596,1.524720212429417e+17,1.7305336686551782,1094.8404814521596,13560000.0,1500.0,0.7298936543014397,4.355639787820139,69.05599729443622,15.854386647752749,3.161958213161909,0.3,75.46792252498497,0.0,2000000.0,0.0,0.0,0.0,4.92073333942715,59.405799247374446,-0.0,8.0,0.0,0.0,7.999368104119887,340.0,4.181914412883179e+17,1.7353247556306985,766.3883370165116,350.0,7.995104535329663,1.654523040629994e+21,0.0,0.33333333333333337,1.5143350663282497e-05,75.46792252498497,bohm,0.18,1.0,0.05555555555555556,0.0,0,0,0,0,6.38988812278163e+16,1.7200817821269032,328.4521444356479,340.0,7.999368104119887,1.704093744855603e+21,0.0,1.0,3.8569773540930986e-05,49.05414964124023,bohm,0.4814,1.0,0.06231823847112588,0.0,0,0,0,0,7.944759683271913e+19,0.0,0.0,0.06225269833848505,6.525630357398125,0.0,0.00012177087973478843,7.944759683271913e+19,0.0,0.0,1.0,1.0,0.0,1.0,0,0,0.0,0.0,0.0,0.0,0.0,0.0,0.0,0.0,0.0,1.0,0.0,1.0,0,0,0.0,0.0,0.0,0.0,0.0,0.0,0.0,0.0,0.0,1.0,0.0,1.0,0,0,0.0,0.0,0.0,0.0,0.0,0.0,0.0,0.0,0.0,0.0,0.0,0.0
0.00023947368421052632,production,0.0,22.8828821529915,1094.8703358974387,1.7541614215777878e+17,1.7095179017560789,1094.8703358974387,13560000.0,1500.0,0.7299135572649591,4.230396774201069,68.05685811987624,16.087582738082318,3.162197293019738,0.3,75.221766857394,0.0,2000000.0,0.0,0.0,0.0,4.585536730914919,55.1574694219,-0.0,8.0,0.0,0.0,7.999280314938611,340.0,4.809180732164692e+17,1.7137483517232213,766.4092351282071,350.0,7.994431011753533,1.654383660304172e+21,0.0,0.33333333333333337,1.4033213865806525e-05,75.221766857394,bohm,0.18,1.0,0.05555555555555556,0.0,0,0,0,0,7.358216513821531e+16,1.7003014480895544,328.4611007692316,340.0,7.999280314938611,1.7040750432540848e+21,0.0,1.0,3.573516972002381e-05,48.8941484573061,bohm,0.4814,1.0,0.06231823847112588,0.0,0,0,0,0,9.09595886354934e+19,0.0,0.0,0.05769536488975599,6.416820084553312,0.0,0.00011285763718398513,9.09595886354934e+19,0.0,0.0,1.0,1.0,0.0,1.0,0,0,0.0,0.0,0.0,0.0,0.0,0.0,0.0,0.0,0.0,1.0,0.0,1.0,0,0,0.0,0.0,0.0,0.0,0.0,0.0,0.0,0.0,0.0,1.0,0.0,1.0,0,0,0.0,0.0,0.0,0.0,0.0,0.0,0.0,0.0,0.0,0.0,0.0,0.0
0.0002526315789473684,production,0.0,22.882875301494273,1094.8699164180166,1.9224686985451843e+17,1.6972912047625146,1094.8699164180168,13560000.0,1500.0,0.7299132776120112,4.153797925301867,67.43788540051197,16.23523498572962,3.1622481768798183,0.3,75.07882121231566,0.0,2000000.0,0.0,0.0,0.0,4.3751363362411855,52.51246137259584,-0.0,8.0,0.0,0.0,7.999182613306781,340.0,5.2649906777625395e+17,1.7012960572244218,766.4089414926117,350.0,7.993684444854867,1.654229164246021e+21,0.0,0.33333333333333337,1.3363195207426474e-05,75.07882121231566,bohm,0.18,1.0,0.05555555555555556,0.0,0,0,0,0,8.082947054727323e+16,1.688595733199568,328.460974925405,340.0,7.999182613306781,1.704054230017652e+21,0.0,1.0,3.3977947800382405e-05,48.80123378800518,bohm,0.4814,1.0,0.06231823847112588,0.0,0,0,0,0,9.9573905265496e+19,0.0,0.0,0.05486817486117211,6.34909382627607,0.0,0.00010732869469888434,9.9573905265496e+19,0.0,0.0,1.0,1.0,0.0,1.0,0,0,0.0,0.0,0.0,0.0,0.0,0.0,0.0,0.0,0.0,1.0,0.0,1.0,0,0,0.0,0.0,0.0,0.0,0.0,0.0,0.0,0.0,0.0,1.0,0.0,1.0,0,0,0.0,0.0,0.0,0.0,0.0,0.0,0.0,0.0,0.0,0.0,0.0,0.0
0.00026578947368421056,production,0.0,22.882767624438152,1094.863323945193,2.0462837963065517e+17,1.688399755827984,1094.863323945193,13560000.0,1500.0,0.7299088826301288,4.104110586323821,67.03312732061032,16.333167908288253,3.162263433126163,0.3,74.98926394913397,0.0,2000000.0,0.0,0.0,0.0,4.234256903780264,50.71492471679527,-0.0,8.0,0.0,0.0,7.999077519854393,340.0,5.596208440661525e+17,1.6935231624552978,766.4043267616352,350.0,7.992884818298555,1.654063687915415e+21,0.0,0.33333333333333337,1.2932062576409746e-05,74.98926394913397,bohm,0.18,1.0,0.05555555555555556,0.0,0,0,0,0,8.629755815215606e+16,1.6773250309548642,328.4589971835579,340.0,7.999077519854393,1.704031842112444e+21,0.0,1.0,3.277393050563158e-05,48.74302156693708,bohm,0.4814,1.0,0.06231823847112588,0.0,0,0,0,0,1.0595466527035631e+20,0.0,0.0,0.052933151939477514,6.302640285219678,0.0,0.00010354491943033502,1.0595466527035631e+20,0.0,0.0,1.0,1.0,0.0,1.0,0,0,0.0,0.0,0.0,0.0,0.0,0.0,0.0,0.0,0.0,1.0,0.0,1.0,0,0,0.0,0.0,0.0,0.0,0.0,0.0,0.0,0.0,0.0,1.0,0.0,1.0,0,0,0.0,0.0,0.0,0.0,0.0,0.0,0.0,0.0,0.0,0.0,0.0,0.0
0.00027894736842105266,production,0.0,22.882628802340818,1094.854824633111,2.137929168645183e+17,1.682052305022125,1094.8548246331113,13560000.0,1500.0,0.7299032164220742,4.070689616431159,66.75937511790808,16.40001606814649,3.1622692819266836,0.3,74.93044748517904,0.0,2000000.0,0.0,0.0,0.0,4.134912151286535,49.4418409905484,-0.0,8.0,0.0,0.0,7.998966901655943,340.0,5.836893197019501e+17,1.6884316314085481,766.3983772431778,350.0,7.992046648039029,1.6538902352732102e+21,0.0,0.33333333333333337,1.2643579236133134e-05,74.93044748517904,bohm,0.18,1.0,0.05555555555555556,0.0,0,0,0,0,9.04941159187077e+16,1.6683366999029552,328.4564473899334,340.0,7.998966901655943,1.704008277278623e+21,0.0,1.0,3.191911555696966e-05,48.704790865366384,bohm,0.4814,1.0,0.06231823847112588,0.0,0,0,0,0,1.1080903068090825e+20,0.0,0.0,0.051559640861381976,6.269617671416425,0.0,0.00010085952740347994,1.1080903068090825e+20,0.0,0.0,1.0,1.0,0.0,1.0,0,0,0.0,0.0,0.0,0.0,0.0,0.0,0.0,0.0,0.0,1.0,0.0,1.0,0,0,0.0,0.0,0.0,0.0,0.0,0.0,0.0,0.0,0.0,1.0,0.0,1.0,0,0,0.0,0.0,0.0,0.0,0.0,0.0,0.0,0.0,0.0,0.0,0.0,0.0
0.00029210526315789475,production,0.0,22.88247672599381,1094.8455138363558,2.205941824653538e+17,1.6770394992222204,1094.8455138363558,13560000.0,1500.0,0.7298970092242372,4.047607411319547,66.56954871451354,16.446641669927033,3.162271964331353,0.3,74.88008806903083,0.0,2000000.0,0.0,0.0,0.0,4.063224625230035,48.52678599263587,-0.0,8.0,0.0,0.0,7.998852046738013,340.0,6.012303428502728e+17,1.6840800473869069,766.391859685449,350.0,7.991180516061217,1.6537109961766876e+21,0.0,0.33333333333333337,1.2441710395695723e-05,74.88008806903083,bohm,0.18,1.0,0.05555555555555556,0.0,0,0,0,0,9.371546233704746e+16,1.6619833171673521,328.45365415090674,340.0,7.998852046738013,1.7039838099026176e+21,0.0,1.0,3.130594890353924e-05,48.67205724487005,bohm,0.4814,1.0,0.06231823847112588,0.0,0,0,0,0,1.1453482185084255e+20,0.0,0.0,0.05057391895740993,6.2458932984105076,0.0,9.893270633109329e-05,1.1453482185084255e+20,0.0,0.0,1.0,1.0,0.0,1.0,0,0,0.0,0.0,0.0,0.0,0.0,0.0,0.0,0.0,0.0,1.0,0.0,1.0,0,0,0.0,0.0,0.0,0.0,0.0,0.0,0.0,0.0,0.0,1.0,0.0,1.0,0,0,0.0,0.0,0.0,0.0,0.0,0.0,0.0,0.0,0.0,0.0,0.0,0.0
0.00030526315789473684,production,0.0,22.882317690878818,1094.8357769925806,2.2570754424455456e+17,1.6726684698325327,1094.8357769925806,13560000.0,1500.0,0.7298905179950538,4.031098529186746,66.43335675950614,16.480211604480115,3.162273384419259,0.3,74.83098934354399,0.0,2000000.0,0.0,0.0,0.0,4.010657688944728,47.85768739549649,-0.0,8.0,0.0,0.0,7.998733937448484,340.0,6.142656265727416e+17,1.6798433756552558,766.3850438948064,350.0,7.99029422122156,1.6535275845369117e+21,0.0,0.33333333333333337,1.2293497489474494e-05,74.83098934354399,bohm,0.18,1.0,0.05555555555555556,0.0,0,0,0,0,9.618818346849222e+16,1.6573952908692728,328.45073309777416,340.0,7.998733937448484,1.7039586492525665e+21,0.0,1.0,3.0858254521164244e-05,48.6401430733036,bohm,0.4814,1.0,0.06231823847112588,0.0,0,0,0,0,1.1739449606999856e+20,0.0,0.0,0.0498538603885202,6.228549607799506,0.0,9.752556771333305e-05,1.1739449606999856e+20,0.0,0.0,1.0,1.0,0.0,1.0,0,0,0.0,0.0,0.0,0.0,0.0,0.0,0.0,0.0,0.0,1.0,0.0,1.0,0,0,0.0,0.0,0.0,0.0,0.0,0.0,0.0,0.0,0.0,1.0,0.0,1.0,0,0,0.0,0.0,0.0,0.0,0.0,0.0,0.0,0.0,0.0,0.0,0.0,0.0
0.00031842105263157894,production,0.0,22.882154356619377,1094.8257769358802,2.295602836149027e+17,1.6695078497251647,1094.8257769358802,13560000.0,1500.0,0.7298838512905867,4.019130489206039,66.33436259173435,16.504655116295666,3.162274207350854,0.3,74.79572813946719,0.0,2000000.0,0.0,0.0,0.0,3.9716630353847746,47.362366434716314,-0.0,8.0,0.0,0.0,7.998613327953231,340.0,6.239823878462639e+17,1.6768066157293875,766.3780438551161,350.0,7.989393001570261,1.653341084326545e+21,0.0,0.33333333333333337,1.2186373694486972e-05,74.79572813946719,bohm,0.18,1.0,0.05555555555555556,0.0,0,0,0,0,9.80862488711156e+16,1.6540306498388002,328.44773308076407,340.0,7.998613327953231,1.7039329559873294e+21,0.0,1.0,3.052719364038326e-05,48.617223290653676,bohm,0.4814,1.0,0.06231823847112588,0.0,0,0,0,0,1.1958944904352114e+20,0.0,0.0,0.04932111690420971,6.215710445868748,0.0,9.648485431093156e-05,1.1958944904352114e+20,0.0,0.0,1.0,1.0,0.0,1.0,0,0,0.0,0.0,0.0,0.0,0.0,0.0,0.0,0.0,0.0,1.0,0.0,1.0,0,0,0.0,0.0,0.0,0.0,0.0,0.0,0.0,0.0,0.0,1.0,0.0,1.0,0,0,0.0,0.0,0.0,0.0,0.0,0.0,0.0,0.0,0.0,0.0,0.0,0.0
0.00033157894736842103,production,0.0,22.881988143698077,1094.8156006345762,2.3246365672497808e+17,1.6671987869321658,1094.8156006345762,13560000.0,1500.0,0.7298770670897174,4.010389996827579,66.26188597644715,16.522554172752187,3.1622747159307476,0.3,74.77016261333145,0.0,2000000.0,0.0,0.0,0.0,3.9424913111454014,46.99238449897719,-0.0,8.0,0.0,0.0,7.998490796961274,340.0,6.312251449778729e+17,1.6746091077698217,766.3709204442033,350.0,7.988480665346489,1.6531522836302738e+21,0.0,0.33333333333333337,1.2108316016687099e-05,74.77016261333145,bohm,0.18,1.0,0.05555555555555556,0.0,0,0,0,0,9.95431606406798e+16,1.6515352937801306,328.4446801903728,340.0,7.998490796961274,1.7039068533884455e+21,0.0,1.0,3.0280105542534105e-05,48.60060569866545,bohm,0.4814,1.0,0.06231823847112588,0.0,0,0,0,0,1.212741720155589e+20,0.0,0.0,0.048923267745969695,6.2061182323090405,0.0,9.570802466633131e-05,1.212741720155589e+20,0.0,0.0,1.0,1.0,0.0,1.0,0,0,0.0,0.0,0.0,0.0,0.0,0.0,0.0,0.0,0.0,1.0,0.0,1.0,0,0,0.0,0.0,0.0,0.0,0.0,0.0,0.0,0.0,0.0,1.0,0.0,1.0,0,0,0.0,0.0,0.0,0.0,0.0,0.0,0.0,0.0,0.0,0.0,0.0,0.0
0.0003447368421052632,production,0.0,22.881819918555596,1094.8053011360569,2.346519243285748e+17,1.6654997030893004,1094.8053011360569,13560000.0,1500.0,0.7298702007573712,4.003972585079728,66.20853730259208,16.535711945009165,3.162275045632649,0.3,74.7515070263928,0.0,2000000.0,0.0,0.0,0.0,3.9205316339772645,46.714190218979944,-0.0,8.0,0.0,0.0,7.998366788721811,340.0,6.366234801571871e+17,1.673008937218579,766.3637107952397,350.0,7.987560051580721,1.6529617699627847e+21,0.0,0.33333333333333337,1.2051107828836917e-05,74.7515070263928,bohm,0.18,1.0,0.05555555555555556,0.0,0,0,0,0,1.006614057190374e+17,1.6496692242328193,328.4415903408171,340.0,7.998366788721811,1.7038804360936756e+21,0.0,1.0,3.009442908289465e-05,48.588479567155325,bohm,0.4814,1.0,0.06231823847112588,0.0,0,0,0,0,1.225672352133424e+20,0.0,0.0,0.04862408831567063,6.198902700465735,0.0,9.512421819758364e-05,1.225672352133424e+20,0.0,0.0,1.0,1.0,0.0,1.0,0,0,0.0,0.0,0.0,0.0,0.0,0.0,0.0,0.0,0.0,1.0,0.0,1.0,0,0,0.0,0.0,0.0,0.0,0.0,0.0,0.0,0.0,0.0,1.0,0.0,1.0,0,0,0.0,0.0,0.0,0.0,0.0,0.0,0.0,0.0,0.0,0.0,0.0,0.0
0.0003578947368421053,production,0.0,22.88165024961852,1094.7949132419503,2.363014317206842e+17,1.6642432120958859,1094.7949132419503,13560000.0,1500.0,0.7298632754946335,3.99924266774443,66.1691055513581,16.545408980815218,3.162275267104079,0.3,74.73783404653649,0.0,2000000.0,0.0,0.0,0.0,3.9039242339251565,46.50398215955944,-0.0,8.0,0.0,0.0,7.998241644263306,340.0,6.406467466189356e+17,1.6718390796116,766.3564392693652,350.0,7.986633276739652,1.6527699813099598e+21,0.0,0.33333333333333337,1.2009006833085382e-05,74.73783404653649,bohm,0.18,1.0,0.05555555555555556,0.0,0,0,0,0,1.0151966008793378e+17,1.6482651318978383,328.4384739725851,340.0,7.998241644263306,1.7038537767518169e+21,0.0,1.0,2.9954193181515396e-05,48.57959213024872,bohm,0.4814,1.0,0.06231823847112588,0.0,0,0,0,0,1.2355964539586827e+20,0.0,0.0,0.0483979276415578,6.1934469264288765,0.0,9.468325725662204e-05,1.2355964539586827e+20,0.0,0.0,1.0,1.0,0.0,1.0,0,0,0.0,0.0,0.0,0.0,0.0,0.0,0.0,0.0,0.0,1.0,0.0,1.0,0,0,0.0,0.0,0.0,0.0,0.0,0.0,0.0,0.0,0.0,1.0,0.0,1.0,0,0,0.0,0.0,0.0,0.0,0.0,0.0,0.0,0.0,0.0,0.0,0.0,0.0
0.0003710526315789474,production,0.0,22.881479527065867,1094.7844608407675,2.375449520100018e+17,1.6633109681285698,1094.7844608407675,13560000.0,1500.0,0.7298563072271783,3.995746853833749,66.13986366050791,16.552566035821194,3.16227541985336,0.3,74.72778508865663,0.0,2000000.0,0.0,0.0,0.0,3.8913211780595773,46.344563766687955,-0.0,8.0,0.0,0.0,7.998115625377726,340.0,6.436448461222735e+17,1.6709819818351688,766.3491225885372,350.0,7.985701918632492,1.6525772441868158e+21,0.0,0.33333333333333337,1.1977933662815309e-05,74.72778508865663,bohm,0.18,1.0,0.05555555555555556,0.0,0,0,0,0,1.0217832063924456e+17,1.6472038056506053,328.4353382522302,340.0,7.998115625377726,1.703826931132031e+21,0.0,1.0,2.984787768434894e-05,48.57306030762681,bohm,0.4814,1.0,0.06231823847112588,0.0,0,0,0,0,1.2432125670566927e+20,0.0,0.0,0.04822627918265631,6.1893054333695225,0.0,9.434893944033492e-05,1.2432125670566927e+20,0.0,0.0,1.0,1.0,0.0,1.0,0,0,0.0,0.0,0.0,0.0,0.0,0.0,0.0,0.0,0.0,1.0,0.0,1.0,0,0,0.0,0.0,0.0,0.0,0.0,0.0,0.0,0.0,0.0,1.0,0.0,1.0,0,0,0.0,0.0,0.0,0.0,0.0,0.0,0.0,0.0,0.0,0.0,0.0,0.0
0.0003842105263157895,production,0.0,22.881308026370096,1094.7739607981691,2.3848247341239066e+17,1.6626179971162347,1094.7739607981691,13560000.0,1500.0,0.7298493071987794,3.993158072620453,66.11811763243018,16.557851312167344,3.1622755272884864,0.3,74.72038890910406,0.0,2000000.0,0.0,0.0,0.0,3.8817323918503073,46.223334637509396,-0.0,8.0,0.0,0.0,7.99798893303512,340.0,6.458786352460417e+17,1.6703537042531387,766.3417725587184,350.0,7.984767153534141,1.6523838020140508e+21,0.0,0.33333333333333337,1.1954954591429423e-05,74.72038890910406,bohm,0.18,1.0,0.05555555555555556,0.0,0,0,0,0,1.0268375280117362e+17,1.646398852308517,328.43218823945074,340.0,7.99798893303512,1.7037999420466748e+21,0.0,1.0,2.9767052206947107e-05,48.56825279091764,bohm,0.4814,1.0,0.06231823847112588,0.0,0,0,0,0,1.2490568987672545e+20,0.0,0.0,0.048095597642935556,6.186151951365055,0.0,9.40947671457271e-05,1.2490568987672545e+20,0.0,0.0,1.0,1.0,0.0,1.0,0,0,0.0,0.0,0.0,0.0,0.0,0.0,0.0,0.0,0.0,1.0,0.0,1.0,0,0,0.0,0.0,0.0,0.0,0.0,0.0,0.0,0.0,0.0,1.0,0.0,1.0,0,0,0.0,0.0,0.0,0.0,0.0,0.0,0.0,0.0,0.0,0.0,0.0,0.0
0.0003973684210526316,production,0.0,22.881135945509364,1094.763425235267,2.3918931065425728e+17,1.6621025632612456,1094.763425235267,13560000.0,1500.0,0.7298422834901781,3.9912383952909405,66.1019047876778,16.561753080364248,3.1622756039550044,0.3,74.71494378328626,0.0,2000000.0,0.0,0.0,0.0,3.8744231640248774,46.130961820783504,-0.0,8.0,0.0,0.0,7.9978617215171335,340.0,6.4754259002083e+17,1.669893653630239,766.3343976646869,350.0,7.983829858391184,1.6521898362687576e+21,0.0,0.33333333333333337,1.1937940394947715e-05,74.71494378328626,bohm,0.18,1.0,0.05555555555555556,0.0,0,0,0,0,1.0307155086539974e+17,1.6457868330904224,328.4290275705801,340.0,7.9978617215171335,1.7037728423621432e+21,0.0,1.0,2.9705478638161804e-05,48.56471345913607,bohm,0.4814,1.0,0.06231823847112588,0.0,0,0,0,0,1.2535410630477978e+20,0.0,0.0,0.04799585881224452,6.18374489966661,0.0,9.390113051632349e-05,1.2535410630477978e+20,0.0,0.0,1.0,1.0,0.0,1.0,0,0,0.0,0.0,0.0,0.0,0.0,0.0,0.0,0.0,0.0,1.0,0.0,1.0,0,0,0.0,0.0,0.0,0.0,0.0,0.0,0.0,0.0,0.0,1.0,0.0,1.0,0,0,0.0,0.0,0.0,0.0,0.0,0.0,0.0,0.0,0.0,0.0,0.0,0.0
0.0004105263157894737,production,0.0,22.880963428413,1094.7528629640613,2.39722205298343e+17,1.661719408630053,1094.7528629640613,13560000.0,1500.0,0.7298352419760409,3.9898136547488967,66.08978681482836,16.564629963648713,3.162275659251112,0.3,74.71093866945255,0.0,2000000.0,0.0,0.0,0.0,3.8688439737619165,46.06047489111821,-0.0,8.0,0.0,0.0,7.9977341092648135,340.0,6.487816997837228e+17,1.6695577310162142,766.3270040748429,350.0,7.9828906870024285,1.6519954822493787e+21,0.0,0.33333333333333337,1.1925335140088045e-05,74.71093866945255,bohm,0.18,1.0,0.05555555555555556,0.0,0,0,0,0,1.0336904046988309e+17,1.6453206877685977,328.4258588892184,340.0,7.9977341092648135,1.70374565730976e+21,0.0,1.0,2.965850152534789e-05,48.56211013514416,bohm,0.4814,1.0,0.06231823847112588,0.0,0,0,0,0,1.2569810392492327e+20,0.0,0.0,0.047919580983937705,6.181903899342816,0.0,9.375339325316012e-05,1.2569810392492327e+20,0.0,0.0,1.0,1.0,0.0,1.0,0,0,0.0,0.0,0.0,0.0,0.0,0.0,0.0,0.0,0.0,1.0,0.0,1.0,0,0,0.0,0.0,0.0,0.0,0.0,0.0,0.0,0.0,0.0,1.0,0.0,1.0,0,0,0.0,0.0,0.0,0.0,0.0,0.0,0.0,0.0,0.0,0.0,0.0,0.0
0.0004236842105263158,production,0.0,22.880790580516774,1094.7422804398027,2.40123914847348e+17,1.6614351262161742,1094.7422804398027,13560000.0,1500.0,0.7298281869598684,3.9887557623550665,66.08070504616299,16.566746369837194,3.162275699444427,0.3,74.70799916939053,0.0,2000000.0,0.0,0.0,0.0,3.864581317712799,46.006634571197274,-0.0,8.0,0.0,0.0,7.997606187205356,340.0,6.497040607187174e+17,1.6693136446071286,766.3195963078618,350.0,7.981950126806706,1.6518008408274876e+21,0.0,0.33333333333333337,1.1915996009606548e-05,74.70799916939053,bohm,0.18,1.0,0.05555555555555556,0.0,0,0,0,0,1.0359719955689149e+17,1.6449652299482456,328.4226841319408,340.0,7.997606187205356,1.7037184062596128e+21,0.0,1.0,2.9622623687153726e-05,48.560199460103846,bohm,0.4814,1.0,0.06231823847112588,0.0,0,0,0,0,1.2596193963741736e+20,0.0,0.0,0.04786114349497349,6.180493398275948,0.0,9.364055961190025e-05,1.2596193963741736e+20,0.0,0.0,1.0,1.0,0.0,1.0,0,0,0.0,0.0,0.0,0.0,0.0,0.0,0.0,0.0,0.0,1.0,0.0,1.0,0,0,0.0,0.0,0.0,0.0,0.0,0.0,0.0,0.0,0.0,1.0,0.0,1.0,0,0,0.0,0.0,0.0,0.0,0.0,0.0,0.0,0.0,0.0,0.0,0.0,0.0
0.0004368421052631579,production,0.0,22.880617479457367,1094.7316824157572,2.4042666578160925e+17,1.6612249267191879,1094.7316824157572,13560000.0,1500.0,0.7298211216105048,3.987970188724603,66.07387769857593,16.5682977985618,3.1622757288221393,0.3,74.70584976555209,0.0,2000000.0,0.0,0.0,0.0,3.8613225928261707,45.96548342261864,-0.0,8.0,0.0,0.0,7.997478025143996,340.0,6.503902641276765e+17,1.6691376397435154,766.31217769103,350.0,7.98100854121678,1.6516059872084545e+21,0.0,0.33333333333333337,1.190908041158861e-05,74.70584976555209,bohm,0.18,1.0,0.05555555555555556,0.0,0,0,0,0,1.0377213299958682e+17,1.6446939905705928,328.4195047247271,340.0,7.997478025143996,1.7036911040822098e+21,0.0,1.0,2.9595204760320685e-05,48.55880234760886,bohm,0.4814,1.0,0.06231823847112588,0.0,0,0,0,0,1.2616423507242299e+20,0.0,0.0,0.04781630254335881,6.17941102545744,0.0,9.355432728539875e-05,1.2616423507242299e+20,0.0,0.0,1.0,1.0,0.0,1.0,0,0,0.0,0.0,0.0,0.0,0.0,0.0,0.0,0.0,0.0,1.0,0.0,1.0,0,0,0.0,0.0,0.0,0.0,0.0,0.0,0.0,0.0,0.0,1.0,0.0,1.0,0,0,0.0,0.0,0.0,0.0,0.0,0.0,0.0,0.0,0.0,0.0,0.0,0.0
0.00045,production,0.0,22.880444182606062,1094.721072404453,2.406547523146302e+17,1.6610703411992365,1094.721072404453,13560000.0,1500.0,0.7298140482696354,3.987386989750824,66.06872604728795,16.56942910660815,3.162275750376245,0.3,74.70428702800308,0.0,2000000.0,0.0,0.0,0.0,3.8588306295120236,45.93402094012435,-0.0,8.0,0.0,0.0,7.997349676670783,340.0,6.509003953842185e+17,1.6690121818120724,766.304750683117,350.0,7.980066201179065,1.651410977462476e+21,0.0,0.33333333333333337,1.1903965339077437e-05,74.70428702800308,bohm,0.18,1.0,0.05555555555555556,0.0,0,0,0,0,1.0390620462476746e+17,1.644486964509842,328.4163217213359,340.0,7.997349676670783,1.703663762193761e+21,0.0,1.0,2.957424353788366e-05,48.557786568202005,bohm,0.4814,1.0,0.06231823847112588,0.0,0,0,0,0,1.2631928588970415e+20,0.0,0.0,0.047781841516105004,6.178579174014748,0.0,9.348840339750619e-05,1.2631928588970415e+20,0.0,0.0,1.0,1.0,0.0,1.0,0,0,0.0,0.0,0.0,0.0,0.0,0.0,0.0,0.0,0.0,1.0,0.0,1.0,0,0,0.0,0.0,0.0,0.0,0.0,0.0,0.0,0.0,0.0,1.0,0.0,1.0,0,0,0.0,0.0,0.0,0.0,0.0,0.0,0.0,0.0,0.0,0.0,0.0,0.0
0.0004631578947368421,production,0.0,22.880270732465,1094.7104530080614,2.4082649262971405e+17,1.6609575668770182,1094.7104530080614,13560000.0,1500.0,0.729806968672041,3.98695431203274,66.06482090377455,16.57024779651702,3.1622757662279057,0.3,74.70316037764351,0.0,2000000.0,0.0,0.0,0.0,3.8569249943952966,45.90996555884354,-0.0,8.0,0.0,0.0,7.997221182927385,340.0,6.512792517757212e+17,1.6689242942882379,766.297317105643,350.0,7.979123308701922,1.6512158533935689e+21,0.0,0.33333333333333337,1.1900189165947593e-05,74.70316037764351,bohm,0.18,1.0,0.05555555555555556,0.0,0,0,0,0,1.0400890624771168e+17,1.6443289772216831,328.41313590241845,340.0,7.997221182927385,1.703636389358616e+21,0.0,1.0,2.955821872441333e-05,48.55705424546829,bohm,0.4814,1.0,0.06231823847112588,0.0,0,0,0,0,1.2643806681470896e+20,0.0,0.0,0.04775531512199049,6.177938838349583,0.0,9.343800398622501e-05,1.2643806681470896e+20,0.0,0.0,1.0,1.0,0.0,1.0,0,0,0.0,0.0,0.0,0.0,0.0,0.0,0.0,0.0,0.0,1.0,0.0,1.0,0,0,0.0,0.0,0.0,0.0,0.0,0.0,0.0,0.0,0.0,1.0,0.0,1.0,0,0,0.0,0.0,0.0,0.0,0.0,0.0,0.0,0.0,0.0,0.0,0.0,0.0
0.0004763157894736843,production,0.0,22.880097160577172,1094.699826157786,2.4095570175418054e+17,1.6608762634836527,1094.699826157786,13560000.0,1500.0,0.7297998841051907,3.986633658159556,66.0618435448334,16.5708337433069,3.1622757778993336,0.3,74.70235814749776,0.0,2000000.0,0.0,0.0,0.0,3.855468128034016,45.891578526101426,-0.0,8.0,0.0,0.0,7.997092575498803,340.0,6.51560232547849e+17,1.668864355430189,766.2898783104501,350.0,7.978180014396635,1.6510206461695364e+21,0.0,0.33333333333333337,1.1897409301277975e-05,74.70235814749776,bohm,0.18,1.0,0.05555555555555556,0.0,0,0,0,0,1.0408752482295776e+17,1.6442084861966955,328.4099478473358,340.0,7.997092575498803,1.7036089923052815e+21,0.0,1.0,2.9545971199110146e-05,48.556532795873544,bohm,0.4814,1.0,0.06231823847112588,0.0,0,0,0,0,1.2652900314393215e+20,0.0,0.0,0.047734860193202326,6.177445054788546,0.0,9.339948389723845e-05,1.2652900314393215e+20,0.0,0.0,1.0,1.0,0.0,1.0,0,0,0.0,0.0,0.0,0.0,0.0,0.0,0.0,0.0,0.0,1.0,0.0,1.0,0,0,0.0,0.0,0.0,0.0,0.0,0.0,0.0,0.0,0.0,1.0,0.0,1.0,0,0,0.0,0.0,0.0,0.0,0.0,0.0,0.0,0.0,0.0,0.0,0.0,0.0
0.0004894736842105264,production,0.0,22.879923490382414,1094.6891932887193,2.410528007297914e+17,1.6608186702257601,1094.6891932887193,13560000.0,1500.0,0.7297927955258128,3.9863964157160687,66.05955704097073,16.571246346834922,3.1622757864931885,0.3,74.70179741170007,0.0,2000000.0,0.0,0.0,0.0,3.854354987422371,45.87753249279103,-0.0,8.0,0.0,0.0,7.996963878633311,340.0,6.517682390742697e+17,1.6688252207463552,766.2824353021034,350.0,7.9772364305549175,1.6508253790282514e+21,0.0,0.33333333333333337,1.189537119411137e-05,74.70179741170007,bohm,0.18,1.0,0.05555555555555556,0.0,0,0,0,0,1.0414765461496531e+17,1.6441166927843411,328.4067579866158,340.0,7.996963878633311,1.7035815761993327e+21,0.0,1.0,2.9536616239571592e-05,48.55616831760505,bohm,0.4814,1.0,0.06231823847112588,0.0,0,0,0,0,1.2659856299814715e+20,0.0,0.0,0.04771905461880126,6.177063500775714,0.0,9.337006082847685e-05,1.2659856299814715e+20,0.0,0.0,1.0,1.0,0.0,1.0,0,0,0.0,0.0,0.0,0.0,0.0,0.0,0.0,0.0,0.0,1.0,0.0,1.0,0,0,0.0,0.0,0.0,0.0,0.0,0.0,0.0,0.0,0.0,1.0,0.0,1.0,0,0,0.0,0.0,0.0,0.0,0.0,0.0,0.0,0.0,0.0,0.0,0.0,0.0
0.0005026315789473685,production,0.0,22.87974973931539,1094.6785554682892,2.4112565206131555e+17,1.6607789538038815,1094.6785554682892,13560000.0,1500.0,0.7297857036455261,3.9862213019702635,66.05778513254688,16.571529809420415,3.1622757928139436,0.3,74.70141652390896,0.0,2000000.0,0.0,0.0,0.0,3.8535052599252504,45.86681284076435,-0.0,8.0,0.0,0.0,7.996835110946741,340.0,6.519218370633084e+17,1.668801579512107,766.2749888278024,350.0,7.976292640898776,1.650630069295315e+21,0.0,0.33333333333333337,1.189388554172982e-05,74.70141652390896,bohm,0.18,1.0,0.05555555555555556,0.0,0,0,0,0,1.041935903939846e+17,1.6440468788588967,328.40356664048676,340.0,7.996835110946741,1.7035541450064724e+21,0.0,1.0,2.952947765150799e-05,48.55592074054083,bohm,0.4814,1.0,0.06231823847112588,0.0,0,0,0,0,1.2665171198047067e+20,0.0,0.0,0.04770681147581554,6.176767941805189,0.0,9.334760822573148e-05,1.2665171198047067e+20,0.0,0.0,1.0,1.0,0.0,1.0,0,0,0.0,0.0,0.0,0.0,0.0,0.0,0.0,0.0,0.0,1.0,0.0,1.0,0,0,0.0,0.0,0.0,0.0,0.0,0.0,0.0,0.0,0.0,1.0,0.0,1.0,0,0,0.0,0.0,0.0,0.0,0.0,0.0,0.0,0.0,0.0,0.0,0.0,0.0
0.0005157894736842106,production,0.0,22.879575920353048,1094.667913491003,2.411801891177505e+17,1.6607527246292864,1094.667913491003,13560000.0,1500.0,0.7297786089940019,3.986092476698177,66.05639662023185,16.57171704028019,3.1622757974517133,0.3,74.70116962116349,0.0,2000000.0,0.0,0.0,0.0,3.8528574823465376,45.85864321964332,-0.0,8.0,0.0,0.0,7.996706286730823,340.0,6.520348685866184e+17,1.6687894809434554,766.267539443702,350.0,7.975348707849574,1.6504347298883295e+21,0.0,0.33333333333333337,1.1892811472044257e-05,74.70116962116349,bohm,0.18,1.0,0.05555555555555556,0.0,0,0,0,0,1.0422862929479458e+17,1.6439939083532227,328.4003740473009,340.0,7.996706286730823,1.7035267017712476e+21,0.0,1.0,2.9524038083087015e-05,48.55576025375627,bohm,0.4814,1.0,0.06231823847112588,0.0,0,0,0,0,1.2669226220974555e+20,0.0,0.0,0.047697299168502835,6.17653830507841,0.0,9.333049905412776e-05,1.2669226220974555e+20,0.0,0.0,1.0,1.0,0.0,1.0,0,0,0.0,0.0,0.0,0.0,0.0,0.0,0.0,0.0,0.0,1.0,0.0,1.0,0,0,0.0,0.0,0.0,0.0,0.0,0.0,0.0,0.0,0.0,1.0,0.0,1.0,0,0,0.0,0.0,0.0,0.0,0.0,0.0,0.0,0.0,0.0,0.0,0.0,0.0
0.0005289473684210527,production,0.0,22.87940204315929,1094.657267948528,2.4122089040173568e+17,1.6607366764581712,1094.657267948528,13560000.0,1500.0,0.7297715119656853,3.9859981451084847,66.0552938042997,16.5718325497369,3.1622758008411496,0.3,74.70102256303517,0.0,2000000.0,0.0,0.0,0.0,3.85236458246957,45.85242913341335,-0.0,8.0,0.0,0.0,7.996577416957639,340.0,6.521176539361795e+17,1.6687859841961992,766.2600875639696,350.0,7.974404677947541,1.6502393704384241e+21,0.0,0.33333333333333337,1.1892044101680826e-05,74.70102256303517,bohm,0.18,1.0,0.05555555555555556,0.0,0,0,0,0,1.0425530255692107e+17,1.6439538508713798,328.3971803845584,340.0,7.996577416957639,1.7034992488310249e+21,0.0,1.0,2.9519901396759385e-05,48.55566466597286,bohm,0.4814,1.0,0.06231823847112588,0.0,0,0,0,0,1.2672314027126523e+20,0.0,0.0,0.04768988094551453,6.176359220302437,0.0,9.331748747612751e-05,1.2672314027126523e+20,0.0,0.0,1.0,1.0,0.0,1.0,0,0,0.0,0.0,0.0,0.0,0.0,0.0,0.0,0.0,0.0,1.0,0.0,1.0,0,0,0.0,0.0,0.0,0.0,0.0,0.0,0.0,0.0,0.0,1.0,0.0,1.0,0,0,0.0,0.0,0.0,0.0,0.0,0.0,0.0,0.0,0.0,0.0,0.0,0.0
0.0005421052631578948,production,0.0,22.879228114933568,1094.646619281647,2.4125113699458074e+17,1.6607283171538845,1094.6466192816472,13560000.0,1500.0,0.7297644128544315,3.985929521734966,66.05440390815811,16.571894597726462,3.162275803303391,0.3,74.70094992434103,0.0,2000000.0,0.0,0.0,0.0,3.8519904892784598,45.84771507197651,-0.0,8.0,0.0,0.0,7.99644851005075,340.0,6.521778876767798e+17,1.6687888992188913,766.2526334971529,350.0,7.973460585892342,1.6500439981264176e+21,0.0,0.33333333333333337,1.1891505313232852e-05,74.70094992434103,bohm,0.18,1.0,0.05555555555555556,0.0,0,0,0,0,1.0427555343384774e+17,1.6439236964110933,328.39398578449413,340.0,7.99644851005075,1.7034717879802627e+21,0.0,1.0,2.95167640837807e-05,48.55561745082167,bohm,0.4814,1.0,0.06231823847112588,0.0,0,0,0,0,1.2674659292164181e+20,0.0,0.0,0.04768406895091623,6.176218910965687,0.0,9.33076189606351e-05,1.2674659292164181e+20,0.0,0.0,1.0,1.0,0.0,1.0,0,0,0.0,0.0,0.0,0.0,0.0,0.0,0.0,0.0,0.0,1.0,0.0,1.0,0,0,0.0,0.0,0.0,0.0,0.0,0.0,0.0,0.0,0.0,1.0,0.0,1.0,0,0,0.0,0.0,0.0,0.0,0.0,0.0,0.0,0.0,0.0,0.0,0.0,0.0
0.0005552631578947368,production,0.0,22.87905414104093,1094.6359678188323,2.4127348200918915e+17,1.6607257670629305,1094.6359678188323,13560000.0,1500.0,0.7297573118792215,3.9858800609965526,66.05367270772116,16.571916790493283,3.1622758050762565,0.3,74.70093276421365,0.0,2000000.0,0.0,0.0,0.0,3.851707549948039,45.84415185885392,-0.0,8.0,0.0,0.0,7.996319572477171,340.0,6.522213067085354e+17,1.6687965945334196,766.2451774731826,350.0,7.972516457555614,1.6498486183062382e+21,0.0,0.33333333333333337,1.189113690868567e-05,74.70093276421365,bohm,0.18,1.0,0.05555555555555556,0.0,0,0,0,0,1.0429087377607376e+17,1.6439011385074669,328.3907903456497,340.0,7.996319572477171,1.7034443205966202e+21,0.0,1.0,2.9514393495829534e-05,48.55560629673887,bohm,0.4814,1.0,0.06231823847112588,0.0,0,0,0,0,1.2676434500887595e+20,0.0,0.0,0.047679489232586615,6.176108349912102,0.0,9.330016182719958e-05,1.2676434500887595e+20,0.0,0.0,1.0,1.0,0.0,1.0,0,0,0.0,0.0,0.0,0.0,0.0,0.0,0.0,0.0,0.0,1.0,0.0,1.0,0,0,0.0,0.0,0.0,0.0,0.0,0.0,0.0,0.0,0.0,1.0,0.0,1.0,0,0,0.0,0.0,0.0,0.0,0.0,0.0,0.0,0.0,0.0,0.0,0.0,0.0
0.0005684210526315789,production,0.0,22.8788801254803,1094.6253138049162,2.4128985375329754e+17,1.660727607749429,1094.6253138049162,13560000.0,1500.0,0.7297502092032775,3.98584488521644,66.05305979481773,16.571909268172863,3.162275806336171,0.3,74.70095696895568,0.0,2000000.0,0.0,0.0,0.0,3.851494558201076,45.84147173520956,-0.0,8.0,0.0,0.0,7.996190609201881,340.0,6.522521883504431e+17,1.668807854468089,766.2377196634413,350.0,7.97157231222699,1.6496532349697217e+21,0.0,0.33333333333333337,1.189089552121128e-05,74.70095696895568,bohm,0.18,1.0,0.05555555555555556,0.0,0,0,0,0,1.0430240888758237e+17,1.6438844090132811,328.38759414147484,340.0,7.996190609201881,1.7034168477377797e+21,0.0,1.0,2.9512611237032107e-05,48.555622029821194,bohm,0.4814,1.0,0.06231823847112588,0.0,0,0,0,0,1.2677772070830411e+20,0.0,0.0,0.0476758550454685,6.176020615031279,0.0,9.329455501704188e-05,1.2677772070830411e+20,0.0,0.0,1.0,1.0,0.0,1.0,0,0,0.0,0.0,0.0,0.0,0.0,0.0,0.0,0.0,0.0,1.0,0.0,1.0,0,0,0.0,0.0,0.0,0.0,0.0,0.0,0.0,0.0,0.0,1.0,0.0,1.0,0,0,0.0,0.0,0.0,0.0,0.0,0.0,0.0,0.0,0.0,0.0,0.0,0.0
0.000581578947368421,production,0.0,22.878706071232916,1094.6146574224235,2.4130170894255565e+17,1.6607327683475035,1094.6146574224235,13560000.0,1500.0,0.7297431049482823,3.9858203591073043,66.05253505302854,16.571879588628068,3.162275807214185,0.3,74.70101201990923,0.0,2000000.0,0.0,0.0,0.0,3.8513352473317233,45.839469320599946,-0.0,8.0,0.0,0.0,7.996061624036711,340.0,6.522737216943473e+17,1.6688217730146093,766.2302601956965,350.0,7.9706281642887005,1.6494578510931558e+21,0.0,0.33333333333333337,1.189074883062719e-05,74.70101201990923,bohm,0.18,1.0,0.05555555555555556,0.0,0,0,0,0,1.0431103802529176e+17,1.6438721519995112,328.38439722672706,340.0,7.996061624036711,1.70338937021577e+21,0.0,1.0,2.9511280474831666e-05,48.555657812941,bohm,0.4814,1.0,0.06231823847112588,0.0,0,0,0,0,1.2678773659604643e+20,0.0,0.0,0.04767294645415751,6.175950396945344,0.0,9.329036818735644e-05,1.2678773659604643e+20,0.0,0.0,1.0,1.0,0.0,1.0,0,0,0.0,0.0,0.0,0.0,0.0,0.0,0.0,0.0,0.0,1.0,0.0,1.0,0,0,0.0,0.0,0.0,0.0,0.0,0.0,0.0,0.0,0.0,1.0,0.0,1.0,0,0,0.0,0.0,0.0,0.0,0.0,0.0,0.0,0.0,0.0,0.0,0.0,0.0
0.0005947368421052632,production,0.0,22.87853198052166,1094.6039988074485,2.413101482685303e+17,1.660740440078881,1094.6039988074488,13560000.0,1500.0,0.7297359992049658,3.9858037730378872,66.05207603421023,16.57183338553239,3.1622758078077418,0.3,74.70109007666436,0.0,2000000.0,0.0,0.0,0.0,3.851217137202127,45.83798704858952,-0.0,8.0,0.0,0.0,7.995932619908226,340.0,6.522882844755276e+17,1.6688376748545666,766.222799165214,350.0,7.969684024464098,1.6492624688956524e+21,0.0,0.33333333333333337,1.1890672746757627e-05,74.70109007666436,bohm,0.18,1.0,0.05555555555555556,0.0,0,0,0,0,1.0431743619953122e+17,1.643863327382448,328.3811996422346,340.0,7.995932619908226,1.7033618886540326e+21,0.0,1.0,2.9510296234207686e-05,48.555708549831834,bohm,0.4814,1.0,0.06231823847112588,0.0,0,0,0,0,1.2679517310228819e+20,0.0,0.0,0.04767059473115627,6.175893622424269,0.0,9.32872711874217e-05,1.2679517310228819e+20,0.0,0.0,1.0,1.0,0.0,1.0,0,0,0.0,0.0,0.0,0.0,0.0,0.0,0.0,0.0,0.0,1.0,0.0,1.0,0,0,0.0,0.0,0.0,0.0,0.0,0.0,0.0,0.0,0.0,1.0,0.0,1.0,0,0,0.0,0.0,0.0,0.0,0.0,0.0,0.0,0.0,0.0,0.0,0.0,0.0
0.0006078947368421053,production,0.0,22.878357855004186,1094.5933380614806,2.4131600358888995e+17,1.6607500118969591,1094.5933380614808,13560000.0,1500.0,0.7297288920409872,3.9857931071730546,66.0516660047496,16.57177485852925,3.1622758081893454,0.3,74.70118529453376,0.0,2000000.0,0.0,0.0,0.0,3.8511306513755823,45.83690401626201,-0.0,8.0,0.0,0.0,7.995803599063354,340.0,6.522976494989777e+17,1.6688550565681322,766.2153366430365,350.0,7.968739900748536,1.6490670900317863e+21,0.0,0.33333333333333337,1.1890649312196502e-05,74.70118529453376,bohm,0.18,1.0,0.05555555555555556,0.0,0,0,0,0,1.0432212161886072e+17,1.6438571371929531,328.3780014184442,340.0,7.995803599063354,1.703334403531228e+21,0.0,1.0,2.9509577967507345e-05,48.555770441446946,bohm,0.4814,1.0,0.06231823847112588,0.0,0,0,0,0,1.2680062936640674e+20,0.0,0.0,0.04766867041315954,6.175847166084453,0.0,9.328501069106248e-05,1.2680062936640674e+20,0.0,0.0,1.0,1.0,0.0,1.0,0,0,0.0,0.0,0.0,0.0,0.0,0.0,0.0,0.0,0.0,1.0,0.0,1.0,0,0,0.0,0.0,0.0,0.0,0.0,0.0,0.0,0.0,0.0,1.0,0.0,1.0,0,0,0.0,0.0,0.0,0.0,0.0,0.0,0.0,0.0,0.0,0.0,0.0,0.0
0.0006210526315789474,production,0.0,22.878183695916835,1094.5826752602145,2.4131990372191104e+17,1.6607610219998181,1094.5826752602145,13560000.0,1500.0,0.7297217835068096,3.985786855781404,66.05129249014139,16.571707138411995,3.162275808412975,0.3,74.70129331622292,0.0,2000000.0,0.0,0.0,0.0,3.851068440683925,45.83612744191643,-0.0,8.0,0.0,0.0,7.995674563227265,340.0,6.523031385455964e+17,1.668873542848809,766.2078726821501,350.0,7.967795799103403,1.6488717157352195e+21,0.0,0.33333333333333337,1.1890665140183872e-05,74.70129331622292,bohm,0.18,1.0,0.05555555555555556,0.0,0,0,0,0,1.0432549211401592e+17,1.64385296912261,328.37480257806436,340.0,7.995674563227265,1.703306915214866e+21,0.0,1.0,2.95090638625881e-05,48.5558406555449,bohm,0.4814,1.0,0.06231823847112588,0.0,0,0,0,0,1.2680456534975213e+20,0.0,0.0,0.04766707415167513,6.1758086295309536,0.0,9.328339229586641e-05,1.2680456534975213e+20,0.0,0.0,1.0,1.0,0.0,1.0,0,0,0.0,0.0,0.0,0.0,0.0,0.0,0.0,0.0,0.0,1.0,0.0,1.0,0,0,0.0,0.0,0.0,0.0,0.0,0.0,0.0,0.0,0.0,1.0,0.0,1.0,0,0,0.0,0.0,0.0,0.0,0.0,0.0,0.0,0.0,0.0,0.0,0.0,0.0
0.0006342105263157895,production,0.0,22.878009504181836,1094.5720104601126,2.4132232410584758e+17,1.6607731212768244,1094.5720104601126,13560000.0,1500.0,0.729714673640075,3.9857838963312986,66.0509461905497,16.57163255924288,3.1622758085188343,0.3,74.70141089312308,0.0,2000000.0,0.0,0.0,0.0,3.851024864720039,45.835586117672044,-0.0,8.0,0.0,0.0,7.995545513724576,340.0,6.523057371206915e+17,1.668892853883917,766.2004073220787,350.0,7.96685172397359,1.6486763469257863e+21,0.0,0.33333333333333337,1.1890710250764131e-05,74.70141089312308,bohm,0.18,1.0,0.05555555555555556,0.0,0,0,0,0,1.0432785310089963e+17,1.6438503532717175,328.3716031380338,340.0,7.995545513724576,1.7032794239871282e+21,0.0,1.0,2.950870648039449e-05,48.55591708053001,bohm,0.4814,1.0,0.06231823847112588,0.0,0,0,0,0,1.2680733416592509e+20,0.0,0.0,0.04766572970070966,6.175776172082331,0.0,9.328226680335506e-05,1.2680733416592509e+20,0.0,0.0,1.0,1.0,0.0,1.0,0,0,0.0,0.0,0.0,0.0,0.0,0.0,0.0,0.0,0.0,1.0,0.0,1.0,0,0,0.0,0.0,0.0,0.0,0.0,0.0,0.0,0.0,0.0,1.0,0.0,1.0,0,0,0.0,0.0,0.0,0.0,0.0,0.0,0.0,0.0,0.0,0.0,0.0,0.0
0.0006473684210526316,production,0.0,22.877835280487247,1094.561343703301,2.4132362428798208e+17,1.6607860457374397,1094.561343703301,13560000.0,1500.0,0.7297075624688674,3.985783391940309,66.0506201726561,16.5715528611559,3.162275808536876,0.3,74.70153560310891,0.0,2000000.0,0.0,0.0,0.0,3.850995594242381,45.8352253892028,-0.0,8.0,0.0,0.0,7.995416451572386,340.0,6.523061800078497e+17,1.6689127810477031,766.1929405923106,350.0,7.965907678673306,1.6484809842893358e+21,0.0,0.33333333333333337,1.1890777203510738e-05,74.70153560310891,bohm,0.18,1.0,0.05555555555555556,0.0,0,0,0,0,1.0432943904802622e+17,1.6438489289960099,328.3684031109903,340.0,7.995416451572386,1.7032519300646856e+21,0.0,1.0,2.950846941015299e-05,48.55599814202079,bohm,0.4814,1.0,0.06231823847112588,0.0,0,0,0,0,1.26809206900977e+20,0.0,0.0,0.04766457854026846,6.175748380981131,0.0,9.328151969951243e-05,1.26809206900977e+20,0.0,0.0,1.0,1.0,0.0,1.0,0,0,0.0,0.0,0.0,0.0,0.0,0.0,0.0,0.0,0.0,1.0,0.0,1.0,0,0,0.0,0.0,0.0,0.0,0.0,0.0,0.0,0.0,0.0,1.0,0.0,1.0,0,0,0.0,0.0,0.0,0.0,0.0,0.0,0.0,0.0,0.0,0.0,0.0,0.0
0.0006605263157894737,production,0.0,22.87766102534652,1094.5506750212155,2.4132407623199094e+17,1.660799595705814,1094.5506750212155,13560000.0,1500.0,0.7297004500141437,3.985784718670187,66.05030926732817,16.57146934151655,3.16227580848942,0.3,74.70166564021291,0.0,2000000.0,0.0,0.0,0.0,3.8509773062117847,45.83500330529091,-0.0,8.0,0.0,0.0,7.995287377551719,340.0,6.523050150561559e+17,1.6689331687855373,766.1854725148509,350.0,7.964963665673729,1.6482856283372588e+21,0.0,0.33333333333333337,1.1890860451153467e-05,74.70166564021291,bohm,0.18,1.0,0.05555555555555556,0.0,0,0,0,0,1.0433042995726931e+17,1.6438484194848961,328.36520250636465,340.0,7.995287377551719,1.7032244336139184e+21,0.0,1.0,2.9508324704039426e-05,48.556082666138394,bohm,0.4814,1.0,0.06231823847112588,0.0,0,0,0,0,1.2681039166806896e+20,0.0,0.0,0.047663575752843586,6.175724171850223,0.0,9.328106308673708e-05,1.2681039166806896e+20,0.0,0.0,1.0,1.0,0.0,1.0,0,0,0.0,0.0,0.0,0.0,0.0,0.0,0.0,0.0,0.0,1.0,0.0,1.0,0,0,0.0,0.0,0.0,0.0,0.0,0.0,0.0,0.0,0.0,1.0,0.0,1.0,0,0,0.0,0.0,0.0,0.0,0.0,0.0,0.0,0.0,0.0,0.0,0.0,0.0
0.0006736842105263158,production,0.0,22.8774867391429,1094.5400044373205,2.413238856968303e+17,1.6608136201148398,1094.5400044373205,13560000.0,1500.0,0.729693336291547,3.9857874113341474,66.05000962064952,16.571382967598076,3.1622758083931024,0.3,74.70179965784985,0.0,2000000.0,0.0,0.0,0.0,3.850967449830218,45.8348876639586,-0.0,8.0,0.0,0.0,7.99515829226236,340.0,6.523026507386225e+17,1.6689539011105468,766.1780031061243,350.0,7.96401968681748,1.6480902794508708e+21,0.0,0.33333333333333337,1.1890955857791455e-05,74.70179965784985,bohm,0.18,1.0,0.05555555555555556,0.0,0,0,0,0,1.0433096401623294e+17,1.6438486122627418,328.36200133119615,340.0,7.99515829226236,1.7031969347625988e+21,0.0,1.0,2.9508250909225108e-05,48.5561697776024,bohm,0.4814,1.0,0.06231823847112588,0.0,0,0,0,0,1.26811048235833e+20,0.0,0.0,0.04766268686016922,6.175702712329589,0.0,9.328082949455035e-05,1.26811048235833e+20,0.0,0.0,1.0,1.0,0.0,1.0,0,0,0.0,0.0,0.0,0.0,0.0,0.0,0.0,0.0,0.0,1.0,0.0,1.0,0,0,0.0,0.0,0.0,0.0,0.0,0.0,0.0,0.0,0.0,1.0,0.0,1.0,0,0,0.0,0.0,0.0,0.0,0.0,0.0,0.0,0.0,0.0,0.0,0.0,0.0
0.0006868421052631579,production,0.0,22.877312422162568,1094.5293319691368,2.413232083864354e+17,1.660828004645635,1094.5293319691368,13560000.0,1500.0,0.7296862213127578,3.9857911230996375,66.04971835923877,16.571294460577192,3.1622758082603237,0.3,74.7019366519457,0.0,2000000.0,0.0,0.0,0.0,3.850964067021043,45.834853746014105,-0.0,8.0,0.0,0.0,7.995029196164961,340.0,6.522993916110021e+17,1.6689748915373053,766.1705323783957,350.0,7.963075743478528,1.647894937914504e+21,0.0,0.33333333333333337,1.1891060339752926e-05,74.7019366519457,bohm,0.18,1.0,0.05555555555555556,0.0,0,0,0,0,1.0433114731157986e+17,1.6438493442299065,328.35879959074106,340.0,7.995029196164961,1.7031694336088576e+21,0.0,1.0,2.950823155792177e-05,48.55625882376471,bohm,0.4814,1.0,0.06231823847112588,0.0,0,0,0,0,1.2681129925867415e+20,0.0,0.0,0.047661885396187265,6.175683363485303,0.0,9.328076713071773e-05,1.2681129925867415e+20,0.0,0.0,1.0,1.0,0.0,1.0,0,0,0.0,0.0,0.0,0.0,0.0,0.0,0.0,0.0,0.0,1.0,0.0,1.0,0,0,0.0,0.0,0.0,0.0,0.0,0.0,0.0,0.0,0.0,1.0,0.0,1.0,0,0,0.0,0.0,0.0,0.0,0.0,0.0,0.0,0.0,0.0,0.0,0.0,0.0
0.0007,production,0.0,22.877138074619292,1094.5186576297524,2.413221621518131e+17,1.6608426627681587,1094.5186576297526,13560000.0,1500.0,0.7296791050865018,3.9857955953732045,66.04943334075213,16.571204358152162,3.1622758081003286,0.3,74.70207587380781,0.0,2000000.0,0.0,0.0,0.0,3.8509656546659894,45.834882575818014,-0.0,8.0,0.0,0.0,7.994900089613357,340.0,6.522954647492646e+17,1.6689960755771867,766.1630603408267,350.0,7.962131836681424,1.647699603940181e+21,0.0,0.33333333333333337,1.189117159786453e-05,74.70207587380781,bohm,0.18,1.0,0.05555555555555556,0.0,0,0,0,0,1.043310612859959e+17,1.6438504901847129,328.35559728892576,340.0,7.994900089613357,1.7031419302280723e+21,0.0,1.0,2.950825400868436e-05,48.556349317975084,bohm,0.4814,1.0,0.06231823847112588,0.0,0,0,0,0,1.2681123889831605e+20,0.0,0.0,0.04766115104463607,6.175665634848765,0.0,9.32808362370865e-05,1.2681123889831605e+20,0.0,0.0,1.0,1.0,0.0,1.0,0,0,0.0,0.0,0.0,0.0,0.0,0.0,0.0,0.0,0.0,1.0,0.0,1.0,0,0,0.0,0.0,0.0,0.0,0.0,0.0,0.0,0.0,0.0,1.0,0.0,1.0,0,0,0.0,0.0,0.0,0.0,0.0,0.0,0.0,0.0,0.0,0.0,0.0,0.0
0.0007131578947368421,production,0.0,22.87696369667288,1094.5079814289518,2.413208362124674e+17,1.6608575289713625,1094.5079814289518,13560000.0,1500.0,0.7296719876193012,3.985800635349391,66.04915296788063,16.571113061225862,3.1622758079200093,0.3,74.70221676516432,0.0,2000000.0,0.0,0.0,0.0,3.85097105887577,45.83495958649087,-0.0,8.0,0.0,0.0,7.994770972879378,340.0,6.522910394610331e+17,1.6690174051431832,766.1555870002662,350.0,7.961187967190184,1.6475042776860082e+21,0.0,0.33333333333333337,1.1891287917854617e-05,74.70221676516432,bohm,0.18,1.0,0.05555555555555556,0.0,0,0,0,0,1.0433076846294552e+17,1.643851954015206,328.3523944286855,340.0,7.994770972879378,1.7031144246781506e+21,0.0,1.0,2.9508308557164864e-05,48.556440897356815,bohm,0.4814,1.0,0.06231823847112588,0.0,0,0,0,0,1.268109394426091e+20,0.0,0.0,0.047660468209757445,6.175649149911712,0.0,9.328100629285704e-05,1.268109394426091e+20,0.0,0.0,1.0,1.0,0.0,1.0,0,0,0.0,0.0,0.0,0.0,0.0,0.0,0.0,0.0,0.0,1.0,0.0,1.0,0,0,0.0,0.0,0.0,0.0,0.0,0.0,0.0,0.0,0.0,1.0,0.0,1.0,0,0,0.0,0.0,0.0,0.0,0.0,0.0,0.0,0.0,0.0,0.0,0.0,0.0
0.0007263157894736842,production,0.0,22.87678928844286,1094.4973033740528,2.413192981267368e+17,1.6608725536464004,1094.4973033740528,13560000.0,1500.0,0.7296648689160352,3.9858060992727116,66.04887604967881,16.571020868709777,3.1622758077245043,0.3,74.70235890973008,0.0,2000000.0,0.0,0.0,0.0,3.8509793938398866,45.83507359543572,-0.0,8.0,0.0,0.0,7.994641846171899,340.0,6.522862419821824e+17,1.6690388443781718,766.1481123618369,350.0,7.960244135574572,1.6473089592698945e+21,0.0,0.33333333333333337,1.1891408021546219e-05,74.70235890973008,bohm,0.18,1.0,0.05555555555555556,0.0,0,0,0,0,1.0433031684158826e+17,1.643853661939052,328.34919101221584,340.0,7.994641846171899,1.703086917003589e+21,0.0,1.0,2.950838775360439e-05,48.556533291324556,bohm,0.4814,1.0,0.06231823847112588,0.0,0,0,0,0,1.2681045638681226e+20,0.0,0.0,0.047659824919312754,6.175633619643486,0.0,9.328125386805557e-05,1.2681045638681226e+20,0.0,0.0,1.0,1.0,0.0,1.0,0,0,0.0,0.0,0.0,0.0,0.0,0.0,0.0,0.0,0.0,1.0,0.0,1.0,0,0,0.0,0.0,0.0,0.0,0.0,0.0,0.0,0.0,0.0,1.0,0.0,1.0,0,0,0.0,0.0,0.0,0.0,0.0,0.0,0.0,0.0,0.0,0.0,0.0,0.0
0.0007394736842105263,production,0.0,22.876614850018765,1094.4866234705366,2.413175990616916e+17,1.660887699218255,1094.4866234705366,13560000.0,1500.0,0.7296577489803577,3.9858118799586193,66.04860169817874,16.57092800347227,3.1622758075176454,0.3,74.70250199709346,0.0,2000000.0,0.0,0.0,0.0,3.8509899795381806,45.83521601798752,-0.0,8.0,0.0,0.0,7.994512709651471,340.0,6.522811664344598e+17,1.6690603665443833,766.1406364293756,350.0,7.9593003422595245,1.6471136487797765e+21,0.0,0.33333333333333337,1.1891530955912732e-05,74.70250199709346,bohm,0.18,1.0,0.05555555555555556,0.0,0,0,0,0,1.0432974327076883e+17,1.6438555573149563,328.345987041161,340.0,7.994512709651471,1.7030594072385885e+21,0.0,1.0,2.950848587896795e-05,48.55662629811075,bohm,0.4814,1.0,0.06231823847112588,0.0,0,0,0,0,1.2680983233450697e+20,0.0,0.0,0.04765921198259544,6.175618822164241,0.0,9.328156097594597e-05,1.2680983233450697e+20,0.0,0.0,1.0,1.0,0.0,1.0,0,0,0.0,0.0,0.0,0.0,0.0,0.0,0.0,0.0,0.0,1.0,0.0,1.0,0,0,0.0,0.0,0.0,0.0,0.0,0.0,0.0,0.0,0.0,1.0,0.0,1.0,0,0,0.0,0.0,0.0,0.0,0.0,0.0,0.0,0.0,0.0,0.0,0.0,0.0
0.0007526315789473685,production,0.0,22.876440381467717,1094.4759417225134,2.413157777782809e+17,1.6609029372204696,1094.4759417225134,13560000.0,1500.0,0.729650627815009,3.985817897489569,66.04832925130918,16.570834631684786,3.1622758073022883,0.3,74.7026457957892,0.0,2000000.0,0.0,0.0,0.0,3.8510022939279684,45.83538026381108,-0.0,8.0,0.0,0.0,7.9943835634415406,340.0,6.522758829953987e+17,1.6690819517040907,766.1331592057594,350.0,7.958356587561984,1.6469183462812434e+21,0.0,0.33333333333333337,1.1891656010360708e-05,74.7026457957892,bohm,0.18,1.0,0.05555555555555556,0.0,0,0,0,0,1.043290760392416e+17,1.6438575966600268,328.342782516754,340.0,7.9943835634415406,1.703031895409448e+21,0.0,1.0,2.950859854282757e-05,48.556719767262976,bohm,0.4814,1.0,0.06231823847112588,0.0,0,0,0,0,1.2680909999234173e+20,0.0,0.0,0.04765862234413513,6.1756045871423275,0.0,9.32819138083473e-05,1.2680909999234173e+20,0.0,0.0,1.0,1.0,0.0,1.0,0,0,0.0,0.0,0.0,0.0,0.0,0.0,0.0,0.0,0.0,1.0,0.0,1.0,0,0,0.0,0.0,0.0,0.0,0.0,0.0,0.0,0.0,0.0,1.0,0.0,1.0,0,0,0.0,0.0,0.0,0.0,0.0,0.0,0.0,0.0,0.0,0.0,0.0,0.0
0.0007657894736842106,production,0.0,22.876265882840176,1094.465258133072,2.413138636455746e+17,1.660918246082524,1094.465258133072,13560000.0,1500.0,0.7296435054220479,3.9858240922782358,66.04805821542611,16.570740877245804,3.1622758070805648,0.3,74.70279013322022,0.0,2000000.0,0.0,0.0,0.0,3.851015936241628,45.83556127356269,-0.0,8.0,0.0,0.0,7.9942544076370625,340.0,6.522704439897384e+17,1.6691035849902078,766.1256806931503,350.0,7.957412871718381,1.6467230518232222e+21,0.0,0.33333333333333337,1.1891782655057149e-05,74.70279013322022,bohm,0.18,1.0,0.05555555555555556,0.0,0,0,0,0,1.0432833686418666e+17,1.6438597465926819,328.3395774399216,340.0,7.9942544076370625,1.7030043815363947e+21,0.0,1.0,2.9508722374689094e-05,48.556813586593144,bohm,0.4814,1.0,0.06231823847112588,0.0,0,0,0,0,1.2680828446909855e+20,0.0,0.0,0.04765805058759515,6.1755907838176185,0.0,9.328230176483674e-05,1.2680828446909855e+20,0.0,0.0,1.0,1.0,0.0,1.0,0,0,0.0,0.0,0.0,0.0,0.0,0.0,0.0,0.0,0.0,1.0,0.0,1.0,0,0,0.0,0.0,0.0,0.0,0.0,0.0,0.0,0.0,0.0,1.0,0.0,1.0,0,0,0.0,0.0,0.0,0.0,0.0,0.0,0.0,0.0,0.0,0.0,0.0,0.0
0.0007789473684210527,production,0.0,22.876091354174118,1094.454572704538,2.413118789211386e+17,1.660933609455845,1094.454572704538,13560000.0,1500.0,0.7296363818030253,3.9858304198955534,66.04778822246463,16.570646832535182,3.1622758068540624,0.3,74.70293488068623,0.0,2000000.0,0.0,0.0,0.0,3.8510305988120543,45.83575516321021,-0.0,8.0,0.0,0.0,7.994125242311138,340.0,6.522648884311583e+17,1.6691252553167386,766.1182008931764,350.0,7.956469194905104,1.6465277654422155e+21,0.0,0.33333333333333337,1.189191049494658e-05,74.70293488068623,bohm,0.18,1.0,0.05555555555555556,0.0,0,0,0,0,1.043275424177987e+17,1.6438619814859081,328.33637181136135,340.0,7.994125242311138,1.7029768656350014e+21,0.0,1.0,2.95088547870409e-05,48.55690767244605,bohm,0.4814,1.0,0.06231823847112588,0.0,0,0,0,0,1.2680740504069156e+20,0.0,0.0,0.047657492554948416,6.175577311807771,0.0,9.328271670752267e-05,1.2680740504069156e+20,0.0,0.0,1.0,1.0,0.0,1.0,0,0,0.0,0.0,0.0,0.0,0.0,0.0,0.0,0.0,0.0,1.0,0.0,1.0,0,0,0.0,0.0,0.0,0.0,0.0,0.0,0.0,0.0,0.0,1.0,0.0,1.0,0,0,0.0,0.0,0.0,0.0,0.0,0.0,0.0,0.0,0.0,0.0,0.0,0.0
0.0007921052631578948,production,0.0,22.875916795498267,1094.4438854386694,2.413098404765798e+17,1.660949014947055,1094.4438854386694,13560000.0,1500.0,0.729629256959113,3.985836847214552,66.04751899799196,16.57055256643241,3.1622758066239656,0.3,74.70307994222001,0.0,2000000.0,0.0,0.0,0.0,3.8510460454441895,45.83595895099264,-0.0,8.0,0.0,0.0,7.993996067520069,340.0,6.52259245408575e+17,1.6691469544172015,766.1107198070686,350.0,7.955525557253783,1.646332487165463e+21,0.0,0.33333333333333337,1.1892039235466129e-05,74.70307994222001,bohm,0.18,1.0,0.05555555555555556,0.0,0,0,0,0,1.0432670549924806e+17,1.6438642816657902,328.3331656316008,340.0,7.993996067520069,1.7029493477172623e+21,0.0,1.0,2.9508993793456615e-05,48.55700196244301,bohm,0.4814,1.0,0.06231823847112588,0.0,0,0,0,0,1.2680647650515501e+20,0.0,0.0,0.04765694505413976,6.175564094050713,0.0,9.328315238896575e-05,1.2680647650515501e+20,0.0,0.0,1.0,1.0,0.0,1.0,0,0,0.0,0.0,0.0,0.0,0.0,0.0,0.0,0.0,0.0,1.0,0.0,1.0,0,0,0.0,0.0,0.0,0.0,0.0,0.0,0.0,0.0,0.0,1.0,0.0,1.0,0,0,0.0,0.0,0.0,0.0,0.0,0.0,0.0,0.0,0.0,0.0,0.0,0.0
0.0008052631578947369,production,0.0,22.875742206834406,1094.4331963368004,2.4130776110353594e+17,1.6609644531591563,1094.4331963368004,13560000.0,1500.0,0.7296221308912003,3.9858433495352115,66.04725033738801,16.570458130295002,3.1622758063911576,0.3,74.70322524626303,0.0,2000000.0,0.0,0.0,0.0,3.851062094811437,45.83617034781462,-0.0,8.0,0.0,0.0,7.993866883307278,340.0,6.522535366109572e+17,1.669168676127606,766.1032374357602,350.0,7.954581958862677,1.6461372170132985e+21,0.0,0.33333333333333337,1.1892168656982412e-05,74.70322524626303,bohm,0.18,1.0,0.05555555555555556,0.0,0,0,0,0,1.0432583593439555e+17,1.6438666320285678,328.32995890104013,340.0,7.993866883307278,1.7029218277924277e+21,0.0,1.0,2.950913786895777e-05,48.55709641007097,bohm,0.4814,1.0,0.06231823847112588,0.0,0,0,0,0,1.2680551022286778e+20,0.0,0.0,0.04765640563467024,6.175551071386861,0.0,9.328360401301047e-05,1.2680551022286778e+20,0.0,0.0,1.0,1.0,0.0,1.0,0,0,0.0,0.0,0.0,0.0,0.0,0.0,0.0,0.0,0.0,1.0,0.0,1.0,0,0,0.0,0.0,0.0,0.0,0.0,0.0,0.0,0.0,0.0,1.0,0.0,1.0,0,0,0.0,0.0,0.0,0.0,0.0,0.0,0.0,0.0,0.0,0.0,0.0,0.0
0.000818421052631579,production,0.0,22.875567588199168,1094.4225053999492,2.413056505023343e+17,1.6609799169656432,1094.4225053999492,13560000.0,1500.0,0.7296150035999661,3.9858499084407546,66.04698208808551,16.57036356241592,3.1622758061562974,0.3,74.70337073945804,0.0,2000000.0,0.0,0.0,0.0,3.8510786077094146,45.836387596336664,-0.0,8.0,0.0,0.0,7.993737689706289,340.0,6.522477782098294e+17,1.6691904158517776,766.0957537799644,350.0,7.953638399805162,1.6459419550009063e+21,0.0,0.33333333333333337,1.1892298595731302e-05,74.70337073945804,bohm,0.18,1.0,0.05555555555555556,0.0,0,0,0,0,1.043249412665026e+17,1.643869020978987,328.32675161998475,340.0,7.993737689706289,1.7028943058676388e+21,0.0,1.0,2.9509285842817174e-05,48.557190980647725,bohm,0.4814,1.0,0.06231823847112588,0.0,0,0,0,0,1.2680451491513285e+20,0.0,0.0,0.04765587241532078,6.175538198400087,0.0,9.328406789764467e-05,1.2680451491513285e+20,0.0,0.0,1.0,1.0,0.0,1.0,0,0,0.0,0.0,0.0,0.0,0.0,0.0,0.0,0.0,0.0,1.0,0.0,1.0,0,0,0.0,0.0,0.0,0.0,0.0,0.0,0.0,0.0,0.0,1.0,0.0,1.0,0,0,0.0,0.0,0.0,0.0,0.0,0.0,0.0,0.0,0.0,0.0,0.0,0.0
0.000831578947368421,production,0.0,22.875392939605337,1094.4118126288981,2.4130351603058208e+17,1.6609954009608308,1094.4118126288981,13560000.0,1500.0,0.7296078750859321,3.9858565101992802,66.04671413632845,16.5702688913471,3.162275805919876,0.3,74.70351638202037,0.0,2000000.0,0.0,0.0,0.0,3.851095477270843,45.83660934744694,-0.0,8.0,0.0,0.0,7.993608486743037,340.0,6.52241982262865e+17,1.6692121701626592,766.0882688402287,350.0,7.952694880136051,1.6457467011396298e+21,0.0,0.33333333333333337,1.1892428929606352e-05,74.70351638202037,bohm,0.18,1.0,0.05555555555555556,0.0,0,0,0,0,1.043240272864878e+17,1.6438714396152825,328.32354378866944,340.0,7.993608486743037,1.7028667819484206e+21,0.0,1.0,2.9509436816265537e-05,48.55728564831324,bohm,0.4814,1.0,0.06231823847112588,0.0,0,0,0,0,1.2680349727724469e+20,0.0,0.0,0.04765534395190013,6.175525440224896,0.0,9.328454121618149e-05,1.2680349727724469e+20,0.0,0.0,1.0,1.0,0.0,1.0,0,0,0.0,0.0,0.0,0.0,0.0,0.0,0.0,0.0,0.0,1.0,0.0,1.0,0,0,0.0,0.0,0.0,0.0,0.0,0.0,0.0,0.0,0.0,1.0,0.0,1.0,0,0,0.0,0.0,0.0,0.0,0.0,0.0,0.0,0.0,0.0,0.0,0.0,0.0
0.0008447368421052631,production,0.0,22.875218261062816,1094.4011180242542,2.413013632701065e+17,1.6610109010435334,1094.4011180242542,13560000.0,1500.0,0.7296007453495028,3.985863144572018,66.04644639729898,16.570174138377425,3.162275805682259,0.3,74.70366214428643,0.0,2000000.0,0.0,0.0,0.0,3.851112621453589,45.836834565429605,-0.0,8.0,0.0,0.0,7.993479274437621,340.0,6.522361577604123e+17,1.6692339365050086,766.0807826169779,350.0,7.951751399896327,1.6455514554379503e+21,0.0,0.33333333333333337,1.1892559567562319e-05,74.70366214428643,bohm,0.18,1.0,0.05555555555555556,0.0,0,0,0,0,1.0432309844000456e+17,1.6438738811034916,328.3203354072762,340.0,7.993479274437621,1.7028392560390546e+21,0.0,1.0,2.9509590099315496e-05,48.557380393786175,bohm,0.4814,1.0,0.06231823847112588,0.0,0,0,0,0,1.268024624491405e+20,0.0,0.0,0.04765481913571749,6.1755127700953985,0.0,9.328502179856667e-05,1.268024624491405e+20,0.0,0.0,1.0,1.0,0.0,1.0,0,0,0.0,0.0,0.0,0.0,0.0,0.0,0.0,0.0,0.0,1.0,0.0,1.0,0,0,0.0,0.0,0.0,0.0,0.0,0.0,0.0,0.0,0.0,1.0,0.0,1.0,0,0,0.0,0.0,0.0,0.0,0.0,0.0,0.0,0.0,0.0,0.0,0.0,0.0
0.0008578947368421052,production,0.0,22.875043552579392,1094.3904215864934,2.412991964564112e+17,1.6610264141016737,1094.3904215864934,13560000.0,1500.0,0.7295936143909956,3.9858698039247407,66.04617880775595,16.570079319380348,3.16227580544372,0.3,74.70380800413979,0.0,2000000.0,0.0,0.0,0.0,3.8511299772737884,45.83706245516326,-0.0,8.0,0.0,0.0,7.993350052805659,340.0,6.522303114057876e+17,1.6692557129736925,766.0732951105454,350.0,7.950807959116662,1.6453562179022144e+21,0.0,0.33333333333333337,1.1892690441714182e-05,74.70380800413979,bohm,0.18,1.0,0.05555555555555556,0.0,0,0,0,0,1.043221581399524e+17,1.6438763401971201,328.317126475948,340.0,7.993350052805659,1.7028117281428684e+21,0.0,1.0,2.950974516226188e-05,48.55747520269087,bohm,0.4814,1.0,0.06231823847112588,0.0,0,0,0,0,1.268014143767172e+20,0.0,0.0,0.047654297115642126,6.175500167463676,0.0,9.328550797884384e-05,1.268014143767172e+20,0.0,0.0,1.0,1.0,0.0,1.0,0,0,0.0,0.0,0.0,0.0,0.0,0.0,0.0,0.0,0.0,1.0,0.0,1.0,0,0,0.0,0.0,0.0,0.0,0.0,0.0,0.0,0.0,0.0,1.0,0.0,1.0,0,0,0.0,0.0,0.0,0.0,0.0,0.0,0.0,0.0,0.0,0.0,0.0,0.0
0.0008710526315789474,production,0.0,22.87486881416123,1094.3797233159935,2.4129701880406048e+17,1.661041937773301,1094.3797233159937,13560000.0,1500.0,0.7295864822106625,3.985876482565228,66.04591132054627,16.569984446191487,3.162275805204463,0.3,74.70395394509205,0.0,2000000.0,0.0,0.0,0.0,3.851147496378624,45.83729240623119,-0.0,8.0,0.0,0.0,7.99322082185934,340.0,6.522244481970671e+17,1.669277498148374,766.0658063211955,350.0,7.949864557820026,1.6451609885371767e+21,0.0,0.33333333333333337,1.189282150144599e-05,74.70395394509205,bohm,0.18,1.0,0.05555555555555556,0.0,0,0,0,0,1.0432120900639163e+17,1.6438788128683843,328.3139169947981,340.0,7.99322082185934,1.7027841982624582e+21,0.0,1.0,2.950990159844841e-05,48.557570064309836,bohm,0.4814,1.0,0.06231823847112588,0.0,0,0,0,0,1.268003560892137e+20,0.0,0.0,0.047653777238269496,6.175487616555297,0.0,9.328599847805338e-05,1.268003560892137e+20,0.0,0.0,1.0,1.0,0.0,1.0,0,0,0.0,0.0,0.0,0.0,0.0,0.0,0.0,0.0,0.0,1.0,0.0,1.0,0,0,0.0,0.0,0.0,0.0,0.0,0.0,0.0,0.0,0.0,1.0,0.0,1.0,0,0,0.0,0.0,0.0,0.0,0.0,0.0,0.0,0.0,0.0,0.0,0.0,0.0
0.0008842105263157895,production,0.0,22.874694045813328,1094.369023213061,2.4129483275326208e+17,1.661057470265472,1094.369023213061,13560000.0,1500.0,0.7295793488087072,3.9858831762492635,66.04564390051232,16.56988952763578,3.1622758049646382,0.3,74.70409995485164,0.0,2000000.0,0.0,0.0,0.0,3.851165141647555,45.837523950014905,-0.0,8.0,0.0,0.0,7.993091581608216,340.0,6.52218571860875e+17,1.6692992909702304,766.0583162491426,350.0,7.9489211960236625,1.6449657673464047e+21,0.0,0.33333333333333337,1.189295270901824e-05,74.70409995485164,bohm,0.18,1.0,0.05555555555555556,0.0,0,0,0,0,1.043202530507245e+17,1.643881296025118,328.3107069639183,340.0,7.993091581608216,1.702756666399859e+21,0.0,1.0,2.9510059095683852e-05,48.55766497065357,bohm,0.4814,1.0,0.06231823847112588,0.0,0,0,0,0,1.2679928991215582e+20,0.0,0.0,0.04765325900198753,6.175475105260371,0.0,9.32864923143342e-05,1.2679928991215582e+20,0.0,0.0,1.0,1.0,0.0,1.0,0,0,0.0,0.0,0.0,0.0,0.0,0.0,0.0,0.0,0.0,1.0,0.0,1.0,0,0,0.0,0.0,0.0,0.0,0.0,0.0,0.0,0.0,0.0,1.0,0.0,1.0,0,0,0.0,0.0,0.0,0.0,0.0,0.0,0.0,0.0,0.0,0.0,0.0,0.0
0.0008973684210526316,production,0.0,22.874519247539787,1094.358321277946,2.412926401567729e+17,1.6610730102169473,1094.358321277946,13560000.0,1500.0,0.7295722141852974,3.985889881812302,66.04537652144063,16.569794570293336,3.1622758047243607,0.3,74.7042460242565,0.0,2000000.0,0.0,0.0,0.0,3.8511828845830793,45.83775672675473,-0.0,8.0,0.0,0.0,7.992962332059809,340.0,6.522126851758204e+17,1.6693210906500215,766.0508248945622,350.0,7.9479778737405375,1.644770554332582e+21,0.0,0.33333333333333337,1.1893084036292583e-05,74.7042460242565,bohm,0.18,1.0,0.05555555555555556,0.0,0,0,0,0,1.0431929181709037e+17,1.643883787293433,328.3074963833838,340.0,7.992962332059809,1.7027291325566728e+21,0.0,1.0,2.9510217414297988e-05,48.55775991576673,bohm,0.4814,1.0,0.06231823847112588,0.0,0,0,0,0,1.2679821763083336e+20,0.0,0.0,0.04765274202171364,6.175462624282265,0.0,9.328698873390851e-05,1.2679821763083336e+20,0.0,0.0,1.0,1.0,0.0,1.0,0,0,0.0,0.0,0.0,0.0,0.0,0.0,0.0,0.0,0.0,1.0,0.0,1.0,0,0,0.0,0.0,0.0,0.0,0.0,0.0,0.0,0.0,0.0,1.0,0.0,1.0,0,0,0.0,0.0,0.0,0.0,0.0,0.0,0.0,0.0,0.0,0.0,0.0,0.0
0.0009105263157894737,production,0.0,22.87434441934405,1094.3476175108603,2.412904424215995e+17,1.6610885565940956,1094.3476175108603,13560000.0,1500.0,0.7295650783405736,3.985896596894828,66.04510916378669,16.56969957907048,3.162275804483714,0.3,74.70439214647837,0.0,2000000.0,0.0,0.0,0.0,3.8512007033076157,45.83799046026228,-0.0,8.0,0.0,0.0,7.992833073220084,340.0,6.522067902136559e+17,1.6693428965995416,766.0433322576022,350.0,7.94703459098043,1.644575349497732e+21,0.0,0.33333333333333337,1.1893215462289694e-05,74.70439214647837,bohm,0.18,1.0,0.05555555555555556,0.0,0,0,0,0,1.0431832649091406e+17,1.6438862848508753,328.3042852532581,340.0,7.992833073220084,1.702701596734171e+21,0.0,1.0,2.9510376370295295e-05,48.557854895210944,bohm,0.4814,1.0,0.06231823847112588,0.0,0,0,0,0,1.2679714061580073e+20,0.0,0.0,0.04765222600182401,6.175450166484035,0.0,9.328748715809886e-05,1.2679714061580073e+20,0.0,0.0,1.0,1.0,0.0,1.0,0,0,0.0,0.0,0.0,0.0,0.0,0.0,0.0,0.0,0.0,1.0,0.0,1.0,0,0,0.0,0.0,0.0,0.0,0.0,0.0,0.0,0.0,0.0,1.0,0.0,1.0,0,0,0.0,0.0,0.0,0.0,0.0,0.0,0.0,0.0,0.0,0.0,0.0,0.0
0.0009236842105263158,production,0.0,22.874169561229085,1094.3369119119848,2.4128824061645014e+17,1.6611041086119385,1094.3369119119848,13560000.0,1500.0,0.7295579412746565,3.9859033197375844,66.04484181297853,16.56960455762551,3.1622758042427614,0.3,74.70453831642922,0.0,2000000.0,0.0,0.0,0.0,3.8512185810257167,45.838224938507096,-0.0,8.0,0.0,0.0,7.9927038050938215,340.0,6.522008885190874e+17,1.6693647083804941,766.0358383383893,350.0,7.946091347750737,1.6443801528433857e+21,0.0,0.33333333333333337,1.18933469713683e-05,74.70453831642922,bohm,0.18,1.0,0.05555555555555556,0.0,0,0,0,0,1.0431735798223776e+17,1.6438887872983303,328.30107357359543,340.0,7.9927038050938215,1.7026740589333714e+21,0.0,1.0,2.9510535822421907e-05,48.557949905678996,bohm,0.4814,1.0,0.06231823847112588,0.0,0,0,0,0,1.2679605991922275e+20,0.0,0.0,0.0476517107153716,6.175437726386743,0.0,9.328798714265312e-05,1.2679605991922275e+20,0.0,0.0,1.0,1.0,0.0,1.0,0,0,0.0,0.0,0.0,0.0,0.0,0.0,0.0,0.0,0.0,1.0,0.0,1.0,0,0,0.0,0.0,0.0,0.0,0.0,0.0,0.0,0.0,0.0,1.0,0.0,1.0,0,0,0.0,0.0,0.0,0.0,0.0,0.0,0.0,0.0,0.0,0.0,0.0,0.0
0.0009368421052631579,production,0.0,22.87399467319746,1094.3262044814771,2.41286035553232e+17,1.6611196656742717,1094.3262044814771,13560000.0,1500.0,0.7295508029876514,3.9859100490288784,66.04457445815176,16.56950950868617,3.1622758040015495,0.3,74.70468453031884,0.0,2000000.0,0.0,0.0,0.0,3.8512365048434902,45.83845999871293,-0.0,8.0,0.0,0.0,7.992574527684875,340.0,6.521949812438444e+17,1.6693865256663785,766.028343137034,350.0,7.945148144057088,1.6441849643707078e+21,0.0,0.33333333333333337,1.1893478551867422e-05,74.70468453031884,bohm,0.18,1.0,0.05555555555555556,0.0,0,0,0,0,1.0431638698969456e+17,1.6438912935616832,328.2978613444431,340.0,7.992574527684875,1.7026465191550952e+21,0.0,1.0,2.951069566223683e-05,48.55804494470725,bohm,0.4814,1.0,0.06231823847112588,0.0,0,0,0,0,1.2679497634883895e+20,0.0,0.0,0.04765119598813169,6.175425299784251,0.0,9.328848834651769e-05,1.2679497634883895e+20,0.0,0.0,1.0,1.0,0.0,1.0,0,0,0.0,0.0,0.0,0.0,0.0,0.0,0.0,0.0,0.0,1.0,0.0,1.0,0,0,0.0,0.0,0.0,0.0,0.0,0.0,0.0,0.0,0.0,1.0,0.0,1.0,0,0,0.0,0.0,0.0,0.0,0.0,0.0,0.0,0.0,0.0,0.0,0.0,0.0
0.00095,production,0.0,22.873819755251507,1094.31549521948,2.4128382784887626e+17,1.6611352273282296,1094.31549521948,13560000.0,1500.0,0.7295436634796533,3.9859167837907417,66.0443070912066,16.569414434286365,3.1622758037601133,0.3,74.70483078532476,0.0,2000000.0,0.0,0.0,0.0,3.8512544648622833,45.8386955159161,-0.0,8.0,0.0,0.0,7.9924452409964015,340.0,6.521890692466436e+17,1.6694083482140567,766.020846653636,350.0,7.944204979903788,1.6439897840805898e+21,0.0,0.33333333333333337,1.189361019509397e-05,74.70483078532476,bohm,0.18,1.0,0.05555555555555556,0.0,0,0,0,0,1.0431541404962045e+17,1.6438938028163304,328.294648565844,340.0,7.9924452409964015,1.702618977400015e+21,0.0,1.0,2.951085580648968e-05,48.558140010461095,bohm,0.4814,1.0,0.06231823847112588,0.0,0,0,0,0,1.2679389052474583e+20,0.0,0.0,0.04765068168635423,6.175412883447575,0.0,9.328899050786498e-05,1.2679389052474583e+20,0.0,0.0,1.0,1.0,0.0,1.0,0,0,0.0,0.0,0.0,0.0,0.0,0.0,0.0,0.0,0.0,1.0,0.0,1.0,0,0,0.0,0.0,0.0,0.0,0.0,0.0,0.0,0.0,0.0,1.0,0.0,1.0,0,0,0.0,0.0,0.0,0.0,0.0,0.0,0.0,0.0,0.0,0.0,0.0,0.0
0.0009631578947368421,production,0.0,22.873644807393337,1094.3047841261227,2.412816179722491e+17,1.66115079322981,1094.3047841261227,13560000.0,1500.0,0.7295365227507484,3.98592352329404,66.04403970610458,16.569319335942648,3.1622758035184795,0.3,74.70497707934615,0.0,2000000.0,0.0,0.0,0.0,3.8512724534828893,45.838931394181834,-0.0,8.0,0.0,0.0,7.992315945031015,340.0,6.521831531677245e+17,1.6694301758425583,766.0133488882859,350.0,7.9432618552941605,1.6437946119737188e+21,0.0,0.33333333333333337,1.1893741894567843e-05,74.70497707934615,bohm,0.18,1.0,0.05555555555555556,0.0,0,0,0,0,1.0431443957375723e+17,1.6438963144292151,328.2914352378368,340.0,7.992315945031015,1.7025914336686873e+21,0.0,1.0,2.9511016191268953e-05,48.558235101575,bohm,0.4814,1.0,0.06231823847112588,0.0,0,0,0,0,1.2679280292298742e+20,0.0,0.0,0.04765016770736101,6.175400474897855,0.0,9.328949342568935e-05,1.2679280292298742e+20,0.0,0.0,1.0,1.0,0.0,1.0,0,0,0.0,0.0,0.0,0.0,0.0,0.0,0.0,0.0,0.0,1.0,0.0,1.0,0,0,0.0,0.0,0.0,0.0,0.0,0.0,0.0,0.0,0.0,1.0,0.0,1.0,0,0,0.0,0.0,0.0,0.0,0.0,0.0,0.0,0.0,0.0,0.0,0.0,0.0
0.0009763157894736842,production,0.0,22.87346982962491,1094.2940712015252,2.4127940627975376e+17,1.6611663631177038,1094.2940712015252,13560000.0,1500.0,0.7295293808010168,3.9859302669951804,66.04377229834421,16.56922421478581,3.1622758032766662,0.3,74.70512341082036,0.0,2000000.0,0.0,0.0,0.0,3.8512904648713913,45.8391675598608,-0.0,8.0,0.0,0.0,7.9921866397909165,340.0,6.521772334844243e+17,1.6694520084172733,766.0058498410676,350.0,7.942318770230787,1.6435994480506293e+21,0.0,0.33333333333333337,1.189387364545907e-05,74.70512341082036,bohm,0.18,1.0,0.05555555555555556,0.0,0,0,0,0,1.043134638781969e+17,1.6438988279143352,328.28822136045756,340.0,7.9921866397909165,1.7025638879615813e+21,0.0,1.0,2.951117676750965e-05,48.55833021703324,bohm,0.4814,1.0,0.06231823847112588,0.0,0,0,0,0,1.2679171390902021e+20,0.0,0.0,0.0476496539723275,6.175388072232104,0.0,9.328999694567844e-05,1.2679171390902021e+20,0.0,0.0,1.0,1.0,0.0,1.0,0,0,0.0,0.0,0.0,0.0,0.0,0.0,0.0,0.0,0.0,1.0,0.0,1.0,0,0,0.0,0.0,0.0,0.0,0.0,0.0,0.0,0.0,0.0,1.0,0.0,1.0,0,0,0.0,0.0,0.0,0.0,0.0,0.0,0.0,0.0,0.0,0.0,0.0,0.0
0.0009894736842105264,production,0.0,22.873294821948093,1094.2833564458015,2.412771930423553e+17,1.6611819367934335,1094.2833564458015,13560000.0,1500.0,0.7295222376305344,3.985937014488913,66.04350486457002,16.569129071659024,3.162275803034689,0.3,74.70526977858609,0.0,2000000.0,0.0,0.0,0.0,3.8513084945490874,45.83940395641238,-0.0,8.0,0.0,0.0,7.9920573252779885,340.0,6.521713105526156e+17,1.6694738458381635,765.9983495120609,350.0,7.941375724715706,1.6434042923117432e+21,0.0,0.33333333333333337,1.1894005444168084e-05,74.70526977858609,bohm,0.18,1.0,0.05555555555555556,0.0,0,0,0,0,1.0431248720560184e+17,1.643901342898586,328.2850069337404,340.0,7.9920573252779885,1.702536340279098e+21,0.0,1.0,2.9511337497544552e-05,48.55842535608096,bohm,0.4814,1.0,0.06231823847112588,0.0,0,0,0,0,1.2679062376340359e+20,0.0,0.0,0.04764914042074146,6.175375673989441,0.0,9.329050094936653e-05,1.2679062376340359e+20,0.0,0.0,1.0,1.0,0.0,1.0,0,0,0.0,0.0,0.0,0.0,0.0,0.0,0.0,0.0,0.0,1.0,0.0,1.0,0,0,0.0,0.0,0.0,0.0,0.0,0.0,0.0,0.0,0.0,1.0,0.0,1.0,0,0,0.0,0.0,0.0,0.0,0.0,0.0,0.0,0.0,0.0,0.0,0.0,0.0
0.0010026315789473685,production,0.0,22.873119784364643,1094.2726398590598,2.4127497846609824e+17,1.6611975141062658,1094.2726398590598,13560000.0,1500.0,0.7295150932393732,3.9859437654731473,66.04323740228111,16.56903390719099,3.162275802792559,0.3,74.70541618178126,0.0,2000000.0,0.0,0.0,0.0,3.851326539077677,45.83964054043027,-0.0,8.0,0.0,0.0,7.991928001493866,340.0,6.521653846376028e+17,1.6694956880309706,765.9908479013418,350.0,7.94043271875055,1.6432091447573983e+21,0.0,0.33333333333333337,1.1894137288012784e-05,74.70541618178126,bohm,0.18,1.0,0.05555555555555556,0.0,0,0,0,0,1.043115097422634e+17,1.6439038590955304,328.2817919577179,340.0,7.991928001493866,1.7025087906215858e+21,0.0,1.0,2.9511498352456435e-05,48.55852051815782,bohm,0.4814,1.0,0.06231823847112588,0.0,0,0,0,0,1.2678953270152215e+20,0.0,0.0,0.047648627006148615,6.175363279048357,0.0,9.329100534580718e-05,1.2678953270152215e+20,0.0,0.0,1.0,1.0,0.0,1.0,0,0,0.0,0.0,0.0,0.0,0.0,0.0,0.0,0.0,0.0,1.0,0.0,1.0,0,0,0.0,0.0,0.0,0.0,0.0,0.0,0.0,0.0,0.0,1.0,0.0,1.0,0,0,0.0,0.0,0.0,0.0,0.0,0.0,0.0,0.0,0.0,0.0,0.0,0.0
0.0010157894736842106,production,0.0,22.87294471687628,1094.2619214414049,2.412727627076883e+17,1.6612130949417565,1094.2619214414049,13560000.0,1500.0,0.7295079476276032,3.985950519722707,66.04296990961366,16.568938721850493,3.1622758025502833,0.3,74.705562619767,0.0,2000000.0,0.0,0.0,0.0,3.8513445958175767,45.839877278591395,-0.0,8.0,0.0,0.0,7.991798668440006,340.0,6.521594559371617e+17,1.6695175349406615,765.9833450089834,350.0,7.93948975233664,1.6430140053878677e+21,0.0,0.33333333333333337,1.189426917499517e-05,74.705562619767,bohm,0.18,1.0,0.05555555555555556,0.0,0,0,0,0,1.0431053163119715e+17,1.6439063762852721,328.27857643242146,340.0,7.991798668440006,1.7024812389893546e+21,0.0,1.0,2.951165931004557e-05,48.55861570284855,bohm,0.4814,1.0,0.06231823847112588,0.0,0,0,0,0,1.267884408887265e+20,0.0,0.0,0.04764811369288711,6.175350886547908,0.0,9.329151006518091e-05,1.267884408887265e+20,0.0,0.0,1.0,1.0,0.0,1.0,0,0,0.0,0.0,0.0,0.0,0.0,0.0,0.0,0.0,0.0,1.0,0.0,1.0,0,0,0.0,0.0,0.0,0.0,0.0,0.0,0.0,0.0,0.0,1.0,0.0,1.0,0,0,0.0,0.0,0.0,0.0,0.0,0.0,0.0,0.0,0.0,0.0,0.0,0.0
0.0010289473684210527,production,0.0,22.872769619484664,1094.2512011929387,2.412705458863259e+17,1.6612286792130537,1094.2512011929387,13560000.0,1500.0,0.7295008007952924,3.98595727706977,66.04270238517903,16.56884351598709,3.1622758023078674,0.3,74.70570909207085,0.0,2000000.0,0.0,0.0,0.0,3.851362662742377,45.84011414531373,-0.0,8.0,0.0,0.0,7.991669326117709,340.0,6.521535245987141e+17,1.6695393865265424,765.975840835057,350.0,7.938546825475076,1.6428188742033793e+21,0.0,0.33333333333333337,1.1894401103627363e-05,74.70570909207085,bohm,0.18,1.0,0.05555555555555556,0.0,0,0,0,0,1.0430955298219648e+17,1.643908894298995,328.2753603578816,340.0,7.991669326117709,1.7024536853826817e+21,0.0,1.0,2.9511820353269218e-05,48.558710909846056,bohm,0.4814,1.0,0.06231823847112588,0.0,0,0,0,0,1.2678734845195644e+20,0.0,0.0,0.04764760045358011,6.175338495827155,0.0,9.32920150538873e-05,1.2678734845195644e+20,0.0,0.0,1.0,1.0,0.0,1.0,0,0,0.0,0.0,0.0,0.0,0.0,0.0,0.0,0.0,0.0,1.0,0.0,1.0,0,0,0.0,0.0,0.0,0.0,0.0,0.0,0.0,0.0,0.0,1.0,0.0,1.0,0,0,0.0,0.0,0.0,0.0,0.0,0.0,0.0,0.0,0.0,0.0,0.0,0.0
0.0010421052631578948,production,0.0,22.87259449219144,1094.2404791137617,2.412683280926974e+17,1.6612442668542773,1094.2404791137617,13560000.0,1500.0,0.7294936527425078,3.98596403738928,66.04243482794278,16.56874828986143,3.1622758020653174,0.3,74.70585559834447,0.0,2000000.0,0.0,0.0,0.0,3.851380738296404,45.84035112095786,-0.0,8.0,0.0,0.0,7.9915399745281706,340.0,6.521475907321382e+17,1.6695612427586068,765.9683353796331,350.0,7.937603938166785,1.6426237512041253e+21,0.0,0.33333333333333337,1.1894533072801831e-05,74.70585559834447,bohm,0.18,1.0,0.05555555555555556,0.0,0,0,0,0,1.043085738795504e+17,1.6439114130070993,328.2721437341285,340.0,7.9915399745281706,1.702426129801822e+21,0.0,1.0,2.951198146904367e-05,48.558806138923906,bohm,0.4814,1.0,0.06231823847112588,0.0,0,0,0,0,1.2678625548866455e+20,0.0,0.0,0.0476470872672112,6.175326106378723,0.0,9.329252027077724e-05,1.2678625548866455e+20,0.0,0.0,1.0,1.0,0.0,1.0,0,0,0.0,0.0,0.0,0.0,0.0,0.0,0.0,0.0,0.0,1.0,0.0,1.0,0,0,0.0,0.0,0.0,0.0,0.0,0.0,0.0,0.0,0.0,1.0,0.0,1.0,0,0,0.0,0.0,0.0,0.0,0.0,0.0,0.0,0.0,0.0,0.0,0.0,0.0
0.0010552631578947369,production,0.0,22.872419334998217,1094.2297552039724,2.4126610939580554e+17,1.6612598578155067,1094.2297552039724,13560000.0,1500.0,0.729486503469315,3.985970800588068,66.04216723713468,16.56865304366785,3.162275801822635,0.3,74.70600213833211,0.0,2000000.0,0.0,0.0,0.0,3.851398821285367,45.84058819044669,-0.0,8.0,0.0,0.0,7.991410613672504,340.0,6.521416544193169e+17,1.669583103614828,765.9608286427807,350.0,7.93666109041257,1.642428636390271e+21,0.0,0.33333333333333337,1.18946650816947e-05,74.70600213833211,bohm,0.18,1.0,0.05555555555555556,0.0,0,0,0,0,1.0430759438796842e+17,1.643913932310092,328.26892656119173,340.0,7.991410613672504,1.7023985722470126e+21,0.0,1.0,2.9512142647324584e-05,48.558901389915874,bohm,0.4814,1.0,0.06231823847112588,0.0,0,0,0,0,1.2678516207366603e+20,0.0,0.0,0.04764657411764678,6.175313717813111,0.0,9.32930256842607e-05,1.2678516207366603e+20,0.0,0.0,1.0,1.0,0.0,1.0,0,0,0.0,0.0,0.0,0.0,0.0,0.0,0.0,0.0,0.0,1.0,0.0,1.0,0,0,0.0,0.0,0.0,0.0,0.0,0.0,0.0,0.0,0.0,1.0,0.0,1.0,0,0,0.0,0.0,0.0,0.0,0.0,0.0,0.0,0.0,0.0,0.0,0.0,0.0
0.001068421052631579,production,0.0,22.872244147906585,1094.2190294636684,2.412638898481618e+17,1.6612754520589503,1094.2190294636684,13560000.0,1500.0,0.7294793529757789,3.9859775665967403,66.04189961218137,16.568557777551284,3.1622758015798236,0.3,74.70614871184696,0.0,2000000.0,0.0,0.0,0.0,3.8514169107924094,45.840825342205505,-0.0,8.0,0.0,0.0,7.991281243551752,340.0,6.521357157212599e+17,1.669604969079119,765.9533206245678,350.0,7.935718282213134,1.6422335297619627e+21,0.0,0.33333333333333337,1.1894797129693546e-05,74.70614871184696,bohm,0.18,1.0,0.05555555555555556,0.0,0,0,0,0,1.043066145571291e+17,1.6439164521315928,328.2657088391005,340.0,7.991281243551752,1.7023710127184753e+21,0.0,1.0,2.9512303880400936e-05,48.55899666270053,bohm,0.4814,1.0,0.06231823847112588,0.0,0,0,0,0,1.2678406826439773e+20,0.0,0.0,0.04764606099250172,6.175301329831314,0.0,9.329353127008602e-05,1.2678406826439773e+20,0.0,0.0,1.0,1.0,0.0,1.0,0,0,0.0,0.0,0.0,0.0,0.0,0.0,0.0,0.0,0.0,1.0,0.0,1.0,0,0,0.0,0.0,0.0,0.0,0.0,0.0,0.0,0.0,0.0,1.0,0.0,1.0,0,0,0.0,0.0,0.0,0.0,0.0,0.0,0.0,0.0,0.0,0.0,0.0,0.0
0.001081578947368421,production,0.0,22.872068930918132,1094.2083018929466,2.41261669489732e+17,1.6612910495560518,1094.2083018929468,13560000.0,1500.0,0.7294722012619645,3.9859843353636326,66.0416319526564,16.568462491619794,3.1622758013368855,0.3,74.70629531875375,0.0,2000000.0,0.0,0.0,0.0,3.8514350061136624,45.84106256734849,-0.0,8.0,0.0,0.0,7.99115186416691,340.0,6.521297746834122e+17,1.6696268391398315,765.9458113250627,350.0,7.934775513569121,1.642038431319333e+21,0.0,0.33333333333333337,1.1894929216343676e-05,74.70629531875375,bohm,0.18,1.0,0.05555555555555556,0.0,0,0,0,0,1.0430563442517192e+17,1.6439189724129641,328.262490567884,340.0,7.99115186416691,1.7023434512164226e+21,0.0,1.0,2.9512465162353e-05,48.559091957189935,bohm,0.4814,1.0,0.06231823847112588,0.0,0,0,0,0,1.2678297410495536e+20,0.0,0.0,0.047645547882268574,6.175288942203805,0.0,9.32940370096353e-05,1.2678297410495536e+20,0.0,0.0,1.0,1.0,0.0,1.0,0,0,0.0,0.0,0.0,0.0,0.0,0.0,0.0,0.0,0.0,1.0,0.0,1.0,0,0,0.0,0.0,0.0,0.0,0.0,0.0,0.0,0.0,0.0,1.0,0.0,1.0,0,0,0.0,0.0,0.0,0.0,0.0,0.0,0.0,0.0,0.0,0.0,0.0,0.0
0.0010947368421052631,production,0.0,22.87189368403443,1094.1975724919039,2.412594483509368e+17,1.6613066502852811,1094.1975724919039,13560000.0,1500.0,0.7294650483279359,3.9859911068503027,66.04136425824287,16.56836718595396,3.1622758010938203,0.3,74.7064419589556,0.0,2000000.0,0.0,0.0,0.0,3.851453106708764,45.841299859053976,-0.0,8.0,0.0,0.0,7.991022475518935,340.0,6.521238313396133e+17,1.6696487137886218,765.9383007443327,350.0,7.933832784481112,1.6418433410625026e+21,0.0,0.33333333333333337,1.189506134130797e-05,74.7064419589556,bohm,0.18,1.0,0.05555555555555556,0.0,0,0,0,0,1.0430465402137795e+17,1.643921493109195,328.2592717475712,340.0,7.991022475518935,1.7023158877410584e+21,0.0,1.0,2.9512626488636255e-05,48.559187273321136,bohm,0.4814,1.0,0.06231823847112588,0.0,0,0,0,0,1.2678187962919282e+20,0.0,0.0,0.04764503477964903,6.175276554754382,0.0,9.32945428886157e-05,1.2678187962919282e+20,0.0,0.0,1.0,1.0,0.0,1.0,0,0,0.0,0.0,0.0,0.0,0.0,0.0,0.0,0.0,0.0,1.0,0.0,1.0,0,0,0.0,0.0,0.0,0.0,0.0,0.0,0.0,0.0,0.0,1.0,0.0,1.0,0,0,0.0,0.0,0.0,0.0,0.0,0.0,0.0,0.0,0.0,0.0,0.0,0.0
0.0011078947368421055,production,0.0,22.87171840725705,1094.1868412606357,2.4125722645493315e+17,1.6613222542304524,1094.1868412606357,13560000.0,1500.0,0.7294578941737572,3.9859978810281635,66.04109652870548,16.56827186061388,3.162275800850631,0.3,74.7065886323842,0.0,2000000.0,0.0,0.0,0.0,3.8514712121628785,45.84153721208502,-0.0,8.0,0.0,0.0,7.990893077608759,340.0,6.521178857150493e+17,1.669670593019614,765.930788882445,350.0,7.932890094949653,1.6416482589915844e+21,0.0,0.33333333333333337,1.1895193504337003e-05,74.7065886323842,bohm,0.18,1.0,0.05555555555555556,0.0,0,0,0,0,1.0430367336822776e+17,1.6439240141857265,328.2560523781907,340.0,7.990893077608759,1.7022883222925806e+21,0.0,1.0,2.9512787855761846e-05,48.55928261104973,bohm,0.4814,1.0,0.06231823847112588,0.0,0,0,0,0,1.267807848631014e+20,0.0,0.0,0.047644521679040715,6.175264167347796,0.0,9.329504889605464e-05,1.267807848631014e+20,0.0,0.0,1.0,1.0,0.0,1.0,0,0,0.0,0.0,0.0,0.0,0.0,0.0,0.0,0.0,0.0,1.0,0.0,1.0,0,0,0.0,0.0,0.0,0.0,0.0,0.0,0.0,0.0,0.0,1.0,0.0,1.0,0,0,0.0,0.0,0.0,0.0,0.0,0.0,0.0,0.0,0.0,0.0,0.0,0.0
0.0011210526315789475,production,0.0,22.871543100587562,1094.1761081992386,2.412550038193494e+17,1.66133786137945,1094.1761081992386,13560000.0,1500.0,0.7294507387994924,3.98600465787598,66.04082876386983,16.568176515644357,3.1622758006073166,0.3,74.70673533899264,0.0,2000000.0,0.0,0.0,0.0,3.8514893221575393,45.84177462242126,-0.0,8.0,0.0,0.0,7.990763670437285,340.0,6.521119378284543e+17,1.6696924768287702,765.9232757394669,350.0,7.931947444975262,1.6414531851066857e+21,0.0,0.33333333333333337,1.1895325705246724e-05,74.70673533899264,bohm,0.18,1.0,0.05555555555555556,0.0,0,0,0,0,1.0430269248298114e+17,1.6439265356160342,328.2528324597716,340.0,7.990763670437285,1.702260754871182e+21,0.0,1.0,2.951294926105148e-05,48.55937797034522,bohm,0.4814,1.0,0.06231823847112588,0.0,0,0,0,0,1.2677968982663632e+20,0.0,0.0,0.04764400857614331,6.175251779880229,0.0,9.329555502352861e-05,1.2677968982663632e+20,0.0,0.0,1.0,1.0,0.0,1.0,0,0,0.0,0.0,0.0,0.0,0.0,0.0,0.0,0.0,0.0,1.0,0.0,1.0,0,0,0.0,0.0,0.0,0.0,0.0,0.0,0.0,0.0,0.0,1.0,0.0,1.0,0,0,0.0,0.0,0.0,0.0,0.0,0.0,0.0,0.0,0.0,0.0,0.0,0.0
0.0011342105263157896,production,0.0,22.87136776402753,1094.165373307808,2.412527804576052e+17,1.6613534717232576,1094.165373307808,13560000.0,1500.0,0.7294435822052053,3.9860114373779947,66.04056096360695,16.56808115107882,3.1622758003638785,0.3,74.70688207874996,0.0,2000000.0,0.0,0.0,0.0,3.851507436448256,45.84201208697627,-0.0,8.0,0.0,0.0,7.990634254005398,340.0,6.521059876937504e+17,1.6697143652134245,765.9157613154656,350.0,7.9310048345584345,1.6412581194079087e+21,0.0,0.33333333333333337,1.1895457943901848e-05,74.70688207874996,bohm,0.18,1.0,0.05555555555555556,0.0,0,0,0,0,1.0430171137889018e+17,1.643929057379751,328.2496119923424,340.0,7.990634254005398,1.7022331854770513e+21,0.0,1.0,2.9513110702448988e-05,48.55947335118747,bohm,0.4814,1.0,0.06231823847112588,0.0,0,0,0,0,1.2677859453511918e+20,0.0,0.0,0.04764349546765577,6.175239392271977,0.0,9.329606126457086e-05,1.2677859453511918e+20,0.0,0.0,1.0,1.0,0.0,1.0,0,0,0.0,0.0,0.0,0.0,0.0,0.0,0.0,0.0,0.0,1.0,0.0,1.0,0,0,0.0,0.0,0.0,0.0,0.0,0.0,0.0,0.0,0.0,1.0,0.0,1.0,0,0,0.0,0.0,0.0,0.0,0.0,0.0,0.0,0.0,0.0,0.0,0.0,0.0
0.0011473684210526317,production,0.0,22.87119239757852,1094.1546365864397,2.4125055637991568e+17,1.6613690852552188,1094.15463658644,13560000.0,1500.0,0.7294364243909599,3.986018219522541,66.0402931278217,16.567985766942186,3.1622758001203173,0.3,74.707028851637,0.0,2000000.0,0.0,0.0,0.0,3.851525554847335,45.84224960338062,-0.0,8.0,0.0,0.0,7.990504828313974,340.0,6.521000353212727e+17,1.669736258171936,765.9082456105078,350.0,7.930062263699647,1.6410630618953524e+21,0.0,0.33333333333333337,1.1895590220203441e-05,74.707028851637,bohm,0.18,1.0,0.05555555555555556,0.0,0,0,0,0,1.0430073006613006e+17,1.6439315794612472,328.24639097593194,340.0,7.990504828313974,1.7022056141103746e+21,0.0,1.0,2.9513272178375934e-05,48.55956875356406,bohm,0.4814,1.0,0.06231823847112588,0.0,0,0,0,0,1.2677749900031417e+20,0.0,0.0,0.04764298235104455,6.175227004461883,0.0,9.32965676142171e-05,1.2677749900031417e+20,0.0,0.0,1.0,1.0,0.0,1.0,0,0,0.0,0.0,0.0,0.0,0.0,0.0,0.0,0.0,0.0,1.0,0.0,1.0,0,0,0.0,0.0,0.0,0.0,0.0,0.0,0.0,0.0,0.0,1.0,0.0,1.0,0,0,0.0,0.0,0.0,0.0,0.0,0.0,0.0,0.0,0.0,0.0,0.0,0.0
0.0011605263157894738,production,0.0,22.871017001242095,1094.1438980352302,2.4124833159405594e+17,1.6613847019704726,1094.1438980352302,13560000.0,1500.0,0.7294292653568202,3.9860250043009975,66.04002525644421,16.567890363253053,3.162275799876632,0.3,74.70717565764352,0.0,2000000.0,0.0,0.0,0.0,3.851543677210683,45.842487169815364,-0.0,8.0,0.0,0.0,7.990375393363877,340.0,6.520940807186816e+17,1.669758155703424,765.9007286246612,350.0,7.92911973239937,1.6408680125691137e+21,0.0,0.33333333333333337,1.1895722534079676e-05,74.70717565764352,bohm,0.18,1.0,0.05555555555555556,0.0,0,0,0,0,1.0429974855251408e+17,1.6439341018485232,328.24316941056907,340.0,7.990375393363877,1.7021780407713362e+21,0.0,1.0,2.9513433687620548e-05,48.559664177468285,bohm,0.4814,1.0,0.06231823847112588,0.0,0,0,0,0,1.2677640323125468e+20,0.0,0.0,0.04764246922436504,6.175214616402998,0.0,9.329707406865622e-05,1.2677640323125468e+20,0.0,0.0,1.0,1.0,0.0,1.0,0,0,0.0,0.0,0.0,0.0,0.0,0.0,0.0,0.0,0.0,1.0,0.0,1.0,0,0,0.0,0.0,0.0,0.0,0.0,0.0,0.0,0.0,0.0,1.0,0.0,1.0,0,0,0.0,0.0,0.0,0.0,0.0,0.0,0.0,0.0,0.0,0.0,0.0,0.0
0.001173684210526316,production,0.0,22.870841575019828,1094.1331576542752,2.412461061059422e+17,1.6614003218655298,1094.1331576542752,13560000.0,1500.0,0.7294221051028501,3.9860317917070134,66.03975734942341,16.567794940025294,3.162275799632825,0.3,74.70732249676588,0.0,2000000.0,0.0,0.0,0.0,3.8515618034276797,45.842724784884105,-0.0,8.0,0.0,0.0,7.990245949155958,340.0,6.520881238916424e+17,1.66978005780758,765.8932103579926,350.0,7.92817724065806,1.6406729714292876e+21,0.0,0.33333333333333337,1.1895854885478951e-05,74.70732249676588,bohm,0.18,1.0,0.05555555555555556,0.0,0,0,0,0,1.0429876684404214e+17,1.6439366245323686,328.23994729628254,340.0,7.990245949155958,1.702150465460118e+21,0.0,1.0,2.9513595229252612e-05,48.55975962289783,bohm,0.4814,1.0,0.06231823847112588,0.0,0,0,0,0,1.2677530723487762e+20,0.0,0.0,0.0476419560861249,6.175202228059289,0.0,9.329758062496262e-05,1.2677530723487762e+20,0.0,0.0,1.0,1.0,0.0,1.0,0,0,0.0,0.0,0.0,0.0,0.0,0.0,0.0,0.0,0.0,1.0,0.0,1.0,0,0,0.0,0.0,0.0,0.0,0.0,0.0,0.0,0.0,0.0,1.0,0.0,1.0,0,0,0.0,0.0,0.0,0.0,0.0,0.0,0.0,0.0,0.0,0.0,0.0,0.0
0.001186842105263158,production,0.0,22.870666118913277,1094.1224154436702,2.41243879920075e+17,1.6614159449379422,1094.1224154436702,13560000.0,1500.0,0.7294149436291135,3.986038581735936,66.03948940672227,16.567699497269242,3.1622757993888944,0.3,74.70746936900534,0.0,2000000.0,0.0,0.0,0.0,3.851579933413401,45.84296244751487,-0.0,8.0,0.0,0.0,7.990116495691074,340.0,6.520821648443334e+17,1.6698019644845181,765.8856908105691,350.0,7.927234788476169,1.640477938475967e+21,0.0,0.33333333333333337,1.1895987274364724e-05,74.70746936900534,bohm,0.18,1.0,0.05555555555555556,0.0,0,0,0,0,1.042977849453222e+17,1.6439391475057146,328.23672463310106,340.0,7.990116495691074,1.7021228881769018e+21,0.0,1.0,2.9513756802558013e-05,48.55985508985347,bohm,0.4814,1.0,0.06231823847112588,0.0,0,0,0,0,1.2677421101651049e+20,0.0,0.0,0.04764144293517891,6.175189839403112,0.0,9.329808728089033e-05,1.2677421101651049e+20,0.0,0.0,1.0,1.0,0.0,1.0,0,0,0.0,0.0,0.0,0.0,0.0,0.0,0.0,0.0,0.0,1.0,0.0,1.0,0,0,0.0,0.0,0.0,0.0,0.0,0.0,0.0,0.0,0.0,1.0,0.0,1.0,0,0,0.0,0.0,0.0,0.0,0.0,0.0,0.0,0.0,0.0,0.0,0.0,0.0
0.0012000000000000001,production,0.0,22.870490632924025,1094.1116714035118,2.412416530398761e+17,1.6614315711860559,1094.1116714035118,13560000.0,1500.0,0.7294077809356745,3.986045374384374,66.03922142831428,16.567604034992634,3.162275799144841,0.3,74.70761627436687,0.0,2000000.0,0.0,0.0,0.0,3.85159806710265,45.84320015688473,-0.0,8.0,0.0,0.0,7.989987032970068,340.0,6.520762035798237e+17,1.6698238757346693,765.8781699824582,350.0,7.926292375854139,1.6402829137092438e+21,0.0,0.33333333333333337,1.1896119700711714e-05,74.70761627436687,bohm,0.18,1.0,0.05555555555555556,0.0,0,0,0,0,1.0429680285989354e+17,1.6439416707631356,328.2335014210535,340.0,7.989987032970068,1.702095308921867e+21,0.0,1.0,2.9513918406988555e-05,48.559950578338466,bohm,0.4814,1.0,0.06231823847112588,0.0,0,0,0,0,1.267731145802452e+20,0.0,0.0,0.04764092977064833,6.175177450413248,0.0,9.32985940347152e-05,1.267731145802452e+20,0.0,0.0,1.0,1.0,0.0,1.0,0,0,0.0,0.0,0.0,0.0,0.0,0.0,0.0,0.0,0.0,1.0,0.0,1.0,0,0,0.0,0.0,0.0,0.0,0.0,0.0,0.0,0.0,0.0,1.0,0.0,1.0,0,0,0.0,0.0,0.0,0.0,0.0,0.0,0.0,0.0,0.0,0.0,0.0,0.0
0.0012131578947368422,production,0.0,22.870315117053636,1094.1009255338963,2.4123942546794528e+17,1.6614472006088241,1094.1009255338963,13560000.0,1500.0,0.7294006170225975,3.986052169649877,66.03895341418068,16.567508553201236,3.1622757989006653,0.3,74.70776321285817,0.0,2000000.0,0.0,0.0,0.0,3.851616204445376,45.84343791236188,-0.0,8.0,0.0,0.0,7.989857560993781,340.0,6.52070240100356e+17,1.6698457915587013,765.8706478737274,350.0,7.925350002792414,1.64008789712921e+21,0.0,0.33333333333333337,1.1896252164503004e-05,74.70776321285817,bohm,0.18,1.0,0.05555555555555556,0.0,0,0,0,0,1.0429582059047506e+17,1.6439441943004676,328.2302776601689,340.0,7.989857560993781,1.7020677276951936e+21,0.0,1.0,2.951408004212342e-05,48.56004608835781,bohm,0.4814,1.0,0.06231823847112588,0.0,0,0,0,0,1.2677201792922522e+20,0.0,0.0,0.04764041659185906,6.1751650610734234,0.0,9.329910088511377e-05,1.2677201792922522e+20,0.0,0.0,1.0,1.0,0.0,1.0,0,0,0.0,0.0,0.0,0.0,0.0,0.0,0.0,0.0,0.0,1.0,0.0,1.0,0,0,0.0,0.0,0.0,0.0,0.0,0.0,0.0,0.0,0.0,1.0,0.0,1.0,0,0,0.0,0.0,0.0,0.0,0.0,0.0,0.0,0.0,0.0,0.0,0.0,0.0
0.0012263157894736843,production,0.0,22.87013957130369,1094.0901778349198,2.412371972062559e+17,1.6614628332056622,1094.0901778349198,13560000.0,1500.0,0.7293934518899465,3.9860589675307,66.03868536430855,16.567413051899347,3.162275798656367,0.3,74.707910184489,0.0,2000000.0,0.0,0.0,0.0,3.85163434540315,45.84367571346141,-0.0,8.0,0.0,0.0,7.989728079763052,340.0,6.520642744075558e+17,1.669867711957459,765.8631244844438,350.0,7.924407669291434,1.6398928887359566e+21,0.0,0.33333333333333337,1.1896384665727942e-05,74.707910184489,bohm,0.18,1.0,0.05555555555555556,0.0,0,0,0,0,1.0429483813915594e+17,1.643946718114515,328.22705335047596,340.0,7.989728079763052,1.7020401444970596e+21,0.0,1.0,2.9514241707639556e-05,48.56014161991785,bohm,0.4814,1.0,0.06231823847112588,0.0,0,0,0,0,1.2677092106586587e+20,0.0,0.0,0.047639903398293985,6.175152671371156,0.0,9.329960783106996e-05,1.2677092106586587e+20,0.0,0.0,1.0,1.0,0.0,1.0,0,0,0.0,0.0,0.0,0.0,0.0,0.0,0.0,0.0,0.0,1.0,0.0,1.0,0,0,0.0,0.0,0.0,0.0,0.0,0.0,0.0,0.0,0.0,1.0,0.0,1.0,0,0,0.0,0.0,0.0,0.0,0.0,0.0,0.0,0.0,0.0,0.0,0.0,0.0
0.0012394736842105264,production,0.0,22.86996399567576,1094.0794283066793,2.4123496825630374e+17,1.6614784689763362,1094.0794283066793,13560000.0,1500.0,0.7293862855377862,3.986065768025618,66.03841727868932,16.567317531090193,3.1622757984119456,0.3,74.7080571892706,0.0,2000000.0,0.0,0.0,0.0,3.851652489946473,45.843913559810986,-0.0,8.0,0.0,0.0,7.989598589278721,340.0,6.520583065025896e+17,1.6698896369319183,765.8555998146755,350.0,7.923465375351639,1.6396978885295743e+21,0.0,0.33333333333333337,1.1896517204380533e-05,74.7080571892706,bohm,0.18,1.0,0.05555555555555556,0.0,0,0,0,0,1.0429385550754182e+17,1.6439492422028277,328.2238284920038,340.0,7.989598589278721,1.7020125593276444e+21,0.0,1.0,2.951440340328901e-05,48.5602371730259,bohm,0.4814,1.0,0.06231823847112588,0.0,0,0,0,0,1.2676982399202355e+20,0.0,0.0,0.047639390189556666,6.175140281296869,0.0,9.330011487180393e-05,1.2676982399202355e+20,0.0,0.0,1.0,1.0,0.0,1.0,0,0,0.0,0.0,0.0,0.0,0.0,0.0,0.0,0.0,0.0,1.0,0.0,1.0,0,0,0.0,0.0,0.0,0.0,0.0,0.0,0.0,0.0,0.0,1.0,0.0,1.0,0,0,0.0,0.0,0.0,0.0,0.0,0.0,0.0,0.0,0.0,0.0,0.0,0.0
0.0012526315789473685,production,0.0,22.86978839017143,1094.0686769492713,2.4123273861922035e+17,1.6614941079208825,1094.0686769492713,13560000.0,1500.0,0.7293791179661808,3.986072571133802,66.03814915731769,16.567221990776183,3.1622757981674017,0.3,74.70820422721546,0.0,2000000.0,0.0,0.0,0.0,3.851670638052697,45.844151451124866,-0.0,8.0,0.0,0.0,7.9894690895416165,340.0,6.5205233638628e+17,1.6699115664831534,765.8480738644898,350.0,7.922523120973462,1.639502896510153e+21,0.0,0.33333333333333337,1.189664978045826e-05,74.70820422721546,bohm,0.18,1.0,0.05555555555555556,0.0,0,0,0,0,1.0429287269686717e+17,1.643951766563525,328.2206030847814,340.0,7.9894690895416165,1.7019849721871246e+21,0.0,1.0,2.951456512888144e-05,48.560332747690055,bohm,0.4814,1.0,0.06231823847112588,0.0,0,0,0,0,1.267687267091254e+20,0.0,0.0,0.0476388769653431,6.175127890843229,0.0,9.330062200671702e-05,1.267687267091254e+20,0.0,0.0,1.0,1.0,0.0,1.0,0,0,0.0,0.0,0.0,0.0,0.0,0.0,0.0,0.0,0.0,1.0,0.0,1.0,0,0,0.0,0.0,0.0,0.0,0.0,0.0,0.0,0.0,0.0,1.0,0.0,1.0,0,0,0.0,0.0,0.0,0.0,0.0,0.0,0.0,0.0,0.0,0.0,0.0,0.0
0.0012657894736842106,production,0.0,22.869612754792282,1094.0579237627926,2.412305082958599e+17,1.6615097500395406,1094.0579237627928,13560000.0,1500.0,0.7293719491751952,3.9860793768547085,66.03788100019071,16.56712643095912,3.162275797922735,0.3,74.70835129833682,0.0,2000000.0,0.0,0.0,0.0,3.851688789704432,45.84438938718367,-0.0,8.0,0.0,0.0,7.98933958055258,340.0,6.520463640591949e+17,1.6699335006123124,765.8405466339549,350.0,7.921580906157338,1.6393079126777827e+21,0.0,0.33333333333333337,1.1896782393961202e-05,74.70835129833682,bohm,0.18,1.0,0.05555555555555556,0.0,0,0,0,0,1.0429188970808157e+17,1.6439542911951643,328.2173771288378,340.0,7.98933958055258,1.701957383075679e+21,0.0,1.0,2.951472688427075e-05,48.560428343918936,bohm,0.4814,1.0,0.06231823847112588,0.0,0,0,0,0,1.267676292182692e+20,0.0,0.0,0.047638363725420456,6.17511550000461,0.0,9.330112923534974e-05,1.267676292182692e+20,0.0,0.0,1.0,1.0,0.0,1.0,0,0,0.0,0.0,0.0,0.0,0.0,0.0,0.0,0.0,0.0,1.0,0.0,1.0,0,0,0.0,0.0,0.0,0.0,0.0,0.0,0.0,0.0,0.0,1.0,0.0,1.0,0,0,0.0,0.0,0.0,0.0,0.0,0.0,0.0,0.0,0.0,0.0,0.0,0.0
0.0012789473684210527,production,0.0,22.869437089539904,1094.047168747341,2.412282772868648e+17,1.6615253953327083,1094.047168747341,13560000.0,1500.0,0.729364779164894,3.9860861851880145,66.0376128073073,16.567030851640368,3.162275797677946,0.3,74.7084984026486,0.0,2000000.0,0.0,0.0,0.0,3.8517069448883285,45.84462736781898,-0.0,8.0,0.0,0.0,7.989210062312441,340.0,6.520403895217116e+17,1.669955439320598,765.8330181231386,350.0,7.920638730903706,1.6391129370325539e+21,0.0,0.33333333333333337,1.1896915044891368e-05,74.7084984026486,bohm,0.18,1.0,0.05555555555555556,0.0,0,0,0,0,1.0429090654191586e+17,1.6439568160966407,328.21415062420226,340.0,7.989210062312441,1.7019297919934841e+21,0.0,1.0,2.9514888669344806e-05,48.56052396172159,bohm,0.4814,1.0,0.06231823847112588,0.0,0,0,0,0,1.2676653152029991e+20,0.0,0.0,0.04763785046961036,6.175103108776703,0.0,9.330163655734933e-05,1.2676653152029991e+20,0.0,0.0,1.0,1.0,0.0,1.0,0,0,0.0,0.0,0.0,0.0,0.0,0.0,0.0,0.0,0.0,1.0,0.0,1.0,0,0,0.0,0.0,0.0,0.0,0.0,0.0,0.0,0.0,0.0,1.0,0.0,1.0,0,0,0.0,0.0,0.0,0.0,0.0,0.0,0.0,0.0,0.0,0.0,0.0,0.0
0.001292105263157895,production,0.0,22.869261394415872,1094.0364119030128,2.41226045592716e+17,1.661541043800901,1094.0364119030128,13560000.0,1500.0,0.7293576079353419,3.9860929961335585,66.03734457866767,16.566935252820933,3.1622757974330336,0.3,74.70864554016522,0.0,2000000.0,0.0,0.0,0.0,3.8517251035941378,45.84486539290156,-0.0,8.0,0.0,0.0,7.989080534822032,340.0,6.520344127740652e+17,1.6699773826092543,765.8254883321089,350.0,7.91969659521299,1.638917969574555e+21,0.0,0.33333333333333337,1.189704773325221e-05,74.70864554016522,bohm,0.18,1.0,0.05555555555555556,0.0,0,0,0,0,1.0428992319893294e+17,1.6439593412671076,328.21092357090384,340.0,7.989080534822032,1.701902198940718e+21,0.0,1.0,2.9515050484017555e-05,48.5606196011074,bohm,0.4814,1.0,0.06231823847112588,0.0,0,0,0,0,1.2676543361586826e+20,0.0,0.0,0.04763733719777639,6.1750907171562215,0.0,9.330214397244522e-05,1.2676543361586826e+20,0.0,0.0,1.0,1.0,0.0,1.0,0,0,0.0,0.0,0.0,0.0,0.0,0.0,0.0,0.0,0.0,1.0,0.0,1.0,0,0,0.0,0.0,0.0,0.0,0.0,0.0,0.0,0.0,0.0,1.0,0.0,1.0,0,0,0.0,0.0,0.0,0.0,0.0,0.0,0.0,0.0,0.0,0.0,0.0,0.0
0.001305263157894737,production,0.0,22.869085669421796,1094.025653229906,2.4122381321377114e+17,1.6615566954447267,1094.025653229906,13560000.0,1500.0,0.729350435486604,3.9860998096912996,66.0370763142731,16.566839634501598,3.162275797187999,0.3,74.70879271090142,0.0,2000000.0,0.0,0.0,0.0,3.851743265813987,45.84510346233219,-0.0,8.0,0.0,0.0,7.988950998082186,340.0,6.520284338163839e+17,1.6699993304795557,765.8179572609342,350.0,7.918754499085627,1.6387230103038761e+21,0.0,0.33333333333333337,1.189718045904826e-05,74.70879271090142,bohm,0.18,1.0,0.05555555555555556,0.0,0,0,0,0,1.0428893967956688e+17,1.6439618667059153,328.2076959689718,340.0,7.988950998082186,1.7018746039175576e+21,0.0,1.0,2.9515212328222947e-05,48.56071526208593,bohm,0.4814,1.0,0.06231823847112588,0.0,0,0,0,0,1.26764335505476e+20,0.0,0.0,0.04763682390981421,6.175078325140641,0.0,9.33026514804296e-05,1.26764335505476e+20,0.0,0.0,1.0,1.0,0.0,1.0,0,0,0.0,0.0,0.0,0.0,0.0,0.0,0.0,0.0,0.0,1.0,0.0,1.0,0,0,0.0,0.0,0.0,0.0,0.0,0.0,0.0,0.0,0.0,1.0,0.0,1.0,0,0,0.0,0.0,0.0,0.0,0.0,0.0,0.0,0.0,0.0,0.0,0.0,0.0
0.0013184210526315792,production,0.0,22.868909914559268,1094.0148927281184,2.4122158015029408e+17,1.6615723502648618,1094.0148927281184,13560000.0,1500.0,0.7293432618187456,3.9861066258612867,66.03680801412555,16.566743996682938,3.162275796942841,0.3,74.70893991487222,0.0,2000000.0,0.0,0.0,0.0,3.8517614315418354,45.845341576034734,-0.0,8.0,0.0,0.0,7.988821452093731,340.0,6.520224526487183e+17,1.6700212829327998,765.8104249096829,350.0,7.917812442522053,1.6385280592206074e+21,0.0,0.33333333333333337,1.1897313222284852e-05,74.70893991487222,bohm,0.18,1.0,0.05555555555555556,0.0,0,0,0,0,1.042879559841527e+17,1.6439643924125678,328.2044678184355,340.0,7.988821452093731,1.7018470069241798e+21,0.0,1.0,2.951537420191031e-05,48.56081094466694,bohm,0.4814,1.0,0.06231823847112588,0.0,0,0,0,0,1.2676323718951045e+20,0.0,0.0,0.047636310605644196,6.175065932728037,0.0,9.330315908114311e-05,1.2676323718951045e+20,0.0,0.0,1.0,1.0,0.0,1.0,0,0,0.0,0.0,0.0,0.0,0.0,0.0,0.0,0.0,0.0,1.0,0.0,1.0,0,0,0.0,0.0,0.0,0.0,0.0,0.0,0.0,0.0,0.0,1.0,0.0,1.0,0,0,0.0,0.0,0.0,0.0,0.0,0.0,0.0,0.0,0.0,0.0,0.0,0.0
0.0013315789473684213,production,0.0,22.868734129829875,1094.0041303977473,2.412193464024771e+17,1.6615880082620371,1094.0041303977473,13560000.0,1500.0,0.7293360869318315,3.9861134446436357,66.03653967822761,16.566648339365408,3.162275796697561,0.3,74.70908715209285,0.0,2000000.0,0.0,0.0,0.0,3.8517796007730394,45.84557973395073,-0.0,8.0,0.0,0.0,7.988691896857503,340.0,6.520164692710597e+17,1.6700432399703022,765.8028912784231,350.0,7.9168704255226965,1.6383331163248373e+21,0.0,0.33333333333333337,1.1897446022967918e-05,74.70908715209285,bohm,0.18,1.0,0.05555555555555556,0.0,0,0,0,0,1.0428697211294957e+17,1.6439669183866852,328.20123911932416,340.0,7.988691896857503,1.7018194079607622e+21,0.0,1.0,2.9515536105040756e-05,48.56090664886035,bohm,0.4814,1.0,0.06231823847112588,0.0,0,0,0,0,1.2676213866827114e+20,0.0,0.0,0.047635797285205644,6.175053539916947,0.0,9.330366677446337e-05,1.2676213866827114e+20,0.0,0.0,1.0,1.0,0.0,1.0,0,0,0.0,0.0,0.0,0.0,0.0,0.0,0.0,0.0,0.0,1.0,0.0,1.0,0,0,0.0,0.0,0.0,0.0,0.0,0.0,0.0,0.0,0.0,1.0,0.0,1.0,0,0,0.0,0.0,0.0,0.0,0.0,0.0,0.0,0.0,0.0,0.0,0.0,0.0
0.0013447368421052634,production,0.0,22.86855831523522,1093.993366238891,2.412171119704574e+17,1.6616036694370224,1093.993366238891,13560000.0,1500.0,0.7293289108259273,3.9861202660385135,66.03627130658224,16.566552662549345,3.162275796452157,0.3,74.70923442257869,0.0,2000000.0,0.0,0.0,0.0,3.851797773504036,45.845817936035345,-0.0,8.0,0.0,0.0,7.98856233237433,340.0,6.520104836833549e+17,1.6700652015933912,765.7953563672237,350.0,7.915928448087989,1.6381381816166557e+21,0.0,0.33333333333333337,1.189757886110384e-05,74.70923442257869,bohm,0.18,1.0,0.05555555555555556,0.0,0,0,0,0,1.0428598806615826e+17,1.6439694446279773,328.1980098716673,340.0,7.98856233237433,1.7017918070274811e+21,0.0,1.0,2.9515698037584462e-05,48.56100237467615,bohm,0.4814,1.0,0.06231823847112588,0.0,0,0,0,0,1.2676103994199015e+20,0.0,0.0,0.047635283948452414,6.1750411467062545,0.0,9.330417456029662e-05,1.2676103994199015e+20,0.0,0.0,1.0,1.0,0.0,1.0,0,0,0.0,0.0,0.0,0.0,0.0,0.0,0.0,0.0,0.0,1.0,0.0,1.0,0,0,0.0,0.0,0.0,0.0,0.0,0.0,0.0,0.0,0.0,1.0,0.0,1.0,0,0,0.0,0.0,0.0,0.0,0.0,0.0,0.0,0.0,0.0,0.0,0.0,0.0
0.0013578947368421055,production,0.0,22.868382470776908,1093.9826002516475,2.4121487685433075e+17,1.6616193337906207,1093.9826002516475,13560000.0,1500.0,0.7293217335010983,3.986127090046123,66.03600289919274,16.566456966235023,3.1622757962066306,0.3,74.70938172634524,0.0,2000000.0,0.0,0.0,0.0,3.8518159497320865,45.846056182254166,-0.0,8.0,0.0,0.0,7.988432758645039,340.0,6.520044958855187e+17,1.6700871678034044,765.7878201761532,350.0,7.914986510218363,1.6379432550961515e+21,0.0,0.33333333333333337,1.1897711736699333e-05,74.70938172634524,bohm,0.18,1.0,0.05555555555555556,0.0,0,0,0,0,1.0428500384393478e+17,1.643971971136224,328.19478007549424,340.0,7.988432758645039,1.7017642041245135e+21,0.0,1.0,2.9515859999518564e-05,48.561098122124406,bohm,0.4814,1.0,0.06231823847112588,0.0,0,0,0,0,1.2675994101084783e+20,0.0,0.0,0.047634770595349506,6.1750287530951145,0.0,9.330468243857088e-05,1.2675994101084783e+20,0.0,0.0,1.0,1.0,0.0,1.0,0,0,0.0,0.0,0.0,0.0,0.0,0.0,0.0,0.0,0.0,1.0,0.0,1.0,0,0,0.0,0.0,0.0,0.0,0.0,0.0,0.0,0.0,0.0,1.0,0.0,1.0,0,0,0.0,0.0,0.0,0.0,0.0,0.0,0.0,0.0,0.0,0.0,0.0,0.0
0.0013710526315789476,production,0.0,22.86820659645655,1093.9718324361152,2.412126410541609e+17,1.6616350013236572,1093.9718324361152,13560000.0,1500.0,0.7293145549574102,3.9861339166666965,66.03573445606261,16.566361250422645,3.1622757959609813,0.3,74.7095290634081,0.0,2000000.0,0.0,0.0,0.0,3.8518341294550873,45.84629447258076,-0.0,8.0,0.0,0.0,7.988303175670467,340.0,6.519985058774409e+17,1.6701091386016877,765.7802827052806,350.0,7.914044611914248,1.637748336763414e+21,0.0,0.33333333333333337,1.1897844649761363e-05,74.7095290634081,bohm,0.18,1.0,0.05555555555555556,0.0,0,0,0,0,1.0428401944640088e+17,1.6439744979112567,328.19154973083454,340.0,7.988303175670467,1.7017365992520367e+21,0.0,1.0,2.951602199082551e-05,48.56119389121527,bohm,0.4814,1.0,0.06231823847112588,0.0,0,0,0,0,1.2675884187498483e+20,0.0,0.0,0.04763425722587053,6.175016359082892,0.0,9.330519040923096e-05,1.2675884187498483e+20,0.0,0.0,1.0,1.0,0.0,1.0,0,0,0.0,0.0,0.0,0.0,0.0,0.0,0.0,0.0,0.0,1.0,0.0,1.0,0,0,0.0,0.0,0.0,0.0,0.0,0.0,0.0,0.0,0.0,1.0,0.0,1.0,0,0,0.0,0.0,0.0,0.0,0.0,0.0,0.0,0.0,0.0,0.0,0.0,0.0
0.0013842105263157896,production,0.0,22.868030692275745,1093.9610627923926,2.412104045699872e+17,1.6616506720369761,1093.9610627923926,13560000.0,1500.0,0.7293073751949284,3.986140745900486,66.03546597719559,16.566265515112384,3.162275795715209,0.3,74.70967643378287,0.0,2000000.0,0.0,0.0,0.0,3.851852312671422,45.84653280699489,-0.0,8.0,0.0,0.0,7.988173583451441,340.0,6.519925136589934e+17,1.6701311139895918,765.7727439546748,350.0,7.913102753176079,1.637553426618533e+21,0.0,0.33333333333333337,1.189797760029708e-05,74.70967643378287,bohm,0.18,1.0,0.05555555555555556,0.0,0,0,0,0,1.0428303487365184e+17,1.6439770249529466,328.18831883771776,340.0,7.988173583451441,1.7017089924102276e+21,0.0,1.0,2.9516184011491845e-05,48.56128968195887,bohm,0.4814,1.0,0.06231823847112588,0.0,0,0,0,0,1.2675774253451121e+20,0.0,0.0,0.04763374383999561,6.1750039646690995,0.0,9.33056984722345e-05,1.2675774253451121e+20,0.0,0.0,1.0,1.0,0.0,1.0,0,0,0.0,0.0,0.0,0.0,0.0,0.0,0.0,0.0,0.0,1.0,0.0,1.0,0,0,0.0,0.0,0.0,0.0,0.0,0.0,0.0,0.0,0.0,1.0,0.0,1.0,0,0,0.0,0.0,0.0,0.0,0.0,0.0,0.0,0.0,0.0,0.0,0.0,0.0
0.0013973684210526317,production,0.0,22.86785475823612,1093.9502913205788,2.4120816740183075e+17,1.6616663459314356,1093.9502913205788,13560000.0,1500.0,0.7293001942137192,3.9861475777477597,66.03519746259552,16.566169760304387,3.1622757954693137,0.3,74.7098238374853,0.0,2000000.0,0.0,0.0,0.0,3.8518704993798485,45.84677118548102,-0.0,8.0,0.0,0.0,7.98804398198879,340.0,6.519865192300348e+17,1.6701530939684737,765.7652039244051,350.0,7.912160934004286,1.6373585246615977e+21,0.0,0.33333333333333337,1.1898110588313777e-05,74.7098238374853,bohm,0.18,1.0,0.05555555555555556,0.0,0,0,0,0,1.0428205012576275e+17,1.6439795522611995,328.1850873961736,340.0,7.98804398198879,1.7016813835992624e+21,0.0,1.0,2.9516346061507294e-05,48.561385494365446,bohm,0.4814,1.0,0.06231823847112588,0.0,0,0,0,0,1.2675664298951382e+20,0.0,0.0,0.04763323043770996,6.174991569853387,0.0,9.330620662754915e-05,1.2675664298951382e+20,0.0,0.0,1.0,1.0,0.0,1.0,0,0,0.0,0.0,0.0,0.0,0.0,0.0,0.0,0.0,0.0,1.0,0.0,1.0,0,0,0.0,0.0,0.0,0.0,0.0,0.0,0.0,0.0,0.0,1.0,0.0,1.0,0,0,0.0,0.0,0.0,0.0,0.0,0.0,0.0,0.0,0.0,0.0,0.0,0.0
0.0014105263157894738,production,0.0,22.867678794339277,1093.939518020772,2.4120592954969814e+17,1.6616820230079052,1093.939518020772,13560000.0,1500.0,0.7292930120138481,3.9861544122087964,66.03492891226631,16.566073985998756,3.162275795223295,0.3,74.70997127453114,0.0,2000000.0,0.0,0.0,0.0,3.8518886895794084,45.8470096080272,-0.0,8.0,0.0,0.0,7.987914371283348,340.0,6.51980522590413e+17,1.6701750785396925,765.7576626145404,350.0,7.9112191543993,1.637163630892697e+21,0.0,0.33333333333333337,1.1898243613818854e-05,74.70997127453114,bohm,0.18,1.0,0.05555555555555556,0.0,0,0,0,0,1.0428106520279315e+17,1.643982079835941,328.1818554062316,340.0,7.987914371283348,1.701653772819319e+21,0.0,1.0,2.9516508140863954e-05,48.56148132844525,bohm,0.4814,1.0,0.06231823847112588,0.0,0,0,0,0,1.2675554324006132e+20,0.0,0.0,0.04763271701900266,6.174979174635487,0.0,9.330671487515005e-05,1.2675554324006132e+20,0.0,0.0,1.0,1.0,0.0,1.0,0,0,0.0,0.0,0.0,0.0,0.0,0.0,0.0,0.0,0.0,1.0,0.0,1.0,0,0,0.0,0.0,0.0,0.0,0.0,0.0,0.0,0.0,0.0,1.0,0.0,1.0,0,0,0.0,0.0,0.0,0.0,0.0,0.0,0.0,0.0,0.0,0.0,0.0,0.0
0.001423684210526316,production,0.0,22.86750280058684,1093.928742893072,2.4120369101358528e+17,1.6616977032672617,1093.928742893072,13560000.0,1500.0,0.7292858285953814,3.9861612492838843,66.034660326212,16.5659781921956,3.162275794977153,0.3,74.71011874493617,0.0,2000000.0,0.0,0.0,0.0,3.851906883269368,45.84724807462431,-0.0,8.0,0.0,0.0,7.987784751335941,340.0,6.519745237399693e+17,1.670197067704609,765.7501200251504,350.0,7.910277414361553,1.6369687453119205e+21,0.0,0.33333333333333337,1.189837667681978e-05,74.71011874493617,bohm,0.18,1.0,0.05555555555555556,0.0,0,0,0,0,1.0428008010479064e+17,1.6439846076771183,328.1786228679216,340.0,7.987784751335941,1.701626160070573e+21,0.0,1.0,2.9516670249555797e-05,48.56157718420851,bohm,0.4814,1.0,0.06231823847112588,0.0,0,0,0,0,1.2675444328620876e+20,0.0,0.0,0.04763220358386579,6.174966779015209,0.0,9.330722321501824e-05,1.2675444328620876e+20,0.0,0.0,1.0,1.0,0.0,1.0,0,0,0.0,0.0,0.0,0.0,0.0,0.0,0.0,0.0,0.0,1.0,0.0,1.0,0,0,0.0,0.0,0.0,0.0,0.0,0.0,0.0,0.0,0.0,1.0,0.0,1.0,0,0,0.0,0.0,0.0,0.0,0.0,0.0,0.0,0.0,0.0,0.0,0.0,0.0
0.001436842105263158,production,0.0,22.867326776980434,1093.9179659375777,2.412014517934799e+17,1.6617133867103904,1093.9179659375777,13560000.0,1500.0,0.7292786439583852,3.986168088973317,66.03439170443664,16.565882378895004,3.162275794730888,0.3,74.71026624871617,0.0,2000000.0,0.0,0.0,0.0,3.85192508044916,45.84748658526537,-0.0,8.0,0.0,0.0,7.987655122147398,340.0,6.519685226785385e+17,1.6702190614645893,765.7425761563044,350.0,7.9093357138914735,1.636773867919357e+21,0.0,0.33333333333333337,1.1898509777324097e-05,74.71026624871617,bohm,0.18,1.0,0.05555555555555556,0.0,0,0,0,0,1.0427909483179368e+17,1.6439871357846916,328.1753897812733,340.0,7.987655122147398,1.7015985453532014e+21,0.0,1.0,2.951683238757822e-05,48.56167306166551,bohm,0.4814,1.0,0.06231823847112588,0.0,0,0,0,0,1.2675334312800058e+20,0.0,0.0,0.04763169013229365,6.1749543829924125,0.0,9.330773164713913e-05,1.2675334312800058e+20,0.0,0.0,1.0,1.0,0.0,1.0,0,0,0.0,0.0,0.0,0.0,0.0,0.0,0.0,0.0,0.0,1.0,0.0,1.0,0,0,0.0,0.0,0.0,0.0,0.0,0.0,0.0,0.0,0.0,1.0,0.0,1.0,0,0,0.0,0.0,0.0,0.0,0.0,0.0,0.0,0.0,0.0,0.0,0.0,0.0
0.0014500000000000001,production,0.0,22.867150723521675,1093.9071871543883,2.411992118893632e+17,1.661729073338178,1093.9071871543883,13560000.0,1500.0,0.7292714581029256,3.9861749312773944,66.03412304694439,16.565786546097048,3.1622757944844997,0.3,74.71041378588697,0.0,2000000.0,0.0,0.0,0.0,3.8519432811183454,45.847725139944956,-0.0,8.0,0.0,0.0,7.987525483718554,340.0,6.519625194059516e+17,1.670241059820997,765.7350310080718,350.0,7.908394052989495,1.6365789987150957e+21,0.0,0.33333333333333337,1.1898642915339378e-05,74.71041378588697,bohm,0.18,1.0,0.05555555555555556,0.0,0,0,0,0,1.0427810938383376e+17,1.6439896641586305,328.17215614631647,340.0,7.987525483718554,1.7015709286673817e+21,0.0,1.0,2.9516994554927668e-05,48.561768960826534,bohm,0.4814,1.0,0.06231823847112588,0.0,0,0,0,0,1.2675224276547304e+20,0.0,0.0,0.047631176664282335,6.1749419865670045,0.0,9.330824017150162e-05,1.2675224276547304e+20,0.0,0.0,1.0,1.0,0.0,1.0,0,0,0.0,0.0,0.0,0.0,0.0,0.0,0.0,0.0,0.0,1.0,0.0,1.0,0,0,0.0,0.0,0.0,0.0,0.0,0.0,0.0,0.0,0.0,1.0,0.0,1.0,0,0,0.0,0.0,0.0,0.0,0.0,0.0,0.0,0.0,0.0,0.0,0.0,0.0
0.0014631578947368422,production,0.0,22.8669746402122,1093.896406543604,2.4119697130121184e+17,1.661744763151518,1093.896406543604,13560000.0,1500.0,0.7292642710290693,3.9861817761964193,66.03385435373936,16.565690693801802,3.162275794237988,0.3,74.71056135646444,0.0,2000000.0,0.0,0.0,0.0,3.8519614852765875,45.847963738659,-0.0,8.0,0.0,0.0,7.987395836050235,340.0,6.519565139220366e+17,1.6702630627752004,765.7274845805227,350.0,7.907452431656045,1.636384137699226e+21,0.0,0.33333333333333337,1.1898776090873238e-05,74.71056135646444,bohm,0.18,1.0,0.05555555555555556,0.0,0,0,0,0,1.0427712376093693e+17,1.6439921927989158,328.1689219630812,340.0,7.987395836050235,1.7015433100132905e+21,0.0,1.0,2.9517156751601488e-05,48.56186488170189,bohm,0.4814,1.0,0.06231823847112588,0.0,0,0,0,0,1.2675114219865627e+20,0.0,0.0,0.047630663179829294,6.174929589738922,0.0,9.33087487880973e-05,1.2675114219865627e+20,0.0,0.0,1.0,1.0,0.0,1.0,0,0,0.0,0.0,0.0,0.0,0.0,0.0,0.0,0.0,0.0,1.0,0.0,1.0,0,0,0.0,0.0,0.0,0.0,0.0,0.0,0.0,0.0,0.0,1.0,0.0,1.0,0,0,0.0,0.0,0.0,0.0,0.0,0.0,0.0,0.0,0.0,0.0,0.0,0.0
0.0014763157894736843,production,0.0,22.866798527053625,1093.885624105324,2.411947300289986e+17,1.6617604561513073,1093.885624105324,13560000.0,1500.0,0.7292570827368827,3.986188623730697,66.03358562482576,16.565594822009338,3.162275793991353,0.3,74.71070896046442,0.0,2000000.0,0.0,0.0,0.0,3.8519796929236247,45.84820238140433,-0.0,8.0,0.0,0.0,7.987266179143271,340.0,6.519505062266191e+17,1.670285070328568,765.7199368737267,350.0,7.9065108498915615,1.6361892848718373e+21,0.0,0.33333333333333337,1.1898909303933316e-05,74.71070896046442,bohm,0.18,1.0,0.05555555555555556,0.0,0,0,0,0,1.042761379631251e+17,1.643994721705532,328.1656872315972,340.0,7.987266179143271,1.7015156893911042e+21,0.0,1.0,2.9517318977597616e-05,48.56196082430187,bohm,0.4814,1.0,0.06231823847112588,0.0,0,0,0,0,1.267500414275755e+20,0.0,0.0,0.04763014967893296,6.174917192508127,0.0,9.330925749691962e-05,1.267500414275755e+20,0.0,0.0,1.0,1.0,0.0,1.0,0,0,0.0,0.0,0.0,0.0,0.0,0.0,0.0,0.0,0.0,1.0,0.0,1.0,0,0,0.0,0.0,0.0,0.0,0.0,0.0,0.0,0.0,0.0,1.0,0.0,1.0,0,0,0.0,0.0,0.0,0.0,0.0,0.0,0.0,0.0,0.0,0.0,0.0,0.0
0.0014894736842105264,production,0.0,22.86662238404759,1093.8748398396485,2.411924880726936e+17,1.6617761523384431,1093.8748398396485,13560000.0,1500.0,0.7292498932264324,3.9861954738805347,66.03331686020779,16.56549893071972,3.1622757937445947,0.3,74.71085659790276,0.0,2000000.0,0.0,0.0,0.0,3.8519979040592536,45.84844106817853,-0.0,8.0,0.0,0.0,7.987136512998493,340.0,6.519444963195232e+17,1.670307082482469,765.712387887754,350.0,7.905569307696467,1.6359944402330182e+21,0.0,0.33333333333333337,1.1899042554527272e-05,74.71085659790276,bohm,0.18,1.0,0.05555555555555556,0.0,0,0,0,0,1.0427515199041709e+17,1.6439972508784695,328.1624519518945,340.0,7.987136512998493,1.7014880668009995e+21,0.0,1.0,2.9517481232914505e-05,48.562056788636795,bohm,0.4814,1.0,0.06231823847112588,0.0,0,0,0,0,1.2674894045225243e+20,0.0,0.0,0.04762963616159259,6.174904794874601,0.0,9.33097662979637e-05,1.2674894045225243e+20,0.0,0.0,1.0,1.0,0.0,1.0,0,0,0.0,0.0,0.0,0.0,0.0,0.0,0.0,0.0,0.0,1.0,0.0,1.0,0,0,0.0,0.0,0.0,0.0,0.0,0.0,0.0,0.0,0.0,1.0,0.0,1.0,0,0,0.0,0.0,0.0,0.0,0.0,0.0,0.0,0.0,0.0,0.0,0.0,0.0
0.0015026315789473685,production,0.0,22.866446211195743,1093.864053746678,2.4119024543226464e+17,1.6617918517138264,1093.864053746678,13560000.0,1500.0,0.7292427024977854,3.986202326646242,66.03304805988967,16.565403019933015,3.1622757934977126,0.3,74.7110042687954,0.0,2000000.0,0.0,0.0,0.0,3.8520161186833164,45.848679798979795,-0.0,8.0,0.0,0.0,7.987006837616732,340.0,6.51938484200571e+17,1.6703290992382744,765.7048376226746,350.0,7.904627805071201,1.6357996037828588e+21,0.0,0.33333333333333337,1.1899175842662782e-05,74.7110042687954,bohm,0.18,1.0,0.05555555555555556,0.0,0,0,0,0,1.0427416584282918e+17,1.6439997803177244,328.1592161240034,340.0,7.987006837616732,1.7014604422431538e+21,0.0,1.0,2.9517643517551e-05,48.56215277471701,bohm,0.4814,1.0,0.06231823847112588,0.0,0,0,0,0,1.2674783927270593e+20,0.0,0.0,0.047629122627808086,6.1748923968383425,0.0,9.331027519122594e-05,1.2674783927270593e+20,0.0,0.0,1.0,1.0,0.0,1.0,0,0,0.0,0.0,0.0,0.0,0.0,0.0,0.0,0.0,0.0,1.0,0.0,1.0,0,0,0.0,0.0,0.0,0.0,0.0,0.0,0.0,0.0,0.0,1.0,0.0,1.0,0,0,0.0,0.0,0.0,0.0,0.0,0.0,0.0,0.0,0.0,0.0,0.0,0.0
0.0015157894736842106,production,0.0,22.86627000849971,1093.853265826513,2.4118800210767808e+17,1.6618075542783575,1093.853265826513,13560000.0,1500.0,0.7292355105510087,3.9862091820281282,66.03277922387562,16.565307089649284,3.1622757932507075,0.3,74.7111519731582,0.0,2000000.0,0.0,0.0,0.0,3.8520343367956884,45.84891857380664,-0.0,8.0,0.0,0.0,7.9868771529988125,340.0,6.519324698695846e+17,1.670351120597354,765.697286078559,350.0,7.903686342016192,1.635604775521448e+21,0.0,0.33333333333333337,1.1899309168347527e-05,74.7111519731582,bohm,0.18,1.0,0.05555555555555556,0.0,0,0,0,0,1.0427317952037594e+17,1.6440023100232906,328.1559797479539,340.0,7.9868771529988125,1.7014328157177428e+21,0.0,1.0,2.9517805831506167e-05,48.56224878255283,bohm,0.4814,1.0,0.06231823847112588,0.0,0,0,0,0,1.267467378889526e+20,0.0,0.0,0.04762860907757968,6.174879998399353,0.0,9.331078417670332e-05,1.267467378889526e+20,0.0,0.0,1.0,1.0,0.0,1.0,0,0,0.0,0.0,0.0,0.0,0.0,0.0,0.0,0.0,0.0,1.0,0.0,1.0,0,0,0.0,0.0,0.0,0.0,0.0,0.0,0.0,0.0,0.0,1.0,0.0,1.0,0,0,0.0,0.0,0.0,0.0,0.0,0.0,0.0,0.0,0.0,0.0,0.0,0.0
0.001528947368421053,production,0.0,22.86609377596114,1093.8424760792534,2.411857580988991e+17,1.661823260032941,1093.8424760792534,13560000.0,1500.0,0.7292283173861689,3.986216040026504,66.03251035216992,16.565211139868595,3.1622757930035785,0.3,74.71129971100707,0.0,2000000.0,0.0,0.0,0.0,3.8520525583962715,45.849157392658064,-0.0,8.0,0.0,0.0,7.9867474591455725,340.0,6.519264533263853e+17,1.6703731465610818,765.6897332554773,350.0,7.902744918531868,1.6354099554488746e+21,0.0,0.33333333333333337,1.1899442531589207e-05,74.71129971100707,bohm,0.18,1.0,0.05555555555555556,0.0,0,0,0,0,1.0427219302307037e+17,1.6440048399951699,328.152742823776,340.0,7.9867474591455725,1.7014051872249448e+21,0.0,1.0,2.9517968174779387e-05,48.5623448121546,bohm,0.4814,1.0,0.06231823847112588,0.0,0,0,0,0,1.2674563630100757e+20,0.0,0.0,0.04762809551090813,6.174867599557655,0.0,9.33112932543939e-05,1.2674563630100757e+20,0.0,0.0,1.0,1.0,0.0,1.0,0,0,0.0,0.0,0.0,0.0,0.0,0.0,0.0,0.0,0.0,1.0,0.0,1.0,0,0,0.0,0.0,0.0,0.0,0.0,0.0,0.0,0.0,0.0,1.0,0.0,1.0,0,0,0.0,0.0,0.0,0.0,0.0,0.0,0.0,0.0,0.0,0.0,0.0,0.0
0.001542105263157895,production,0.0,22.865917513581667,1093.8316845049999,2.4118351340589165e+17,1.66183896897848,1093.831684505,13560000.0,1500.0,0.7292211230033334,3.986222900641682,66.0322414447768,16.565115170591003,3.1622757927563256,0.3,74.7114474823579,0.0,2000000.0,0.0,0.0,0.0,3.8520707834849888,45.84939625553318,-0.0,8.0,0.0,0.0,7.986617756057831,340.0,6.519204345707932e+17,1.6703951771308279,765.6821791535,350.0,7.901803534618661,1.635215143565228e+21,0.0,0.33333333333333337,1.1899575932395519e-05,74.7114474823579,bohm,0.18,1.0,0.05555555555555556,0.0,0,0,0,0,1.0427120635092446e+17,1.644007370233363,328.1495053515,340.0,7.986617756057831,1.7013775567649345e+21,0.0,1.0,2.9518130547370146e-05,48.562440863532636,bohm,0.4814,1.0,0.06231823847112588,0.0,0,0,0,0,1.2674453450888466e+20,0.0,0.0,0.04762758192779431,6.1748552003132655,0.0,9.331180242429601e-05,1.2674453450888466e+20,0.0,0.0,1.0,1.0,0.0,1.0,0,0,0.0,0.0,0.0,0.0,0.0,0.0,0.0,0.0,0.0,1.0,0.0,1.0,0,0,0.0,0.0,0.0,0.0,0.0,0.0,0.0,0.0,0.0,1.0,0.0,1.0,0,0,0.0,0.0,0.0,0.0,0.0,0.0,0.0,0.0,0.0,0.0,0.0,0.0
0.001555263157894737,production,0.0,22.865741221362953,1093.8208911038544,2.411812680286192e+17,1.6618546811158796,1093.8208911038544,13560000.0,1500.0,0.7292139274025695,3.9862297638739728,66.03197250170054,16.56501918181658,3.1622757925089497,0.3,74.71159528722666,0.0,2000000.0,0.0,0.0,0.0,3.8520890120617786,45.84963516243139,-0.0,8.0,0.0,0.0,7.9864880437364265,340.0,6.519144136026287e+17,1.6704172123079668,765.674623772698,350.0,7.900862190277003,1.6350203398705976e+21,0.0,0.33333333333333337,1.1899709370774173e-05,74.71159528722666,bohm,0.18,1.0,0.05555555555555556,0.0,0,0,0,0,1.0427021950394938e+17,1.6440099007378717,328.1462673311563,340.0,7.9864880437364265,1.7013499243378906e+21,0.0,1.0,2.9518292949278077e-05,48.56253693669733,bohm,0.4814,1.0,0.06231823847112588,0.0,0,0,0,0,1.2674343251259662e+20,0.0,0.0,0.047627068328239416,6.174842800666213,0.0,9.33123116864085e-05,1.2674343251259662e+20,0.0,0.0,1.0,1.0,0.0,1.0,0,0,0.0,0.0,0.0,0.0,0.0,0.0,0.0,0.0,0.0,1.0,0.0,1.0,0,0,0.0,0.0,0.0,0.0,0.0,0.0,0.0,0.0,0.0,1.0,0.0,1.0,0,0,0.0,0.0,0.0,0.0,0.0,0.0,0.0,0.0,0.0,0.0,0.0,0.0
0.0015684210526315792,production,0.0,22.865564899306644,1093.8100958759169,2.411790219670447e+17,1.6618703964460457,1093.8100958759169,13560000.0,1500.0,0.7292067305839446,3.986236629723688,66.03170352294539,16.564923173545388,3.1622757922614495,0.3,74.71174312562925,0.0,2000000.0,0.0,0.0,0.0,3.852107244126589,45.8498741133522,-0.0,8.0,0.0,0.0,7.986358322182185,340.0,6.519083904217119e+17,1.6704392520938731,765.6670671131418,350.0,7.899920885507328,1.6348255443650727e+21,0.0,0.33333333333333337,1.1899842846732893e-05,74.71174312562925,bohm,0.18,1.0,0.05555555555555556,0.0,0,0,0,0,1.042692324821556e+17,1.6440124315086997,328.14302876277503,340.0,7.986358322182185,1.7013222899439887e+21,0.0,1.0,2.9518455380502913e-05,48.56263303165902,bohm,0.4814,1.0,0.06231823847112588,0.0,0,0,0,0,1.2674233031215558e+20,0.0,0.0,0.047626554712244744,6.174830400616532,0.0,9.331282104073047e-05,1.2674233031215558e+20,0.0,0.0,1.0,1.0,0.0,1.0,0,0,0.0,0.0,0.0,0.0,0.0,0.0,0.0,0.0,0.0,1.0,0.0,1.0,0,0,0.0,0.0,0.0,0.0,0.0,0.0,0.0,0.0,0.0,1.0,0.0,1.0,0,0,0.0,0.0,0.0,0.0,0.0,0.0,0.0,0.0,0.0,0.0,0.0,0.0
0.0015815789473684213,production,0.0,22.865388547414387,1093.799298821289,2.411767752211304e+17,1.6618861149698854,1093.799298821289,13560000.0,1500.0,0.7291995325475261,3.9862434981911434,66.03143450851567,16.56482714577749,3.162275792013826,0.3,74.71189099758163,0.0,2000000.0,0.0,0.0,0.0,3.8521254796793793,45.85011310829523,-0.0,8.0,0.0,0.0,7.986228591395938,340.0,6.51902365027862e+17,1.6704612964899208,765.6595091749023,350.0,7.898979620310062,1.634630757048742e+21,0.0,0.33333333333333337,1.189997636027939e-05,74.71189099758163,bohm,0.18,1.0,0.05555555555555556,0.0,0,0,0,0,1.0426824528555318e+17,1.6440149625458502,328.1397896463867,340.0,7.986228591395938,1.701294653583406e+21,0.0,1.0,2.9518617841044464e-05,48.56272914842806,bohm,0.4814,1.0,0.06231823847112588,0.0,0,0,0,0,1.2674122790757309e+20,0.0,0.0,0.04762604107981175,6.174818000164249,0.0,9.331333048726134e-05,1.2674122790757309e+20,0.0,0.0,1.0,1.0,0.0,1.0,0,0,0.0,0.0,0.0,0.0,0.0,0.0,0.0,0.0,0.0,1.0,0.0,1.0,0,0,0.0,0.0,0.0,0.0,0.0,0.0,0.0,0.0,0.0,1.0,0.0,1.0,0,0,0.0,0.0,0.0,0.0,0.0,0.0,0.0,0.0,0.0,0.0,0.0,0.0
0.0015947368421052634,production,0.0,22.865212165687854,1093.7884999400728,2.4117452779083856e+17,1.6619018366883047,1093.7884999400728,13560000.0,1500.0,0.7291923332933818,3.986250369276649,66.03116545841567,16.564731098512958,3.162275791766078,0.3,74.71203890309972,0.0,2000000.0,0.0,0.0,0.0,3.852143718720115,45.850352147260224,-0.0,8.0,0.0,0.0,7.986098851378512,340.0,6.51896337420899e+17,1.670483345497485,765.651949958051,350.0,7.898038394685635,1.6344359779216945e+21,0.0,0.33333333333333337,1.1900109911421388e-05,74.71203890309972,bohm,0.18,1.0,0.05555555555555556,0.0,0,0,0,0,1.0426725791415176e+17,1.644017493849329,328.13654998202185,340.0,7.986098851378512,1.7012670152563187e+21,0.0,1.0,2.9518780330902597e-05,48.562825287014824,bohm,0.4814,1.0,0.06231823847112588,0.0,0,0,0,0,1.2674012529886028e+20,0.0,0.0,0.0476255274309419,6.174805599309408,0.0,9.331384002600063e-05,1.2674012529886028e+20,0.0,0.0,1.0,1.0,0.0,1.0,0,0,0.0,0.0,0.0,0.0,0.0,0.0,0.0,0.0,0.0,1.0,0.0,1.0,0,0,0.0,0.0,0.0,0.0,0.0,0.0,0.0,0.0,0.0,1.0,0.0,1.0,0,0,0.0,0.0,0.0,0.0,0.0,0.0,0.0,0.0,0.0,0.0,0.0,0.0
0.0016078947368421055,production,0.0,22.865035754128694,1093.777699232369,2.4117227967613114e+17,1.6619175616022117,1093.777699232369,13560000.0,1500.0,0.7291851328215794,3.9862572429805176,66.03089637264965,16.564635031751855,3.162275791518207,0.3,74.71218684219951,0.0,2000000.0,0.0,0.0,0.0,3.852161961248767,45.85059123024696,-0.0,8.0,0.0,0.0,7.985969102130742,340.0,6.518903076006424e+17,1.6705053991179408,765.6443894626583,350.0,7.897097208634481,1.6342412069840198e+21,0.0,0.33333333333333337,1.190024350016661e-05,74.71218684219951,bohm,0.18,1.0,0.05555555555555556,0.0,0,0,0,0,1.0426627036796072e+17,1.644020025419142,328.1333097697107,340.0,7.985969102130742,1.7012393749629045e+21,0.0,1.0,2.9518942850077236e-05,48.56292144742969,bohm,0.4814,1.0,0.06231823847112588,0.0,0,0,0,0,1.2673902248602796e+20,0.0,0.0,0.04762501376563689,6.174793198052045,0.0,9.33143496569481e-05,1.2673902248602796e+20,0.0,0.0,1.0,1.0,0.0,1.0,0,0,0.0,0.0,0.0,0.0,0.0,0.0,0.0,0.0,0.0,1.0,0.0,1.0,0,0,0.0,0.0,0.0,0.0,0.0,0.0,0.0,0.0,0.0,1.0,0.0,1.0,0,0,0.0,0.0,0.0,0.0,0.0,0.0,0.0,0.0,0.0,0.0,0.0,0.0
0.0016210526315789476,production,0.0,22.864859312738577,1093.7668966982803,2.4117003087696986e+17,1.6619332897125145,1093.7668966982803,13560000.0,1500.0,0.7291779311321869,3.9862641193030646,66.03062725122196,16.564538945494252,3.162275791270212,0.3,74.71233481489693,0.0,2000000.0,0.0,0.0,0.0,3.8521802072653073,45.85083035725525,-0.0,8.0,0.0,0.0,7.985839343653453,340.0,6.518842755669116e+17,1.6705274573526656,765.6368276887962,350.0,7.896156062157032,1.6340464442358073e+21,0.0,0.33333333333333337,1.1900377126522795e-05,74.71233481489693,bohm,0.18,1.0,0.05555555555555556,0.0,0,0,0,0,1.0426528264698925e+17,1.6440225572552936,328.1300690094841,340.0,7.985839343653453,1.7012117327033393e+21,0.0,1.0,2.9519105398568308e-05,48.56301762968301,bohm,0.4814,1.0,0.06231823847112588,0.0,0,0,0,0,1.2673791946908667e+20,0.0,0.0,0.04762450008389829,6.174780796392195,0.0,9.331485938010349e-05,1.2673791946908667e+20,0.0,0.0,1.0,1.0,0.0,1.0,0,0,0.0,0.0,0.0,0.0,0.0,0.0,0.0,0.0,0.0,1.0,0.0,1.0,0,0,0.0,0.0,0.0,0.0,0.0,0.0,0.0,0.0,0.0,1.0,0.0,1.0,0,0,0.0,0.0,0.0,0.0,0.0,0.0,0.0,0.0,0.0,0.0,0.0,0.0
0.0016342105263157897,production,0.0,22.864682841519162,1093.7560923379078,2.4116778139331638e+17,1.6619490210201207,1093.7560923379078,13560000.0,1500.0,0.729170728225272,3.9862709982446,66.03035809413686,16.564442839740217,3.162275791022093,0.3,74.71248282120797,0.0,2000000.0,0.0,0.0,0.0,3.852198456769715,45.85106952828497,-0.0,8.0,0.0,0.0,7.985709575947473,340.0,6.518782413195264e+17,1.6705495202030343,765.6292646365355,350.0,7.895214955253715,1.6338516896771455e+21,0.0,0.33333333333333337,1.1900510790497657e-05,74.71248282120797,bohm,0.18,1.0,0.05555555555555556,0.0,0,0,0,0,1.0426429475124637e+17,1.6440250893577895,328.12682770137235,340.0,7.985709575947473,1.7011840884778e+21,0.0,1.0,2.9519267976375776e-05,48.56311383378518,bohm,0.4814,1.0,0.06231823847112588,0.0,0,0,0,0,1.267368162480468e+20,0.0,0.0,0.04762398638572778,6.174768394329901,0.0,9.331536919546664e-05,1.267368162480468e+20,0.0,0.0,1.0,1.0,0.0,1.0,0,0,0.0,0.0,0.0,0.0,0.0,0.0,0.0,0.0,0.0,1.0,0.0,1.0,0,0,0.0,0.0,0.0,0.0,0.0,0.0,0.0,0.0,0.0,1.0,0.0,1.0,0,0,0.0,0.0,0.0,0.0,0.0,0.0,0.0,0.0,0.0,0.0,0.0,0.0
0.0016473684210526317,production,0.0,22.864506340472126,1093.7452861513548,2.411655312251322e+17,1.6619647555259407,1093.7452861513548,13560000.0,1500.0,0.7291635241009031,3.9862778798054395,66.0300889013987,16.564346714489826,3.1622757907738497,0.3,74.71263086114863,0.0,2000000.0,0.0,0.0,0.0,3.8522167097619695,45.851308743336,-0.0,8.0,0.0,0.0,7.985579799013635,340.0,6.518722048583058e+17,1.6705715876704266,765.6217003059483,350.0,7.894273887924963,1.6336569433081237e+21,0.0,0.33333333333333337,1.1900644492098947e-05,74.71263086114863,bohm,0.18,1.0,0.05555555555555556,0.0,0,0,0,0,1.0426330668074098e+17,1.6440276217266363,328.1235858454064,340.0,7.985579799013635,1.701156442286463e+21,0.0,1.0,2.9519430583499635e-05,48.56321005974661,bohm,0.4814,1.0,0.06231823847112588,0.0,0,0,0,0,1.2673571282291861e+20,0.0,0.0,0.04762347267112709,6.174755991865207,0.0,9.33158791030375e-05,1.2673571282291861e+20,0.0,0.0,1.0,1.0,0.0,1.0,0,0,0.0,0.0,0.0,0.0,0.0,0.0,0.0,0.0,0.0,1.0,0.0,1.0,0,0,0.0,0.0,0.0,0.0,0.0,0.0,0.0,0.0,0.0,1.0,0.0,1.0,0,0,0.0,0.0,0.0,0.0,0.0,0.0,0.0,0.0,0.0,0.0,0.0,0.0
0.0016605263157894738,production,0.0,22.864329809599134,1093.7344781387226,2.4116328037237878e+17,1.6619804932308826,1093.7344781387226,13560000.0,1500.0,0.7291563187591483,3.9862847639858945,66.02981967301179,16.564250569743148,3.1622757905254826,0.3,74.71277893473484,0.0,2000000.0,0.0,0.0,0.0,3.852234966242051,45.85154800240827,-0.0,8.0,0.0,0.0,7.985450012852769,340.0,6.518661661830694e+17,1.670593659756219,765.6141346971058,350.0,7.893332860171205,1.6334622051288314e+21,0.0,0.33333333333333337,1.1900778231334396e-05,74.71277893473484,bohm,0.18,1.0,0.05555555555555556,0.0,0,0,0,0,1.0426231843548187e+17,1.6440301543618392,328.12034344161674,340.0,7.985450012852769,1.701128794129506e+21,0.0,1.0,2.9519593219939876e-05,48.56330630757765,bohm,0.4814,1.0,0.06231823847112588,0.0,0,0,0,0,1.267346091937122e+20,0.0,0.0,0.04762295894009799,6.174743588998153,0.0,9.33163891028161e-05,1.267346091937122e+20,0.0,0.0,1.0,1.0,0.0,1.0,0,0,0.0,0.0,0.0,0.0,0.0,0.0,0.0,0.0,0.0,1.0,0.0,1.0,0,0,0.0,0.0,0.0,0.0,0.0,0.0,0.0,0.0,0.0,1.0,0.0,1.0,0,0,0.0,0.0,0.0,0.0,0.0,0.0,0.0,0.0,0.0,0.0,0.0,0.0
0.001673684210526316,production,0.0,22.864153248901864,1093.7236683001142,2.4116102883501754e+17,1.6619962341358567,1093.7236683001142,13560000.0,1500.0,0.7291491122000762,3.9862916507862796,66.02955040898043,16.564154405500254,3.1622757902769916,0.3,74.71292704198264,0.0,2000000.0,0.0,0.0,0.0,3.852253226209942,45.85178730550172,-0.0,8.0,0.0,0.0,7.985320217465702,340.0,6.518601252936367e+17,1.6706157364617895,765.6065678100799,350.0,7.892391871992878,1.6332674751393578e+21,0.0,0.33333333333333337,1.1900912008211742e-05,74.71292704198264,bohm,0.18,1.0,0.05555555555555556,0.0,0,0,0,0,1.0426133001547782e+17,1.644032687263405,328.11710049003426,340.0,7.985320217465702,1.7011011440071048e+21,0.0,1.0,2.9519755885696517e-05,48.56340257728872,bohm,0.4814,1.0,0.06231823847112588,0.0,0,0,0,0,1.2673350536043767e+20,0.0,0.0,0.04762244519264219,6.174731185728775,0.0,9.331689919480236e-05,1.2673350536043767e+20,0.0,0.0,1.0,1.0,0.0,1.0,0,0,0.0,0.0,0.0,0.0,0.0,0.0,0.0,0.0,0.0,1.0,0.0,1.0,0,0,0.0,0.0,0.0,0.0,0.0,0.0,0.0,0.0,0.0,1.0,0.0,1.0,0,0,0.0,0.0,0.0,0.0,0.0,0.0,0.0,0.0,0.0,0.0,0.0,0.0
0.001686842105263158,production,0.0,22.863976658382,1093.7128566356325,2.4115877661300995e+17,1.6620119782417728,1093.7128566356325,13560000.0,1500.0,0.729141904423755,3.9862985402069073,66.02928110930898,16.564058221761222,3.1622757900283758,0.3,74.71307518290803,0.0,2000000.0,0.0,0.0,0.0,3.8522714896656245,45.85202665261628,-0.0,8.0,0.0,0.0,7.985190412853263,340.0,6.51854082189827e+17,1.6706378177885188,765.5989996449428,350.0,7.891450923390404,1.6330727533397913e+21,0.0,0.33333333333333337,1.1901045822738733e-05,74.71307518290803,bohm,0.18,1.0,0.05555555555555556,0.0,0,0,0,0,1.0426034142073758e+17,1.6440352204313406,328.1138569906897,340.0,7.985190412853263,1.701073491919436e+21,0.0,1.0,2.951991858076957e-05,48.56349886889022,bohm,0.4814,1.0,0.06231823847112588,0.0,0,0,0,0,1.2673240132310516e+20,0.0,0.0,0.047621931428761456,6.17471878205712,0.0,9.331740937899637e-05,1.2673240132310516e+20,0.0,0.0,1.0,1.0,0.0,1.0,0,0,0.0,0.0,0.0,0.0,0.0,0.0,0.0,0.0,0.0,1.0,0.0,1.0,0,0,0.0,0.0,0.0,0.0,0.0,0.0,0.0,0.0,0.0,1.0,0.0,1.0,0,0,0.0,0.0,0.0,0.0,0.0,0.0,0.0,0.0,0.0,0.0,0.0,0.0
0.0017000000000000001,production,0.0,22.86380003804122,1093.7020431453807,2.4115652370631734e+17,1.6620277255495417,1093.7020431453807,13560000.0,1500.0,0.7291346954302538,3.9863054322480913,66.0290117740018,16.563962018526137,3.1622757897796365,0.3,74.71322335752699,0.0,2000000.0,0.0,0.0,0.0,3.8522897566090832,45.8522660437519,-0.0,8.0,0.0,0.0,7.985060599016287,340.0,6.518480368714601e+17,1.6706599037377847,765.5914302017665,350.0,7.890510014364219,1.6328780397302217e+21,0.0,0.33333333333333337,1.1901179674923103e-05,74.71322335752699,bohm,0.18,1.0,0.05555555555555556,0.0,0,0,0,0,1.0425935265126978e+17,1.644037753865652,328.11061294361417,340.0,7.985060599016287,1.7010458378666773e+21,0.0,1.0,2.9520081305159056e-05,48.56359518239254,bohm,0.4814,1.0,0.06231823847112588,0.0,0,0,0,0,1.267312970817245e+20,0.0,0.0,0.0476214176484576,6.174706377983232,0.0,9.331791965539814e-05,1.267312970817245e+20,0.0,0.0,1.0,1.0,0.0,1.0,0,0,0.0,0.0,0.0,0.0,0.0,0.0,0.0,0.0,0.0,1.0,0.0,1.0,0,0,0.0,0.0,0.0,0.0,0.0,0.0,0.0,0.0,0.0,1.0,0.0,1.0,0,0,0.0,0.0,0.0,0.0,0.0,0.0,0.0,0.0,0.0,0.0,0.0,0.0
0.0017131578947368422,production,0.0,22.863623387881198,1093.6912278294612,2.4115427011490115e+17,1.6620434760600733,1093.6912278294612,13560000.0,1500.0,0.7291274852196408,3.986312326910145,66.02874240306318,16.563865795795063,3.1622757895307725,0.3,74.71337156585555,0.0,2000000.0,0.0,0.0,0.0,3.8523080270403005,45.85250547890852,-0.0,8.0,0.0,0.0,7.984930775955599,340.0,6.518419893383553e+17,1.6706819943109676,765.5838594806228,350.0,7.889569144914754,1.6326833343107383e+21,0.0,0.33333333333333337,1.1901313564772604e-05,74.71337156585555,bohm,0.18,1.0,0.05555555555555556,0.0,0,0,0,0,1.0425836370708309e+17,1.6440402875663456,328.10736834883835,340.0,7.984930775955599,1.7010181818490046e+21,0.0,1.0,2.9520244058864998e-05,48.56369151780611,bohm,0.4814,1.0,0.06231823847112588,0.0,0,0,0,0,1.2673019263630578e+20,0.0,0.0,0.04762090385173235,6.174693973507147,0.0,9.331843002400771e-05,1.2673019263630578e+20,0.0,0.0,1.0,1.0,0.0,1.0,0,0,0.0,0.0,0.0,0.0,0.0,0.0,0.0,0.0,0.0,1.0,0.0,1.0,0,0,0.0,0.0,0.0,0.0,0.0,0.0,0.0,0.0,0.0,1.0,0.0,1.0,0,0,0.0,0.0,0.0,0.0,0.0,0.0,0.0,0.0,0.0,0.0,0.0,0.0
0.0017263157894736843,production,0.0,22.863446707903634,1093.6804106879777,2.411520158387227e+17,1.6620592297742802,1093.6804106879777,13560000.0,1500.0,0.7291202737919851,3.9863192241933816,66.02847299649748,16.563769553568086,3.1622757892817845,0.3,74.71351980790973,0.0,2000000.0,0.0,0.0,0.0,3.852326300959262,45.85274495808613,-0.0,8.0,0.0,0.0,7.98480094367203,340.0,6.518359395903322e+17,1.670704089509449,765.5762874815844,350.0,7.888628315042434,1.6324886370814292e+21,0.0,0.33333333333333337,1.1901447492294984e-05,74.71351980790973,bohm,0.18,1.0,0.05555555555555556,0.0,0,0,0,0,1.0425737458818618e+17,1.644042821533429,328.1041232063933,340.0,7.98480094367203,1.7009905238665955e+21,0.0,1.0,2.9520406841887435e-05,48.56378787514133,bohm,0.4814,1.0,0.06231823847112588,0.0,0,0,0,0,1.2672908798685898e+20,0.0,0.0,0.047620390038587534,6.174681568628914,0.0,9.33189404848252e-05,1.2672908798685898e+20,0.0,0.0,1.0,1.0,0.0,1.0,0,0,0.0,0.0,0.0,0.0,0.0,0.0,0.0,0.0,0.0,1.0,0.0,1.0,0,0,0.0,0.0,0.0,0.0,0.0,0.0,0.0,0.0,0.0,1.0,0.0,1.0,0,0,0.0,0.0,0.0,0.0,0.0,0.0,0.0,0.0,0.0,0.0,0.0,0.0
0.0017394736842105264,production,0.0,22.86326999811022,1093.6695917210338,2.411497608777434e+17,1.6620749866930735,1093.6695917210338,13560000.0,1500.0,0.729113061147356,3.986326124098114,66.02820355430909,16.56367329184529,3.1622757890326723,0.3,74.7136680837056,0.0,2000000.0,0.0,0.0,0.0,3.852344578365951,45.85298448128465,-0.0,8.0,0.0,0.0,7.9846711021664065,340.0,6.518298876272104e+17,1.6707261893346097,765.5687142047236,350.0,7.887687524747697,1.6322939480423848e+21,0.0,0.33333333333333337,1.1901581457497997e-05,74.7136680837056,bohm,0.18,1.0,0.05555555555555556,0.0,0,0,0,0,1.0425638529458773e+17,1.6440453557669077,328.10087751631016,340.0,7.9846711021664065,1.7009628639196251e+21,0.0,1.0,2.952056965422638e-05,48.56388425440864,bohm,0.4814,1.0,0.06231823847112588,0.0,0,0,0,0,1.2672798313339404e+20,0.0,0.0,0.047619876209024865,6.17466916334857,0.0,9.331945103785059e-05,1.2672798313339404e+20,0.0,0.0,1.0,1.0,0.0,1.0,0,0,0.0,0.0,0.0,0.0,0.0,0.0,0.0,0.0,0.0,1.0,0.0,1.0,0,0,0.0,0.0,0.0,0.0,0.0,0.0,0.0,0.0,0.0,1.0,0.0,1.0,0,0,0.0,0.0,0.0,0.0,0.0,0.0,0.0,0.0,0.0,0.0,0.0,0.0
0.0017526315789473685,production,0.0,22.86309325850264,1093.658770928733,2.411475052319247e+17,1.662090746817365,1093.658770928733,13560000.0,1500.0,0.7291058472858221,3.9863330266246564,66.02793407650233,16.563577010626755,3.1622757887834356,0.3,74.71381639325917,0.0,2000000.0,0.0,0.0,0.0,3.8523628592603516,45.85322404850404,-0.0,8.0,0.0,0.0,7.984541251439561,340.0,6.518238334488096e+17,1.670748293787831,765.5611396501131,350.0,7.886746774030971,1.6320992671936935e+21,0.0,0.33333333333333337,1.190171546038939e-05,74.71381639325917,bohm,0.18,1.0,0.05555555555555556,0.0,0,0,0,0,1.0425539582629637e+17,1.6440478902667885,328.0976312786199,340.0,7.984541251439561,1.7009352020082712e+21,0.0,1.0,2.9520732495881864e-05,48.56398065561846,bohm,0.4814,1.0,0.06231823847112588,0.0,0,0,0,0,1.2672687807592094e+20,0.0,0.0,0.04761936236304618,6.174656757666162,0.0,9.3319961683084e-05,1.2672687807592094e+20,0.0,0.0,1.0,1.0,0.0,1.0,0,0,0.0,0.0,0.0,0.0,0.0,0.0,0.0,0.0,0.0,1.0,0.0,1.0,0,0,0.0,0.0,0.0,0.0,0.0,0.0,0.0,0.0,0.0,1.0,0.0,1.0,0,0,0.0,0.0,0.0,0.0,0.0,0.0,0.0,0.0,0.0,0.0,0.0,0.0
0.0017657894736842108,production,0.0,22.862916489082593,1093.647948311179,2.4114524890122794e+17,1.6621065101480663,1093.647948311179,13560000.0,1500.0,0.7290986322074527,3.9863399317733217,66.02766456308159,16.563480709912564,3.162275788534074,0.3,74.71396473658646,0.0,2000000.0,0.0,0.0,0.0,3.8523811436424467,45.85346365974428,-0.0,8.0,0.0,0.0,7.984411391492322,340.0,6.518177770549495e+17,1.6707704028704948,765.5535638178253,350.0,7.8858060628926845,1.6319045945354444e+21,0.0,0.33333333333333337,1.190184950097692e-05,74.71396473658646,bohm,0.18,1.0,0.05555555555555556,0.0,0,0,0,0,1.0425440618332077e+17,1.6440504250330774,328.09438449335374,340.0,7.984411391492322,1.7009075381327105e+21,0.0,1.0,2.9520895366853903e-05,48.5640770787812,bohm,0.4814,1.0,0.06231823847112588,0.0,0,0,0,0,1.2672577281444962e+20,0.0,0.0,0.04761884850065321,6.1746443515817315,0.0,9.332047242052541e-05,1.2672577281444962e+20,0.0,0.0,1.0,1.0,0.0,1.0,0,0,0.0,0.0,0.0,0.0,0.0,0.0,0.0,0.0,0.0,1.0,0.0,1.0,0,0,0.0,0.0,0.0,0.0,0.0,0.0,0.0,0.0,0.0,1.0,0.0,1.0,0,0,0.0,0.0,0.0,0.0,0.0,0.0,0.0,0.0,0.0,0.0,0.0,0.0
0.001778947368421053,production,0.0,22.86273968985178,1093.6371238684762,2.4114299188561456e+17,1.6621222766860908,1093.6371238684762,13560000.0,1500.0,0.7290914159123175,3.9863468395444235,66.0273950140512,16.5633843897028,3.1622757882845884,0.3,74.71411311370356,0.0,2000000.0,0.0,0.0,0.0,3.852399431512223,45.8537033150053,-0.0,8.0,0.0,0.0,7.984281522325517,340.0,6.518117184454495e+17,1.6707925165839845,765.5459867079334,350.0,7.884865391333269,1.6317099300677267e+21,0.0,0.33333333333333337,1.1901983579268346e-05,74.71411311370356,bohm,0.18,1.0,0.05555555555555556,0.0,0,0,0,0,1.0425341636566957e+17,1.644052960065783,328.09113716054287,340.0,7.984281522325517,1.7008798722931192e+21,0.0,1.0,2.952105826714255e-05,48.564173523907314,bohm,0.4814,1.0,0.06231823847112588,0.0,0,0,0,0,1.2672466734899012e+20,0.0,0.0,0.047618334621847766,6.1746319450953155,0.0,9.332098325017497e-05,1.2672466734899012e+20,0.0,0.0,1.0,1.0,0.0,1.0,0,0,0.0,0.0,0.0,0.0,0.0,0.0,0.0,0.0,0.0,1.0,0.0,1.0,0,0,0.0,0.0,0.0,0.0,0.0,0.0,0.0,0.0,0.0,1.0,0.0,1.0,0,0,0.0,0.0,0.0,0.0,0.0,0.0,0.0,0.0,0.0,0.0,0.0,0.0
0.001792105263157895,production,0.0,22.862562860811902,1093.6262976007288,2.4114073418504595e+17,1.6621380464323536,1093.6262976007288,13560000.0,1500.0,0.7290841984004859,3.9863537499382753,66.02712542941558,16.563288049997556,3.1622757880349783,0.3,74.71426152462655,0.0,2000000.0,0.0,0.0,0.0,3.8524177228696614,45.85394301428709,-0.0,8.0,0.0,0.0,7.984151643939979,340.0,6.518056576201294e+17,1.6708146349296857,765.5384083205101,350.0,7.883924759353156,1.6315152737906293e+21,0.0,0.33333333333333337,1.1902117695271434e-05,74.71426152462655,bohm,0.18,1.0,0.05555555555555556,0.0,0,0,0,0,1.0425242637335149e+17,1.6440554953649102,328.08788928021863,340.0,7.984151643939979,1.7008522044896743e+21,0.0,1.0,2.9521221196747812e-05,48.56426999100726,bohm,0.4814,1.0,0.06231823847112588,0.0,0,0,0,0,1.2672356167955243e+20,0.0,0.0,0.04761782072663164,6.174619538206965,0.0,9.332149417203272e-05,1.2672356167955243e+20,0.0,0.0,1.0,1.0,0.0,1.0,0,0,0.0,0.0,0.0,0.0,0.0,0.0,0.0,0.0,0.0,1.0,0.0,1.0,0,0,0.0,0.0,0.0,0.0,0.0,0.0,0.0,0.0,0.0,1.0,0.0,1.0,0,0,0.0,0.0,0.0,0.0,0.0,0.0,0.0,0.0,0.0,0.0,0.0,0.0
0.001805263157894737,production,0.0,22.862386001964673,1093.615469508041,2.411384757994838e+17,1.662153819387763,1093.615469508041,13560000.0,1500.0,0.7290769796720273,3.9863606629551906,66.02685580917908,16.563191690796913,3.162275787785244,0.3,74.71440996937145,0.0,2000000.0,0.0,0.0,0.0,3.852436017714746,45.85418275758955,-0.0,8.0,0.0,0.0,7.984021756336534,340.0,6.517995945788095e+17,1.6708367579089773,765.5308286556287,350.0,7.882984166952774,1.6313206257042415e+21,0.0,0.33333333333333337,1.1902251848993927e-05,74.71440996937145,bohm,0.18,1.0,0.05555555555555556,0.0,0,0,0,0,1.042514362063752e+17,1.6440580309304662,328.0846408524123,340.0,7.984021756336534,1.7008245347225523e+21,0.0,1.0,2.9521384155669712e-05,48.564366480091444,bohm,0.4814,1.0,0.06231823847112588,0.0,0,0,0,0,1.2672245580614654e+20,0.0,0.0,0.047617306815006546,6.174607130916716,0.0,9.332200518609865e-05,1.2672245580614654e+20,0.0,0.0,1.0,1.0,0.0,1.0,0,0,0.0,0.0,0.0,0.0,0.0,0.0,0.0,0.0,0.0,1.0,0.0,1.0,0,0,0.0,0.0,0.0,0.0,0.0,0.0,0.0,0.0,0.0,1.0,0.0,1.0,0,0,0.0,0.0,0.0,0.0,0.0,0.0,0.0,0.0,0.0,0.0,0.0,0.0
0.0018184210526315792,production,0.0,22.86220911331178,1093.6046395905173,2.4113621672888925e+17,1.6621695955532374,1093.6046395905173,13560000.0,1500.0,0.7290697597270115,3.9863675785954826,66.0265861533461,16.563095312100963,3.162275787535384,0.3,74.71455844795435,0.0,2000000.0,0.0,0.0,0.0,3.852454316047461,45.85442254491267,-0.0,8.0,0.0,0.0,7.983891859516014,340.0,6.517935293213088e+17,1.6708588855232474,765.523247713362,350.0,7.882043614132557,1.6311259858086527e+21,0.0,0.33333333333333337,1.190238604044361e-05,74.71455844795435,bohm,0.18,1.0,0.05555555555555556,0.0,0,0,0,0,1.042504458647494e+17,1.6440605667624584,328.08139187715517,340.0,7.983891859516014,1.70079686299193e+21,0.0,1.0,2.9521547143908283e-05,48.56446299117032,bohm,0.4814,1.0,0.06231823847112588,0.0,0,0,0,0,1.2672134972878253e+20,0.0,0.0,0.0476167928869743,6.174594723224612,0.0,9.332251629237285e-05,1.2672134972878253e+20,0.0,0.0,1.0,1.0,0.0,1.0,0,0,0.0,0.0,0.0,0.0,0.0,0.0,0.0,0.0,0.0,1.0,0.0,1.0,0,0,0.0,0.0,0.0,0.0,0.0,0.0,0.0,0.0,0.0,1.0,0.0,1.0,0,0,0.0,0.0,0.0,0.0,0.0,0.0,0.0,0.0,0.0,0.0,0.0,0.0
0.0018315789473684213,production,0.0,22.862032194854955,1093.5938078482627,2.411339569732241e+17,1.6621853749296889,1093.5938078482627,13560000.0,1500.0,0.7290625385655085,3.986374496859465,66.02631646192104,16.562998913909798,3.1622757872854,0.3,74.71470696039135,0.0,2000000.0,0.0,0.0,0.0,3.8524726178677895,45.854662376256385,-0.0,8.0,0.0,0.0,7.983761953479249,340.0,6.517874618474478e+17,1.6708810177738804,765.5156654937839,350.0,7.881103100892935,1.630931354103952e+21,0.0,0.33333333333333337,1.1902520269628236e-05,74.71470696039135,bohm,0.18,1.0,0.05555555555555556,0.0,0,0,0,0,1.0424945534848283e+17,1.6440631028608919,328.0781423544788,340.0,7.983761953479249,1.7007691892979844e+21,0.0,1.0,2.952171016146353e-05,48.564559524254385,bohm,0.4814,1.0,0.06231823847112588,0.0,0,0,0,0,1.2672024344747039e+20,0.0,0.0,0.047616278942536665,6.174582315130696,0.0,9.332302749085535e-05,1.2672024344747039e+20,0.0,0.0,1.0,1.0,0.0,1.0,0,0,0.0,0.0,0.0,0.0,0.0,0.0,0.0,0.0,0.0,1.0,0.0,1.0,0,0,0.0,0.0,0.0,0.0,0.0,0.0,0.0,0.0,0.0,1.0,0.0,1.0,0,0,0.0,0.0,0.0,0.0,0.0,0.0,0.0,0.0,0.0,0.0,0.0,0.0
0.0018447368421052634,production,0.0,22.86185524659591,1093.5829742813821,2.411316965324497e+17,1.6622011575180315,1093.5829742813821,13560000.0,1500.0,0.7290553161875881,3.986381417747451,66.02604673490826,16.562902496223508,3.1622757870352913,0.3,74.71485550669853,0.0,2000000.0,0.0,0.0,0.0,3.8524909231757136,45.85490225162061,-0.0,8.0,0.0,0.0,7.983632038227064,340.0,6.517813921570461e+17,1.6709031546622601,765.5080819969675,350.0,7.880162627234339,1.6307367305902283e+21,0.0,0.33333333333333337,1.1902654536555571e-05,74.71485550669853,bohm,0.18,1.0,0.05555555555555556,0.0,0,0,0,0,1.042484646575842e+17,1.644065639225775,328.0748922844146,340.0,7.983632038227064,1.7007415136408916e+21,0.0,1.0,2.9521873208335484e-05,48.564656079354044,bohm,0.4814,1.0,0.06231823847112588,0.0,0,0,0,0,1.2671913696222023e+20,0.0,0.0,0.047615764981695376,6.174569906635009,0.0,9.332353878154615e-05,1.2671913696222023e+20,0.0,0.0,1.0,1.0,0.0,1.0,0,0,0.0,0.0,0.0,0.0,0.0,0.0,0.0,0.0,0.0,1.0,0.0,1.0,0,0,0.0,0.0,0.0,0.0,0.0,0.0,0.0,0.0,0.0,1.0,0.0,1.0,0,0,0.0,0.0,0.0,0.0,0.0,0.0,0.0,0.0,0.0,0.0,0.0,0.0
0.0018578947368421055,production,0.0,22.861678268536355,1093.572138889981,2.4112943540652758e+17,1.6622169433191811,1093.572138889981,13560000.0,1500.0,0.7290480925933207,3.9863883412597545,66.02577697231222,16.56280605904219,3.162275786785058,0.3,74.71500408689201,0.0,2000000.0,0.0,0.0,0.0,3.852509231971217,45.855142171005326,-0.0,8.0,0.0,0.0,7.983502113760291,340.0,6.517753202499237e+17,1.6709252961897747,765.5004972229867,350.0,7.8792221931571955,1.6305421152675703e+21,0.0,0.33333333333333337,1.1902788841233397e-05,74.71500408689201,bohm,0.18,1.0,0.05555555555555556,0.0,0,0,0,0,1.0424747379206224e+17,1.6440681758571138,328.0716416669943,340.0,7.983502113760291,1.7007138360208285e+21,0.0,1.0,2.9522036284524165e-05,48.564752656479804,bohm,0.4814,1.0,0.06231823847112588,0.0,0,0,0,0,1.2671803027304212e+20,0.0,0.0,0.04761525100445222,6.174557497737593,0.0,9.332405016444537e-05,1.2671803027304212e+20,0.0,0.0,1.0,1.0,0.0,1.0,0,0,0.0,0.0,0.0,0.0,0.0,0.0,0.0,0.0,0.0,1.0,0.0,1.0,0,0,0.0,0.0,0.0,0.0,0.0,0.0,0.0,0.0,0.0,1.0,0.0,1.0,0,0,0.0,0.0,0.0,0.0,0.0,0.0,0.0,0.0,0.0,0.0,0.0,0.0
0.0018710526315789476,production,0.0,22.861501260678015,1093.561301674164,2.411271735954195e+17,1.662232732334052,1093.561301674164,13560000.0,1500.0,0.729040867782776,3.9863952673966887,66.02550717413726,16.562709602365935,3.1622757865346993,0.3,74.71515270098789,0.0,2000000.0,0.0,0.0,0.0,3.852527544254279,45.85538213441045,-0.0,8.0,0.0,0.0,7.98337218007976,340.0,6.517692461259005e+17,1.6709474423578097,765.4929111719148,350.0,7.878281798661937,1.6303475081360672e+21,0.0,0.33333333333333337,1.190292318366948e-05,74.71515270098789,bohm,0.18,1.0,0.05555555555555556,0.0,0,0,0,0,1.0424648275192578e+17,1.6440707127549143,328.0683905022492,340.0,7.98337218007976,1.7006861564379718e+21,0.0,1.0,2.9522199390029572e-05,48.56484925564213,bohm,0.4814,1.0,0.06231823847112588,0.0,0,0,0,0,1.2671692337994618e+20,0.0,0.0,0.04761473701080894,6.174545088438492,0.0,9.33245616395529e-05,1.2671692337994618e+20,0.0,0.0,1.0,1.0,0.0,1.0,0,0,0.0,0.0,0.0,0.0,0.0,0.0,0.0,0.0,0.0,1.0,0.0,1.0,0,0,0.0,0.0,0.0,0.0,0.0,0.0,0.0,0.0,0.0,1.0,0.0,1.0,0,0,0.0,0.0,0.0,0.0,0.0,0.0,0.0,0.0,0.0,0.0,0.0,0.0
0.0018842105263157897,production,0.0,22.861324223022606,1093.550462634037,2.4112491109908688e+17,1.6622485245635599,1093.550462634037,13560000.0,1500.0,0.7290336417560248,3.9864021961585667,66.02523734038782,16.56261312619484,3.1622757862842166,0.3,74.71530134900225,0.0,2000000.0,0.0,0.0,0.0,3.8525458600248847,45.855622141835894,-0.0,8.0,0.0,0.0,7.983242237186298,340.0,6.517631697847969e+17,1.670969593167752,765.4853238438259,350.0,7.877341443748994,1.6301529091958086e+21,0.0,0.33333333333333337,1.1903057563871587e-05,74.71530134900225,bohm,0.18,1.0,0.05555555555555556,0.0,0,0,0,0,1.0424549153718354e+17,1.6440732499191837,328.0651387902111,340.0,7.983242237186298,1.7006584748924978e+21,0.0,1.0,2.952236252485172e-05,48.56494587685146,bohm,0.4814,1.0,0.06231823847112588,0.0,0,0,0,0,1.267158162829425e+20,0.0,0.0,0.047614223000767265,6.174532678737744,0.0,9.332507320686882e-05,1.267158162829425e+20,0.0,0.0,1.0,1.0,0.0,1.0,0,0,0.0,0.0,0.0,0.0,0.0,0.0,0.0,0.0,0.0,1.0,0.0,1.0,0,0,0.0,0.0,0.0,0.0,0.0,0.0,0.0,0.0,0.0,1.0,0.0,1.0,0,0,0.0,0.0,0.0,0.0,0.0,0.0,0.0,0.0,0.0,0.0,0.0,0.0
0.0018973684210526318,production,0.0,22.861147155571867,1093.5396217697062,2.411226479174914e+17,1.662264320008621,1093.5396217697062,13560000.0,1500.0,0.7290264145131374,3.986409127545703,66.02496747106834,16.562516630529007,3.1622757860336086,0.3,74.71545003095126,0.0,2000000.0,0.0,0.0,0.0,3.852564179283015,45.85586219328163,-0.0,8.0,0.0,0.0,7.983112285080737,340.0,6.517570912264325e+17,1.6709917486209904,765.4777352387943,350.0,7.876401128418798,1.629958318446883e+21,0.0,0.33333333333333337,1.1903191981847508e-05,74.71545003095126,bohm,0.18,1.0,0.05555555555555556,0.0,0,0,0,0,1.0424450014784434e+17,1.6440757873499292,328.06188653091186,340.0,7.983112285080737,1.7006307913845836e+21,0.0,1.0,2.9522525688990632e-05,48.56504252011832,bohm,0.4814,1.0,0.06231823847112588,0.0,0,0,0,0,1.2671470898204126e+20,0.0,0.0,0.047613708974329,6.174520268635392,0.0,9.332558486639317e-05,1.2671470898204126e+20,0.0,0.0,1.0,1.0,0.0,1.0,0,0,0.0,0.0,0.0,0.0,0.0,0.0,0.0,0.0,0.0,1.0,0.0,1.0,0,0,0.0,0.0,0.0,0.0,0.0,0.0,0.0,0.0,0.0,1.0,0.0,1.0,0,0,0.0,0.0,0.0,0.0,0.0,0.0,0.0,0.0,0.0,0.0,0.0,0.0
0.0019105263157894738,production,0.0,22.860970058327517,1093.5287790812765,2.411203840505946e+17,1.6622801186701512,1093.5287790812765,13560000.0,1500.0,0.7290191860541844,3.9864160615584106,66.0246975661832,16.56242011536853,3.162275785782876,0.3,74.71559874685101,0.0,2000000.0,0.0,0.0,0.0,3.8525825020286497,45.856102288747564,-0.0,8.0,0.0,0.0,7.982982323763902,340.0,6.517510104506275e+17,1.671013908718912,765.4701453568936,350.0,7.875460852671778,1.6297637358893799e+21,0.0,0.33333333333333337,1.1903326437605013e-05,74.71559874685101,bohm,0.18,1.0,0.05555555555555556,0.0,0,0,0,0,1.0424350858391701e+17,1.644078325047158,328.05863372438296,340.0,7.982982323763902,1.7006031059144055e+21,0.0,1.0,2.9522688882446316e-05,48.56513918545316,bohm,0.4814,1.0,0.06231823847112588,0.0,0,0,0,0,1.2671360147725271e+20,0.0,0.0,0.047613194931495836,6.174507858131482,0.0,9.332609661812592e-05,1.2671360147725271e+20,0.0,0.0,1.0,1.0,0.0,1.0,0,0,0.0,0.0,0.0,0.0,0.0,0.0,0.0,0.0,0.0,1.0,0.0,1.0,0,0,0.0,0.0,0.0,0.0,0.0,0.0,0.0,0.0,0.0,1.0,0.0,1.0,0,0,0.0,0.0,0.0,0.0,0.0,0.0,0.0,0.0,0.0,0.0,0.0,0.0
0.001923684210526316,production,0.0,22.860792931291297,1093.5179345688548,2.4111811949835824e+17,1.6622959205490666,1093.5179345688548,13560000.0,1500.0,0.7290119563792365,3.9864229981970034,66.02442762573689,16.562323580713514,3.1622757855320174,0.3,74.71574749671768,0.0,2000000.0,0.0,0.0,0.0,3.852600828261772,45.8563424282336,-0.0,8.0,0.0,0.0,7.98285235323663,340.0,6.517449274572019e+17,1.671036073462906,765.4625541981983,350.0,7.874520616508364,1.629569161523388e+21,0.0,0.33333333333333337,1.1903460931151885e-05,74.71574749671768,bohm,0.18,1.0,0.05555555555555556,0.0,0,0,0,0,1.0424251684541037e+17,1.6440808630108747,328.05538037065645,340.0,7.98285235323663,1.7005754184821412e+21,0.0,1.0,2.952285210521875e-05,48.565235872866495,bohm,0.4814,1.0,0.06231823847112588,0.0,0,0,0,0,1.2671249376858687e+20,0.0,0.0,0.04761268087226955,6.174495447226048,0.0,9.3326608462067e-05,1.2671249376858687e+20,0.0,0.0,1.0,1.0,0.0,1.0,0,0,0.0,0.0,0.0,0.0,0.0,0.0,0.0,0.0,0.0,1.0,0.0,1.0,0,0,0.0,0.0,0.0,0.0,0.0,0.0,0.0,0.0,0.0,1.0,0.0,1.0,0,0,0.0,0.0,0.0,0.0,0.0,0.0,0.0,0.0,0.0,0.0,0.0,0.0
0.001936842105263158,production,0.0,22.86061577446493,1093.5070882325467,2.41115854260744e+17,1.6623117256462852,1093.5070882325467,13560000.0,1500.0,0.7290047254883645,3.9864299374617937,66.02415764973378,16.562227026564056,3.162275785281034,0.3,74.71589628056739,0.0,2000000.0,0.0,0.0,0.0,3.8526191579823617,45.85658261173968,-0.0,8.0,0.0,0.0,7.982722373499741,340.0,6.517388422459763e+17,1.6710582428543623,765.4549617627827,350.0,7.873580419928988,1.6293745953489963e+21,0.0,0.33333333333333337,1.1903595462495912e-05,74.71589628056739,bohm,0.18,1.0,0.05555555555555556,0.0,0,0,0,0,1.0424152493233326e+17,1.6440834012410888,328.052126469764,340.0,7.982722373499741,1.7005477290879657e+21,0.0,1.0,2.952301535730798e-05,48.565332582368804,bohm,0.4814,1.0,0.06231823847112588,0.0,0,0,0,0,1.267113858560541e+20,0.0,0.0,0.04761216679665189,6.174483035919135,0.0,9.332712039821651e-05,1.267113858560541e+20,0.0,0.0,1.0,1.0,0.0,1.0,0,0,0.0,0.0,0.0,0.0,0.0,0.0,0.0,0.0,0.0,1.0,0.0,1.0,0,0,0.0,0.0,0.0,0.0,0.0,0.0,0.0,0.0,0.0,1.0,0.0,1.0,0,0,0.0,0.0,0.0,0.0,0.0,0.0,0.0,0.0,0.0,0.0,0.0,0.0
0.0019500000000000001,production,0.0,22.860438587850165,1093.4962400724592,2.411135883377136e+17,1.6623275339627221,1093.4962400724592,13560000.0,1500.0,0.7289974933816394,3.9864368793530955,66.02388763817834,16.562130452920265,3.162275785029926,0.3,74.71604509841629,0.0,2000000.0,0.0,0.0,0.0,3.852637491190399,45.85682283926572,-0.0,8.0,0.0,0.0,7.982592384554071,340.0,6.517327548167708e+17,1.671080416894669,765.4473680507214,350.0,7.872640262934078,1.629180037366294e+21,0.0,0.33333333333333337,1.1903730031644866e-05,74.71604509841629,bohm,0.18,1.0,0.05555555555555556,0.0,0,0,0,0,1.0424053284469456e+17,1.6440859397378047,328.04887202173774,340.0,7.982592384554071,1.7005200377320568e+21,0.0,1.0,2.9523178638713975e-05,48.56542931397059,bohm,0.4814,1.0,0.06231823847112588,0.0,0,0,0,0,1.2671027773966454e+20,0.0,0.0,0.047611652704644514,6.174470624210787,0.0,9.332763242657432e-05,1.2671027773966454e+20,0.0,0.0,1.0,1.0,0.0,1.0,0,0,0.0,0.0,0.0,0.0,0.0,0.0,0.0,0.0,0.0,1.0,0.0,1.0,0,0,0.0,0.0,0.0,0.0,0.0,0.0,0.0,0.0,0.0,1.0,0.0,1.0,0,0,0.0,0.0,0.0,0.0,0.0,0.0,0.0,0.0,0.0,0.0,0.0,0.0
0.001963157894736842,production,0.0,22.860261371448743,1093.4853900886983,2.411113217292287e+17,1.6623433454992973,1093.4853900886985,13560000.0,1500.0,0.7289902600591324,3.9864438238712236,66.023617591075,16.56203385978224,3.162275784778693,0.3,74.71619395028054,0.0,2000000.0,0.0,0.0,0.0,3.852655827885865,45.85706311081163,-0.0,8.0,0.0,0.0,7.982462386400443,340.0,6.517266651694053e+17,1.6711025955852188,765.4397730620889,350.0,7.871700145524066,1.6289854875753704e+21,0.0,0.33333333333333337,1.190386463860655e-05,74.71619395028054,bohm,0.18,1.0,0.05555555555555556,0.0,0,0,0,0,1.0423954058250315e+17,1.6440884785010297,328.04561702660953,340.0,7.982462386400443,1.7004923444145902e+21,0.0,1.0,2.952334194943674e-05,48.565526067682356,bohm,0.4814,1.0,0.06231823847112588,0.0,0,0,0,0,1.2670916941942846e+20,0.0,0.0,0.04761113859624919,6.174458212101042,0.0,9.332814454714046e-05,1.2670916941942846e+20,0.0,0.0,1.0,1.0,0.0,1.0,0,0,0.0,0.0,0.0,0.0,0.0,0.0,0.0,0.0,0.0,1.0,0.0,1.0,0,0,0.0,0.0,0.0,0.0,0.0,0.0,0.0,0.0,0.0,1.0,0.0,1.0,0,0,0.0,0.0,0.0,0.0,0.0,0.0,0.0,0.0,0.0,0.0,0.0,0.0
0.001976315789473684,production,0.0,22.860084125262404,1093.4745382813717,2.4110905443525104e+17,1.6623591602569272,1093.4745382813717,13560000.0,1500.0,0.7289830255209144,3.986450771016491,66.02334750842822,16.56193724715009,3.162275784527334,0.3,74.71634283617632,0.0,2000000.0,0.0,0.0,0.0,3.8526741680687397,45.857303426377285,-0.0,8.0,0.0,0.0,7.982332379039693,340.0,6.517205733037004e+17,1.6711247789274006,765.4321767969601,350.0,7.870760067699384,1.6287909459763142e+21,0.0,0.33333333333333337,1.1903999283388746e-05,74.71634283617632,bohm,0.18,1.0,0.05555555555555556,0.0,0,0,0,0,1.0423854814576792e+17,1.6440910175307715,328.0423614844115,340.0,7.982332379039693,1.7004646491357438e+21,0.0,1.0,2.952350528947628e-05,48.56562284351461,bohm,0.4814,1.0,0.06231823847112588,0.0,0,0,0,0,1.2670806089535617e+20,0.0,0.0,0.04761062447146768,6.174445799589938,0.0,9.332865675991488e-05,1.2670806089535617e+20,0.0,0.0,1.0,1.0,0.0,1.0,0,0,0.0,0.0,0.0,0.0,0.0,0.0,0.0,0.0,0.0,1.0,0.0,1.0,0,0,0.0,0.0,0.0,0.0,0.0,0.0,0.0,0.0,0.0,1.0,0.0,1.0,0,0,0.0,0.0,0.0,0.0,0.0,0.0,0.0,0.0,0.0,0.0,0.0,0.0
0.001989473684210526,production,0.0,22.8599068492929,1093.4636846505857,2.4110678645574234e+17,1.662374978236531,1093.4636846505857,13560000.0,1500.0,0.7289757897670571,3.9864577207892107,66.02307739024248,16.56184061502393,3.16227578427585,0.3,74.7164917561198,0.0,2000000.0,0.0,0.0,0.0,3.8526925117390016,45.85754378596265,-0.0,8.0,0.0,0.0,7.9822023624726475,340.0,6.51714479219476e+17,1.6711469669226073,765.42457925541,350.0,7.86982002946046,1.628596412569215e+21,0.0,0.33333333333333337,1.1904133965999247e-05,74.7164917561198,bohm,0.18,1.0,0.05555555555555556,0.0,0,0,0,0,1.042375555344978e+17,1.6440935568270365,328.0391053951757,340.0,7.9822023624726475,1.7004369518956936e+21,0.0,1.0,2.9523668658832593e-05,48.56571964147787,bohm,0.4814,1.0,0.06231823847112588,0.0,0,0,0,0,1.2670695216745791e+20,0.0,0.0,0.04761011033030167,6.174433386677524,0.0,9.332916906489757e-05,1.2670695216745791e+20,0.0,0.0,1.0,1.0,0.0,1.0,0,0,0.0,0.0,0.0,0.0,0.0,0.0,0.0,0.0,0.0,1.0,0.0,1.0,0,0,0.0,0.0,0.0,0.0,0.0,0.0,0.0,0.0,0.0,1.0,0.0,1.0,0,0,0.0,0.0,0.0,0.0,0.0,0.0,0.0,0.0,0.0,0.0,0.0,0.0
0.0020026315789473683,production,0.0,22.859729543541974,1093.4528291964475,2.411045177906644e+17,1.6623907994390272,1093.4528291964475,13560000.0,1500.0,0.7289685527976317,3.9864646731896975,66.02280723652218,16.561743963403853,3.1622757840242417,0.3,74.71664071012715,0.0,2000000.0,0.0,0.0,0.0,3.852710858896631,45.857784189567596,-0.0,8.0,0.0,0.0,7.982072336700137,340.0,6.517083829165524e+17,1.6711691595722309,765.4169804375132,350.0,7.868880030807726,1.6284018873541615e+21,0.0,0.33333333333333337,1.1904268686445856e-05,74.71664071012715,bohm,0.18,1.0,0.05555555555555556,0.0,0,0,0,0,1.0423656274870174e+17,1.6440960963898301,328.03584875893426,340.0,7.982072336700137,1.7004092526946164e+21,0.0,1.0,2.9523832057505654e-05,48.56581646158265,bohm,0.4814,1.0,0.06231823847112588,0.0,0,0,0,0,1.2670584323574407e+20,0.0,0.0,0.0476095961727529,6.174420973363835,0.0,9.33296814620884e-05,1.2670584323574407e+20,0.0,0.0,1.0,1.0,0.0,1.0,0,0,0.0,0.0,0.0,0.0,0.0,0.0,0.0,0.0,0.0,1.0,0.0,1.0,0,0,0.0,0.0,0.0,0.0,0.0,0.0,0.0,0.0,0.0,1.0,0.0,1.0,0,0,0.0,0.0,0.0,0.0,0.0,0.0,0.0,0.0,0.0,0.0,0.0,0.0
0.002015789473684211,production,0.0,22.85955220801139,1093.4419719190648,2.4110224843997923e+17,1.6624066238653334,1093.4419719190648,13560000.0,1500.0,0.7289613146127099,3.9864716282182635,66.02253704727184,16.561647292289983,3.162275783772507,0.3,74.71678969821457,0.0,2000000.0,0.0,0.0,0.0,3.8527292095416055,45.85802463719199,-0.0,8.0,0.0,0.0,7.981942301722988,340.0,6.517022843947508e+17,1.6711913568776624,765.4093803433453,350.0,7.867940071741608,1.628207370331242e+21,0.0,0.33333333333333337,1.190440344473635e-05,74.71678969821457,bohm,0.18,1.0,0.05555555555555556,0.0,0,0,0,0,1.0423556978838869e+17,1.6440986362191607,328.03259157571944,340.0,7.981942301722988,1.7003815515326885e+21,0.0,1.0,2.9523995485495464e-05,48.56591330383947,bohm,0.4814,1.0,0.06231823847112588,0.0,0,0,0,0,1.2670473410022493e+20,0.0,0.0,0.04760908199882304,6.174408559648911,0.0,9.333019395148737e-05,1.2670473410022493e+20,0.0,0.0,1.0,1.0,0.0,1.0,0,0,0.0,0.0,0.0,0.0,0.0,0.0,0.0,0.0,0.0,1.0,0.0,1.0,0,0,0.0,0.0,0.0,0.0,0.0,0.0,0.0,0.0,0.0,1.0,0.0,1.0,0,0,0.0,0.0,0.0,0.0,0.0,0.0,0.0,0.0,0.0,0.0,0.0,0.0
0.002028947368421053,production,0.0,22.8593748427029,1093.431112818545,2.4109997840364854e+17,1.6624224515163708,1093.431112818545,13560000.0,1500.0,0.7289540752123633,3.986478585875223,66.02226682249591,16.561550601682427,3.162275783520647,0.3,74.71693872039828,0.0,2000000.0,0.0,0.0,0.0,3.852747563673905,45.85826512883578,-0.0,8.0,0.0,0.0,7.981812257542033,340.0,6.516961836538913e+17,1.6712135588402974,765.4017789729814,350.0,7.867000152262539,1.6280128615005466e+21,0.0,0.33333333333333337,1.1904538240878543e-05,74.71693872039828,bohm,0.18,1.0,0.05555555555555556,0.0,0,0,0,0,1.0423457665356762e+17,1.6441011763150342,328.0293338455635,340.0,7.981812257542033,1.7003538484100874e+21,0.0,1.0,2.952415894280201e-05,48.56601016825888,bohm,0.4814,1.0,0.06231823847112588,0.0,0,0,0,0,1.2670362476091089e+20,0.0,0.0,0.047608567808513864,6.1743961455328,0.0,9.33307065330944e-05,1.2670362476091089e+20,0.0,0.0,1.0,1.0,0.0,1.0,0,0,0.0,0.0,0.0,0.0,0.0,0.0,0.0,0.0,0.0,1.0,0.0,1.0,0,0,0.0,0.0,0.0,0.0,0.0,0.0,0.0,0.0,0.0,1.0,0.0,1.0,0,0,0.0,0.0,0.0,0.0,0.0,0.0,0.0,0.0,0.0,0.0,0.0,0.0
0.002042105263157895,production,0.0,22.85919744761826,1093.4202518949955,2.410977076816342e+17,1.662438282393058,1093.4202518949955,13560000.0,1500.0,0.7289468345966638,3.9864855461608895,66.02199656219886,16.561453891581298,3.162275783268662,0.3,74.71708777669443,0.0,2000000.0,0.0,0.0,0.0,3.8527659212935075,45.858505664498814,-0.0,8.0,0.0,0.0,7.981682204158098,340.0,6.516900806937944e+17,1.6712357654615266,765.3941763264968,350.0,7.86606027237095,1.6278183608621639e+21,0.0,0.33333333333333337,1.1904673074880224e-05,74.71708777669443,bohm,0.18,1.0,0.05555555555555556,0.0,0,0,0,0,1.0423358334424747e+17,1.6441037166774572,328.02607556849864,340.0,7.981682204158098,1.7003261433269888e+21,0.0,1.0,2.9524322429425272e-05,48.56610705485138,bohm,0.4814,1.0,0.06231823847112588,0.0,0,0,0,0,1.2670251521781224e+20,0.0,0.0,0.047608053601827016,6.174383731015533,0.0,9.333121920690942e-05,1.2670251521781224e+20,0.0,0.0,1.0,1.0,0.0,1.0,0,0,0.0,0.0,0.0,0.0,0.0,0.0,0.0,0.0,0.0,1.0,0.0,1.0,0,0,0.0,0.0,0.0,0.0,0.0,0.0,0.0,0.0,0.0,1.0,0.0,1.0,0,0,0.0,0.0,0.0,0.0,0.0,0.0,0.0,0.0,0.0,0.0,0.0,0.0
0.002055263157894737,production,0.0,22.85902002275924,1093.4093891485247,2.4109543627389814e+17,1.6624541164963158,1093.4093891485247,13560000.0,1500.0,0.7289395927656832,3.9864925090755765,66.02172626638519,16.561357161986713,3.1622757830165513,0.3,74.7172368671193,0.0,2000000.0,0.0,0.0,0.0,3.852784282400391,45.85874624418101,-0.0,8.0,0.0,0.0,7.981552141572012,340.0,6.516839755142807e+17,1.6712579767427476,765.3865724039673,350.0,7.86512043206727,1.6276238684161825e+21,0.0,0.33333333333333337,1.1904807946749204e-05,74.7172368671193,bohm,0.18,1.0,0.05555555555555556,0.0,0,0,0,0,1.0423258986043733e+17,1.6441062573064371,328.0228167445574,340.0,7.981552141572012,1.7002984362835695e+21,0.0,1.0,2.952448594536524e-05,48.566203963627544,bohm,0.4814,1.0,0.06231823847112588,0.0,0,0,0,0,1.2670140547093948e+20,0.0,0.0,0.04760753937876422,6.174371316097157,0.0,9.333173197293234e-05,1.2670140547093948e+20,0.0,0.0,1.0,1.0,0.0,1.0,0,0,0.0,0.0,0.0,0.0,0.0,0.0,0.0,0.0,0.0,1.0,0.0,1.0,0,0,0.0,0.0,0.0,0.0,0.0,0.0,0.0,0.0,0.0,1.0,0.0,1.0,0,0,0.0,0.0,0.0,0.0,0.0,0.0,0.0,0.0,0.0,0.0,0.0,0.0
0.002068421052631579,production,0.0,22.858842568127592,1093.3985245792405,2.410931641804023e+17,1.662469953827063,1093.3985245792405,13560000.0,1500.0,0.7289323497194937,3.986499474619598,66.02145593505938,16.56126041289879,3.162275782764315,0.3,74.71738599168906,0.0,2000000.0,0.0,0.0,0.0,3.852802646994534,45.858986867882244,-0.0,8.0,0.0,0.0,7.981422069784603,340.0,6.516778681151708e+17,1.6712801926853522,765.3789672054684,350.0,7.864180631351927,1.6274293841626918e+21,0.0,0.33333333333333337,1.1904942856493279e-05,74.71738599168906,bohm,0.18,1.0,0.05555555555555556,0.0,0,0,0,0,1.0423159620214616e+17,1.6441087982019797,328.01955737377216,340.0,7.981422069784603,1.7002707272800057e+21,0.0,1.0,2.9524649490621892e-05,48.56630089459789,bohm,0.4814,1.0,0.06231823847112588,0.0,0,0,0,0,1.2670029552030297e+20,0.0,0.0,0.047607025139327165,6.174358900777711,0.0,9.33322448311631e-05,1.2670029552030297e+20,0.0,0.0,1.0,1.0,0.0,1.0,0,0,0.0,0.0,0.0,0.0,0.0,0.0,0.0,0.0,0.0,1.0,0.0,1.0,0,0,0.0,0.0,0.0,0.0,0.0,0.0,0.0,0.0,0.0,1.0,0.0,1.0,0,0,0.0,0.0,0.0,0.0,0.0,0.0,0.0,0.0,0.0,0.0,0.0,0.0
0.0020815789473684213,production,0.0,22.858665083725104,1093.3876581872514,2.4109089140110848e+17,1.6624857943862221,1093.3876581872514,13560000.0,1500.0,0.7289251054581676,3.986506442793268,66.0211855682259,16.561163644317638,3.162275782511953,0.3,74.71753515041996,0.0,2000000.0,0.0,0.0,0.0,3.8528210150759135,45.85922753560238,-0.0,8.0,0.0,0.0,7.981291988796702,340.0,6.516717584962849e+17,1.6713024132907375,765.3713607310759,350.0,7.863240870225352,1.6272349081017802e+21,0.0,0.33333333333333337,1.1905077804120269e-05,74.71753515041996,bohm,0.18,1.0,0.05555555555555556,0.0,0,0,0,0,1.04230602369383e+17,1.644111339364093,328.01629745617544,340.0,7.981291988796702,1.7002430163164744e+21,0.0,1.0,2.952481306519521e-05,48.566397847772976,bohm,0.4814,1.0,0.06231823847112588,0.0,0,0,0,0,1.2669918536591317e+20,0.0,0.0,0.047606510883517535,6.1743464850572325,0.0,9.333275778160157e-05,1.2669918536591317e+20,0.0,0.0,1.0,1.0,0.0,1.0,0,0,0.0,0.0,0.0,0.0,0.0,0.0,0.0,0.0,0.0,1.0,0.0,1.0,0,0,0.0,0.0,0.0,0.0,0.0,0.0,0.0,0.0,0.0,1.0,0.0,1.0,0,0,0.0,0.0,0.0,0.0,0.0,0.0,0.0,0.0,0.0,0.0,0.0,0.0
0.0020947368421052634,production,0.0,22.858487569553535,1093.3767899726654,2.4108861793597866e+17,1.6625016381747144,1093.3767899726654,13560000.0,1500.0,0.7289178599817769,3.9865134135968994,66.02091516588929,16.561066856243386,3.162275782259466,0.3,74.71768434332824,0.0,2000000.0,0.0,0.0,0.0,3.852839386644508,45.85946824734133,-0.0,8.0,0.0,0.0,7.981161898609137,340.0,6.516656466574438e+17,1.6713246385602991,765.3637529808657,350.0,7.862301148687976,1.6270404402335373e+21,0.0,0.33333333333333337,1.1905212789637975e-05,74.71768434332824,bohm,0.18,1.0,0.05555555555555556,0.0,0,0,0,0,1.0422960836215693e+17,1.6441138807927833,328.0130369917996,340.0,7.981161898609137,1.700215303393152e+21,0.0,1.0,2.9524976669085173e-05,48.56649482316336,bohm,0.4814,1.0,0.06231823847112588,0.0,0,0,0,0,1.2669807500778057e+20,0.0,0.0,0.047605996611337055,6.174334068935766,0.0,9.33332708242477e-05,1.2669807500778057e+20,0.0,0.0,1.0,1.0,0.0,1.0,0,0,0.0,0.0,0.0,0.0,0.0,0.0,0.0,0.0,0.0,1.0,0.0,1.0,0,0,0.0,0.0,0.0,0.0,0.0,0.0,0.0,0.0,0.0,1.0,0.0,1.0,0,0,0.0,0.0,0.0,0.0,0.0,0.0,0.0,0.0,0.0,0.0,0.0,0.0
0.0021078947368421055,production,0.0,22.858310025614657,1093.3659199355914,2.4108634378497488e+17,1.6625174851934597,1093.3659199355914,13560000.0,1500.0,0.7289106132903942,3.9865203870308057,66.02064472805401,16.560970048676147,3.1622757820068523,0.3,74.71783357043012,0.0,2000000.0,0.0,0.0,0.0,3.8528577617002915,45.85970900309893,-0.0,8.0,0.0,0.0,7.98103179922274,340.0,6.516595325984685e+17,1.6713468684954327,765.3561439549139,350.0,7.861361466740231,1.6268459805580523e+21,0.0,0.33333333333333337,1.1905347813054203e-05,74.71783357043012,bohm,0.18,1.0,0.05555555555555556,0.0,0,0,0,0,1.0422861418047704e+17,1.6441164224880567,328.0097759806774,340.0,7.98103179922274,1.7001875885102158e+21,0.0,1.0,2.9525140302291743e-05,48.56659182077958,bohm,0.4814,1.0,0.06231823847112588,0.0,0,0,0,0,1.2669696444591561e+20,0.0,0.0,0.047605482322787385,6.17432165241335,0.0,9.333378395910133e-05,1.2669696444591561e+20,0.0,0.0,1.0,1.0,0.0,1.0,0,0,0.0,0.0,0.0,0.0,0.0,0.0,0.0,0.0,0.0,1.0,0.0,1.0,0,0,0.0,0.0,0.0,0.0,0.0,0.0,0.0,0.0,0.0,1.0,0.0,1.0,0,0,0.0,0.0,0.0,0.0,0.0,0.0,0.0,0.0,0.0,0.0,0.0,0.0
0.0021210526315789476,production,0.0,22.858132451910258,1093.3550480761382,2.4108406894805923e+17,1.6625333354433807,1093.3550480761382,13560000.0,1500.0,0.7289033653840922,3.986527363095301,66.02037425472462,16.56087322161605,3.1622757817541136,0.3,74.71798283174188,0.0,2000000.0,0.0,0.0,0.0,3.8528761402432417,45.85994980287506,-0.0,8.0,0.0,0.0,7.980901690638335,340.0,6.516534163191796e+17,1.6713691030975362,765.3485336532967,350.0,7.860421824382541,1.6266515290754132e+21,0.0,0.33333333333333337,1.1905482874376777e-05,74.71798283174188,bohm,0.18,1.0,0.05555555555555556,0.0,0,0,0,0,1.0422761982435245e+17,1.6441189644499206,328.00651442284146,340.0,7.980901690638335,1.7001598716678415e+21,0.0,1.0,2.9525303964814893e-05,48.566688840632224,bohm,0.4814,1.0,0.06231823847112588,0.0,0,0,0,0,1.266958536803289e+20,0.0,0.0,0.04760496801787017,6.174309235490023,0.0,9.333429718616233e-05,1.266958536803289e+20,0.0,0.0,1.0,1.0,0.0,1.0,0,0,0.0,0.0,0.0,0.0,0.0,0.0,0.0,0.0,0.0,1.0,0.0,1.0,0,0,0.0,0.0,0.0,0.0,0.0,0.0,0.0,0.0,0.0,1.0,0.0,1.0,0,0,0.0,0.0,0.0,0.0,0.0,0.0,0.0,0.0,0.0,0.0,0.0,0.0
0.0021342105263157897,production,0.0,22.85795484844211,1093.344174394415,2.410817934251936e+17,1.6625491889253994,1093.344174394415,13560000.0,1500.0,0.7288961162629433,3.9865343417906995,66.02010374590556,16.560776375063206,3.1622757815012488,0.3,74.71813212727976,0.0,2000000.0,0.0,0.0,0.0,3.8528945222733366,45.86019064666959,-0.0,8.0,0.0,0.0,7.980771572856756,340.0,6.516472978193979e+17,1.6713913423680062,765.3409220760905,350.0,7.859482221615343,1.6264570857857103e+21,0.0,0.33333333333333337,1.1905617973613507e-05,74.71813212727976,bohm,0.18,1.0,0.05555555555555556,0.0,0,0,0,0,1.042266252937922e+17,1.644121506678381,328.0032523183245,340.0,7.980771572856756,1.7001321528662064e+21,0.0,1.0,2.9525467656654598e-05,48.56678588273184,bohm,0.4814,1.0,0.06231823847112588,0.0,0,0,0,0,1.2669474271103081e+20,0.0,0.0,0.04760445369658715,6.1742968181658275,0.0,9.333481050543063e-05,1.2669474271103081e+20,0.0,0.0,1.0,1.0,0.0,1.0,0,0,0.0,0.0,0.0,0.0,0.0,0.0,0.0,0.0,0.0,1.0,0.0,1.0,0,0,0.0,0.0,0.0,0.0,0.0,0.0,0.0,0.0,0.0,1.0,0.0,1.0,0,0,0.0,0.0,0.0,0.0,0.0,0.0,0.0,0.0,0.0,0.0,0.0,0.0
0.0021473684210526318,production,0.0,22.857777215212003,1093.3332988905308,2.410795172163401e+17,1.6625650456404386,1093.3332988905308,13560000.0,1500.0,0.7288888659270205,3.986541323117314,66.01983320160143,16.560679509017753,3.1622757812482583,0.3,74.71828145706003,0.0,2000000.0,0.0,0.0,0.0,3.8529129077905506,45.86043153448235,-0.0,8.0,0.0,0.0,7.9806414458788275,340.0,6.51641177098944e+17,1.6714135863082416,765.3333092233715,350.0,7.858542658439062,1.6262626506890315e+21,0.0,0.33333333333333337,1.1905753110772213e-05,74.71828145706003,bohm,0.18,1.0,0.05555555555555556,0.0,0,0,0,0,1.0422563058880544e+17,1.6441240491734452,327.99998966715924,340.0,7.9806414458788275,1.7001044321054865e+21,0.0,1.0,2.9525631377810822e-05,48.56688294708902,bohm,0.4814,1.0,0.06231823847112588,0.0,0,0,0,0,1.2669363153803198e+20,0.0,0.0,0.04760393935893997,6.174284400440799,0.0,9.333532391690607e-05,1.2669363153803198e+20,0.0,0.0,1.0,1.0,0.0,1.0,0,0,0.0,0.0,0.0,0.0,0.0,0.0,0.0,0.0,0.0,1.0,0.0,1.0,0,0,0.0,0.0,0.0,0.0,0.0,0.0,0.0,0.0,0.0,1.0,0.0,1.0,0,0,0.0,0.0,0.0,0.0,0.0,0.0,0.0,0.0,0.0,0.0,0.0,0.0
0.002160526315789474,production,0.0,22.857599552221718,1093.322421564595,2.410772403214607e+17,1.6625809055894214,1093.322421564595,13560000.0,1500.0,0.7288816143763966,3.9865483070754593,66.0195626218167,16.56058262347981,3.1622757809951416,0.3,74.71843082109898,0.0,2000000.0,0.0,0.0,0.0,3.85293129679486,45.860672466313275,-0.0,8.0,0.0,0.0,7.98051130970538,340.0,6.516350541576389e+17,1.6714358349196408,765.3256950952165,350.0,7.8576031348541315,1.6260682237854663e+21,0.0,0.33333333333333337,1.1905888285860712e-05,74.71843082109898,bohm,0.18,1.0,0.05555555555555556,0.0,0,0,0,0,1.0422463570940134e+17,1.6441265919351202,327.99672646937853,340.0,7.98051130970538,1.7000767093858587e+21,0.0,1.0,2.9525795128283537e-05,48.56698003371434,bohm,0.4814,1.0,0.06231823847112588,0.0,0,0,0,0,1.26692520161343e+20,0.0,0.0,0.04760342500493031,6.174271982314982,0.0,9.333583742058855e-05,1.26692520161343e+20,0.0,0.0,1.0,1.0,0.0,1.0,0,0,0.0,0.0,0.0,0.0,0.0,0.0,0.0,0.0,0.0,1.0,0.0,1.0,0,0,0.0,0.0,0.0,0.0,0.0,0.0,0.0,0.0,0.0,1.0,0.0,1.0,0,0,0.0,0.0,0.0,0.0,0.0,0.0,0.0,0.0,0.0,0.0,0.0,0.0
0.002173684210526316,production,0.0,22.857421859473053,1093.3115424167172,2.410749627405177e+17,1.66259676877327,1093.3115424167174,13560000.0,1500.0,0.7288743616111449,3.9865552936654476,66.01929200655593,16.56048571844951,3.1622757807418993,0.3,74.71858021941284,0.0,2000000.0,0.0,0.0,0.0,3.8529496892862394,45.86091344216215,-0.0,8.0,0.0,0.0,7.980381164337245,340.0,6.516289289953036e+17,1.6714580882036019,765.3180796917021,350.0,7.856663650860979,1.6258738050751034e+21,0.0,0.33333333333333337,1.1906023498886824e-05,74.71858021941284,bohm,0.18,1.0,0.05555555555555556,0.0,0,0,0,0,1.0422364065558906e+17,1.644129134963413,327.9934627250152,340.0,7.980381164337245,1.7000489847074996e+21,0.0,1.0,2.9525958908072703e-05,48.56707714261835,bohm,0.4814,1.0,0.06231823847112588,0.0,0,0,0,0,1.2669140858097446e+20,0.0,0.0,0.0476029106345598,6.174259563788414,0.0,9.333635101647786e-05,1.2669140858097446e+20,0.0,0.0,1.0,1.0,0.0,1.0,0,0,0.0,0.0,0.0,0.0,0.0,0.0,0.0,0.0,0.0,1.0,0.0,1.0,0,0,0.0,0.0,0.0,0.0,0.0,0.0,0.0,0.0,0.0,1.0,0.0,1.0,0,0,0.0,0.0,0.0,0.0,0.0,0.0,0.0,0.0,0.0,0.0,0.0,0.0
0.002186842105263158,production,0.0,22.857244136967786,1093.3006614470073,2.4107268447347296e+17,1.662612635192909,1093.3006614470073,13560000.0,1500.0,0.7288671076313382,3.9865622828875944,66.01902135582364,16.560388793926972,3.162275780488531,0.3,74.71872965201797,0.0,2000000.0,0.0,0.0,0.0,3.8529680852646644,45.861154462028864,-0.0,8.0,0.0,0.0,7.980251009775247,340.0,6.516228016117585e+17,1.6714803461615264,765.3104630129051,350.0,7.8557242064600326,1.6256793945580317e+21,0.0,0.33333333333333337,1.1906158749858385e-05,74.71872965201797,bohm,0.18,1.0,0.05555555555555556,0.0,0,0,0,0,1.0422264542737776e+17,1.6441316782583297,327.9901984341022,340.0,7.980251009775247,1.7000212580705858e+21,0.0,1.0,2.9526122717178272e-05,48.56717427381168,bohm,0.4814,1.0,0.06231823847112588,0.0,0,0,0,0,1.2669029679693693e+20,0.0,0.0,0.04760239624783012,6.174247144861133,0.0,9.33368647045739e-05,1.2669029679693693e+20,0.0,0.0,1.0,1.0,0.0,1.0,0,0,0.0,0.0,0.0,0.0,0.0,0.0,0.0,0.0,0.0,1.0,0.0,1.0,0,0,0.0,0.0,0.0,0.0,0.0,0.0,0.0,0.0,0.0,1.0,0.0,1.0,0,0,0.0,0.0,0.0,0.0,0.0,0.0,0.0,0.0,0.0,0.0,0.0,0.0
0.0022,afterglow,0.0,5.0,0.0,2.4107040551886243e+17,1.6626226122509535,0.0,13560000.0,0.0,0.0,1.0,0.0,0.0,0.0,0.0,0.0,0.0,2000000.0,0.0,0.0,0.0,3.8529864847410473,45.861348245077686,-0.0,8.0,0.0,0.0,7.980120846020209,340.0,6.51616672002895e+17,1.6714965047632944,0.0,350.0,7.854784801651786,1.625484992234353e+21,0.0,0.33333333333333337,1.1906272298960602e-05,35.0,bohm,0.18,1.0,0.05555555555555556,0.0,0,0,0,0,1.0422165002418496e+17,1.644128769863884,0.0,340.0,7.980120846020209,1.6999935294752917e+21,0.0,1.0,2.9526237600998255e-05,35.0,bohm,0.4814,1.0,0.06231823847112588,0.0,0,0,0,0,1.266889747574129e+20,0.0,0.0,0.047601807445911304,6.174232929308089,0.0,9.33372326042593e-05,1.266889747574129e+20,0.0,0.0,1.0,1.0,0.0,1.0,0,0,0.0,0.0,0.0,0.0,0.0,0.0,0.0,0.0,0.0,1.0,0.0,1.0,0,0,0.0,0.0,0.0,0.0,0.0,0.0,0.0,0.0,0.0,1.0,0.0,1.0,0,0,0.0,0.0,0.0,0.0,0.0,0.0,0.0,0.0,0.0,0.0,0.0,0.0
0.002213793103448276,afterglow,0.0,5.0,0.0,1.895444095979111e+17,1.1468178286251844,0.0,13560000.0,0.0,0.0,1.0,0.0,0.0,0.0,0.0,0.0,0.0,2000000.0,0.0,0.0,0.0,4.303977789470966,46.13415953523738,-0.0,8.0,0.0,0.0,7.9800131485287364,340.0,5.0760472210126144e+17,1.1480520125261784,0.0,350.0,7.854023703721975,1.6253274890953404e+21,0.0,0.33333333333333337,1.117987952028852e-05,35.0,bohm,0.18,1.0,0.05555555555555556,0.0,0,0,0,0,8.352430543012762e+16,1.1443176478979116,0.0,340.0,7.9800131485287364,1.6999705868354273e+21,0.0,1.0,2.751604617330262e-05,35.0,bohm,0.4814,1.0,0.06231823847112588,0.0,0,0,0,0,8.470306648108176e+19,0.0,0.0,0.04491242193358089,6.109223939254789,0.0,8.80650961088831e-05,8.470306648108176e+19,0.0,0.0,1.0,1.0,0.0,1.0,0,0,0.0,0.0,0.0,0.0,0.0,0.0,0.0,0.0,0.0,1.0,0.0,1.0,0,0,0.0,0.0,0.0,0.0,0.0,0.0,0.0,0.0,0.0,1.0,0.0,1.0,0,0,0.0,0.0,0.0,0.0,0.0,0.0,0.0,0.0,0.0,0.0,0.0,0.0
0.0022275862068965517,afterglow,0.0,5.0,0.0,1.4932888008164525e+17,1.0855380834989046,0.0,13560000.0,0.0,0.0,1.0,0.0,0.0,0.0,0.0,0.0,0.0,2000000.0,0.0,0.0,0.0,4.804765805471381,50.75530753843265,-0.0,8.0,0.0,0.0,7.979930481576507,340.0,3.962536480381272e+17,1.0870372780692668,0.0,350.0,7.853457149566889,1.6252102452370255e+21,0.0,0.33333333333333337,1.2312741171707306e-05,35.0,bohm,0.18,1.0,0.05555555555555556,0.0,0,0,0,0,6.7020624096151256e+16,1.0825834640533412,0.0,340.0,7.979930481576507,1.699952976414908e+21,0.0,1.0,2.9877594508148245e-05,35.0,bohm,0.4814,1.0,0.06231823847112588,0.0,0,0,0,0,6.610771175419917e+19,0.0,0.0,0.04887811508218505,6.205029376563612,0.0,9.584209241925791e-05,6.610771175419917e+19,0.0,0.0,1.0,1.0,0.0,1.0,0,0,0.0,0.0,0.0,0.0,0.0,0.0,0.0,0.0,0.0,1.0,0.0,1.0,0,0,0.0,0.0,0.0,0.0,0.0,0.0,0.0,0.0,0.0,1.0,0.0,1.0,0,0,0.0,0.0,0.0,0.0,0.0,0.0,0.0,0.0,0.0,0.0,0.0,0.0
0.002241379310344828,afterglow,0.0,5.0,0.0,1.182421394297149e+17,1.0476523259147141,0.0,13560000.0,0.0,0.0,1.0,0.0,0.0,0.0,0.0,0.0,0.0,2000000.0,0.0,0.0,0.0,5.351782054595969,56.02096296924638,-0.0,8.0,0.0,0.0,7.979864438228885,340.0,3.1090799870435034e+17,1.049047302439705,0.0,350.0,7.853017357919389,1.6251192338674242e+21,0.0,0.33333333333333337,1.3655284603107054e-05,35.0,bohm,0.18,1.0,0.05555555555555556,0.0,0,0,0,0,5.4020186338169736e+16,1.0449761080720654,0.0,340.0,7.979864438228885,1.6999389072966846e+21,0.0,1.0,3.2695976279365284e-05,35.0,bohm,0.4814,1.0,0.06231823847112588,0.0,0,0,0,0,5.2350667189660525e+19,0.0,0.0,0.05356971814665714,6.317931077994374,0.0,0.00010504243793059992,5.2350667189660525e+19,0.0,0.0,1.0,1.0,0.0,1.0,0,0,0.0,0.0,0.0,0.0,0.0,0.0,0.0,0.0,0.0,1.0,0.0,1.0,0,0,0.0,0.0,0.0,0.0,0.0,0.0,0.0,0.0,0.0,1.0,0.0,1.0,0,0,0.0,0.0,0.0,0.0,0.0,0.0,0.0,0.0,0.0,0.0,0.0,0.0
0.0022551724137931037,afterglow,0.0,5.0,0.0,9.393124116979726e+16,1.0242215746686516,0.0,13560000.0,0.0,0.0,1.0,0.0,0.0,0.0,0.0,0.0,0.0,2000000.0,0.0,0.0,0.0,5.952751320403102,61.961531512013806,-0.0,8.0,0.0,0.0,7.979810890198531,340.0,2.4473479928754832e+17,1.0253817458156231,0.0,350.0,7.852670736351337,1.6250475033017778e+21,0.0,0.33333333333333337,1.5216476355524602e-05,35.0,bohm,0.18,1.0,0.05555555555555556,0.0,0,0,0,0,4.366338846388023e+16,1.0220539748954602,0.0,340.0,7.979810890198531,1.6999275000377128e+21,0.0,1.0,3.5966432795966784e-05,35.0,bohm,0.4814,1.0,0.06231823847112588,0.0,0,0,0,0,4.1847287635966394e+19,0.0,0.0,0.05898538660037586,6.44766576617428,0.0,0.00011566255345020556,4.1847287635966394e+19,0.0,0.0,1.0,1.0,0.0,1.0,0,0,0.0,0.0,0.0,0.0,0.0,0.0,0.0,0.0,0.0,1.0,0.0,1.0,0,0,0.0,0.0,0.0,0.0,0.0,0.0,0.0,0.0,0.0,1.0,0.0,1.0,0,0,0.0,0.0,0.0,0.0,0.0,0.0,0.0,0.0,0.0,0.0,0.0,0.0
0.0022689655172413795,afterglow,0.0,5.0,0.0,7.477489270280202e+16,1.0096547413425967,0.0,13560000.0,0.0,0.0,1.0,0.0,0.0,0.0,0.0,0.0,0.0,2000000.0,0.0,0.0,0.0,6.615480585823494,68.61820728423163,-0.0,8.0,0.0,0.0,7.979766989918838,340.0,1.9303963205263613e+17,1.0106244373444329,0.0,350.0,7.852394325082915,1.6249903021969926e+21,0.0,0.33333333333333337,1.7009471710010268e-05,35.0,bohm,0.18,1.0,0.05555555555555556,0.0,0,0,0,0,3.535331291952398e+16,1.00788979822092,0.0,340.0,7.979766989918838,1.6999181480250224e+21,0.0,1.0,3.969269930085676e-05,35.0,bohm,0.4814,1.0,0.06231823847112588,0.0,0,0,0,0,3.364725228634541e+19,0.0,0.0,0.0651369032704575,6.594262997834977,0.0,0.0001277255679361857,3.364725228634541e+19,0.0,0.0,1.0,1.0,0.0,1.0,0,0,0.0,0.0,0.0,0.0,0.0,0.0,0.0,0.0,0.0,1.0,0.0,1.0,0,0,0.0,0.0,0.0,0.0,0.0,0.0,0.0,0.0,0.0,1.0,0.0,1.0,0,0,0.0,0.0,0.0,0.0,0.0,0.0,0.0,0.0,0.0,0.0,0.0,0.0
0.0022827586206896552,afterglow,0.0,5.0,0.0,5.961560445803055e+16,0.9982105419864198,0.0,13560000.0,0.0,0.0,1.0,0.0,0.0,0.0,0.0,0.0,0.0,2000000.0,0.0,0.0,0.0,7.347351923907478,75.98881768395448,-0.0,8.0,0.0,0.0,7.979730694984333,340.0,1.5247943915658298e+17,0.9992987286771594,0.0,350.0,7.852171807087544,1.6249442538747137e+21,0.0,0.33333333333333337,1.903098174081613e-05,35.0,bohm,0.18,1.0,0.05555555555555556,0.0,0,0,0,0,2.8660992891846412e+16,0.9962807868318817,0.0,340.0,7.979730694984333,1.6999104161679488e+21,0.0,1.0,4.382928943699126e-05,35.0,bohm,0.4814,1.0,0.06231823847112588,0.0,0,0,0,0,2.712033635598558e+19,0.0,0.0,0.07196265782330845,6.755980929748605,0.0,0.00014111068665514635,2.712033635598558e+19,0.0,0.0,1.0,1.0,0.0,1.0,0,0,0.0,0.0,0.0,0.0,0.0,0.0,0.0,0.0,0.0,1.0,0.0,1.0,0,0,0.0,0.0,0.0,0.0,0.0,0.0,0.0,0.0,0.0,1.0,0.0,1.0,0,0,0.0,0.0,0.0,0.0,0.0,0.0,0.0,0.0,0.0,0.0,0.0,0.0
0.002296551724137931,afterglow,0.0,5.0,0.0,4.7595532768787576e+16,0.9876578675626214,0.0,13560000.0,0.0,0.0,1.0,0.0,0.0,0.0,0.0,0.0,0.0,2000000.0,0.0,0.0,0.0,8.155465791158381,84.12080664147484,-0.0,8.0,0.0,0.0,7.979700477660516,340.0,1.205947935429028e+17,0.9888448016259073,0.0,350.0,7.851991239606843,1.62490688687646e+21,0.0,0.33333333333333337,2.12872203798134e-05,35.0,bohm,0.18,1.0,0.05555555555555556,0.0,0,0,0,0,2.3262445844082496e+16,0.9856068068204797,0.0,340.0,7.979700477660516,1.6999039790154347e+21,0.0,1.0,4.838863014124218e-05,35.0,bohm,0.4814,1.0,0.06231823847112588,0.0,0,0,0,0,2.1893751514857955e+19,0.0,0.0,0.07948750328963951,6.933114415909617,0.0,0.0001558666533931283,2.1893751514857955e+19,0.0,0.0,1.0,1.0,0.0,1.0,0,0,0.0,0.0,0.0,0.0,0.0,0.0,0.0,0.0,0.0,1.0,0.0,1.0,0,0,0.0,0.0,0.0,0.0,0.0,0.0,0.0,0.0,0.0,1.0,0.0,1.0,0,0,0.0,0.0,0.0,0.0,0.0,0.0,0.0,0.0,0.0,0.0,0.0,0.0
0.002310344827586207,afterglow,0.0,5.0,0.0,3.804823868560241e+16,0.9779277473780301,0.0,13560000.0,0.0,0.0,1.0,0.0,0.0,0.0,0.0,0.0,0.0,2000000.0,0.0,0.0,0.0,9.047619242762089,93.09211616824805,-0.0,8.0,0.0,0.0,7.979675131764423,340.0,9.549001969108763e+16,0.9791962770750284,0.0,350.0,7.851843454841501,1.6248763039993718e+21,0.0,0.33333333333333337,2.3805376438105e-05,35.0,bohm,0.18,1.0,0.05555555555555556,0.0,0,0,0,0,1.8900978350440668e+16,0.9757914924269336,0.0,340.0,7.979675131764423,1.6998985796160788e+21,0.0,1.0,5.341405378751123e-05,35.0,bohm,0.4814,1.0,0.06231823847112588,0.0,0,0,0,0,1.7700101665937357e+19,0.0,0.0,0.08778307615198011,7.127005492157707,0.0,0.00017213394807707858,1.7700101665937357e+19,0.0,0.0,1.0,1.0,0.0,1.0,0,0,0.0,0.0,0.0,0.0,0.0,0.0,0.0,0.0,0.0,1.0,0.0,1.0,0,0,0.0,0.0,0.0,0.0,0.0,0.0,0.0,0.0,0.0,1.0,0.0,1.0,0,0,0.0,0.0,0.0,0.0,0.0,0.0,0.0,0.0,0.0,0.0,0.0,0.0
0.002324137931034483,afterglow,0.0,5.0,0.0,3.04528864280641e+16,0.9689563884294048,0.0,13560000.0,0.0,0.0,1.0,0.0,0.0,0.0,0.0,0.0,0.0,2000000.0,0.0,0.0,0.0,10.032404243740517,102.9886518605714,-0.0,8.0,0.0,0.0,7.9796536980899635,340.0,7.569421904685352e+16,0.970291053232563,0.0,350.0,7.8517213396649765,1.624851033238711e+21,0.0,0.33333333333333337,2.661575714755689e-05,35.0,bohm,0.18,1.0,0.05555555555555556,0.0,0,0,0,0,1.537244222180096e+16,0.9667657495249135,0.0,340.0,7.9796536980899635,1.6998940136316034e+21,0.0,1.0,5.895333270222182e-05,35.0,bohm,0.4814,1.0,0.06231823847112588,0.0,0,0,0,0,1.4329019044023046e+19,0.0,0.0,0.09692834906793384,7.339085542736054,0.0,0.00019006743614730619,1.4329019044023046e+19,0.0,0.0,1.0,1.0,0.0,1.0,0,0,0.0,0.0,0.0,0.0,0.0,0.0,0.0,0.0,0.0,1.0,0.0,1.0,0,0,0.0,0.0,0.0,0.0,0.0,0.0,0.0,0.0,0.0,1.0,0.0,1.0,0,0,0.0,0.0,0.0,0.0,0.0,0.0,0.0,0.0,0.0,0.0,0.0,0.0
0.002337931034482759,afterglow,0.0,5.0,0.0,2.4401337156677988e+16,0.9606848111476329,0.0,13560000.0,0.0,0.0,1.0,0.0,0.0,0.0,0.0,0.0,0.0,2000000.0,0.0,0.0,0.0,11.119295364674045,113.90513595559067,-0.0,8.0,0.0,0.0,7.979635411886453,340.0,6.006315569498083e+16,0.9620717236232973,0.0,350.0,7.851619360953184,1.6248299295586318e+21,0.0,0.33333333333333337,2.975218187683539e-05,35.0,bohm,0.18,1.0,0.05555555555555556,0.0,0,0,0,0,1.251406431057704e+16,0.9584659119982781,0.0,340.0,7.979635411886453,1.6998901181482834e+21,0.0,1.0,6.505913918016581e-05,35.0,bohm,0.4814,1.0,0.06231823847112588,0.0,0,0,0,0,1.1614477605253601e+19,0.0,0.0,0.10701039575896946,7.570875423918923,0.0,0.00020983786857066097,1.1614477605253601e+19,0.0,0.0,1.0,1.0,0.0,1.0,0,0,0.0,0.0,0.0,0.0,0.0,0.0,0.0,0.0,0.0,1.0,0.0,1.0,0,0,0.0,0.0,0.0,0.0,0.0,0.0,0.0,0.0,0.0,1.0,0.0,1.0,0,0,0.0,0.0,0.0,0.0,0.0,0.0,0.0,0.0,0.0,0.0,0.0,0.0
0.0023517241379310346,afterglow,0.0,5.0,0.0,1.9573035418122604e+16,0.9530586271831614,0.0,13560000.0,0.0,0.0,1.0,0.0,0.0,0.0,0.0,0.0,0.0,2000000.0,0.0,0.0,0.0,12.31873825672055,125.94599425662983,-0.0,8.0,0.0,0.0,7.979619662115689,340.0,4.7704801340571304e+16,0.9544853472279674,0.0,350.0,7.851533205384108,1.6248121003515857e+21,0.0,0.33333333333333337,3.325238155017174e-05,35.0,bohm,0.18,1.0,0.05555555555555556,0.0,0,0,0,0,1.0195780110639704e+16,0.9508334779688946,0.0,340.0,7.979619662115689,1.6998867629975402e+21,0.0,1.0,7.178953990812568e-05,35.0,bohm,0.4814,1.0,0.06231823847112588,0.0,0,0,0,0,9.425093242101002e+18,0.0,0.0,0.11812520796166982,7.823983302073002,0.0,0.0002316334839335036,9.425093242101002e+18,0.0,0.0,1.0,1.0,0.0,1.0,0,0,0.0,0.0,0.0,0.0,0.0,0.0,0.0,0.0,0.0,1.0,0.0,1.0,0,0,0.0,0.0,0.0,0.0,0.0,0.0,0.0,0.0,0.0,1.0,0.0,1.0,0,0,0.0,0.0,0.0,0.0,0.0,0.0,0.0,0.0,0.0,0.0,0.0,0.0
0.0023655172413793103,afterglow,0.0,5.0,0.0,1.571565627471574e+16,0.9460276695601749,0.0,13560000.0,0.0,0.0,1.0,0.0,0.0,0.0,0.0,0.0,0.0,2000000.0,0.0,0.0,0.0,13.642249203017164,139.22635038495307,-0.0,8.0,0.0,0.0,7.979605959533009,340.0,3.792229407003008e+16,0.9474830857899432,0.0,350.0,7.8514595035024275,1.6247968483357004e+21,0.0,0.33333333333333337,3.715845088009502e-05,35.0,bohm,0.18,1.0,0.05555555555555556,0.0,0,0,0,0,8313443676277628.0,0.9438146787945043,0.0,340.0,7.979605959533009,1.6998838439562948e+21,0.0,1.0,7.920854804893945e-05,35.0,bohm,0.4814,1.0,0.06231823847112588,0.0,0,0,0,0,7.656623377535995e+18,0.0,0.0,0.1303786083287054,8.100100615499908,0.0,0.0002556617986816154,7.656623377535995e+18,0.0,0.0,1.0,1.0,0.0,1.0,0,0,0.0,0.0,0.0,0.0,0.0,0.0,0.0,0.0,0.0,1.0,0.0,1.0,0,0,0.0,0.0,0.0,0.0,0.0,0.0,0.0,0.0,0.0,1.0,0.0,1.0,0,0,0.0,0.0,0.0,0.0,0.0,0.0,0.0,0.0,0.0,0.0,0.0,0.0
0.002379310344827586,afterglow,0.0,5.0,0.0,1.263016846727543e+16,0.9395456640525391,0.0,13560000.0,0.0,0.0,1.0,0.0,0.0,0.0,0.0,0.0,0.0,2000000.0,0.0,0.0,0.0,15.1025247606408,153.8731211008386,-0.0,8.0,0.0,0.0,7.979593911643408,340.0,3.0170175104454376e+16,0.9410198834251527,0.0,350.0,7.851395618030389,1.6247836277474038e+21,0.0,0.33333333333333337,4.151735262283376e-05,35.0,bohm,0.18,1.0,0.05555555555555556,0.0,0,0,0,0,6783499588215781.0,0.9373600932157494,0.0,340.0,7.979593911643408,1.6998812774119076e+21,0.0,1.0,8.738673165625664e-05,35.0,bohm,0.4814,1.0,0.06231823847112588,0.0,0,0,0,0,6.226155965331963e+18,0.0,0.0,0.14388725641374295,8.400995382834363,0.0,0.0002821515798891815,6.226155965331963e+18,0.0,0.0,1.0,1.0,0.0,1.0,0,0,0.0,0.0,0.0,0.0,0.0,0.0,0.0,0.0,0.0,1.0,0.0,1.0,0,0,0.0,0.0,0.0,0.0,0.0,0.0,0.0,0.0,0.0,1.0,0.0,1.0,0,0,0.0,0.0,0.0,0.0,0.0,0.0,0.0,0.0,0.0,0.0,0.0,0.0
0.002393103448275862,afterglow,0.0,5.0,0.0,1.0159270367645918e+16,0.9335699264673839,0.0,13560000.0,0.0,0.0,1.0,0.0,0.0,0.0,0.0,0.0,0.0,2000000.0,0.0,0.0,0.0,16.71356262069523,170.0262237684277,-0.0,8.0,0.0,0.0,7.979583202991688,340.0,2.4020713358784428e+16,0.9350541716283571,0.0,350.0,7.851339480985316,1.6247720106341947e+21,0.0,0.33333333333333337,4.638148012682953e-05,35.0,bohm,0.18,1.0,0.05555555555555556,0.0,0,0,0,0,5538789370599750.0,0.9314242934791143,0.0,340.0,7.979583202991688,1.6998789961634173e+21,0.0,1.0,9.640188445991022e-05,35.0,bohm,0.4814,1.0,0.06231823847112588,0.0,0,0,0,0,5.067591431528644e+18,0.0,0.0,0.15877975776042055,8.728502289652088,0.0,0.00031135502020787436,5.067591431528644e+18,0.0,0.0,1.0,1.0,0.0,1.0,0,0,0.0,0.0,0.0,0.0,0.0,0.0,0.0,0.0,0.0,1.0,0.0,1.0,0,0,0.0,0.0,0.0,0.0,0.0,0.0,0.0,0.0,0.0,1.0,0.0,1.0,0,0,0.0,0.0,0.0,0.0,0.0,0.0,0.0,0.0,0.0,0.0,0.0,0.0
0.002406896551724138,afterglow,0.0,5.0,0.0,8178411500031612.0,0.928061083681802,0.0,13560000.0,0.0,0.0,1.0,0.0,0.0,0.0,0.0,0.0,0.0,2000000.0,0.0,0.0,0.0,18.49079483799944,187.83990746212694,-0.0,8.0,0.0,0.0,7.979573579606508,340.0,1.9137921668988708e+16,0.9295475975797097,0.0,350.0,7.851289468008126,1.6247616608479315e+21,0.0,0.33333333333333337,5.1809284918429085e-05,35.0,bohm,0.18,1.0,0.05555555555555556,0.0,0,0,0,0,4525241443712580.0,0.9259655206131875,0.0,340.0,7.979573579606508,1.6998769461076783e+21,0.0,1.0,0.0001063397654072221,35.0,bohm,0.4814,1.0,0.06231823847112588,0.0,0,0,0,0,4.128118221767877e+18,0.0,0.0,0.17519788665258212,9.084508899102477,0.0,0.0003435501357000075,4.128118221767877e+18,0.0,0.0,1.0,1.0,0.0,1.0,0,0,0.0,0.0,0.0,0.0,0.0,0.0,0.0,0.0,0.0,1.0,0.0,1.0,0,0,0.0,0.0,0.0,0.0,0.0,0.0,0.0,0.0,0.0,1.0,0.0,1.0,0,0,0.0,0.0,0.0,0.0,0.0,0.0,0.0,0.0,0.0,0.0,0.0,0.0
0.002420689655172414,afterglow,0.0,5.0,0.0,6588802568591670.0,0.922982816549335,0.0,13560000.0,0.0,0.0,1.0,0.0,0.0,0.0,0.0,0.0,0.0,2000000.0,0.0,0.0,0.0,20.451234697759393,207.4842203746916,-0.0,8.0,0.0,0.0,7.979564836689753,340.0,1.5257455982417812e+16,0.9244647738890045,0.0,350.0,7.851244301150644,1.6247523139274445e+21,0.0,0.33333333333333337,5.786597684039543e-05,35.0,bohm,0.18,1.0,0.05555555555555556,0.0,0,0,0,0,3699251430649623.0,0.9209453864276181,0.0,340.0,7.979564836689753,1.6998750836168466e+21,0.0,1.0,0.0001172949139936985,35.0,bohm,0.4814,1.0,0.06231823847112588,0.0,0,0,0,0,3.3654547160553303e+18,0.0,0.0,0.19329793415402777,9.470937258945165,0.0,0.0003790434093599106,3.3654547160553303e+18,0.0,0.0,1.0,1.0,0.0,1.0,0,0,0.0,0.0,0.0,0.0,0.0,0.0,0.0,0.0,0.0,1.0,0.0,1.0,0,0,0.0,0.0,0.0,0.0,0.0,0.0,0.0,0.0,0.0,1.0,0.0,1.0,0,0,0.0,0.0,0.0,0.0,0.0,0.0,0.0,0.0,0.0,0.0,0.0,0.0
0.0024344827586206897,afterglow,0.0,5.0,0.0,5311959528754572.0,0.9183016228914885,0.0,13560000.0,0.0,0.0,1.0,0.0,0.0,0.0,0.0,0.0,0.0,2000000.0,0.0,0.0,0.0,22.613638617391093,229.14662749215213,-0.0,8.0,0.0,0.0,7.979556808849332,340.0,1.2171027471731684e+16,0.9197730480087644,0.0,350.0,7.851202973492722,1.6247437614986494e+21,0.0,0.33333333333333337,6.462430513156419e-05,35.0,bohm,0.18,1.0,0.05555555555555556,0.0,0,0,0,0,3025603547762201.5,0.9163285999620963,0.0,340.0,7.979556808849332,1.6998733734576854e+21,0.0,1.0,0.00012937154914045038,35.0,bohm,0.4814,1.0,0.06231823847112588,0.0,0,0,0,0,2.745684323795455e+18,0.0,0.0,0.21325219426340655,9.889720111896912,0.0,0.0004181727054755725,2.745684323795455e+18,0.0,0.0,1.0,1.0,0.0,1.0,0,0,0.0,0.0,0.0,0.0,0.0,0.0,0.0,0.0,0.0,1.0,0.0,1.0,0,0,0.0,0.0,0.0,0.0,0.0,0.0,0.0,0.0,0.0,1.0,0.0,1.0,0,0,0.0,0.0,0.0,0.0,0.0,0.0,0.0,0.0,0.0,0.0,0.0,0.0
0.0024482758620689654,afterglow,0.0,5.0,0.0,4285434600840242.0,0.9139865990407295,0.0,13560000.0,0.0,0.0,1.0,0.0,0.0,0.0,0.0,0.0,0.0,2000000.0,0.0,0.0,0.0,24.99868462255701,253.03379391264951,-0.0,8.0,0.0,0.0,7.979549362331149,340.0,9714286378532156.0,0.9154422898150281,0.0,350.0,7.851164690551669,1.6247358391496978e+21,0.0,0.33333333333333337,7.216542979715644e-05,35.0,bohm,0.18,1.0,0.05555555555555556,0.0,0,0,0,0,2475817341609605.0,0.912082716388529,0.0,340.0,7.979549362331149,1.6998717871367544e+21,0.0,1.0,0.00014268456016265708,35.0,bohm,0.4814,1.0,0.06231823847112588,0.0,0,0,0,0,2.2415512670847954e+18,0.0,0.0,0.23525060231036207,10.342770865415677,0.0,0.0004613104825327555,2.2415512670847954e+18,0.0,0.0,1.0,1.0,0.0,1.0,0,0,0.0,0.0,0.0,0.0,0.0,0.0,0.0,0.0,0.0,1.0,0.0,1.0,0,0,0.0,0.0,0.0,0.0,0.0,0.0,0.0,0.0,0.0,1.0,0.0,1.0,0,0,0.0,0.0,0.0,0.0,0.0,0.0,0.0,0.0,0.0,0.0,0.0,0.0
0.0024620689655172412,afterglow,0.0,5.0,0.0,3459468245507900.5,0.9100092383823152,0.0,13560000.0,0.0,0.0,1.0,0.0,0.0,0.0,0.0,0.0,0.0,2000000.0,0.0,0.0,0.0,27.629169097132714,279.3735507866559,-0.0,8.0,0.0,0.0,7.979542388826997,340.0,7757383777639132.0,0.9114446958081283,0.0,350.0,7.8511288246436335,1.6247284169864283e+21,0.0,0.33333333333333337,8.057989371161677e-05,35.0,bohm,0.18,1.0,0.05555555555555556,0.0,0,0,0,0,2026829734797489.8,0.9081779064328316,0.0,340.0,7.979542388826997,1.6998703015813144e+21,0.0,1.0,0.00015736059925965912,35.0,bohm,0.4814,1.0,0.06231823847112588,0.0,0,0,0,0,1.831115318441811e+18,0.0,0.0,0.25950254118537935,10.831946452074241,0.0,0.0005088673352391955,1.831115318441811e+18,0.0,0.0,1.0,1.0,0.0,1.0,0,0,0.0,0.0,0.0,0.0,0.0,0.0,0.0,0.0,0.0,1.0,0.0,1.0,0,0,0.0,0.0,0.0,0.0,0.0,0.0,0.0,0.0,0.0,1.0,0.0,1.0,0,0,0.0,0.0,0.0,0.0,0.0,0.0,0.0,0.0,0.0,0.0,0.0,0.0
0.002475862068965517,afterglow,0.0,5.0,0.0,2794357644649348.5,0.906343245595133,0.0,13560000.0,0.0,0.0,1.0,0.0,0.0,0.0,0.0,0.0,0.0,2000000.0,0.0,0.0,0.0,30.530223678177627,308.4170625730773,-0.0,8.0,0.0,0.0,7.979535800527969,340.0,6197604235672349.0,0.9077546086603964,0.0,350.0,7.851094879260474,1.624721392260446e+21,0.0,0.33333333333333337,8.996870709304199e-05,35.0,bohm,0.18,1.0,0.05555555555555556,0.0,0,0,0,0,1659942114308348.2,0.9045867446432926,0.0,340.0,7.979535800527969,1.6998688980855612e+21,0.0,1.0,0.00017353928591439414,35.0,bohm,0.4814,1.0,0.06231823847112588,0.0,0,0,0,0,1.496687101268516e+18,0.0,0.0,0.28623883257732863,11.359002224172649,0.0,0.0005612958993478824,1.496687101268516e+18,0.0,0.0,1.0,1.0,0.0,1.0,0,0,0.0,0.0,0.0,0.0,0.0,0.0,0.0,0.0,0.0,1.0,0.0,1.0,0,0,0.0,0.0,0.0,0.0,0.0,0.0,0.0,0.0,0.0,1.0,0.0,1.0,0,0,0.0,0.0,0.0,0.0,0.0,0.0,0.0,0.0,0.0,0.0,0.0,0.0
0.0024896551724137932,afterglow,0.0,5.0,0.0,2258384044977532.0,0.9029643653412648,0.0,13560000.0,0.0,0.0,1.0,0.0,0.0,0.0,0.0,0.0,0.0,2000000.0,0.0,0.0,0.0,33.729554359643814,340.4412162292698,-0.0,8.0,0.0,0.0,7.979529526164858,340.0,4953603811200378.0,0.9043483508761554,0.0,350.0,7.851062461210096,1.6247146836037864e+21,0.0,0.33333333333333337,0.00010044455733767821,35.0,bohm,0.18,1.0,0.05555555555555556,0.0,0,0,0,0,1359977456236583.8,0.9012840149332874,0.0,340.0,7.979529526164858,1.6998675614671191e+21,0.0,1.0,0.000191374534657903,35.0,bohm,0.4814,1.0,0.06231823847112588,0.0,0,0,0,0,1.2239833388468708e+18,0.0,0.0,0.31571393215878363,11.925538093847692,0.0,0.0006190951564216719,1.2239833388468708e+18,0.0,0.0,1.0,1.0,0.0,1.0,0,0,0.0,0.0,0.0,0.0,0.0,0.0,0.0,0.0,0.0,1.0,0.0,1.0,0,0,0.0,0.0,0.0,0.0,0.0,0.0,0.0,0.0,0.0,1.0,0.0,1.0,0,0,0.0,0.0,0.0,0.0,0.0,0.0,0.0,0.0,0.0,0.0,0.0,0.0
0.002503448275862069,afterglow,0.0,5.0,0.0,1826177065455746.5,0.8998502242665725,0.0,13560000.0,0.0,0.0,1.0,0.0,0.0,0.0,0.0,0.0,0.0,2000000.0,0.0,0.0,0.0,37.2577050796047,375.7512550625532,-0.0,8.0,0.0,0.0,7.979523507832553,340.0,3960895358953753.5,0.9012040714432358,0.0,350.0,7.851031258788503,1.6247082265117972e+21,0.0,0.33333333333333337,0.00011213315870346421,35.0,bohm,0.18,1.0,0.05555555555555556,0.0,0,0,0,0,1114604300956410.8,0.8982465319684252,0.0,340.0,7.979523507832553,1.6998662793905478e+21,0.0,1.0,0.00021103601882747588,35.0,bohm,0.4814,1.0,0.06231823847112588,0.0,0,0,0,0,1.0014550286853458e+18,0.0,0.0,0.3482083495981001,12.532935272199625,0.0,0.0006828151794836927,1.0014550286853458e+18,0.0,0.0,1.0,1.0,0.0,1.0,0,0,0.0,0.0,0.0,0.0,0.0,0.0,0.0,0.0,0.0,1.0,0.0,1.0,0,0,0.0,0.0,0.0,0.0,0.0,0.0,0.0,0.0,0.0,1.0,0.0,1.0,0,0,0.0,0.0,0.0,0.0,0.0,0.0,0.0,0.0,0.0,0.0,0.0,0.0
0.0025172413793103448,afterglow,0.0,5.0,0.0,1477421447455156.0,0.8969801852667206,0.0,13560000.0,0.0,0.0,1.0,0.0,0.0,0.0,0.0,0.0,0.0,2000000.0,0.0,0.0,0.0,41.14834829866249,414.6836822981144,-0.0,8.0,0.0,0.0,7.979517698438632,340.0,3168305057330149.0,0.8983016044467609,0.0,350.0,7.851001024648257,1.6247019697979007e+21,0.0,0.33333333333333337,0.00012517475800630622,35.0,bohm,0.18,1.0,0.05555555555555556,0.0,0,0,0,0,913793577496825.0,0.8954529770897045,0.0,340.0,7.979517698438632,1.6998650418238157e+21,0.0,1.0,0.00023271078424066786,35.0,bohm,0.4814,1.0,0.06231823847112588,0.0,0,0,0,0,8.197519458353837e+17,0.0,0.0,0.3840313164159504,13.182283201870739,0.0,0.0007530623646920353,8.197519458353837e+17,0.0,0.0,1.0,1.0,0.0,1.0,0,0,0.0,0.0,0.0,0.0,0.0,0.0,0.0,0.0,0.0,1.0,0.0,1.0,0,0,0.0,0.0,0.0,0.0,0.0,0.0,0.0,0.0,0.0,1.0,0.0,1.0,0,0,0.0,0.0,0.0,0.0,0.0,0.0,0.0,0.0,0.0,0.0,0.0,0.0
0.0025310344827586206,afterglow,0.0,5.0,0.0,1195832761182591.2,0.8943352130572902,0.0,13560000.0,0.0,0.0,1.0,0.0,0.0,0.0,0.0,0.0,0.0,2000000.0,0.0,0.0,0.0,45.438605333919945,457.6094619837792,-0.0,8.0,0.0,0.0,7.979512059649964,340.0,2535186738699201.5,0.8956223386996323,0.0,350.0,7.850971562331128,1.624695872806635e+21,0.0,0.33333333333333337,0.00013972581436104035,35.0,bohm,0.18,1.0,0.05555555555555556,0.0,0,0,0,0,749381435343721.1,0.8928837475749586,0.0,340.0,7.979512059649964,1.6998638406008725e+21,0.0,1.0,0.0002566050281335059,35.0,bohm,0.4814,1.0,0.06231823847112588,0.0,0,0,0,0,6.7129490578128e+17,0.0,0.0,0.42352372706163743,13.874296644017857,0.0,0.0008305051988005682,6.7129490578128e+17,0.0,0.0,1.0,1.0,0.0,1.0,0,0,0.0,0.0,0.0,0.0,0.0,0.0,0.0,0.0,0.0,1.0,0.0,1.0,0,0,0.0,0.0,0.0,0.0,0.0,0.0,0.0,0.0,0.0,1.0,0.0,1.0,0,0,0.0,0.0,0.0,0.0,0.0,0.0,0.0,0.0,0.0,0.0,0.0,0.0
0.0025448275862068963,afterglow,0.0,5.0,0.0,968344791028500.0,0.8918977501650531,0.0,13560000.0,0.0,0.0,1.0,0.0,0.0,0.0,0.0,0.0,0.0,2000000.0,0.0,0.0,0.0,50.16939949579872,504.9375476793275,-0.0,8.0,0.0,0.0,7.979506560237545,340.0,2029228645580917.8,0.8931490975222807,0.0,350.0,7.85094271566523,1.6246899032194755e+21,0.0,0.33333333333333337,0.00015596087308259986,35.0,bohm,0.18,1.0,0.05555555555555556,0.0,0,0,0,0,614716839511027.4,0.890520818142781,0.0,340.0,7.979506560237545,1.6998626690690486e+21,0.0,1.0,0.0002829460602827708,35.0,bohm,0.4814,1.0,0.06231823847112588,0.0,0,0,0,0,5.499334177040033e+17,0.0,0.0,0.4670613811826111,14.609223401586684,0.0,0.0009158806172626546,5.499334177040033e+17,0.0,0.0,1.0,1.0,0.0,1.0,0,0,0.0,0.0,0.0,0.0,0.0,0.0,0.0,0.0,0.0,1.0,0.0,1.0,0,0,0.0,0.0,0.0,0.0,0.0,0.0,0.0,0.0,0.0,1.0,0.0,1.0,0,0,0.0,0.0,0.0,0.0,0.0,0.0,0.0,0.0,0.0,0.0,0.0,0.0
0.0025586206896551725,afterglow,0.0,5.0,0.0,784463848576739.9,0.8896516025209559,0.0,13560000.0,0.0,0.0,1.0,0.0,0.0,0.0,0.0,0.0,0.0,2000000.0,0.0,0.0,0.0,55.38584538767683,557.1187725021359,-0.0,8.0,0.0,0.0,7.9795011747403315,340.0,1624724172494806.0,0.8908660278656738,0.0,350.0,7.85091436040546,1.62468403532489e+21,0.0,0.33333333333333337,0.00017407465619146027,35.0,bohm,0.18,1.0,0.05555555555555556,0.0,0,0,0,0,504377073937384.56,0.8883476136898416,0.0,340.0,7.9795011747403315,1.6998615218044155e+21,0.0,1.0,0.00031198446496833143,35.0,bohm,0.4814,1.0,0.06231823847112588,0.0,0,0,0,0,4.506711635823678e+17,0.0,0.0,0.5150585579308611,15.386743864831915,0.0,0.0010100010134631882,4.506711635823678e+17,0.0,0.0,1.0,1.0,0.0,1.0,0,0,0.0,0.0,0.0,0.0,0.0,0.0,0.0,0.0,0.0,1.0,0.0,1.0,0,0,0.0,0.0,0.0,0.0,0.0,0.0,0.0,0.0,0.0,1.0,0.0,1.0,0,0,0.0,0.0,0.0,0.0,0.0,0.0,0.0,0.0,0.0,0.0,0.0,0.0
0.0025724137931034483,afterglow,0.0,5.0,0.0,635754968552683.2,0.8875818339144238,0.0,13560000.0,0.0,0.0,1.0,0.0,0.0,0.0,0.0,0.0,0.0,2000000.0,0.0,0.0,0.0,61.137678071156344,614.6501375280803,-0.0,8.0,0.0,0.0,7.979495882385112,340.0,1301206625326692.5,0.8887584980531541,0.0,350.0,7.850886397633878,1.624678248652601e+21,0.0,0.33333333333333337,0.0001942843945557715,35.0,bohm,0.18,1.0,0.05555555555555556,0.0,0,0,0,0,413937749628013.44,0.8863488923473436,0.0,340.0,7.979495882385112,1.6998603943816856e+21,0.0,1.0,0.0003439964843371433,35.0,bohm,0.4814,1.0,0.06231823847112588,0.0,0,0,0,0,3.6944547358883834e+17,0.0,0.0,0.5679719563000379,16.205864476175833,0.0,0.001113761965741966,3.6944547358883834e+17,0.0,0.0,1.0,1.0,0.0,1.0,0,0,0.0,0.0,0.0,0.0,0.0,0.0,0.0,0.0,0.0,1.0,0.0,1.0,0,0,0.0,0.0,0.0,0.0,0.0,0.0,0.0,0.0,0.0,1.0,0.0,1.0,0,0,0.0,0.0,0.0,0.0,0.0,0.0,0.0,0.0,0.0,0.0,0.0,0.0
0.002586206896551724,afterglow,0.0,5.0,0.0,515432484034770.9,0.8856746686185273,0.0,13560000.0,0.0,0.0,1.0,0.0,0.0,0.0,0.0,0.0,0.0,2000000.0,0.0,0.0,0.0,67.47972617925342,678.079539338204,-0.0,8.0,0.0,0.0,7.979490666212204,340.0,1042370031076787.9,0.8868130034642229,0.0,350.0,7.850858748543003,1.6246725268940296e+21,0.0,0.33333333333333337,0.00021683242959716993,35.0,bohm,0.18,1.0,0.05555555555555556,0.0,0,0,0,0,339786635020765.25,0.8845106380120744,0.0,340.0,7.979490666212204,1.6998592831879627e+21,0.0,1.0,0.00037928664583763473,35.0,bohm,0.4814,1.0,0.06231823847112588,0.0,0,0,0,0,3.029498804024551e+17,0.0,0.0,0.6263050389707552,17.064808344901966,0.0,0.001228150755702879,3.029498804024551e+17,0.0,0.0,1.0,1.0,0.0,1.0,0,0,0.0,0.0,0.0,0.0,0.0,0.0,0.0,0.0,0.0,1.0,0.0,1.0,0,0,0.0,0.0,0.0,0.0,0.0,0.0,0.0,0.0,0.0,1.0,0.0,1.0,0,0,0.0,0.0,0.0,0.0,0.0,0.0,0.0,0.0,0.0,0.0,0.0,0.0
0.0026,afterglow,0.0,5.0,0.0,418033350741352.1,0.8839174015298619,0.0,13560000.0,0.0,0.0,1.0,0.0,0.0,0.0,0.0,0.0,0.0,2000000.0,0.0,0.0,0.0,74.47243348183959,748.010981716187,-0.0,8.0,0.0,0.0,7.979485512366918,340.0,835215072264739.1,0.8850170795123189,0.0,350.0,7.850831350307461,1.624666857047966e+21,0.0,0.33333333333333337,0.00024198911573777425,35.0,bohm,0.18,1.0,0.05555555555555556,0.0,0,0,0,0,278972776900223.12,0.8828199615624315,0.0,340.0,7.979485512366918,1.6998581852718023e+21,0.0,1.0,0.00041819065873389835,35.0,bohm,0.4814,1.0,0.06231823847112588,0.0,0,0,0,0,2.4849111237958995e+17,0.0,0.0,0.6906128210117585,17.96090759536065,0.0,0.0013542557588930703,2.4849111237958995e+17,0.0,0.0,1.0,1.0,0.0,1.0,0,0,0.0,0.0,0.0,0.0,0.0,0.0,0.0,0.0,0.0,1.0,0.0,1.0,0,0,0.0,0.0,0.0,0.0,0.0,0.0,0.0,0.0,0.0,1.0,0.0,1.0,0,0,0.0,0.0,0.0,0.0,0.0,0.0,0.0,0.0,0.0,0.0,0.0,0.0
