time_s,step_id,self_bias_V,plasma_potential_V,total_absorbed_power_W,electron_density_m3,mean_electron_energy_eV,port_dc_series_drive_absorbed_power_W,port_dc_series_drive_source_voltage_V,port_dc_series_drive_gap_voltage_V,port_dc_series_drive_current_A,port_dc_series_drive_delivered_power_W,port_dc_series_drive_ballast_resistance_ohm,port_dc_series_drive_plasma_resistance_ohm,port_dc_series_drive_plasma_conductance_S,port_dc_series_drive_conductance_multiplier,port_dc_series_drive_electron_mobility_m2_V_s,port_dc_series_drive_electric_field_V_m,port_dc_series_drive_reduced_field_Td,port_dc_series_drive_gap_m,port_dc_series_drive_electrode_area_m2,port_dc_series_drive_waveform_multiplier,ne_plasma_m3,mean_energy_plasma_eV,pabs_plasma_W,Tg_plasma_K,pressure_plasma_Pa,total_density_plasma_m3,electronegativity_plasma,residence_time_plasma_s,debye_length_plasma_m,EoverN_plasma_Td,ion_loss_family_plasma,ion_loss_area_plasma_m2,ion_loss_h_factor_plasma,ion_loss_characteristic_length_plasma_m,ambipolar_loss_rate_plasma_s,warning_high_electronegativity_plasma,warning_ion_ion_afterglow_plasma,warning_pressure_deviation_plasma,warning_debye_ratio_plasma,film_wall_m
0.0,dc_series_circuit,0.0,74.9864123189874,0.00407556580347789,2000000000000.0002,3.0,0.00407556580347789,1500.0,1499.728246379748,2.7175362025193935e-06,0.00407556580347789,100000.0,551870567.534434,1.8120190835102019e-09,1.0,0.45,374932.061594937,116.48073360553948,0.004,5.0265482457e-05,1.0,2000000000000.0,3.0,0.00407556580347789,300.0,13332.236840008285,3.2188332781680413e+24,0.0,inf,0.009104682332231951,116.48073360553948,ambipolar_diffusion,0.0,0.0,0.0,3230.0,0,0,0,1,0.0
5.025125628140704e-06,dc_series_circuit,0.0,3.073383358077212,0.8842322663603397,2.5830934915872845e+17,0.9284875141839604,0.8842322663603397,1500.0,61.467667161544234,0.014385323328384558,0.8842322663603397,100000.0,4272.94303773198,0.00023403073506235794,1.0,0.45,15366.916790386058,4.7740646097250945,0.004,5.0265482457e-05,1.0,2.5830934915872845e+17,0.9284875141839601,0.8842322663603397,300.0,13332.235757666942,3.2188330168558267e+24,0.0,inf,1.4094093214273e-05,4.7740646097250945,ambipolar_diffusion,0.0,0.0,0.0,3230.0,0,0,0,0,0.0
1.0050251256281408e-05,dc_series_circuit,0.0,2.9992890702769053,0.8638037813747416,2.649632781144402e+17,0.9224433334812168,0.8638037813747416,1500.0,59.9857814055381,0.01440014218594462,0.8638037813747416,100000.0,4165.638132662865,0.00024005925818639329,1.0,0.45,14996.445351384524,4.658969678389026,0.004,5.0265482457e-05,1.0,2.649632781144402e+17,0.9224433334812168,0.8638037813747416,300.0,13332.23569192856,3.218833000984454e+24,0.0,inf,1.3870629527153379e-05,4.658969678389026,ambipolar_diffusion,0.0,0.0,0.0,3230.0,0,0,0,0,0.0
1.5075376884422112e-05,dc_series_circuit,0.0,2.9839358077098304,0.8595652506948175,2.6638338609501504e+17,0.9198157509962188,0.8595652506948175,1500.0,59.67871615419661,0.014403212838458034,0.8595652506948175,100000.0,4143.430831963296,0.00024134588956711665,1.0,0.45,14919.679038549151,4.63512057973919,0.004,5.0265482457e-05,1.0,2.6638338609501504e+17,0.9198157509962188,0.8595652506948175,300.0,13332.2356498779,3.2188329908320653e+24,0.0,inf,1.3813890897907e-05,4.63512057973919,ambipolar_diffusion,0.0,0.0,0.0,3230.0,0,0,0,0,0.0
2.0100502512562815e-05,dc_series_circuit,0.0,2.9810418723158154,0.8587661191167438,2.6665270061629686e+17,0.9193297475236173,0.8587661191167438,1500.0,59.62083744631631,0.014403791625536837,0.8587661191167438,100000.0,4139.246039953331,0.00024158989109313123,1.0,0.45,14905.209361579076,4.630625274823606,0.004,5.0265482457e-05,1.0,2.6665270061629686e+17,0.9193297475236173,0.8587661191167438,300.0,13332.235613022285,3.218832981933927e+24,0.0,inf,1.3803265178131693e-05,4.630625274823606,ambipolar_diffusion,0.0,0.0,0.0,3230.0,0,0,0,0,0.0
2.5125628140703518e-05,dc_series_circuit,0.0,2.9806646484529864,0.8586619475497462,2.6668784423326163e+17,0.9192760276326909,0.8586619475497462,1500.0,59.61329296905972,0.014403867070309401,0.8586619475497462,100000.0,4138.7005779816045,0.00024162173154543309,1.0,0.45,14903.32324226493,4.630039323544826,0.004,5.0265482457e-05,1.0,2.6668784423326163e+17,0.9192760276326911,0.8586619475497462,300.0,13332.235577228113,3.218832973292056e+24,0.0,inf,1.3801952396510564e-05,4.630039323544826,ambipolar_diffusion,0.0,0.0,0.0,3230.0,0,0,0,0,0.0
3.0150753768844224e-05,dc_series_circuit,0.0,2.9807108924825183,0.8586747180464998,2.6668353548431414e+17,0.9192904809898773,0.8586747180464998,1500.0,59.61421784965036,0.014403857821503498,0.8586747180464998,100000.0,4138.767446083256,0.0002416178277777736,1.0,0.45,14903.554462412589,4.630111169446752,0.004,5.0265482457e-05,1.0,2.666835354843141e+17,0.9192904809898774,0.8586747180464998,300.0,13332.23554161497,3.2188329646938913e+24,0.0,inf,1.3802172395006727e-05,4.630111169446752,ambipolar_diffusion,0.0,0.0,0.0,3230.0,0,0,0,0,0.0
3.517587939698493e-05,dc_series_circuit,0.0,2.9807830521417706,0.8586946452267887,2.666768123352152e+17,0.9193062090472826,0.8586946452267887,1500.0,59.61566104283541,0.014403843389571645,0.8586946452267887,100000.0,4138.871787928286,0.00024161173654053933,1.0,0.45,14903.915260708853,4.630223271596103,0.004,5.0265482457e-05,1.0,2.6667681233521523e+17,0.9193062090472824,0.8586946452267887,300.0,13332.235506014298,3.218832956098738e+24,0.0,inf,1.380246444719946e-05,4.630223271596103,ambipolar_diffusion,0.0,0.0,0.0,3230.0,0,0,0,0,0.0
4.020100502512563e-05,dc_series_circuit,0.0,2.980828138431452,0.8587070959659765,2.66672611789811e+17,0.9193155717785554,0.8587070959659765,1500.0,59.61656276862903,0.014403834372313708,0.8587070959659765,100000.0,4138.936982170584,0.00024160793080632255,1.0,0.45,14904.140692157258,4.6302933191137665,0.004,5.0265482457e-05,1.0,2.66672611789811e+17,0.9193155717785554,0.8587070959659765,300.0,13332.23547040302,3.218832947501023e+24,0.0,inf,1.3802643439273731e-05,4.6302933191137665,ambipolar_diffusion,0.0,0.0,0.0,3230.0,0,0,0,0,0.0
4.522613065326633e-05,dc_series_circuit,0.0,2.9808517035183635,0.8587136035420356,2.6667041635659843e+17,0.9193203868770101,0.8587136035420356,1500.0,59.61703407036727,0.014403829659296326,0.8587136035420356,100000.0,4138.971057040379,0.0002416059417228837,1.0,0.45,14904.258517591818,4.630329936501636,0.004,5.0265482457e-05,1.0,2.6667041635659843e+17,0.9193203868770101,0.8587136035420356,300.0,13332.235434783053,3.218832938901211e+24,0.0,inf,1.3802736403222658e-05,4.630329936501636,ambipolar_diffusion,0.0,0.0,0.0,3230.0,0,0,0,0,0.0
5.0251256281407036e-05,dc_series_circuit,0.0,2.9808632363839522,0.8587167883790839,2.666693419137958e+17,0.9193227281759527,0.8587167883790839,1500.0,59.61726472767904,0.01440382735272321,0.8587167883790839,100000.0,4138.987733451811,0.0002416049682674525,1.0,0.45,14904.316181919761,4.630347863543709,0.004,5.0265482457e-05,1.0,2.666693419137958e+17,0.9193227281759526,0.8587167883790839,300.0,13332.23539915821,3.2188329303002205e+24,0.0,inf,1.380278178586784e-05,4.630347863543709,ambipolar_diffusion,0.0,0.0,0.0,3230.0,0,0,0,0,0.0
5.527638190954774e-05,dc_series_circuit,0.0,2.9808687196509065,0.8587183026000988,2.666688310760481e+17,0.9193238387186011,0.8587183026000988,1500.0,59.617374393018125,0.014403826256069818,0.8587183026000988,100000.0,4138.995662204352,0.0002416045054435787,1.0,0.45,14904.34359825453,4.630356393394053,0.004,5.0265482457e-05,1.0,2.666688310760481e+17,0.9193238387186011,0.8587183026000988,300.0,13332.235363530895,3.218832921698635e+24,0.0,inf,1.3802803343236997e-05,4.630356393394053,ambipolar_diffusion,0.0,0.0,0.0,3230.0,0,0,0,0,0.0
6.030150753768845e-05,dc_series_circuit,0.0,2.980871290060284,0.8587190124264625,2.6666859160957658e+17,0.9193243593429256,0.8587190124264625,1500.0,59.61742580120568,0.014403825741987944,0.8587190124264625,100000.0,4138.999378992597,0.00024160428848467067,1.0,0.45,14904.356450301419,4.6303603985341075,0.004,5.0265482457e-05,1.0,2.666685916095766e+17,0.9193243593429256,0.8587190124264625,300.0,13332.235327902394,3.218832913096761e+24,0.0,inf,1.3802813448993827e-05,4.6303603985341075,ambipolar_diffusion,0.0,0.0,0.0,3230.0,0,0,0,0,0.0
6.532663316582915e-05,dc_series_circuit,0.0,2.980872485380242,0.8587193425176847,2.6666848025039258e+17,0.9193246022077245,0.8587193425176847,1500.0,59.617449707604834,0.014403825502923953,0.8587193425176847,100000.0,4139.001107414318,0.00024160418759218736,1.0,0.45,14904.362426901209,4.630362267668156,0.004,5.0265482457e-05,1.0,2.6666848025039258e+17,0.9193246022077245,0.8587193425176847,300.0,13332.235292273335,3.2188329044947546e+24,0.0,inf,1.38028181541768e-05,4.630362267668156,ambipolar_diffusion,0.0,0.0,0.0,3230.0,0,0,0,0,0.0
7.035175879396985e-05,dc_series_circuit,0.0,2.9808730376205625,0.8587194950205158,2.6666842880224682e+17,0.919324715216899,0.8587194950205158,1500.0,59.61746075241125,0.014403825392475889,0.8587194950205158,100000.0,4139.001905948788,0.00024160414097967634,1.0,0.45,14904.36518810281,4.630363137869375,0.004,5.0265482457e-05,1.0,2.6666842880224682e+17,0.9193247152168987,0.8587194950205158,300.0,13332.235256644015,3.2188328958926835e+24,0.0,inf,1.380282033402532e-05,4.630363137869375,ambipolar_diffusion,0.0,0.0,0.0,3230.0,0,0,0,0,0.0
7.537688442211056e-05,dc_series_circuit,0.0,2.9808732904990016,0.858719564853659,2.666684052434395e+17,0.9193247678554348,0.858719564853659,1500.0,59.617465809980025,0.0144038253419002,0.858719564853659,100000.0,4139.00227160871,0.00024160411963517216,1.0,0.45,14904.366452495005,4.63036354305445,0.004,5.0265482457e-05,1.0,2.666684052434395e+17,0.9193247678554346,0.858719564853659,300.0,13332.235221014567,3.2188328872905823e+24,0.0,inf,1.3802821338889817e-05,4.63036354305445,ambipolar_diffusion,0.0,0.0,0.0,3230.0,0,0,0,0,0.0
8.040201005025126e-05,dc_series_circuit,0.0,2.9808734030292134,0.8587195959292161,2.6666839475983616e+17,0.9193247920487516,0.8587195959292161,1500.0,59.617468060584265,0.014403825319394157,0.8587195959292161,100000.0,4139.002434326373,0.0002416041101369275,1.0,0.45,14904.367015146066,4.630363730228497,0.004,5.0265482457e-05,1.0,2.6666839475983616e+17,0.9193247920487516,0.8587195959292161,300.0,13332.235185385067,3.2188328786884683e+24,0.0,inf,1.3802821791827025e-05,4.630363730228497,ambipolar_diffusion,0.0,0.0,0.0,3230.0,0,0,0,0,0.0
8.542713567839196e-05,dc_series_circuit,0.0,2.9808734514970694,0.8587196093137605,2.666683902444465e+17,0.9193248035002727,0.8587196093137605,1500.0,59.61746902994138,0.014403825309700585,0.8587196093137605,100000.0,4139.002504410452,0.00024160410604594142,1.0,0.45,14904.367257485344,4.6303638178907764,0.004,5.0265482457e-05,1.0,2.666683902444465e+17,0.9193248035002727,0.8587196093137605,300.0,13332.23514975554,3.218832870086348e+24,0.0,inf,1.3802821994652931e-05,4.6303638178907764,ambipolar_diffusion,0.0,0.0,0.0,3230.0,0,0,0,0,0.0
9.045226130653267e-05,dc_series_circuit,0.0,2.980873471111298,0.8587196147302889,2.6666838841713482e+17,0.9193248091310738,0.8587196147302889,1500.0,59.61746942222595,0.014403825305777742,0.8587196147302889,100000.0,4139.002532772448,0.0002416041043903796,1.0,0.45,14904.367355556487,4.630363860733045,0.004,5.0265482457e-05,1.0,2.6666838841713482e+17,0.9193248091310738,0.8587196147302889,300.0,13332.235114126,3.2188328614842246e+24,0.0,inf,1.3802822084214653e-05,4.630363860733045,ambipolar_diffusion,0.0,0.0,0.0,3230.0,0,0,0,0,0.0
9.547738693467337e-05,dc_series_circuit,0.0,2.9808734770383536,0.8587196163670632,2.666683878649552e+17,0.9193248119799342,0.8587196163670632,1500.0,59.61746954076707,0.01440382530459233,0.8587196163670632,100000.0,4139.002541342917,0.00024160410389009954,1.0,0.45,14904.367385191767,4.630363882314237,0.004,5.0265482457e-05,1.0,2.6666838786495517e+17,0.9193248119799342,0.8587196163670632,300.0,13332.235078496451,3.218832852882099e+24,0.0,inf,1.3802822119891647e-05,4.630363882314237,ambipolar_diffusion,0.0,0.0,0.0,3230.0,0,0,0,0,0.0
0.00010050251256281407,dc_series_circuit,0.0,2.980873476439214,0.858719616201609,2.666683879207725e+17,0.9193248135014958,0.858719616201609,1500.0,59.61746952878428,0.014403825304712159,0.858719616201609,100000.0,4139.0025404765665,0.00024160410394067058,1.0,0.45,14904.36738219607,4.630363893757912,0.004,5.0265482457e-05,1.0,2.666683879207725e+17,0.9193248135014959,0.858719616201609,300.0,13332.235042866901,3.218832844279973e+24,0.0,inf,1.3802822129869517e-05,4.630363893757912,ambipolar_diffusion,0.0,0.0,0.0,3230.0,0,0,0,0,0.0
0.00010552763819095478,dc_series_circuit,0.0,2.980873472720378,0.8587196151746411,2.6666838826722877e+17,0.9193248143884147,0.8587196151746411,1500.0,59.617469454407555,0.014403825305455925,0.8587196151746411,100000.0,4139.002535099164,0.00024160410425456326,1.0,0.45,14904.367363601888,4.630363900355581,0.004,5.0265482457e-05,1.0,2.6666838826722877e+17,0.9193248143884147,0.8587196151746411,300.0,13332.23500723735,3.2188328356778465e+24,0.0,inf,1.3802822127561323e-05,4.630363900355581,ambipolar_diffusion,0.0,0.0,0.0,3230.0,0,0,0,0,0.0
0.00011055276381909548,dc_series_circuit,0.0,2.9808734675082516,0.8587196137352968,2.6666838875280374e+17,0.9193248149715129,0.8587196137352968,1500.0,59.61746935016503,0.01440382530649835,0.8587196137352968,100000.0,4139.002527562477,0.00024160410469449887,1.0,0.45,14904.367337541258,4.6303639046336365,0.004,5.0265482457e-05,1.0,2.6666838875280374e+17,0.9193248149715129,0.8587196137352968,300.0,13332.2349716078,3.2188328270757207e+24,0.0,inf,1.3802822119371928e-05,4.6303639046336365,ambipolar_diffusion,0.0,0.0,0.0,3230.0,0,0,0,0,0.0
0.00011557788944723618,dc_series_circuit,0.0,2.980873461580843,0.858719612098425,2.6666838930501632e+17,0.9193248154090726,0.858719612098425,1500.0,59.61746923161686,0.01440382530768383,0.858719612098425,100000.0,4139.002518991498,0.0002416041051948087,1.0,0.45,14904.367307904215,4.630363907800602,0.004,5.0265482457e-05,1.0,2.6666838930501632e+17,0.9193248154090726,0.858719612098425,300.0,13332.23493597825,3.218832818473594e+24,0.0,inf,1.3802822108365377e-05,4.630363907800602,ambipolar_diffusion,0.0,0.0,0.0,3230.0,0,0,0,0,0.0
0.0001206030150753769,dc_series_circuit,0.0,2.980873455310693,0.8587196103669041,2.6666838988915958e+17,0.9193248157768915,0.8587196103669041,1500.0,59.61746910621385,0.014403825308937862,0.8587196103669041,100000.0,4139.002509924917,0.0002416041057240481,1.0,0.45,14904.367276553463,4.6303639104351655,0.004,5.0265482457e-05,1.0,2.6666838988915958e+17,0.9193248157768914,0.8587196103669041,300.0,13332.2349003487,3.2188328098714684e+24,0.0,inf,1.3802822096008907e-05,4.6303639104351655,ambipolar_diffusion,0.0,0.0,0.0,3230.0,0,0,0,0,0.0
0.0001256281407035176,dc_series_circuit,0.0,2.9808734488762827,0.8587196085900224,2.6666839048860576e+17,0.9193248161112867,0.8587196085900224,1500.0,59.61746897752565,0.014403825310224744,0.8587196085900224,100000.0,4139.002500620818,0.000241604106267152,1.0,0.45,14904.367244381412,4.630363912814577,0.004,5.0265482457e-05,1.0,2.6666839048860576e+17,0.9193248161112867,0.8587196085900224,300.0,13332.234864719145,3.2188328012693415e+24,0.0,inf,1.3802822083005485e-05,4.630363912814577,ambipolar_diffusion,0.0,0.0,0.0,3230.0,0,0,0,0,0.0
0.0001306532663316583,dc_series_circuit,0.0,2.9808734423631416,0.8587196067913989,2.666683910953866e+17,0.9193248164296615,0.8587196067913989,1500.0,59.61746884726283,0.014403825311527372,0.8587196067913989,100000.0,4139.002491202876,0.00024160410681690127,1.0,0.45,14904.367211815706,4.63036391507169,0.004,5.0265482457e-05,1.0,2.666683910953866e+17,0.9193248164296615,0.8587196067913989,300.0,13332.234829089593,3.218832792667215e+24,0.0,inf,1.3802822069691976e-05,4.63036391507169,ambipolar_diffusion,0.0,0.0,0.0,3230.0,0,0,0,0,0.0
0.000135678391959799,dc_series_circuit,0.0,2.9808734358122644,0.8587196049823544,2.6666839170568314e+17,0.9193248167403573,0.8587196049823544,1500.0,59.617468716245284,0.014403825312837548,0.8587196049823544,100000.0,4139.0024817303665,0.00024160410736983573,1.0,0.45,14904.36717906132,4.630363917270188,0.004,5.0265482457e-05,1.0,2.6666839170568314e+17,0.9193248167403573,0.8587196049823544,300.0,13332.234793460038,3.2188327840650876e+24,0.0,inf,1.3802822056229833e-05,4.630363917270188,ambipolar_diffusion,0.0,0.0,0.0,3230.0,0,0,0,0,0.0
0.0001407035175879397,dc_series_circuit,0.0,2.9808734292432995,0.858719603168315,2.6666839231766477e+17,0.9193248170473728,0.858719603168315,1500.0,59.61746858486598,0.01440382531415134,0.858719603168315,100000.0,4139.002472231703,0.00024160410792429689,1.0,0.45,14904.367146216495,4.630363919440586,0.004,5.0265482457e-05,1.0,2.6666839231766477e+17,0.9193248170473727,0.858719603168315,300.0,13332.234757830487,3.218832775462961e+24,0.0,inf,1.380282204269645e-05,4.630363919440586,ambipolar_diffusion,0.0,0.0,0.0,3230.0,0,0,0,0,0.0
0.0001457286432160804,dc_series_circuit,0.0,2.980873422665663,0.8587196013518807,2.666683929304542e+17,0.9193248173526238,0.8587196013518807,1500.0,59.61746845331325,0.014403825315466868,0.8587196013518807,100000.0,4139.0024627205,0.00024160410847948998,1.0,0.45,14904.367113328311,4.630363921597515,0.004,5.0265482457e-05,1.0,2.666683929304542e+17,0.9193248173526238,0.8587196013518807,300.0,13332.234722200936,3.218832766860835e+24,0.0,inf,1.3802822029128917e-05,4.630363921597515,ambipolar_diffusion,0.0,0.0,0.0,3230.0,0,0,0,0,0.0
0.00015075376884422112,dc_series_circuit,0.0,2.9808734160838726,0.8587195995342997,2.666683935436307e+17,0.9193248176570293,0.8587195995342997,1500.0,59.61746832167745,0.014403825316783227,0.8587195995342997,100000.0,4139.002453203291,0.00024160410903503371,1.0,0.45,14904.367080419363,4.630363923747992,0.004,5.0265482457e-05,1.0,2.666683935436307e+17,0.9193248176570296,0.8587195995342997,300.0,13332.23468657138,3.218832758258708e+24,0.0,inf,1.3802822015545021e-05,4.630363923747992,ambipolar_diffusion,0.0,0.0,0.0,3230.0,0,0,0,0,0.0
0.00015577889447236182,dc_series_circuit,0.0,2.980873409500089,0.8587195977161679,2.666683941569928e+17,0.9193248179610295,0.8587195977161679,1500.0,59.61746819000177,0.014403825318099982,0.8587195977161679,100000.0,4139.0024436832,0.00024160410959074568,1.0,0.45,14904.367047500444,4.630363925895373,0.004,5.0265482457e-05,1.0,2.666683941569928e+17,0.9193248179610295,0.8587195977161679,300.0,13332.23465094183,3.2188327496565815e+24,0.0,inf,1.3802822001953274e-05,4.630363925895373,ambipolar_diffusion,0.0,0.0,0.0,3230.0,0,0,0,0,0.0
0.00016080402010050252,dc_series_circuit,0.0,2.9808734029153516,0.8587195958977729,2.6666839477044378e+17,0.9193248182648356,0.8587195958977729,1500.0,59.61746805830703,0.01440382531941693,0.8587195958977729,100000.0,4139.00243416173,0.00024160411014653813,1.0,0.45,14904.367014576757,4.630363928041271,0.004,5.0265482457e-05,1.0,2.6666839477044378e+17,0.9193248182648356,0.8587195958977729,300.0,13332.234615312278,3.218832741054455e+24,0.0,inf,1.3802821988357772e-05,4.630363928041271,ambipolar_diffusion,0.0,0.0,0.0,3230.0,0,0,0,0,0.0
0.00016582914572864322,dc_series_circuit,0.0,2.980873396330156,0.8587195940792512,2.6666839538393747e+17,0.9193248185685482,0.8587195940792512,1500.0,59.61746792660312,0.01440382532073397,0.8587195940792512,100000.0,4139.002424639597,0.00024160411070236928,1.0,0.45,14904.366981650779,4.630363930186458,0.004,5.0265482457e-05,1.0,2.6666839538393747e+17,0.9193248185685482,0.8587195940792512,300.0,13332.234579682727,3.2188327324523287e+24,0.0,inf,1.3802821974760462e-05,4.630363930186458,ambipolar_diffusion,0.0,0.0,0.0,3230.0,0,0,0,0,0.0
0.00017085427135678393,dc_series_circuit,0.0,2.9808733897447413,0.8587195922606691,2.666683959974516e+17,0.9193248188722164,0.8587195922606691,1500.0,59.61746779489482,0.014403825322051051,0.8587195922606691,100000.0,4139.002415117147,0.0002416041112582189,1.0,0.45,14904.366948723706,4.6303639323313055,0.004,5.0265482457e-05,1.0,2.666683959974516e+17,0.9193248188722165,0.8587195922606691,300.0,13332.234544053174,3.218832723850202e+24,0.0,inf,1.3802821961162294e-05,4.6303639323313055,ambipolar_diffusion,0.0,0.0,0.0,3230.0,0,0,0,0,0.0
0.00017587939698492463,dc_series_circuit,0.0,2.9808733831592225,0.8587195904420583,2.6666839661097555e+17,0.9193248191758631,0.8587195904420583,1500.0,59.61746766318444,0.014403825323368157,0.8587195904420583,100000.0,4139.002405594546,0.0002416041118140774,1.0,0.45,14904.36691579611,4.630363934475991,0.004,5.0265482457e-05,1.0,2.6666839661097552e+17,0.9193248191758633,0.8587195904420583,300.0,13332.234508423619,3.218832715248075e+24,0.0,inf,1.3802821947563708e-05,4.630363934475991,ambipolar_diffusion,0.0,0.0,0.0,3230.0,0,0,0,0,0.0
0.00018090452261306533,dc_series_circuit,0.0,2.9808733765736513,0.858719588623433,2.666683972245041e+17,0.9193248194794997,0.858719588623433,1500.0,59.617467531473025,0.01440382532468527,0.858719588623433,100000.0,4139.002396071871,0.0002416041123699402,1.0,0.45,14904.366882868257,4.630363936620594,0.004,5.0265482457e-05,1.0,2.6666839722450413e+17,0.9193248194794997,0.858719588623433,300.0,13332.234472794069,3.218832706645949e+24,0.0,inf,1.3802821933964923e-05,4.630363936620594,ambipolar_diffusion,0.0,0.0,0.0,3230.0,0,0,0,0,0.0
0.00018592964824120604,dc_series_circuit,0.0,2.9808733699880583,0.8587195868048015,2.666683978380349e+17,0.9193248197831313,0.8587195868048015,1500.0,59.61746739976116,0.014403825326002389,0.8587195868048015,100000.0,4139.002386549163,0.0002416041129258049,1.0,0.45,14904.36684994029,4.630363938765163,0.004,5.0265482457e-05,1.0,2.666683978380349e+17,0.9193248197831313,0.8587195868048015,300.0,13332.234437164516,3.218832698043822e+24,0.0,inf,1.3802821920366048e-05,4.630363938765163,ambipolar_diffusion,0.0,0.0,0.0,3230.0,0,0,0,0,0.0
0.00019095477386934674,dc_series_circuit,0.0,2.980873363402451,0.8587195849861663,2.6666839845156688e+17,0.9193248200867609,0.8587195849861663,1500.0,59.61746726804902,0.014403825327319509,0.8587195849861663,100000.0,4139.002377026435,0.00024160411348167078,1.0,0.45,14904.366817012255,4.630363940909712,0.004,5.0265482457e-05,1.0,2.6666839845156688e+17,0.9193248200867608,0.8587195849861663,300.0,13332.234401534964,3.2188326894416957e+24,0.0,inf,1.3802821906767124e-05,4.630363940909712,ambipolar_diffusion,0.0,0.0,0.0,3230.0,0,0,0,0,0.0
0.00019597989949748744,dc_series_circuit,0.0,2.9808733568168395,0.8587195831675297,2.6666839906509933e+17,0.9193248203903889,0.8587195831675297,1500.0,59.617467136336785,0.01440382532863663,0.8587195831675297,100000.0,4139.002367503701,0.00024160411403753706,1.0,0.45,14904.366784084195,4.630363943054251,0.004,5.0265482457e-05,1.0,2.6666839906509933e+17,0.9193248203903889,0.8587195831675297,300.0,13332.234365905415,3.21883268083957e+24,0.0,inf,1.3802821893168177e-05,4.630363943054251,ambipolar_diffusion,0.0,0.0,0.0,3230.0,0,0,0,0,0.0
0.00020100502512562814,dc_series_circuit,0.0,2.980873350231226,0.8587195813488928,2.6666839967863197e+17,0.9193248206940163,0.8587195813488928,1500.0,59.61746700462452,0.014403825329953754,0.8587195813488928,100000.0,4139.002357980964,0.00024160411459340348,1.0,0.45,14904.36675115613,4.63036394519879,0.004,5.0265482457e-05,1.0,2.66668399678632e+17,0.9193248206940161,0.8587195813488928,300.0,13332.234330275864,3.2188326722374434e+24,0.0,inf,1.380282187956922e-05,4.63036394519879,ambipolar_diffusion,0.0,0.0,0.0,3230.0,0,0,0,0,0.0
0.00020603015075376885,dc_series_circuit,0.0,2.9808733436456123,0.8587195795302559,2.666684002921648e+17,0.9193248209976438,0.8587195795302559,1500.0,59.617466872912246,0.014403825331270879,0.8587195795302559,100000.0,4139.002348458225,0.00024160411514927,1.0,0.45,14904.36671822806,4.630363947343327,0.004,5.0265482457e-05,1.0,2.666684002921648e+17,0.9193248209976438,0.8587195795302559,300.0,13332.234294646312,3.218832663635317e+24,0.0,inf,1.3802821865970261e-05,4.630363947343327,ambipolar_diffusion,0.0,0.0,0.0,3230.0,0,0,0,0,0.0
0.00021105527638190955,dc_series_circuit,0.0,2.9808733370599962,0.858719577711618,2.6666840090569766e+17,0.919324821301271,0.858719577711618,1500.0,59.61746674119992,0.014403825332588,0.858719577711618,100000.0,4139.002338935485,0.00024160411570513663,1.0,0.45,14904.36668529998,4.630363949487861,0.004,5.0265482457e-05,1.0,2.6666840090569766e+17,0.9193248213012708,0.858719577711618,300.0,13332.234259016761,3.2188326550331906e+24,0.0,inf,1.3802821852371296e-05,4.630363949487861,ambipolar_diffusion,0.0,0.0,0.0,3230.0,0,0,0,0,0.0
0.00021608040201005025,dc_series_circuit,0.0,2.9808733304743797,0.8587195758929802,2.666684015192306e+17,0.919324821604898,0.8587195758929802,1500.0,59.61746660948759,0.014403825333905124,0.8587195758929802,100000.0,4139.002329412743,0.00024160411626100332,1.0,0.45,14904.366652371898,4.630363951632394,0.004,5.0265482457e-05,1.0,2.666684015192306e+17,0.919324821604898,0.8587195758929802,300.0,13332.234223387208,3.218832646431064e+24,0.0,inf,1.380282183877233e-05,4.630363951632394,ambipolar_diffusion,0.0,0.0,0.0,3230.0,0,0,0,0,0.0
0.00022110552763819096,dc_series_circuit,0.0,2.9808733238887637,0.8587195740743424,2.666684021327635e+17,0.9193248219085253,0.8587195740743424,1500.0,59.61746647777527,0.014403825335222248,0.8587195740743424,100000.0,4139.002319890002,0.00024160411681687003,1.0,0.45,14904.366619443816,4.630363953776928,0.004,5.0265482457e-05,1.0,2.6666840213276352e+17,0.9193248219085253,0.8587195740743424,300.0,13332.234187757655,3.2188326378289373e+24,0.0,inf,1.3802821825173367e-05,4.630363953776928,ambipolar_diffusion,0.0,0.0,0.0,3230.0,0,0,0,0,0.0
0.00022613065326633166,dc_series_circuit,0.0,2.980873317303147,0.8587195722557047,2.6666840274629645e+17,0.9193248222121524,0.8587195722557047,1500.0,59.61746634606294,0.014403825336539371,0.8587195722557047,100000.0,4139.00231036726,0.00024160411737273672,1.0,0.45,14904.366586515735,4.630363955921462,0.004,5.0265482457e-05,1.0,2.6666840274629645e+17,0.9193248222121524,0.8587195722557047,300.0,13332.234152128103,3.218832629226811e+24,0.0,inf,1.3802821811574402e-05,4.630363955921462,ambipolar_diffusion,0.0,0.0,0.0,3230.0,0,0,0,0,0.0
0.00023115577889447236,dc_series_circuit,0.0,2.9808733107175307,0.8587195704370668,2.6666840335982938e+17,0.9193248225157796,0.8587195704370668,1500.0,59.61746621435061,0.014403825337856495,0.8587195704370668,100000.0,4139.002300844519,0.00024160411792860343,1.0,0.45,14904.366553587652,4.630363958065995,0.004,5.0265482457e-05,1.0,2.6666840335982938e+17,0.9193248225157796,0.8587195704370668,300.0,13332.23411649855,3.218832620624684e+24,0.0,inf,1.3802821797975437e-05,4.630363958065995,ambipolar_diffusion,0.0,0.0,0.0,3230.0,0,0,0,0,0.0
0.00023618090452261307,dc_series_circuit,0.0,2.9808733041319133,0.8587195686184286,2.666684039733624e+17,0.9193248228194066,0.8587195686184286,1500.0,59.61746608263826,0.014403825339173617,0.8587195686184286,100000.0,4139.002291321776,0.00024160411848447017,1.0,0.45,14904.366520659565,4.630363960210528,0.004,5.0265482457e-05,1.0,2.666684039733624e+17,0.9193248228194066,0.8587195686184286,300.0,13332.234080868995,3.218832612022557e+24,0.0,inf,1.3802821784376468e-05,4.630363960210528,ambipolar_diffusion,0.0,0.0,0.0,3230.0,0,0,0,0,0.0
0.0002412060301507538,dc_series_circuit,0.0,2.980873297546296,0.8587195667997907,2.666684045868954e+17,0.9193248231230335,0.8587195667997907,1500.0,59.61746595092592,0.01440382534049074,0.8587195667997907,100000.0,4139.002281799034,0.00024160411904033694,1.0,0.45,14904.366487731479,4.630363962355061,0.004,5.0265482457e-05,1.0,2.666684045868954e+17,0.9193248231230335,0.8587195667997907,300.0,13332.234045239442,3.21883260342043e+24,0.0,inf,1.38028217707775e-05,4.630363962355061,ambipolar_diffusion,0.0,0.0,0.0,3230.0,0,0,0,0,0.0
0.00024623115577889447,dc_series_circuit,0.0,2.9808732909606803,0.8587195649811531,2.666684052004283e+17,0.9193248234266607,0.8587195649811531,1500.0,59.617465819213606,0.014403825341807864,0.8587195649811531,100000.0,4139.002272276293,0.0002416041195962036,1.0,0.45,14904.366454803401,4.630363964499596,0.004,5.0265482457e-05,1.0,2.666684052004283e+17,0.9193248234266609,0.8587195649811531,300.0,13332.23400960989,3.2188325948183037e+24,0.0,inf,1.3802821757178537e-05,4.630363964499596,ambipolar_diffusion,0.0,0.0,0.0,3230.0,0,0,0,0,0.0
0.0002512562814070352,dc_series_circuit,0.0,2.980873284375064,0.8587195631625152,2.6666840581396128e+17,0.9193248237302878,0.8587195631625152,1500.0,59.61746568750127,0.014403825343124987,0.8587195631625152,100000.0,4139.002262753552,0.0002416041201520703,1.0,0.45,14904.366421875318,4.630363966644129,0.004,5.0265482457e-05,1.0,2.6666840581396128e+17,0.9193248237302878,0.8587195631625152,300.0,13332.23397398034,3.2188325862161773e+24,0.0,inf,1.3802821743579567e-05,4.630363966644129,ambipolar_diffusion,0.0,0.0,0.0,3230.0,0,0,0,0,0.0
0.0002562814070351759,dc_series_circuit,0.0,2.980873277789447,0.8587195613438772,2.6666840642749427e+17,0.919324824033915,0.8587195613438772,1500.0,59.61746555578893,0.01440382534444211,0.8587195613438772,100000.0,4139.002253230809,0.00024160412070793708,1.0,0.45,14904.366388947234,4.630363968788663,0.004,5.0265482457e-05,1.0,2.6666840642749427e+17,0.919324824033915,0.8587195613438772,300.0,13332.233938350782,3.2188325776140504e+24,0.0,inf,1.3802821729980604e-05,4.630363968788663,ambipolar_diffusion,0.0,0.0,0.0,3230.0,0,0,0,0,0.0
0.0002613065326633166,dc_series_circuit,0.0,2.9808732712038304,0.8587195595252394,2.6666840704102723e+17,0.9193248243375419,0.8587195595252394,1500.0,59.617465424076606,0.014403825345759234,0.8587195595252394,100000.0,4139.002243708068,0.0002416041212638038,1.0,0.45,14904.36635601915,4.630363970933196,0.004,5.0265482457e-05,1.0,2.666684070410272e+17,0.9193248243375419,0.8587195595252394,300.0,13332.233902721231,3.218832569011924e+24,0.0,inf,1.3802821716381636e-05,4.630363970933196,ambipolar_diffusion,0.0,0.0,0.0,3230.0,0,0,0,0,0.0
0.0002663316582914573,dc_series_circuit,0.0,2.980873264618214,0.8587195577066015,2.666684076545602e+17,0.9193248246411692,0.8587195577066015,1500.0,59.61746529236427,0.014403825347076356,0.8587195577066015,100000.0,4139.002234185326,0.0002416041218196705,1.0,0.45,14904.366323091068,4.630363973077728,0.004,5.0265482457e-05,1.0,2.666684076545602e+17,0.9193248246411692,0.8587195577066015,300.0,13332.233867091682,3.218832560409798e+24,0.0,inf,1.3802821702782669e-05,4.630363973077728,ambipolar_diffusion,0.0,0.0,0.0,3230.0,0,0,0,0,0.0
0.000271356783919598,dc_series_circuit,0.0,2.9808732580325974,0.8587195558879637,2.6666840826809315e+17,0.9193248249447961,0.8587195558879637,1500.0,59.617465160651946,0.01440382534839348,0.8587195558879637,100000.0,4139.002224662585,0.00024160412237553722,1.0,0.45,14904.366290162987,4.630363975222262,0.004,5.0265482457e-05,1.0,2.6666840826809315e+17,0.9193248249447962,0.8587195558879637,300.0,13332.233831462128,3.218832551807671e+24,0.0,inf,1.3802821689183702e-05,4.630363975222262,ambipolar_diffusion,0.0,0.0,0.0,3230.0,0,0,0,0,0.0
0.0002763819095477387,dc_series_circuit,0.0,2.980873251446982,0.8587195540693262,2.6666840888162608e+17,0.9193248252484235,0.8587195540693262,1500.0,59.617465028939634,0.014403825349710605,0.8587195540693262,100000.0,4139.002215139844,0.0002416041229314039,1.0,0.45,14904.366257234908,4.630363977366797,0.004,5.0265482457e-05,1.0,2.6666840888162608e+17,0.9193248252484234,0.8587195540693262,300.0,13332.233795832577,3.218832543205545e+24,0.0,inf,1.380282167558474e-05,4.630363977366797,ambipolar_diffusion,0.0,0.0,0.0,3230.0,0,0,0,0,0.0
0.0002814070351758794,dc_series_circuit,0.0,2.980873244861365,0.8587195522506882,2.6666840949515907e+17,0.9193248255520508,0.8587195522506882,1500.0,59.61746489722729,0.014403825351027728,0.8587195522506882,100000.0,4139.002205617102,0.00024160412348727067,1.0,0.45,14904.366224306823,4.630363979511329,0.004,5.0265482457e-05,1.0,2.6666840949515907e+17,0.9193248255520505,0.8587195522506882,300.0,13332.233760203027,3.218832534603419e+24,0.0,inf,1.3802821661985773e-05,4.630363979511329,ambipolar_diffusion,0.0,0.0,0.0,3230.0,0,0,0,0,0.0
0.0002864321608040201,dc_series_circuit,0.0,2.9808732382757492,0.8587195504320506,2.6666841010869197e+17,0.9193248258556779,0.8587195504320506,1500.0,59.61746476551498,0.014403825352344852,0.8587195504320506,100000.0,4139.002196094361,0.00024160412404313736,1.0,0.45,14904.366191378745,4.630363981655864,0.004,5.0265482457e-05,1.0,2.6666841010869197e+17,0.9193248258556778,0.8587195504320506,300.0,13332.233724573474,3.218832526001292e+24,0.0,inf,1.3802821648386808e-05,4.630363981655864,ambipolar_diffusion,0.0,0.0,0.0,3230.0,0,0,0,0,0.0
0.0002914572864321608,dc_series_circuit,0.0,2.9808732316901327,0.8587195486134127,2.6666841072222496e+17,0.9193248261593049,0.8587195486134127,1500.0,59.617464633802655,0.014403825353661973,0.8587195486134127,100000.0,4139.002186571621,0.00024160412459900402,1.0,0.45,14904.366158450663,4.630363983800398,0.004,5.0265482457e-05,1.0,2.6666841072222496e+17,0.9193248261593049,0.8587195486134127,300.0,13332.233688943923,3.2188325173991657e+24,0.0,inf,1.3802821634787841e-05,4.630363983800398,ambipolar_diffusion,0.0,0.0,0.0,3230.0,0,0,0,0,0.0
0.0002964824120603015,dc_series_circuit,0.0,2.980873225104516,0.8587195467947747,2.6666841133575798e+17,0.9193248264629321,0.8587195467947747,1500.0,59.617464502090314,0.014403825354979097,0.8587195467947747,100000.0,4139.002177048878,0.00024160412515487081,1.0,0.45,14904.366125522578,4.630363985944932,0.004,5.0265482457e-05,1.0,2.6666841133575798e+17,0.9193248264629321,0.8587195467947747,300.0,13332.233653314366,3.218832508797038e+24,0.0,inf,1.3802821621188876e-05,4.630363985944932,ambipolar_diffusion,0.0,0.0,0.0,3230.0,0,0,0,0,0.0
0.00030150753768844223,dc_series_circuit,0.0,2.9808732185188997,0.8587195449761369,2.6666841194929098e+17,0.9193248267665591,0.8587195449761369,1500.0,59.61746437037799,0.01440382535629622,0.8587195449761369,100000.0,4139.002167526137,0.00024160412571073755,1.0,0.45,14904.366092594497,4.630363988089465,0.004,5.0265482457e-05,1.0,2.6666841194929098e+17,0.9193248267665594,0.8587195449761369,300.0,13332.233617684817,3.2188325001949123e+24,0.0,inf,1.380282160758991e-05,4.630363988089465,ambipolar_diffusion,0.0,0.0,0.0,3230.0,0,0,0,0,0.0
0.0003065326633165829,dc_series_circuit,0.0,2.9808732119332837,0.8587195431574992,2.6666841256282394e+17,0.9193248270701864,0.8587195431574992,1500.0,59.61746423866567,0.014403825357613344,0.8587195431574992,100000.0,4139.002158003396,0.00024160412626660424,1.0,0.45,14904.366059666418,4.630363990234,0.004,5.0265482457e-05,1.0,2.6666841256282394e+17,0.9193248270701864,0.8587195431574992,300.0,13332.233582055263,3.2188324915927854e+24,0.0,inf,1.3802821593990945e-05,4.630363990234,ambipolar_diffusion,0.0,0.0,0.0,3230.0,0,0,0,0,0.0
0.00031155778894472364,dc_series_circuit,0.0,2.980873205347666,0.8587195413388611,2.6666841317635696e+17,0.9193248273738135,0.8587195413388611,1500.0,59.617464106953314,0.014403825358930467,0.8587195413388611,100000.0,4139.002148480653,0.0002416041268224711,1.0,0.45,14904.366026738327,4.630363992378532,0.004,5.0265482457e-05,1.0,2.6666841317635696e+17,0.9193248273738135,0.8587195413388611,300.0,13332.233546425708,3.2188324829906585e+24,0.0,inf,1.3802821580391977e-05,4.630363992378532,ambipolar_diffusion,0.0,0.0,0.0,3230.0,0,0,0,0,0.0
0.0003165829145728643,dc_series_circuit,0.0,2.980873198762049,0.8587195395202231,2.6666841378989e+17,0.9193248276774407,0.8587195395202231,1500.0,59.61746397524097,0.01440382536024759,0.8587195395202231,100000.0,4139.002138957911,0.00024160412737833788,1.0,0.45,14904.365993810243,4.630363994523065,0.004,5.0265482457e-05,1.0,2.6666841378989e+17,0.9193248276774407,0.8587195395202231,300.0,13332.233510796157,3.218832474388532e+24,0.0,inf,1.3802821566793012e-05,4.630363994523065,ambipolar_diffusion,0.0,0.0,0.0,3230.0,0,0,0,0,0.0
0.00032160804020100504,dc_series_circuit,0.0,2.980873192176433,0.8587195377015853,2.6666841440342298e+17,0.919324827981068,0.8587195377015853,1500.0,59.617463843528654,0.014403825361564713,0.8587195377015853,100000.0,4139.00212943517,0.00024160412793420457,1.0,0.45,14904.365960882164,4.630363996667601,0.004,5.0265482457e-05,1.0,2.6666841440342298e+17,0.919324827981068,0.8587195377015853,300.0,13332.233475166602,3.2188324657864046e+24,0.0,inf,1.3802821553194045e-05,4.630363996667601,ambipolar_diffusion,0.0,0.0,0.0,3230.0,0,0,0,0,0.0
0.00032663316582914577,dc_series_circuit,0.0,2.980873185590816,0.8587195358829472,2.66668415016956e+17,0.9193248282846953,0.8587195358829472,1500.0,59.61746371181631,0.014403825362881836,0.8587195358829472,100000.0,4139.002119912428,0.0002416041284900714,1.0,0.45,14904.365927954079,4.630363998812134,0.004,5.0265482457e-05,1.0,2.66668415016956e+17,0.9193248282846953,0.8587195358829472,300.0,13332.233439537049,3.2188324571842777e+24,0.0,inf,1.380282153959508e-05,4.630363998812134,ambipolar_diffusion,0.0,0.0,0.0,3230.0,0,0,0,0,0.0
0.00033165829145728645,dc_series_circuit,0.0,2.9808731790051985,0.8587195340643092,2.6666841563048906e+17,0.919324828588322,0.8587195340643092,1500.0,59.617463580103966,0.01440382536419896,0.8587195340643092,100000.0,4139.002110389685,0.0002416041290459382,1.0,0.45,14904.36589502599,4.630364000956666,0.004,5.0265482457e-05,1.0,2.6666841563048906e+17,0.9193248285883219,0.8587195340643092,300.0,13332.233403907496,3.2188324485821513e+24,0.0,inf,1.3802821525996108e-05,4.630364000956666,ambipolar_diffusion,0.0,0.0,0.0,3230.0,0,0,0,0,0.0
0.0003366834170854272,dc_series_circuit,0.0,2.980873172419582,0.8587195322456714,2.6666841624402205e+17,0.9193248288919492,0.8587195322456714,1500.0,59.61746344839164,0.014403825365516083,0.8587195322456714,100000.0,4139.002100866944,0.00024160412960180495,1.0,0.45,14904.36586209791,4.630364003101199,0.004,5.0265482457e-05,1.0,2.6666841624402205e+17,0.9193248288919492,0.8587195322456714,300.0,13332.233368277944,3.218832439980025e+24,0.0,inf,1.3802821512397144e-05,4.630364003101199,ambipolar_diffusion,0.0,0.0,0.0,3230.0,0,0,0,0,0.0
0.00034170854271356785,dc_series_circuit,0.0,2.980873165833967,0.8587195304270341,2.6666841685755507e+17,0.9193248291955763,0.8587195304270341,1500.0,59.617463316679334,0.014403825366833208,0.8587195304270341,100000.0,4139.002091344203,0.00024160413015767164,1.0,0.45,14904.365829169834,4.630364005245736,0.004,5.0265482457e-05,1.0,2.6666841685755507e+17,0.9193248291955763,0.8587195304270341,300.0,13332.233332648391,3.218832431377898e+24,0.0,inf,1.3802821498798179e-05,4.630364005245736,ambipolar_diffusion,0.0,0.0,0.0,3230.0,0,0,0,0,0.0
0.0003467336683417086,dc_series_circuit,0.0,2.98087315924835,0.8587195286083961,2.666684174710881e+17,0.9193248294992036,0.8587195286083961,1500.0,59.617463184966994,0.014403825368150332,0.8587195286083961,100000.0,4139.002081821461,0.00024160413071353846,1.0,0.45,14904.365796241747,4.63036400739027,0.004,5.0265482457e-05,1.0,2.666684174710881e+17,0.9193248294992036,0.8587195286083961,300.0,13332.233297018838,3.218832422775771e+24,0.0,inf,1.3802821485199212e-05,4.63036400739027,ambipolar_diffusion,0.0,0.0,0.0,3230.0,0,0,0,0,0.0
0.00035175879396984926,dc_series_circuit,0.0,2.980873152662733,0.8587195267897579,2.6666841808462112e+17,0.9193248298028307,0.8587195267897579,1500.0,59.61746305325465,0.014403825369467453,0.8587195267897579,100000.0,4139.002072298719,0.00024160413126940523,1.0,0.45,14904.365763313663,4.630364009534802,0.004,5.0265482457e-05,1.0,2.6666841808462112e+17,0.9193248298028307,0.8587195267897579,300.0,13332.233261389287,3.2188324141736446e+24,0.0,inf,1.3802821471600246e-05,4.630364009534802,ambipolar_diffusion,0.0,0.0,0.0,3230.0,0,0,0,0,0.0
0.00035678391959799,dc_series_circuit,0.0,2.9808731460771156,0.8587195249711199,2.6666841869815414e+17,0.9193248301064578,0.8587195249711199,1500.0,59.61746292154231,0.014403825370784577,0.8587195249711199,100000.0,4139.002062775977,0.00024160413182527205,1.0,0.45,14904.365730385578,4.630364011679335,0.004,5.0265482457e-05,1.0,2.6666841869815414e+17,0.9193248301064578,0.8587195249711199,300.0,13332.233225759735,3.218832405571518e+24,0.0,inf,1.3802821458001279e-05,4.630364011679335,ambipolar_diffusion,0.0,0.0,0.0,3230.0,0,0,0,0,0.0
0.00036180904522613067,dc_series_circuit,0.0,2.9808731394915,0.8587195231524823,2.6666841931168717e+17,0.919324830410085,0.8587195231524823,1500.0,59.61746278983,0.0144038253721017,0.8587195231524823,100000.0,4139.002053253236,0.00024160413238113877,1.0,0.45,14904.3656974575,4.630364013823871,0.004,5.0265482457e-05,1.0,2.6666841931168717e+17,0.9193248304100848,0.8587195231524823,300.0,13332.23319013018,3.2188323969693913e+24,0.0,inf,1.3802821444402309e-05,4.630364013823871,ambipolar_diffusion,0.0,0.0,0.0,3230.0,0,0,0,0,0.0
0.0003668341708542714,dc_series_circuit,0.0,2.9808731329058835,0.8587195213338445,2.6666841992522016e+17,0.9193248307137122,0.8587195213338445,1500.0,59.61746265811767,0.014403825373418824,0.8587195213338445,100000.0,4139.002043730495,0.00024160413293700553,1.0,0.45,14904.365664529416,4.630364015968404,0.004,5.0265482457e-05,1.0,2.6666841992522016e+17,0.9193248307137122,0.8587195213338445,300.0,13332.23315450063,3.218832388367265e+24,0.0,inf,1.3802821430803347e-05,4.630364015968404,ambipolar_diffusion,0.0,0.0,0.0,3230.0,0,0,0,0,0.0
0.00037185929648241207,dc_series_circuit,0.0,2.980873126320267,0.8587195195152068,2.6666842053875315e+17,0.9193248310173392,0.8587195195152068,1500.0,59.61746252640534,0.014403825374735947,0.8587195195152068,100000.0,4139.002034207753,0.0002416041334928723,1.0,0.45,14904.365631601335,4.630364018112936,0.004,5.0265482457e-05,1.0,2.6666842053875315e+17,0.9193248310173392,0.8587195195152068,300.0,13332.23311887108,3.218832379765139e+24,0.0,inf,1.380282141720438e-05,4.630364018112936,ambipolar_diffusion,0.0,0.0,0.0,3230.0,0,0,0,0,0.0
0.0003768844221105528,dc_series_circuit,0.0,2.9808731197346505,0.8587195176965687,2.666684211522862e+17,0.9193248313209665,0.8587195176965687,1500.0,59.61746239469301,0.01440382537605307,0.8587195176965687,100000.0,4139.002024685012,0.00024160413404873907,1.0,0.45,14904.365598673252,4.6303640202574705,0.004,5.0265482457e-05,1.0,2.6666842115228618e+17,0.9193248313209665,0.8587195176965687,300.0,13332.233083241526,3.218832371163012e+24,0.0,inf,1.3802821403605416e-05,4.6303640202574705,ambipolar_diffusion,0.0,0.0,0.0,3230.0,0,0,0,0,0.0
0.0003819095477386935,dc_series_circuit,0.0,2.980873113149034,0.8587195158779308,2.666684217658193e+17,0.9193248316245936,0.8587195158779308,1500.0,59.61746226298067,0.014403825377370193,0.8587195158779308,100000.0,4139.00201516227,0.00024160413460460584,1.0,0.45,14904.365565745167,4.630364022402004,0.004,5.0265482457e-05,1.0,2.6666842176581926e+17,0.9193248316245936,0.8587195158779308,300.0,13332.233047611975,3.218832362560886e+24,0.0,inf,1.3802821390006448e-05,4.630364022402004,ambipolar_diffusion,0.0,0.0,0.0,3230.0,0,0,0,0,0.0
0.0003869346733668342,dc_series_circuit,0.0,2.9808731065634175,0.858719514059293,2.6666842237935226e+17,0.9193248319282209,0.858719514059293,1500.0,59.61746213126835,0.014403825378687316,0.858719514059293,100000.0,4139.002005639529,0.00024160413516047263,1.0,0.45,14904.365532817086,4.630364024546538,0.004,5.0265482457e-05,1.0,2.6666842237935226e+17,0.9193248319282209,0.858719514059293,300.0,13332.233011982424,3.2188323539587593e+24,0.0,inf,1.3802821376407481e-05,4.630364024546538,ambipolar_diffusion,0.0,0.0,0.0,3230.0,0,0,0,0,0.0
0.0003919597989949749,dc_series_circuit,0.0,2.980873099977801,0.8587195122406552,2.666684229928853e+17,0.9193248322318479,0.8587195122406552,1500.0,59.61746199955602,0.01440382538000444,0.8587195122406552,100000.0,4139.001996116787,0.0002416041357163394,1.0,0.45,14904.365499889005,4.630364026691073,0.004,5.0265482457e-05,1.0,2.666684229928853e+17,0.9193248322318478,0.8587195122406552,300.0,13332.23297635287,3.218832345356633e+24,0.0,inf,1.3802821362808515e-05,4.630364026691073,ambipolar_diffusion,0.0,0.0,0.0,3230.0,0,0,0,0,0.0
0.0003969849246231156,dc_series_circuit,0.0,2.980873093392186,0.8587195104220178,2.6666842360641827e+17,0.9193248325354749,0.8587195104220178,1500.0,59.617461867843716,0.014403825381321563,0.8587195104220178,100000.0,4139.001986594048,0.00024160413627220608,1.0,0.45,14904.365466960928,4.630364028835608,0.004,5.0265482457e-05,1.0,2.6666842360641827e+17,0.9193248325354751,0.8587195104220178,300.0,13332.232940723317,3.218832336754506e+24,0.0,inf,1.380282134920955e-05,4.630364028835608,ambipolar_diffusion,0.0,0.0,0.0,3230.0,0,0,0,0,0.0
0.0004020100502512563,dc_series_circuit,0.0,2.980873086806568,0.8587195086033793,2.6666842421995133e+17,0.9193248328391026,0.8587195086033793,1500.0,59.617461736131354,0.014403825382638685,0.8587195086033793,100000.0,4139.001977071304,0.000241604136828073,1.0,0.45,14904.365434032838,4.63036403098014,0.004,5.0265482457e-05,1.0,2.6666842421995133e+17,0.9193248328391026,0.8587195086033793,300.0,13332.232905093764,3.218832328152379e+24,0.0,inf,1.3802821335610586e-05,4.63036403098014,ambipolar_diffusion,0.0,0.0,0.0,3230.0,0,0,0,0,0.0
0.000407035175879397,dc_series_circuit,0.0,2.9808730802209515,0.8587195067847415,2.6666842483348438e+17,0.9193248331427295,0.8587195067847415,1500.0,59.61746160441903,0.014403825383955808,0.8587195067847415,100000.0,4139.001967548563,0.00024160413738393978,1.0,0.45,14904.365401104757,4.630364033124674,0.004,5.0265482457e-05,1.0,2.6666842483348438e+17,0.9193248331427295,0.8587195067847415,300.0,13332.232869464213,3.2188323195502527e+24,0.0,inf,1.3802821322011618e-05,4.630364033124674,ambipolar_diffusion,0.0,0.0,0.0,3230.0,0,0,0,0,0.0
0.0004120603015075377,dc_series_circuit,0.0,2.980873073635335,0.8587195049661037,2.6666842544701747e+17,0.9193248334463565,0.8587195049661037,1500.0,59.617461472706694,0.014403825385272932,0.8587195049661037,100000.0,4139.001958025821,0.00024160413793980658,1.0,0.45,14904.365368176674,4.630364035269208,0.004,5.0265482457e-05,1.0,2.6666842544701747e+17,0.9193248334463567,0.8587195049661037,300.0,13332.232833834656,3.218832310948126e+24,0.0,inf,1.380282130841265e-05,4.630364035269208,ambipolar_diffusion,0.0,0.0,0.0,3230.0,0,0,0,0,0.0
0.0004170854271356784,dc_series_circuit,0.0,2.980873067049719,0.858719503147466,2.6666842606055053e+17,0.9193248337499837,0.858719503147466,1500.0,59.617461340994375,0.014403825386590057,0.858719503147466,100000.0,4139.00194850308,0.00024160413849567337,1.0,0.45,14904.365335248593,4.6303640374137425,0.004,5.0265482457e-05,1.0,2.6666842606055053e+17,0.9193248337499837,0.858719503147466,300.0,13332.232798205105,3.2188323023459994e+24,0.0,inf,1.3802821294813683e-05,4.6303640374137425,ambipolar_diffusion,0.0,0.0,0.0,3230.0,0,0,0,0,0.0
0.0004221105527638191,dc_series_circuit,0.0,2.980873060464102,0.8587195013288282,2.6666842667408355e+17,0.9193248340536111,0.8587195013288282,1500.0,59.61746120928204,0.01440382538790718,0.8587195013288282,100000.0,4139.001938980338,0.00024160413905154017,1.0,0.45,14904.36530232051,4.630364039558276,0.004,5.0265482457e-05,1.0,2.6666842667408355e+17,0.9193248340536111,0.8587195013288282,300.0,13332.232762575553,3.218832293743873e+24,0.0,inf,1.3802821281214718e-05,4.630364039558276,ambipolar_diffusion,0.0,0.0,0.0,3230.0,0,0,0,0,0.0
0.00042713567839195983,dc_series_circuit,0.0,2.980873053878486,0.8587194995101904,2.6666842728761658e+17,0.9193248343572384,0.8587194995101904,1500.0,59.617461077569715,0.014403825389224304,0.8587194995101904,100000.0,4139.001929457597,0.00024160413960740696,1.0,0.45,14904.365269392429,4.63036404170281,0.004,5.0265482457e-05,1.0,2.6666842728761658e+17,0.9193248343572382,0.8587194995101904,300.0,13332.232726946,3.218832285141746e+24,0.0,inf,1.3802821267615754e-05,4.63036404170281,ambipolar_diffusion,0.0,0.0,0.0,3230.0,0,0,0,0,0.0
0.0004321608040201005,dc_series_circuit,0.0,2.980873047292869,0.8587194976915524,2.6666842790114966e+17,0.9193248346608653,0.8587194976915524,1500.0,59.61746094585738,0.014403825390541426,0.8587194976915524,100000.0,4139.001919934855,0.00024160414016327375,1.0,0.45,14904.365236464346,4.630364043847345,0.004,5.0265482457e-05,1.0,2.6666842790114966e+17,0.9193248346608653,0.8587194976915524,300.0,13332.232691316449,3.2188322765396197e+24,0.0,inf,1.3802821254016785e-05,4.630364043847345,ambipolar_diffusion,0.0,0.0,0.0,3230.0,0,0,0,0,0.0
0.00043718592964824124,dc_series_circuit,0.0,2.9808730407072517,0.8587194958729143,2.6666842851468275e+17,0.9193248349644926,0.8587194958729143,1500.0,59.61746081414503,0.01440382539185855,0.8587194958729143,100000.0,4139.001910412113,0.00024160414071914063,1.0,0.45,14904.365203536257,4.630364045991876,0.004,5.0265482457e-05,1.0,2.6666842851468275e+17,0.9193248349644926,0.8587194958729143,300.0,13332.232655686896,3.218832267937493e+24,0.0,inf,1.3802821240417819e-05,4.630364045991876,ambipolar_diffusion,0.0,0.0,0.0,3230.0,0,0,0,0,0.0
0.0004422110552763819,dc_series_circuit,0.0,2.9808730341216356,0.8587194940542765,2.6666842912821584e+17,0.9193248352681198,0.8587194940542765,1500.0,59.61746068243271,0.014403825393175673,0.8587194940542765,100000.0,4139.001900889371,0.00024160414127500743,1.0,0.45,14904.365170608176,4.6303640481364114,0.004,5.0265482457e-05,1.0,2.6666842912821584e+17,0.9193248352681199,0.8587194940542765,300.0,13332.232620057343,3.2188322593353663e+24,0.0,inf,1.3802821226818854e-05,4.6303640481364114,ambipolar_diffusion,0.0,0.0,0.0,3230.0,0,0,0,0,0.0
0.00044723618090452264,dc_series_circuit,0.0,2.980873027536019,0.8587194922356387,2.666684297417489e+17,0.919324835571747,0.8587194922356387,1500.0,59.61746055072038,0.014403825394492796,0.8587194922356387,100000.0,4139.00189136663,0.00024160414183087425,1.0,0.45,14904.365137680095,4.630364050280946,0.004,5.0265482457e-05,1.0,2.666684297417489e+17,0.919324835571747,0.8587194922356387,300.0,13332.23258442779,3.2188322507332394e+24,0.0,inf,1.3802821213219886e-05,4.630364050280946,ambipolar_diffusion,0.0,0.0,0.0,3230.0,0,0,0,0,0.0
0.0004522613065326633,dc_series_circuit,0.0,2.9808730209504026,0.8587194904170008,2.66668430355282e+17,0.9193248358753738,0.8587194904170008,1500.0,59.61746041900805,0.01440382539580992,0.8587194904170008,100000.0,4139.001881843888,0.00024160414238674104,1.0,0.45,14904.36510475201,4.63036405242548,0.004,5.0265482457e-05,1.0,2.66668430355282e+17,0.9193248358753738,0.8587194904170008,300.0,13332.232548798236,3.2188322421311125e+24,0.0,inf,1.3802821199620917e-05,4.63036405242548,ambipolar_diffusion,0.0,0.0,0.0,3230.0,0,0,0,0,0.0
0.00045728643216080405,dc_series_circuit,0.0,2.9808730143647857,0.8587194885983628,2.6666843096881504e+17,0.9193248361790012,0.8587194885983628,1500.0,59.617460287295714,0.014403825397127042,0.8587194885983628,100000.0,4139.001872321147,0.00024160414294260786,1.0,0.45,14904.365071823928,4.630364054570013,0.004,5.0265482457e-05,1.0,2.6666843096881504e+17,0.9193248361790011,0.8587194885983628,300.0,13332.232513168688,3.218832233528987e+24,0.0,inf,1.3802821186021952e-05,4.630364054570013,ambipolar_diffusion,0.0,0.0,0.0,3230.0,0,0,0,0,0.0
0.0004623115577889447,dc_series_circuit,0.0,2.9808730077791696,0.858719486779725,2.666684315823481e+17,0.9193248364826284,0.858719486779725,1500.0,59.61746015558339,0.014403825398444165,0.858719486779725,100000.0,4139.001862798405,0.00024160414349847469,1.0,0.45,14904.365038895847,4.630364056714547,0.004,5.0265482457e-05,1.0,2.666684315823481e+17,0.9193248364826283,0.858719486779725,300.0,13332.232477539135,3.21883222492686e+24,0.0,inf,1.3802821172422984e-05,4.630364056714547,ambipolar_diffusion,0.0,0.0,0.0,3230.0,0,0,0,0,0.0
0.00046733668341708545,dc_series_circuit,0.0,2.9808730011935536,0.8587194849610873,2.6666843219588118e+17,0.9193248367862557,0.8587194849610873,1500.0,59.61746002387107,0.014403825399761289,0.8587194849610873,100000.0,4139.001853275665,0.00024160414405434145,1.0,0.45,14904.365005967768,4.630364058859082,0.004,5.0265482457e-05,1.0,2.6666843219588115e+17,0.9193248367862558,0.8587194849610873,300.0,13332.232441909582,3.218832216324734e+24,0.0,inf,1.3802821158824021e-05,4.630364058859082,ambipolar_diffusion,0.0,0.0,0.0,3230.0,0,0,0,0,0.0
0.00047236180904522613,dc_series_circuit,0.0,2.9808729946079375,0.8587194831424496,2.666684328094142e+17,0.9193248370898827,0.8587194831424496,1500.0,59.61745989215875,0.014403825401078412,0.8587194831424496,100000.0,4139.001843752924,0.00024160414461020822,1.0,0.45,14904.364973039686,4.6303640610036165,0.004,5.0265482457e-05,1.0,2.666684328094142e+17,0.9193248370898828,0.8587194831424496,300.0,13332.232406280029,3.218832207722607e+24,0.0,inf,1.3802821145225054e-05,4.6303640610036165,ambipolar_diffusion,0.0,0.0,0.0,3230.0,0,0,0,0,0.0
0.00047738693467336686,dc_series_circuit,0.0,2.9808729880223197,0.8587194813238115,2.666684334229474e+17,0.9193248373935102,0.8587194813238115,1500.0,59.617459760446394,0.014403825402395537,0.8587194813238115,100000.0,4139.00183423018,0.0002416041451660752,1.0,0.45,14904.364940111598,4.630364063148153,0.004,5.0265482457e-05,1.0,2.666684334229474e+17,0.9193248373935102,0.8587194813238115,300.0,13332.232370650467,3.218832199120478e+24,0.0,inf,1.3802821131626088e-05,4.630364063148153,ambipolar_diffusion,0.0,0.0,0.0,3230.0,0,0,0,0,0.0
0.0004824120603015076,dc_series_circuit,0.0,2.980872981436702,0.8587194795051732,2.666684340364806e+17,0.9193248376971376,0.8587194795051732,1500.0,59.61745962873403,0.01440382540371266,0.8587194795051732,100000.0,4139.001824707437,0.00024160414572194214,1.0,0.45,14904.364907183508,4.630364065292688,0.004,5.0265482457e-05,1.0,2.666684340364806e+17,0.9193248376971378,0.8587194795051732,300.0,13332.232335020904,3.218832190518349e+24,0.0,inf,1.3802821118027118e-05,4.630364065292688,ambipolar_diffusion,0.0,0.0,0.0,3230.0,0,0,0,0,0.0
0.00048743718592964827,dc_series_circuit,0.0,2.980872974851083,0.8587194776865347,2.666684346500139e+17,0.9193248380007649,0.8587194776865347,1500.0,59.617459497021656,0.014403825405029784,0.8587194776865347,100000.0,4139.001815184692,0.0002416041462778092,1.0,0.45,14904.364874255414,4.630364067437223,0.004,5.0265482457e-05,1.0,2.6666843465001392e+17,0.9193248380007649,0.8587194776865347,300.0,13332.232299391339,3.218832181916219e+24,0.0,inf,1.3802821104428148e-05,4.630364067437223,ambipolar_diffusion,0.0,0.0,0.0,3230.0,0,0,0,0,0.0
0.0004924623115577889,dc_series_circuit,0.0,2.9808729682654653,0.8587194758678965,2.6666843526354714e+17,0.9193248383043923,0.8587194758678965,1500.0,59.6174593653093,0.014403825406346908,0.8587194758678965,100000.0,4139.001805661948,0.00024160414683367613,1.0,0.45,14904.364841327326,4.630364069581757,0.004,5.0265482457e-05,1.0,2.6666843526354714e+17,0.9193248383043923,0.8587194758678965,300.0,13332.232263761778,3.2188321733140906e+24,0.0,inf,1.3802821090829178e-05,4.630364069581757,ambipolar_diffusion,0.0,0.0,0.0,3230.0,0,0,0,0,0.0
0.0004974874371859297,dc_series_circuit,0.0,2.9808729616798466,0.8587194740492581,2.6666843587708042e+17,0.9193248386080193,0.8587194740492581,1500.0,59.61745923359693,0.014403825407664031,0.8587194740492581,100000.0,4139.001796139204,0.00024160414738954312,1.0,0.45,14904.364808399232,4.630364071726291,0.004,5.0265482457e-05,1.0,2.6666843587708042e+17,0.9193248386080193,0.8587194740492581,300.0,13332.232228132218,3.218832164711962e+24,0.0,inf,1.3802821077230206e-05,4.630364071726291,ambipolar_diffusion,0.0,0.0,0.0,3230.0,0,0,0,0,0.0
0.0005025125628140704,dc_series_circuit,0.0,2.9808729550942274,0.8587194722306195,2.666684364906137e+17,0.9193248389116466,0.8587194722306195,1500.0,59.61745910188455,0.014403825408981155,0.8587194722306195,100000.0,4139.001786616459,0.00024160414794541018,1.0,0.45,14904.364775471136,4.630364073870825,0.004,5.0265482457e-05,1.0,2.666684364906137e+17,0.9193248389116466,0.8587194722306195,300.0,13332.232192502654,3.2188321561098324e+24,0.0,inf,1.3802821063631234e-05,4.630364073870825,ambipolar_diffusion,0.0,0.0,0.0,3230.0,0,0,0,0,0.0
0.0005075376884422111,dc_series_circuit,0.0,2.98087294850861,0.8587194704119813,2.6666843710414694e+17,0.9193248392152742,0.8587194704119813,1500.0,59.617458970172194,0.014403825410298278,0.8587194704119813,100000.0,4139.001777093716,0.00024160414850127714,1.0,0.45,14904.364742543048,4.630364076015361,0.004,5.0265482457e-05,1.0,2.6666843710414694e+17,0.9193248392152742,0.8587194704119813,300.0,13332.232156873093,3.218832147507704e+24,0.0,inf,1.3802821050032268e-05,4.630364076015361,ambipolar_diffusion,0.0,0.0,0.0,3230.0,0,0,0,0,0.0
0.0005125628140703518,dc_series_circuit,0.0,2.9808729419229913,0.8587194685933429,2.6666843771768026e+17,0.9193248395189013,0.8587194685933429,1500.0,59.617458838459825,0.014403825411615402,0.8587194685933429,100000.0,4139.001767570971,0.00024160414905714412,1.0,0.45,14904.364709614956,4.6303640781598965,0.004,5.0265482457e-05,1.0,2.6666843771768026e+17,0.9193248395189015,0.8587194685933429,300.0,13332.232121243527,3.2188321389055743e+24,0.0,inf,1.3802821036433296e-05,4.6303640781598965,ambipolar_diffusion,0.0,0.0,0.0,3230.0,0,0,0,0,0.0
0.0005175879396984925,dc_series_circuit,0.0,2.980872935337373,0.8587194667747045,2.6666843833121354e+17,0.9193248398225286,0.8587194667747045,1500.0,59.617458706747456,0.014403825412932525,0.8587194667747045,100000.0,4139.001758048227,0.00024160414961301113,1.0,0.45,14904.364676686864,4.630364080304432,0.004,5.0265482457e-05,1.0,2.6666843833121354e+17,0.9193248398225286,0.8587194667747045,300.0,13332.232085613963,3.2188321303034447e+24,0.0,inf,1.3802821022834325e-05,4.630364080304432,ambipolar_diffusion,0.0,0.0,0.0,3230.0,0,0,0,0,0.0
0.0005226130653266332,dc_series_circuit,0.0,2.9808729287517552,0.8587194649560662,2.6666843894474678e+17,0.9193248401261561,0.8587194649560662,1500.0,59.6174585750351,0.014403825414249649,0.8587194649560662,100000.0,4139.001748525484,0.0002416041501688781,1.0,0.45,14904.364643758776,4.630364082448968,0.004,5.0265482457e-05,1.0,2.6666843894474678e+17,0.9193248401261561,0.8587194649560662,300.0,13332.2320499844,3.2188321217013156e+24,0.0,inf,1.3802821009235358e-05,4.630364082448968,ambipolar_diffusion,0.0,0.0,0.0,3230.0,0,0,0,0,0.0
0.0005276381909547739,dc_series_circuit,0.0,2.9808729221661356,0.8587194631374276,2.6666843955828013e+17,0.9193248404297832,0.8587194631374276,1500.0,59.61745844332271,0.014403825415566774,0.8587194631374276,100000.0,4139.001739002738,0.0002416041507247452,1.0,0.45,14904.364610830677,4.6303640845935,0.004,5.0265482457e-05,1.0,2.6666843955828013e+17,0.9193248404297832,0.8587194631374276,300.0,13332.232014354839,3.2188321130991865e+24,0.0,inf,1.3802820995636383e-05,4.6303640845935,ambipolar_diffusion,0.0,0.0,0.0,3230.0,0,0,0,0,0.0
0.0005326633165829146,dc_series_circuit,0.0,2.9808729155805174,0.8587194613187892,2.666684401718134e+17,0.9193248407334106,0.8587194613187892,1500.0,59.61745831161034,0.014403825416883898,0.8587194613187892,100000.0,4139.001729479994,0.00024160415128061222,1.0,0.45,14904.364577902585,4.6303640867380365,0.004,5.0265482457e-05,1.0,2.666684401718134e+17,0.9193248407334106,0.8587194613187892,300.0,13332.23197872527,3.218832104497057e+24,0.0,inf,1.3802820982037413e-05,4.6303640867380365,ambipolar_diffusion,0.0,0.0,0.0,3230.0,0,0,0,0,0.0
0.0005376884422110554,dc_series_circuit,0.0,2.9808729089948987,0.8587194595001508,2.6666844078534672e+17,0.919324841037038,0.8587194595001508,1500.0,59.61745817989797,0.014403825418201021,0.8587194595001508,100000.0,4139.001719957249,0.00024160415183647923,1.0,0.45,14904.364544974493,4.630364088882571,0.004,5.0265482457e-05,1.0,2.6666844078534672e+17,0.9193248410370379,0.8587194595001508,300.0,13332.231943095709,3.218832095894928e+24,0.0,inf,1.3802820968438443e-05,4.630364088882571,ambipolar_diffusion,0.0,0.0,0.0,3230.0,0,0,0,0,0.0
0.000542713567839196,dc_series_circuit,0.0,2.9808729024092804,0.8587194576815124,2.6666844139888003e+17,0.9193248413406655,0.8587194576815124,1500.0,59.617458048185604,0.014403825419518144,0.8587194576815124,100000.0,4139.001710434505,0.00024160415239234625,1.0,0.45,14904.3645120464,4.630364091027106,0.004,5.0265482457e-05,1.0,2.6666844139888003e+17,0.9193248413406654,0.8587194576815124,300.0,13332.231907466146,3.2188320872927987e+24,0.0,inf,1.3802820954839473e-05,4.630364091027106,ambipolar_diffusion,0.0,0.0,0.0,3230.0,0,0,0,0,0.0
0.0005477386934673367,dc_series_circuit,0.0,2.980872895823662,0.858719455862874,2.6666844201241328e+17,0.9193248416442925,0.858719455862874,1500.0,59.617457916473235,0.014403825420835268,0.858719455862874,100000.0,4139.001700911761,0.00024160415294821328,1.0,0.45,14904.364479118309,4.63036409317164,0.004,5.0265482457e-05,1.0,2.6666844201241328e+17,0.9193248416442924,0.858719455862874,300.0,13332.231871836588,3.21883207869067e+24,0.0,inf,1.3802820941240503e-05,4.63036409317164,ambipolar_diffusion,0.0,0.0,0.0,3230.0,0,0,0,0,0.0
0.0005527638190954774,dc_series_circuit,0.0,2.9808728892380434,0.8587194540442356,2.666684426259466e+17,0.9193248419479197,0.8587194540442356,1500.0,59.617457784760866,0.014403825422152391,0.8587194540442356,100000.0,4139.001691389017,0.0002416041535040803,1.0,0.45,14904.364446190217,4.630364095316175,0.004,5.0265482457e-05,1.0,2.666684426259466e+17,0.9193248419479197,0.8587194540442356,300.0,13332.231836207022,3.218832070088541e+24,0.0,inf,1.3802820927641531e-05,4.630364095316175,ambipolar_diffusion,0.0,0.0,0.0,3230.0,0,0,0,0,0.0
0.0005577889447236182,dc_series_circuit,0.0,2.980872882652425,0.8587194522255971,2.666684432394799e+17,0.9193248422515471,0.8587194522255971,1500.0,59.6174576530485,0.014403825423469515,0.8587194522255971,100000.0,4139.0016818662725,0.00024160415405994733,1.0,0.45,14904.364413262125,4.630364097460711,0.004,5.0265482457e-05,1.0,2.666684432394799e+17,0.9193248422515471,0.8587194522255971,300.0,13332.231800577458,3.2188320614864115e+24,0.0,inf,1.380282091404256e-05,4.630364097460711,ambipolar_diffusion,0.0,0.0,0.0,3230.0,0,0,0,0,0.0
0.0005628140703517588,dc_series_circuit,0.0,2.980872876066808,0.8587194504069592,2.6666844385301315e+17,0.9193248425551745,0.8587194504069592,1500.0,59.617457521336156,0.014403825424786638,0.8587194504069592,100000.0,4139.00167234353,0.00024160415461581424,1.0,0.45,14904.364380334038,4.630364099605247,0.004,5.0265482457e-05,1.0,2.6666844385301315e+17,0.9193248425551744,0.8587194504069592,300.0,13332.2317649479,3.218832052884283e+24,0.0,inf,1.3802820900443591e-05,4.630364099605247,ambipolar_diffusion,0.0,0.0,0.0,3230.0,0,0,0,0,0.0
0.0005678391959798995,dc_series_circuit,0.0,2.980872869481188,0.8587194485883203,2.6666844446654653e+17,0.9193248428588014,0.8587194485883203,1500.0,59.61745738962376,0.014403825426103762,0.8587194485883203,100000.0,4139.001662820784,0.00024160415517168138,1.0,0.45,14904.364347405939,4.63036410174978,0.004,5.0265482457e-05,1.0,2.6666844446654653e+17,0.9193248428588016,0.8587194485883203,300.0,13332.231729318333,3.2188320442821533e+24,0.0,inf,1.3802820886844618e-05,4.63036410174978,ambipolar_diffusion,0.0,0.0,0.0,3230.0,0,0,0,0,0.0
0.0005728643216080402,dc_series_circuit,0.0,2.98087286289557,0.8587194467696821,2.666684450800798e+17,0.9193248431624291,0.8587194467696821,1500.0,59.6174572579114,0.014403825427420887,0.8587194467696821,100000.0,4139.00165329804,0.00024160415572754842,1.0,0.45,14904.364314477849,4.6303641038943155,0.004,5.0265482457e-05,1.0,2.666684450800798e+17,0.9193248431624291,0.8587194467696821,300.0,13332.23169368877,3.218832035680024e+24,0.0,inf,1.380282087324565e-05,4.6303641038943155,ambipolar_diffusion,0.0,0.0,0.0,3230.0,0,0,0,0,0.0
0.000577889447236181,dc_series_circuit,0.0,2.9808728563099516,0.8587194449510437,2.6666844569361315e+17,0.9193248434660563,0.8587194449510437,1500.0,59.61745712619903,0.01440382542873801,0.8587194449510437,100000.0,4139.001643775296,0.00024160415628341546,1.0,0.45,14904.364281549757,4.63036410603885,0.004,5.0265482457e-05,1.0,2.666684456936132e+17,0.9193248434660561,0.8587194449510437,300.0,13332.231658059207,3.218832027077895e+24,0.0,inf,1.3802820859646676e-05,4.63036410603885,ambipolar_diffusion,0.0,0.0,0.0,3230.0,0,0,0,0,0.0
0.0005829145728643216,dc_series_circuit,0.0,2.9808728497243324,0.8587194431324051,2.666684463071465e+17,0.9193248437696836,0.8587194431324051,1500.0,59.617456994486645,0.014403825430055134,0.8587194431324051,100000.0,4139.0016342525505,0.00024160415683928255,1.0,0.45,14904.364248621661,4.630364108183384,0.004,5.0265482457e-05,1.0,2.666684463071465e+17,0.9193248437696835,0.8587194431324051,300.0,13332.231622429643,3.2188320184757656e+24,0.0,inf,1.3802820846047703e-05,4.630364108183384,ambipolar_diffusion,0.0,0.0,0.0,3230.0,0,0,0,0,0.0
0.0005879396984924623,dc_series_circuit,0.0,2.980872843138714,0.8587194413137667,2.6666844692067984e+17,0.9193248440733108,0.8587194413137667,1500.0,59.617456862774276,0.014403825431372258,0.8587194413137667,100000.0,4139.001624729806,0.0002416041573951496,1.0,0.45,14904.36421569357,4.630364110327919,0.004,5.0265482457e-05,1.0,2.6666844692067984e+17,0.9193248440733108,0.8587194413137667,300.0,13332.23158680008,3.2188320098736365e+24,0.0,inf,1.3802820832448735e-05,4.630364110327919,ambipolar_diffusion,0.0,0.0,0.0,3230.0,0,0,0,0,0.0
0.000592964824120603,dc_series_circuit,0.0,2.9808728365530954,0.8587194394951282,2.6666844753421315e+17,0.9193248443769383,0.8587194394951282,1500.0,59.61745673106191,0.014403825432689381,0.8587194394951282,100000.0,4139.001615207062,0.00024160415795101663,1.0,0.45,14904.364182765476,4.6303641124724555,0.004,5.0265482457e-05,1.0,2.6666844753421315e+17,0.9193248443769383,0.8587194394951282,300.0,13332.231551170515,3.218832001271507e+24,0.0,inf,1.3802820818849765e-05,4.6303641124724555,ambipolar_diffusion,0.0,0.0,0.0,3230.0,0,0,0,0,0.0
0.0005979899497487438,dc_series_circuit,0.0,2.9808728299674763,0.8587194376764896,2.6666844814774653e+17,0.9193248446805656,0.8587194376764896,1500.0,59.617456599349524,0.014403825434006505,0.8587194376764896,100000.0,4139.001605684317,0.00024160415850688372,1.0,0.45,14904.36414983738,4.630364114616988,0.004,5.0265482457e-05,1.0,2.6666844814774653e+17,0.9193248446805657,0.8587194376764896,300.0,13332.231515540954,3.2188319926693783e+24,0.0,inf,1.3802820805250795e-05,4.630364114616988,ambipolar_diffusion,0.0,0.0,0.0,3230.0,0,0,0,0,0.0
0.0006030150753768845,dc_series_circuit,0.0,2.9808728233818584,0.8587194358578514,2.6666844876127987e+17,0.919324844984193,0.8587194358578514,1500.0,59.61745646763717,0.014403825435323628,0.8587194358578514,100000.0,4139.001596161574,0.00024160415906275074,1.0,0.45,14904.364116909292,4.630364116761525,0.004,5.0265482457e-05,1.0,2.6666844876127984e+17,0.9193248449841931,0.8587194358578514,300.0,13332.23147991139,3.2188319840672487e+24,0.0,inf,1.3802820791651823e-05,4.630364116761525,ambipolar_diffusion,0.0,0.0,0.0,3230.0,0,0,0,0,0.0
0.0006080402010050251,dc_series_circuit,0.0,2.980872816796241,0.8587194340392131,2.6666844937481312e+17,0.9193248452878203,0.8587194340392131,1500.0,59.617456335924814,0.014403825436640752,0.8587194340392131,100000.0,4139.00158663883,0.00024160415961861772,1.0,0.45,14904.364083981203,4.630364118906061,0.004,5.0265482457e-05,1.0,2.6666844937481315e+17,0.9193248452878203,0.8587194340392131,300.0,13332.231444281828,3.2188319754651196e+24,0.0,inf,1.3802820778052855e-05,4.630364118906061,ambipolar_diffusion,0.0,0.0,0.0,3230.0,0,0,0,0,0.0
0.0006130653266331658,dc_series_circuit,0.0,2.980872810210621,0.8587194322205743,2.666684499883465e+17,0.9193248455914477,0.8587194322205743,1500.0,59.61745620421242,0.014403825437957875,0.8587194322205743,100000.0,4139.001577116084,0.0002416041601744849,1.0,0.45,14904.364051053104,4.630364121050593,0.004,5.0265482457e-05,1.0,2.666684499883465e+17,0.9193248455914477,0.8587194322205743,300.0,13332.23140865227,3.2188319668629916e+24,0.0,inf,1.3802820764453881e-05,4.630364121050593,ambipolar_diffusion,0.0,0.0,0.0,3230.0,0,0,0,0,0.0
0.0006180904522613066,dc_series_circuit,0.0,2.9808728036250036,0.8587194304019363,2.666684506018798e+17,0.9193248458950751,0.8587194304019363,1500.0,59.61745607250007,0.014403825439275,0.8587194304019363,100000.0,4139.001567593341,0.0002416041607303519,1.0,0.45,14904.364018125018,4.63036412319513,0.004,5.0265482457e-05,1.0,2.666684506018798e+17,0.919324845895075,0.8587194304019363,300.0,13332.231373022703,3.218831958260862e+24,0.0,inf,1.3802820750854913e-05,4.63036412319513,ambipolar_diffusion,0.0,0.0,0.0,3230.0,0,0,0,0,0.0
0.0006231155778894473,dc_series_circuit,0.0,2.9808727970393853,0.858719428583298,2.6666845121541315e+17,0.9193248461987025,0.858719428583298,1500.0,59.6174559407877,0.014403825440592124,0.858719428583298,100000.0,4139.001558070597,0.00024160416128621894,1.0,0.45,14904.363985196924,4.630364125339664,0.004,5.0265482457e-05,1.0,2.6666845121541315e+17,0.9193248461987025,0.858719428583298,300.0,13332.231337393141,3.218831949658733e+24,0.0,inf,1.3802820737255943e-05,4.630364125339664,ambipolar_diffusion,0.0,0.0,0.0,3230.0,0,0,0,0,0.0
0.000628140703517588,dc_series_circuit,0.0,2.9808727904537675,0.8587194267646597,2.6666845182894643e+17,0.9193248465023297,0.8587194267646597,1500.0,59.617455809075345,0.014403825441909247,0.8587194267646597,100000.0,4139.001548547853,0.00024160416184208596,1.0,0.45,14904.363952268835,4.6303641274842,0.004,5.0265482457e-05,1.0,2.6666845182894643e+17,0.9193248465023297,0.8587194267646597,300.0,13332.231301763579,3.218831941056604e+24,0.0,inf,1.3802820723656973e-05,4.6303641274842,ambipolar_diffusion,0.0,0.0,0.0,3230.0,0,0,0,0,0.0
0.0006331658291457286,dc_series_circuit,0.0,2.9808727838681484,0.858719424946021,2.6666845244247978e+17,0.9193248468059567,0.858719424946021,1500.0,59.61745567736296,0.01440382544322637,0.858719424946021,100000.0,4139.001539025108,0.00024160416239795308,1.0,0.45,14904.36391934074,4.630364129628734,0.004,5.0265482457e-05,1.0,2.666684524424798e+17,0.9193248468059568,0.858719424946021,300.0,13332.231266134018,3.2188319324544753e+24,0.0,inf,1.3802820710058e-05,4.630364129628734,ambipolar_diffusion,0.0,0.0,0.0,3230.0,0,0,0,0,0.0
0.0006381909547738694,dc_series_circuit,0.0,2.9808727772825305,0.8587194231273829,2.6666845305601312e+17,0.9193248471095843,0.8587194231273829,1500.0,59.61745554565061,0.014403825444543494,0.8587194231273829,100000.0,4139.001529502365,0.0002416041629538201,1.0,0.45,14904.363886412651,4.63036413177327,0.004,5.0265482457e-05,1.0,2.666684530560131e+17,0.9193248471095843,0.8587194231273829,300.0,13332.231230504454,3.218831923852346e+24,0.0,inf,1.3802820696459032e-05,4.63036413177327,ambipolar_diffusion,0.0,0.0,0.0,3230.0,0,0,0,0,0.0
0.0006432160804020101,dc_series_circuit,0.0,2.9808727706969123,0.8587194213087445,2.6666845366954646e+17,0.9193248474132119,0.8587194213087445,1500.0,59.61745541393824,0.014403825445860618,0.8587194213087445,100000.0,4139.001519979621,0.00024160416350968715,1.0,0.45,14904.36385348456,4.630364133917805,0.004,5.0265482457e-05,1.0,2.6666845366954646e+17,0.9193248474132116,0.8587194213087445,300.0,13332.231194874892,3.218831915250217e+24,0.0,inf,1.3802820682860062e-05,4.630364133917805,ambipolar_diffusion,0.0,0.0,0.0,3230.0,0,0,0,0,0.0
0.0006482412060301508,dc_series_circuit,0.0,2.9808727641112935,0.858719419490106,2.6666845428307984e+17,0.9193248477168388,0.858719419490106,1500.0,59.61745528222587,0.014403825447177741,0.858719419490106,100000.0,4139.0015104568765,0.00024160416406555425,1.0,0.45,14904.363820556468,4.63036413606234,0.004,5.0265482457e-05,1.0,2.6666845428307984e+17,0.9193248477168389,0.858719419490106,300.0,13332.23115924533,3.218831906648088e+24,0.0,inf,1.380282066926109e-05,4.63036413606234,ambipolar_diffusion,0.0,0.0,0.0,3230.0,0,0,0,0,0.0
0.0006532663316582915,dc_series_circuit,0.0,2.9808727575256757,0.8587194176714678,2.6666845489661315e+17,0.9193248480204663,0.8587194176714678,1500.0,59.61745515051351,0.014403825448494865,0.8587194176714678,100000.0,4139.001500934133,0.00024160416462142126,1.0,0.45,14904.363787628376,4.6303641382068745,0.004,5.0265482457e-05,1.0,2.6666845489661315e+17,0.9193248480204663,0.8587194176714678,300.0,13332.231123615768,3.218831898045959e+24,0.0,inf,1.380282065566212e-05,4.6303641382068745,ambipolar_diffusion,0.0,0.0,0.0,3230.0,0,0,0,0,0.0
0.0006582914572864322,dc_series_circuit,0.0,2.9808727509400565,0.8587194158528292,2.666684555101466e+17,0.9193248483240936,0.8587194158528292,1500.0,59.61745501880113,0.014403825449811988,0.8587194158528292,100000.0,4139.001491411388,0.00024160416517728838,1.0,0.45,14904.363754700282,4.630364140351411,0.004,5.0265482457e-05,1.0,2.666684555101466e+17,0.9193248483240936,0.8587194158528292,300.0,13332.231087986202,3.2188318894438294e+24,0.0,inf,1.3802820642063147e-05,4.630364140351411,ambipolar_diffusion,0.0,0.0,0.0,3230.0,0,0,0,0,0.0
0.0006633165829145729,dc_series_circuit,0.0,2.980872744354438,0.8587194140341907,2.6666845612367994e+17,0.9193248486277206,0.8587194140341907,1500.0,59.617454887088755,0.014403825451129114,0.8587194140341907,100000.0,4139.001481888643,0.00024160416573315552,1.0,0.45,14904.363721772188,4.630364142495946,0.004,5.0265482457e-05,1.0,2.6666845612367994e+17,0.9193248486277207,0.8587194140341907,300.0,13332.231052356636,3.2188318808417e+24,0.0,inf,1.3802820628464173e-05,4.630364142495946,ambipolar_diffusion,0.0,0.0,0.0,3230.0,0,0,0,0,0.0
0.0006683417085427136,dc_series_circuit,0.0,2.98087273776882,0.8587194122155525,2.6666845673721328e+17,0.9193248489313484,0.8587194122155525,1500.0,59.61745475537639,0.014403825452446237,0.8587194122155525,100000.0,4139.0014723659,0.00024160416628902256,1.0,0.45,14904.363688844098,4.630364144640481,0.004,5.0265482457e-05,1.0,2.6666845673721328e+17,0.9193248489313484,0.8587194122155525,300.0,13332.231016727077,3.218831872239571e+24,0.0,inf,1.3802820614865205e-05,4.630364144640481,ambipolar_diffusion,0.0,0.0,0.0,3230.0,0,0,0,0,0.0
0.0006733668341708544,dc_series_circuit,0.0,2.9808727311832013,0.858719410396914,2.6666845735074666e+17,0.9193248492349756,0.858719410396914,1500.0,59.617454623664024,0.01440382545376336,0.858719410396914,100000.0,4139.001462843155,0.00024160416684488963,1.0,0.45,14904.363655916006,4.630364146785015,0.004,5.0265482457e-05,1.0,2.6666845735074666e+17,0.9193248492349756,0.858719410396914,300.0,13332.230981097515,3.218831863637442e+24,0.0,inf,1.3802820601266235e-05,4.630364146785015,ambipolar_diffusion,0.0,0.0,0.0,3230.0,0,0,0,0,0.0
0.000678391959798995,dc_series_circuit,0.0,2.980872724597583,0.8587194085782756,2.6666845796428e+17,0.919324849538603,0.8587194085782756,1500.0,59.617454491951655,0.014403825455080484,0.8587194085782756,100000.0,4139.001453320411,0.00024160416740075672,1.0,0.45,14904.363622987914,4.630364148929551,0.004,5.0265482457e-05,1.0,2.6666845796428e+17,0.919324849538603,0.8587194085782756,300.0,13332.230945467949,3.218831855035313e+24,0.0,inf,1.3802820587667267e-05,4.630364148929551,ambipolar_diffusion,0.0,0.0,0.0,3230.0,0,0,0,0,0.0
0.0006834170854271357,dc_series_circuit,0.0,2.9808727180119643,0.8587194067596372,2.666684585778134e+17,0.9193248498422304,0.8587194067596372,1500.0,59.617454360239286,0.014403825456397608,0.8587194067596372,100000.0,4139.001443797667,0.00024160416795662381,1.0,0.45,14904.363590059822,4.630364151074086,0.004,5.0265482457e-05,1.0,2.666684585778134e+17,0.9193248498422302,0.8587194067596372,300.0,13332.230909838388,3.218831846433184e+24,0.0,inf,1.3802820574068293e-05,4.630364151074086,ambipolar_diffusion,0.0,0.0,0.0,3230.0,0,0,0,0,0.0
0.0006884422110552764,dc_series_circuit,0.0,2.980872711426345,0.8587194049409985,2.666684591913468e+17,0.9193248501458575,0.8587194049409985,1500.0,59.6174542285269,0.014403825457714731,0.8587194049409985,100000.0,4139.001434274922,0.00024160416851249096,1.0,0.45,14904.363557131725,4.63036415321862,0.004,5.0265482457e-05,1.0,2.666684591913468e+17,0.9193248501458577,0.8587194049409985,300.0,13332.230874208823,3.2188318378310544e+24,0.0,inf,1.3802820560469322e-05,4.63036415321862,ambipolar_diffusion,0.0,0.0,0.0,3230.0,0,0,0,0,0.0
0.0006934673366834172,dc_series_circuit,0.0,2.980872704840727,0.8587194031223602,2.6666845980488022e+17,0.9193248504494851,0.8587194031223602,1500.0,59.617454096814534,0.014403825459031855,0.8587194031223602,100000.0,4139.001424752178,0.00024160416906835805,1.0,0.45,14904.363524203633,4.630364155363156,0.004,5.0265482457e-05,1.0,2.6666845980488022e+17,0.9193248504494851,0.8587194031223602,300.0,13332.23083857926,3.2188318292289253e+24,0.0,inf,1.380282054687035e-05,4.630364155363156,ambipolar_diffusion,0.0,0.0,0.0,3230.0,0,0,0,0,0.0
0.0006984924623115578,dc_series_circuit,0.0,2.9808726982551077,0.8587194013037215,2.666684604184136e+17,0.9193248507531124,0.8587194013037215,1500.0,59.61745396510215,0.014403825460348978,0.8587194013037215,100000.0,4139.0014152294325,0.0002416041696242252,1.0,0.45,14904.363491275537,4.630364157507691,0.004,5.0265482457e-05,1.0,2.666684604184136e+17,0.9193248507531124,0.8587194013037215,300.0,13332.230802949694,3.2188318206267957e+24,0.0,inf,1.3802820533271378e-05,4.630364157507691,ambipolar_diffusion,0.0,0.0,0.0,3230.0,0,0,0,0,0.0
0.0007035175879396985,dc_series_circuit,0.0,2.98087269166949,0.8587193994850832,2.6666846103194698e+17,0.9193248510567398,0.8587193994850832,1500.0,59.617453833389796,0.014403825461666101,0.8587193994850832,100000.0,4139.001405706689,0.00024160417018009227,1.0,0.45,14904.363458347449,4.630364159652226,0.004,5.0265482457e-05,1.0,2.6666846103194698e+17,0.9193248510567399,0.8587193994850832,300.0,13332.230767320134,3.218831812024667e+24,0.0,inf,1.380282051967241e-05,4.630364159652226,ambipolar_diffusion,0.0,0.0,0.0,3230.0,0,0,0,0,0.0
0.0007085427135678392,dc_series_circuit,0.0,2.980872685083871,0.8587193976664449,2.666684616454804e+17,0.9193248513603669,0.8587193976664449,1500.0,59.61745370167742,0.014403825462983227,0.8587193976664449,100000.0,4139.001396183944,0.00024160417073595941,1.0,0.45,14904.363425419355,4.630364161796762,0.004,5.0265482457e-05,1.0,2.666684616454804e+17,0.9193248513603671,0.8587193976664449,300.0,13332.23073169057,3.2188318034225375e+24,0.0,inf,1.3802820506073437e-05,4.630364161796762,ambipolar_diffusion,0.0,0.0,0.0,3230.0,0,0,0,0,0.0
0.00071356783919598,dc_series_circuit,0.0,2.9808726784982533,0.8587193958478067,2.666684622590138e+17,0.9193248516639946,0.8587193958478067,1500.0,59.617453569965065,0.01440382546430035,0.8587193958478067,100000.0,4139.001386661201,0.00024160417129182645,1.0,0.45,14904.363392491266,4.630364163941298,0.004,5.0265482457e-05,1.0,2.666684622590138e+17,0.9193248516639946,0.8587193958478067,300.0,13332.230696061006,3.218831794820408e+24,0.0,inf,1.3802820492474468e-05,4.630364163941298,ambipolar_diffusion,0.0,0.0,0.0,3230.0,0,0,0,0,0.0
0.0007185929648241207,dc_series_circuit,0.0,2.980872671912635,0.8587193940291682,2.6666846287254714e+17,0.9193248519676217,0.8587193940291682,1500.0,59.617453438252696,0.014403825465617474,0.8587193940291682,100000.0,4139.0013771384565,0.00024160417184769357,1.0,0.45,14904.363359563175,4.630364166085833,0.004,5.0265482457e-05,1.0,2.6666846287254714e+17,0.9193248519676219,0.8587193940291682,300.0,13332.230660431445,3.2188317862182794e+24,0.0,inf,1.3802820478875497e-05,4.630364166085833,ambipolar_diffusion,0.0,0.0,0.0,3230.0,0,0,0,0,0.0
0.0007236180904522613,dc_series_circuit,0.0,2.9808726653270163,0.8587193922105297,2.666684634860805e+17,0.9193248522712493,0.8587193922105297,1500.0,59.61745330654033,0.014403825466934597,0.8587193922105297,100000.0,4139.001367615712,0.0002416041724035607,1.0,0.45,14904.36332663508,4.630364168230368,0.004,5.0265482457e-05,1.0,2.666684634860805e+17,0.9193248522712493,0.8587193922105297,300.0,13332.230624801881,3.2188317776161503e+24,0.0,inf,1.3802820465276527e-05,4.630364168230368,ambipolar_diffusion,0.0,0.0,0.0,3230.0,0,0,0,0,0.0
0.000728643216080402,dc_series_circuit,0.0,2.9808726587413985,0.8587193903918915,2.666684640996139e+17,0.9193248525748767,0.8587193903918915,1500.0,59.617453174827965,0.01440382546825172,0.8587193903918915,100000.0,4139.001358092969,0.00024160417295942773,1.0,0.45,14904.36329370699,4.630364170374903,0.004,5.0265482457e-05,1.0,2.666684640996139e+17,0.9193248525748767,0.8587193903918915,300.0,13332.23058917232,3.218831769014022e+24,0.0,inf,1.3802820451677559e-05,4.630364170374903,ambipolar_diffusion,0.0,0.0,0.0,3230.0,0,0,0,0,0.0
0.0007336683417085428,dc_series_circuit,0.0,2.98087265215578,0.858719388573253,2.6666846471314726e+17,0.9193248528785042,0.858719388573253,1500.0,59.617453043115596,0.014403825469568844,0.858719388573253,100000.0,4139.001348570225,0.00024160417351529485,1.0,0.45,14904.363260778899,4.630364172519439,0.004,5.0265482457e-05,1.0,2.666684647131473e+17,0.9193248528785042,0.858719388573253,300.0,13332.230553542757,3.218831760411892e+24,0.0,inf,1.3802820438078589e-05,4.630364172519439,ambipolar_diffusion,0.0,0.0,0.0,3230.0,0,0,0,0,0.0
0.0007386934673366835,dc_series_circuit,0.0,2.9808726455701615,0.8587193867546146,2.666684653266807e+17,0.9193248531821315,0.8587193867546146,1500.0,59.61745291140323,0.014403825470885968,0.8587193867546146,100000.0,4139.0013390474805,0.00024160417407116197,1.0,0.45,14904.363227850807,4.630364174663974,0.004,5.0265482457e-05,1.0,2.666684653266807e+17,0.9193248531821315,0.8587193867546146,300.0,13332.230517913194,3.218831751809763e+24,0.0,inf,1.3802820424479617e-05,4.630364174663974,ambipolar_diffusion,0.0,0.0,0.0,3230.0,0,0,0,0,0.0
0.0007437185929648241,dc_series_circuit,0.0,2.9808726389845432,0.8587193849359761,2.6666846594021414e+17,0.9193248534857588,0.8587193849359761,1500.0,59.61745277969086,0.014403825472203091,0.8587193849359761,100000.0,4139.001329524736,0.0002416041746270291,1.0,0.45,14904.363194922715,4.630364176808509,0.004,5.0265482457e-05,1.0,2.6666846594021414e+17,0.9193248534857588,0.8587193849359761,300.0,13332.23048228363,3.218831743207634e+24,0.0,inf,1.3802820410880644e-05,4.630364176808509,ambipolar_diffusion,0.0,0.0,0.0,3230.0,0,0,0,0,0.0
0.0007487437185929648,dc_series_circuit,0.0,2.980872632398924,0.8587193831173375,2.666684665537476e+17,0.9193248537893861,0.8587193831173375,1500.0,59.617452647978475,0.014403825473520215,0.8587193831173375,100000.0,4139.001320001991,0.00024160417518289626,1.0,0.45,14904.363161994619,4.6303641789530445,0.004,5.0265482457e-05,1.0,2.6666846655374755e+17,0.9193248537893861,0.8587193831173375,300.0,13332.230446654066,3.2188317346055044e+24,0.0,inf,1.3802820397281672e-05,4.6303641789530445,ambipolar_diffusion,0.0,0.0,0.0,3230.0,0,0,0,0,0.0
0.0007537688442211056,dc_series_circuit,0.0,2.980872625813305,0.8587193812986991,2.6666846716728102e+17,0.9193248540930135,0.8587193812986991,1500.0,59.6174525162661,0.01440382547483734,0.8587193812986991,100000.0,4139.001310479246,0.00024160417573876347,1.0,0.45,14904.363129066523,4.630364181097579,0.004,5.0265482457e-05,1.0,2.6666846716728102e+17,0.9193248540930132,0.8587193812986991,300.0,13332.230411024504,3.2188317260033753e+24,0.0,inf,1.3802820383682697e-05,4.630364181097579,ambipolar_diffusion,0.0,0.0,0.0,3230.0,0,0,0,0,0.0
0.0007587939698492463,dc_series_circuit,0.0,2.9808726192276866,0.8587193794800607,2.666684677808144e+17,0.9193248543966409,0.8587193794800607,1500.0,59.61745238455373,0.014403825476154463,0.8587193794800607,100000.0,4139.001300956502,0.00024160417629463059,1.0,0.45,14904.363096138432,4.630364183242114,0.004,5.0265482457e-05,1.0,2.666684677808144e+17,0.919324854396641,0.8587193794800607,300.0,13332.230375394942,3.218831717401246e+24,0.0,inf,1.3802820370083732e-05,4.630364183242114,ambipolar_diffusion,0.0,0.0,0.0,3230.0,0,0,0,0,0.0
0.000763819095477387,dc_series_circuit,0.0,2.9808726126420693,0.8587193776614226,2.6666846839434778e+17,0.9193248547002683,0.8587193776614226,1500.0,59.61745225284138,0.014403825477471587,0.8587193776614226,100000.0,4139.001291433759,0.0002416041768504976,1.0,0.45,14904.363063210345,4.630364185386652,0.004,5.0265482457e-05,1.0,2.6666846839434778e+17,0.9193248547002684,0.8587193776614226,300.0,13332.230339765374,3.2188317087991166e+24,0.0,inf,1.380282035648476e-05,4.630364185386652,ambipolar_diffusion,0.0,0.0,0.0,3230.0,0,0,0,0,0.0
0.0007688442211055276,dc_series_circuit,0.0,2.98087260605645,0.8587193758427839,2.666684690078812e+17,0.9193248550038956,0.8587193758427839,1500.0,59.617452121129,0.01440382547878871,0.8587193758427839,100000.0,4139.001281911014,0.0002416041774063648,1.0,0.45,14904.36303028225,4.630364187531186,0.004,5.0265482457e-05,1.0,2.666684690078812e+17,0.9193248550038957,0.8587193758427839,300.0,13332.230304135812,3.2188317001969875e+24,0.0,inf,1.3802820342885789e-05,4.630364187531186,ambipolar_diffusion,0.0,0.0,0.0,3230.0,0,0,0,0,0.0
0.0007738693467336684,dc_series_circuit,0.0,2.980872599470832,0.8587193740241454,2.6666846962141462e+17,0.9193248553075232,0.8587193740241454,1500.0,59.61745198941663,0.014403825480105834,0.8587193740241454,100000.0,4139.00127238827,0.00024160417796223192,1.0,0.45,14904.362997354157,4.6303641896757215,0.004,5.0265482457e-05,1.0,2.6666846962141466e+17,0.9193248553075231,0.8587193740241454,300.0,13332.23026850625,3.2188316915948585e+24,0.0,inf,1.3802820329286817e-05,4.6303641896757215,ambipolar_diffusion,0.0,0.0,0.0,3230.0,0,0,0,0,0.0
0.0007788944723618091,dc_series_circuit,0.0,2.980872592885213,0.8587193722055071,2.666684702349481e+17,0.9193248556111504,0.8587193722055071,1500.0,59.61745185770426,0.014403825481422957,0.8587193722055071,100000.0,4139.001262865526,0.00024160417851809907,1.0,0.45,14904.362964426065,4.630364191820258,0.004,5.0265482457e-05,1.0,2.666684702349481e+17,0.9193248556111504,0.8587193722055071,300.0,13332.230232876685,3.218831682992729e+24,0.0,inf,1.3802820315687845e-05,4.630364191820258,ambipolar_diffusion,0.0,0.0,0.0,3230.0,0,0,0,0,0.0
0.0007839195979899498,dc_series_circuit,0.0,2.980872586299595,0.8587193703868686,2.666684708484815e+17,0.9193248559147779,0.8587193703868686,1500.0,59.61745172599189,0.01440382548274008,0.8587193703868686,100000.0,4139.001253342782,0.0002416041790739662,1.0,0.45,14904.362931497972,4.630364193964793,0.004,5.0265482457e-05,1.0,2.666684708484815e+17,0.9193248559147779,0.8587193703868686,300.0,13332.230197247121,3.2188316743906e+24,0.0,inf,1.3802820302088875e-05,4.630364193964793,ambipolar_diffusion,0.0,0.0,0.0,3230.0,0,0,0,0,0.0
0.0007889447236180904,dc_series_circuit,0.0,2.980872579713976,0.8587193685682302,2.6666847146201494e+17,0.9193248562184052,0.8587193685682302,1500.0,59.61745159427952,0.014403825484057204,0.8587193685682302,100000.0,4139.001243820037,0.00024160417962983336,1.0,0.45,14904.36289856988,4.630364196109327,0.004,5.0265482457e-05,1.0,2.6666847146201494e+17,0.9193248562184052,0.8587193685682302,300.0,13332.230161617561,3.218831665788471e+24,0.0,inf,1.3802820288489904e-05,4.630364196109327,ambipolar_diffusion,0.0,0.0,0.0,3230.0,0,0,0,0,0.0
0.0007939698492462312,dc_series_circuit,0.0,2.9808725731283583,0.8587193667495919,2.6666847207554835e+17,0.9193248565220327,0.8587193667495919,1500.0,59.61745146256716,0.01440382548537433,0.8587193667495919,100000.0,4139.001234297293,0.0002416041801857005,1.0,0.45,14904.36286564179,4.630364198253863,0.004,5.0265482457e-05,1.0,2.6666847207554835e+17,0.9193248565220329,0.8587193667495919,300.0,13332.230125987999,3.218831657186342e+24,0.0,inf,1.3802820274890937e-05,4.630364198253863,ambipolar_diffusion,0.0,0.0,0.0,3230.0,0,0,0,0,0.0
0.0007989949748743719,dc_series_circuit,0.0,2.980872566542739,0.8587193649309534,2.6666847268908182e+17,0.9193248568256602,0.8587193649309534,1500.0,59.61745133085478,0.014403825486691453,0.8587193649309534,100000.0,4139.001224774548,0.0002416041807415677,1.0,0.45,14904.362832713694,4.6303642003983985,0.004,5.0265482457e-05,1.0,2.6666847268908182e+17,0.9193248568256602,0.8587193649309534,300.0,13332.230090358435,3.2188316485842125e+24,0.0,inf,1.3802820261291962e-05,4.6303642003983985,ambipolar_diffusion,0.0,0.0,0.0,3230.0,0,0,0,0,0.0
0.0008040201005025126,dc_series_circuit,0.0,2.9808725599571217,0.8587193631123152,2.6666847330261526e+17,0.9193248571292874,0.8587193631123152,1500.0,59.61745119914243,0.014403825488008577,0.8587193631123152,100000.0,4139.001215251806,0.00024160418129743475,1.0,0.45,14904.362799785607,4.6303642025429355,0.004,5.0265482457e-05,1.0,2.6666847330261526e+17,0.9193248571292874,0.8587193631123152,300.0,13332.23005472887,3.2188316399820835e+24,0.0,inf,1.380282024769299e-05,4.6303642025429355,ambipolar_diffusion,0.0,0.0,0.0,3230.0,0,0,0,0,0.0
0.0008090452261306534,dc_series_circuit,0.0,2.9808725533715026,0.8587193612936765,2.6666847391614867e+17,0.9193248574329147,0.8587193612936765,1500.0,59.617451067430046,0.0144038254893257,0.8587193612936765,100000.0,4139.0012057290605,0.00024160418185330195,1.0,0.45,14904.362766857512,4.630364204687469,0.004,5.0265482457e-05,1.0,2.6666847391614867e+17,0.9193248574329147,0.8587193612936765,300.0,13332.23001909931,3.218831631379955e+24,0.0,inf,1.380282023409402e-05,4.630364204687469,ambipolar_diffusion,0.0,0.0,0.0,3230.0,0,0,0,0,0.0
0.000814070351758794,dc_series_circuit,0.0,2.9808725467858848,0.8587193594750383,2.666684745296821e+17,0.9193248577365423,0.8587193594750383,1500.0,59.61745093571769,0.014403825490642824,0.8587193594750383,100000.0,4139.001196206317,0.00024160418240916907,1.0,0.45,14904.362733929423,4.630364206832007,0.004,5.0265482457e-05,1.0,2.666684745296821e+17,0.9193248577365424,0.8587193594750383,300.0,13332.229983469746,3.2188316227778253e+24,0.0,inf,1.380282022049505e-05,4.630364206832007,ambipolar_diffusion,0.0,0.0,0.0,3230.0,0,0,0,0,0.0
0.0008190954773869347,dc_series_circuit,0.0,2.980872540200267,0.8587193576564001,2.6666847514321555e+17,0.9193248580401695,0.8587193576564001,1500.0,59.61745080400534,0.014403825491959947,0.8587193576564001,100000.0,4139.001186683574,0.00024160418296503616,1.0,0.45,14904.362701001333,4.630364208976543,0.004,5.0265482457e-05,1.0,2.6666847514321555e+17,0.9193248580401695,0.8587193576564001,300.0,13332.229947840182,3.2188316141756957e+24,0.0,inf,1.3802820206896079e-05,4.630364208976543,ambipolar_diffusion,0.0,0.0,0.0,3230.0,0,0,0,0,0.0
0.0008241206030150754,dc_series_circuit,0.0,2.9808725336146473,0.8587193558377613,2.6666847575674902e+17,0.9193248583437971,0.8587193558377613,1500.0,59.61745067229294,0.01440382549327707,0.8587193558377613,100000.0,4139.001177160828,0.00024160418352090344,1.0,0.45,14904.362668073234,4.630364211121075,0.004,5.0265482457e-05,1.0,2.6666847575674902e+17,0.9193248583437968,0.8587193558377613,300.0,13332.229912210621,3.218831605573567e+24,0.0,inf,1.3802820193297107e-05,4.630364211121075,ambipolar_diffusion,0.0,0.0,0.0,3230.0,0,0,0,0,0.0
0.0008291457286432162,dc_series_circuit,0.0,2.980872527029029,0.8587193540191229,2.6666847637028246e+17,0.9193248586474244,0.8587193540191229,1500.0,59.61745054058058,0.014403825494594194,0.8587193540191229,100000.0,4139.001167638085,0.00024160418407677054,1.0,0.45,14904.362635145144,4.630364213265612,0.004,5.0265482457e-05,1.0,2.6666847637028246e+17,0.9193248586474244,0.8587193540191229,300.0,13332.229876581056,3.2188315969714375e+24,0.0,inf,1.3802820179698137e-05,4.630364213265612,ambipolar_diffusion,0.0,0.0,0.0,3230.0,0,0,0,0,0.0
0.0008341708542713569,dc_series_circuit,0.0,2.98087252044341,0.8587193522004843,2.6666847698381594e+17,0.9193248589510515,0.8587193522004843,1500.0,59.617450408868194,0.014403825495911318,0.8587193522004843,100000.0,4139.001158115339,0.00024160418463263776,1.0,0.45,14904.362602217048,4.630364215410147,0.004,5.0265482457e-05,1.0,2.6666847698381594e+17,0.9193248589510518,0.8587193522004843,300.0,13332.229840951493,3.2188315883693085e+24,0.0,inf,1.3802820166099164e-05,4.630364215410147,ambipolar_diffusion,0.0,0.0,0.0,3230.0,0,0,0,0,0.0
0.0008391959798994975,dc_series_circuit,0.0,2.9808725138577925,0.8587193503818463,2.6666847759734938e+17,0.9193248592546792,0.8587193503818463,1500.0,59.61745027715585,0.014403825497228443,0.8587193503818463,100000.0,4139.001148592596,0.00024160418518850488,1.0,0.45,14904.362569288962,4.630364217554684,0.004,5.0265482457e-05,1.0,2.6666847759734938e+17,0.9193248592546792,0.8587193503818463,300.0,13332.229805321931,3.2188315797671794e+24,0.0,inf,1.3802820152500194e-05,4.630364217554684,ambipolar_diffusion,0.0,0.0,0.0,3230.0,0,0,0,0,0.0
0.0008442211055276382,dc_series_circuit,0.0,2.9808725072721733,0.8587193485632076,2.6666847821088285e+17,0.9193248595583067,0.8587193485632076,1500.0,59.61745014544346,0.014403825498545566,0.8587193485632076,100000.0,4139.001139069851,0.0002416041857443721,1.0,0.45,14904.362536360866,4.63036421969922,0.004,5.0265482457e-05,1.0,2.6666847821088285e+17,0.9193248595583069,0.8587193485632076,300.0,13332.229769692367,3.21883157116505e+24,0.0,inf,1.3802820138901224e-05,4.63036421969922,ambipolar_diffusion,0.0,0.0,0.0,3230.0,0,0,0,0,0.0
0.000849246231155779,dc_series_circuit,0.0,2.980872500686555,0.8587193467445692,2.6666847882441635e+17,0.919324859861934,0.8587193467445692,1500.0,59.617450013731094,0.01440382549986269,0.8587193467445692,100000.0,4139.001129547107,0.0002416041863002393,1.0,0.45,14904.362503432772,4.630364221843753,0.004,5.0265482457e-05,1.0,2.6666847882441635e+17,0.919324859861934,0.8587193467445692,300.0,13332.229734062805,3.218831562562921e+24,0.0,inf,1.380282012530225e-05,4.630364221843753,ambipolar_diffusion,0.0,0.0,0.0,3230.0,0,0,0,0,0.0
0.0008542713567839197,dc_series_circuit,0.0,2.980872494100937,0.8587193449259308,2.666684794379498e+17,0.9193248601655617,0.8587193449259308,1500.0,59.61744988201873,0.014403825501179813,0.8587193449259308,100000.0,4139.001120024363,0.0002416041868561064,1.0,0.45,14904.362470504682,4.63036422398829,0.004,5.0265482457e-05,1.0,2.666684794379498e+17,0.9193248601655617,0.8587193449259308,300.0,13332.229698433239,3.2188315539607916e+24,0.0,inf,1.3802820111703282e-05,4.63036422398829,ambipolar_diffusion,0.0,0.0,0.0,3230.0,0,0,0,0,0.0
0.0008592964824120603,dc_series_circuit,0.0,2.9808724875153185,0.8587193431072925,2.666684800514833e+17,0.9193248604691888,0.8587193431072925,1500.0,59.61744975030636,0.014403825502496937,0.8587193431072925,100000.0,4139.001110501619,0.00024160418741197358,1.0,0.45,14904.36243757659,4.6303642261328255,0.004,5.0265482457e-05,1.0,2.6666848005148326e+17,0.919324860469189,0.8587193431072925,300.0,13332.22966280368,3.218831545358663e+24,0.0,inf,1.380282009810431e-05,4.6303642261328255,ambipolar_diffusion,0.0,0.0,0.0,3230.0,0,0,0,0,0.0
0.000864321608040201,dc_series_circuit,0.0,2.9808724809297,0.858719341288654,2.6666848066501674e+17,0.9193248607728164,0.858719341288654,1500.0,59.617449618593994,0.01440382550381406,0.858719341288654,100000.0,4139.001100978875,0.00024160418796784075,1.0,0.45,14904.362404648498,4.630364228277362,0.004,5.0265482457e-05,1.0,2.6666848066501674e+17,0.9193248607728165,0.858719341288654,300.0,13332.229627174114,3.2188315367565334e+24,0.0,inf,1.380282008450534e-05,4.630364228277362,ambipolar_diffusion,0.0,0.0,0.0,3230.0,0,0,0,0,0.0
0.0008693467336683418,dc_series_circuit,0.0,2.9808724743440815,0.8587193394700156,2.6666848127855018e+17,0.919324861076444,0.8587193394700156,1500.0,59.617449486881625,0.014403825505131184,0.8587193394700156,100000.0,4139.001091456131,0.00024160418852370796,1.0,0.45,14904.362371720406,4.630364230421898,0.004,5.0265482457e-05,1.0,2.6666848127855018e+17,0.9193248610764438,0.8587193394700156,300.0,13332.229591544548,3.218831528154404e+24,0.0,inf,1.3802820070906369e-05,4.630364230421898,ambipolar_diffusion,0.0,0.0,0.0,3230.0,0,0,0,0,0.0
0.0008743718592964825,dc_series_circuit,0.0,2.980872467758463,0.8587193376513771,2.6666848189208368e+17,0.9193248613800713,0.8587193376513771,1500.0,59.617449355169256,0.014403825506448307,0.8587193376513771,100000.0,4139.001081933387,0.00024160418907957513,1.0,0.45,14904.362338792314,4.630364232566433,0.004,5.0265482457e-05,1.0,2.6666848189208368e+17,0.9193248613800715,0.8587193376513771,300.0,13332.229555914988,3.2188315195522753e+24,0.0,inf,1.3802820057307399e-05,4.630364232566433,ambipolar_diffusion,0.0,0.0,0.0,3230.0,0,0,0,0,0.0
0.0008793969849246232,dc_series_circuit,0.0,2.9808724611728437,0.8587193358327384,2.6666848250561718e+17,0.9193248616836986,0.8587193358327384,1500.0,59.617449223456866,0.01440382550776543,0.8587193358327384,100000.0,4139.001072410641,0.00024160418963544239,1.0,0.45,14904.362305864217,4.630364234710967,0.004,5.0265482457e-05,1.0,2.6666848250561718e+17,0.9193248616836986,0.8587193358327384,300.0,13332.229520285424,3.2188315109501457e+24,0.0,inf,1.3802820043708426e-05,4.630364234710967,ambipolar_diffusion,0.0,0.0,0.0,3230.0,0,0,0,0,0.0
0.0008844221105527638,dc_series_circuit,0.0,2.9808724545872263,0.8587193340141004,2.6666848311915062e+17,0.9193248619873261,0.8587193340141004,1500.0,59.61744909174452,0.014403825509082556,0.8587193340141004,100000.0,4139.001062887898,0.00024160419019130953,1.0,0.45,14904.362272936129,4.630364236855505,0.004,5.0265482457e-05,1.0,2.6666848311915062e+17,0.919324861987326,0.8587193340141004,300.0,13332.22948465586,3.218831502348016e+24,0.0,inf,1.3802820030109454e-05,4.630364236855505,ambipolar_diffusion,0.0,0.0,0.0,3230.0,0,0,0,0,0.0
0.0008894472361809046,dc_series_circuit,0.0,2.980872448001607,0.8587193321954617,2.6666848373268416e+17,0.9193248622909534,0.8587193321954617,1500.0,59.617448960032135,0.01440382551039968,0.8587193321954617,100000.0,4139.001053365153,0.00024160419074717676,1.0,0.45,14904.362240008033,4.6303642390000395,0.004,5.0265482457e-05,1.0,2.6666848373268416e+17,0.9193248622909534,0.8587193321954617,300.0,13332.229449026296,3.218831493745887e+24,0.0,inf,1.3802820016510484e-05,4.6303642390000395,ambipolar_diffusion,0.0,0.0,0.0,3230.0,0,0,0,0,0.0
0.0008944723618090453,dc_series_circuit,0.0,2.9808724414159893,0.8587193303768235,2.6666848434621763e+17,0.9193248625945808,0.8587193303768235,1500.0,59.61744882831978,0.014403825511716803,0.8587193303768235,100000.0,4139.00104384241,0.0002416041913030439,1.0,0.45,14904.362207079945,4.630364241144576,0.004,5.0265482457e-05,1.0,2.6666848434621763e+17,0.9193248625945808,0.8587193303768235,300.0,13332.229413396733,3.218831485143758e+24,0.0,inf,1.380282000291151e-05,4.630364241144576,ambipolar_diffusion,0.0,0.0,0.0,3230.0,0,0,0,0,0.0
0.000899497487437186,dc_series_circuit,0.0,2.9808724348303706,0.8587193285581849,2.666684849597511e+17,0.9193248628982084,0.8587193285581849,1500.0,59.617448696607404,0.014403825513033926,0.8587193285581849,100000.0,4139.001034319665,0.0002416041918589111,1.0,0.45,14904.362174151851,4.630364243289111,0.004,5.0265482457e-05,1.0,2.666684849597511e+17,0.9193248628982084,0.8587193285581849,300.0,13332.229377767173,3.2188314765416294e+24,0.0,inf,1.380281998931254e-05,4.630364243289111,ambipolar_diffusion,0.0,0.0,0.0,3230.0,0,0,0,0,0.0
0.0009045226130653266,dc_series_circuit,0.0,2.980872428244752,0.8587193267395465,2.6666848557328458e+17,0.9193248632018356,0.8587193267395465,1500.0,59.617448564895035,0.01440382551435105,0.8587193267395465,100000.0,4139.001024796921,0.0002416041924147783,1.0,0.45,14904.362141223759,4.630364245433646,0.004,5.0265482457e-05,1.0,2.6666848557328458e+17,0.9193248632018356,0.8587193267395465,300.0,13332.22934213761,3.2188314679395003e+24,0.0,inf,1.3802819975713569e-05,4.630364245433646,ambipolar_diffusion,0.0,0.0,0.0,3230.0,0,0,0,0,0.0
0.0009095477386934674,dc_series_circuit,0.0,2.980872421659134,0.8587193249209083,2.666684861868181e+17,0.9193248635054632,0.8587193249209083,1500.0,59.61744843318268,0.014403825515668173,0.8587193249209083,100000.0,4139.001015274178,0.00024160419297064546,1.0,0.45,14904.36210829567,4.630364247578183,0.004,5.0265482457e-05,1.0,2.666684861868181e+17,0.9193248635054632,0.8587193249209083,300.0,13332.229306508047,3.218831459337371e+24,0.0,inf,1.3802819962114599e-05,4.630364247578183,ambipolar_diffusion,0.0,0.0,0.0,3230.0,0,0,0,0,0.0
0.0009145728643216081,dc_series_circuit,0.0,2.980872415073515,0.8587193231022696,2.666684868003516e+17,0.9193248638090906,0.8587193231022696,1500.0,59.6174483014703,0.014403825516985297,0.8587193231022696,100000.0,4139.001005751433,0.00024160419352651274,1.0,0.45,14904.362075367573,4.630364249722716,0.004,5.0265482457e-05,1.0,2.666684868003516e+17,0.9193248638090905,0.8587193231022696,300.0,13332.229270878484,3.218831450735242e+24,0.0,inf,1.3802819948515627e-05,4.630364249722716,ambipolar_diffusion,0.0,0.0,0.0,3230.0,0,0,0,0,0.0
0.0009195979899497488,dc_series_circuit,0.0,2.980872408487896,0.858719321283631,2.6666848741388512e+17,0.919324864112718,0.858719321283631,1500.0,59.61744816975792,0.01440382551830242,0.858719321283631,100000.0,4139.000996228689,0.00024160419408237994,1.0,0.45,14904.36204243948,4.630364251867253,0.004,5.0265482457e-05,1.0,2.6666848741388512e+17,0.9193248641127181,0.858719321283631,300.0,13332.22923524892,3.2188314421331125e+24,0.0,inf,1.3802819934916657e-05,4.630364251867253,ambipolar_diffusion,0.0,0.0,0.0,3230.0,0,0,0,0,0.0
0.0009246231155778894,dc_series_circuit,0.0,2.9808724019022783,0.8587193194649928,2.666684880274186e+17,0.9193248644163454,0.8587193194649928,1500.0,59.61744803804556,0.014403825519619546,0.8587193194649928,100000.0,4139.000986705944,0.00024160419463824714,1.0,0.45,14904.36200951139,4.6303642540117895,0.004,5.0265482457e-05,1.0,2.666684880274186e+17,0.9193248644163453,0.8587193194649928,300.0,13332.229199619358,3.2188314335309834e+24,0.0,inf,1.3802819921317684e-05,4.6303642540117895,ambipolar_diffusion,0.0,0.0,0.0,3230.0,0,0,0,0,0.0
0.0009296482412060302,dc_series_circuit,0.0,2.980872395316659,0.8587193176463542,2.6666848864095213e+17,0.919324864719973,0.8587193176463542,1500.0,59.617447906333176,0.014403825520936669,0.8587193176463542,100000.0,4139.000977183199,0.00024160419519411442,1.0,0.45,14904.361976583294,4.630364256156324,0.004,5.0265482457e-05,1.0,2.6666848864095213e+17,0.919324864719973,0.8587193176463542,300.0,13332.229163989796,3.2188314249288544e+24,0.0,inf,1.3802819907718714e-05,4.630364256156324,ambipolar_diffusion,0.0,0.0,0.0,3230.0,0,0,0,0,0.0
0.0009346733668341709,dc_series_circuit,0.0,2.9808723887310413,0.858719315827716,2.6666848925448563e+17,0.9193248650236002,0.858719315827716,1500.0,59.61744777462082,0.014403825522253793,0.858719315827716,100000.0,4139.000967660456,0.0002416041957499816,1.0,0.45,14904.361943655205,4.630364258300862,0.004,5.0265482457e-05,1.0,2.6666848925448563e+17,0.9193248650236002,0.858719315827716,300.0,13332.22912836023,3.218831416326725e+24,0.0,inf,1.3802819894119742e-05,4.630364258300862,ambipolar_diffusion,0.0,0.0,0.0,3230.0,0,0,0,0,0.0
0.0009396984924623116,dc_series_circuit,0.0,2.9808723821454226,0.8587193140090774,2.6666848986801914e+17,0.9193248653272278,0.8587193140090774,1500.0,59.617447642908445,0.014403825523570916,0.8587193140090774,100000.0,4139.000958137712,0.0002416041963058488,1.0,0.45,14904.361910727112,4.630364260445396,0.004,5.0265482457e-05,1.0,2.6666848986801914e+17,0.9193248653272278,0.8587193140090774,300.0,13332.229092730668,3.2188314077245957e+24,0.0,inf,1.3802819880520772e-05,4.630364260445396,ambipolar_diffusion,0.0,0.0,0.0,3230.0,0,0,0,0,0.0
0.0009447236180904523,dc_series_circuit,0.0,2.9808723755598048,0.8587193121904392,2.6666849048155267e+17,0.9193248656308551,0.8587193121904392,1500.0,59.61744751119609,0.01440382552488804,0.8587193121904392,100000.0,4139.000948614968,0.00024160419686171597,1.0,0.45,14904.361877799021,4.630364262589933,0.004,5.0265482457e-05,1.0,2.6666849048155267e+17,0.9193248656308551,0.8587193121904392,300.0,13332.229057101105,3.2188313991224666e+24,0.0,inf,1.3802819866921797e-05,4.630364262589933,ambipolar_diffusion,0.0,0.0,0.0,3230.0,0,0,0,0,0.0
0.000949748743718593,dc_series_circuit,0.0,2.980872368974187,0.8587193103718009,2.6666849109508614e+17,0.9193248659344826,0.8587193103718009,1500.0,59.617447379483735,0.014403825526205163,0.8587193103718009,100000.0,4139.000939092225,0.00024160419741758315,1.0,0.45,14904.361844870933,4.630364264734471,0.004,5.0265482457e-05,1.0,2.6666849109508614e+17,0.9193248659344826,0.8587193103718009,300.0,13332.229021471538,3.218831390520337e+24,0.0,inf,1.3802819853322829e-05,4.630364264734471,ambipolar_diffusion,0.0,0.0,0.0,3230.0,0,0,0,0,0.0
0.0009547738693467337,dc_series_circuit,0.0,2.980872362388568,0.8587193085531623,2.6666849170861968e+17,0.9193248662381104,0.8587193085531623,1500.0,59.61744724777135,0.014403825527522287,0.8587193085531623,100000.0,4139.00092956948,0.00024160419797345043,1.0,0.45,14904.361811942837,4.630364266879005,0.004,5.0265482457e-05,1.0,2.666684917086197e+17,0.9193248662381103,0.8587193085531623,300.0,13332.228985841975,3.218831381918208e+24,0.0,inf,1.3802819839723859e-05,4.630364266879005,ambipolar_diffusion,0.0,0.0,0.0,3230.0,0,0,0,0,0.0
0.0009597989949748744,dc_series_circuit,0.0,2.980872355802948,0.8587193067345236,2.6666849232215325e+17,0.9193248665417376,0.8587193067345236,1500.0,59.61744711605896,0.01440382552883941,0.8587193067345236,100000.0,4139.000920046735,0.00024160419852931771,1.0,0.45,14904.36177901474,4.6303642690235405,0.004,5.0265482457e-05,1.0,2.6666849232215325e+17,0.9193248665417376,0.8587193067345236,300.0,13332.228950212411,3.2188313733160783e+24,0.0,inf,1.3802819826124884e-05,4.6303642690235405,ambipolar_diffusion,0.0,0.0,0.0,3230.0,0,0,0,0,0.0
0.0009648241206030152,dc_series_circuit,0.0,2.9808723492173304,0.8587193049158853,2.6666849293568675e+17,0.9193248668453651,0.8587193049158853,1500.0,59.61744698434661,0.014403825530156534,0.8587193049158853,100000.0,4139.0009105239915,0.0002416041990851849,1.0,0.45,14904.361746086652,4.630364271168076,0.004,5.0265482457e-05,1.0,2.6666849293568675e+17,0.9193248668453651,0.8587193049158853,300.0,13332.228914582853,3.2188313647139503e+24,0.0,inf,1.3802819812525916e-05,4.630364271168076,ambipolar_diffusion,0.0,0.0,0.0,3230.0,0,0,0,0,0.0
0.0009698492462311559,dc_series_circuit,0.0,2.9808723426317125,0.8587193030972471,2.6666849354922026e+17,0.9193248671489922,0.8587193030972471,1500.0,59.617446852634245,0.014403825531473659,0.8587193030972471,100000.0,4139.000901001247,0.00024160419964105214,1.0,0.45,14904.361713158562,4.630364273312613,0.004,5.0265482457e-05,1.0,2.6666849354922026e+17,0.9193248671489924,0.8587193030972471,300.0,13332.228878953289,3.2188313561118207e+24,0.0,inf,1.3802819798926944e-05,4.630364273312613,ambipolar_diffusion,0.0,0.0,0.0,3230.0,0,0,0,0,0.0
0.0009748743718592965,dc_series_circuit,0.0,2.9808723360460934,0.8587193012786084,2.6666849416275386e+17,0.9193248674526199,0.8587193012786084,1500.0,59.61744672092186,0.014403825532790782,0.8587193012786084,100000.0,4139.000891478502,0.00024160420019691943,1.0,0.45,14904.361680230466,4.630364275457149,0.004,5.0265482457e-05,1.0,2.6666849416275386e+17,0.9193248674526199,0.8587193012786084,300.0,13332.228843323723,3.218831347509691e+24,0.0,inf,1.380281978532797e-05,4.630364275457149,ambipolar_diffusion,0.0,0.0,0.0,3230.0,0,0,0,0,0.0
0.0009798994974874373,dc_series_circuit,0.0,2.980872329460475,0.85871929945997,2.6666849477628736e+17,0.9193248677562476,0.85871929945997,1500.0,59.6174465892095,0.014403825534107906,0.85871929945997,100000.0,4139.000881955759,0.0002416042007527866,1.0,0.45,14904.361647302374,4.630364277601684,0.004,5.0265482457e-05,1.0,2.666684947762874e+17,0.9193248677562473,0.85871929945997,300.0,13332.22880769416,3.218831338907562e+24,0.0,inf,1.3802819771729e-05,4.630364277601684,ambipolar_diffusion,0.0,0.0,0.0,3230.0,0,0,0,0,0.0
0.0009849246231155779,dc_series_circuit,0.0,2.980872322874856,0.8587192976413314,2.6666849538982093e+17,0.9193248680598749,0.8587192976413314,1500.0,59.61744645749712,0.01440382553542503,0.8587192976413314,100000.0,4139.000872433014,0.0002416042013086539,1.0,0.45,14904.361614374278,4.630364279746219,0.004,5.0265482457e-05,1.0,2.6666849538982093e+17,0.9193248680598749,0.8587192976413314,300.0,13332.228772064598,3.218831330305433e+24,0.0,inf,1.3802819758130029e-05,4.630364279746219,ambipolar_diffusion,0.0,0.0,0.0,3230.0,0,0,0,0,0.0
0.0009899497487437187,dc_series_circuit,0.0,2.9808723162892377,0.858719295822693,2.6666849600335446e+17,0.9193248683635024,0.858719295822693,1500.0,59.61744632578475,0.014403825536742153,0.858719295822693,100000.0,4139.0008629102695,0.00024160420186452116,1.0,0.45,14904.361581446186,4.630364281890756,0.004,5.0265482457e-05,1.0,2.6666849600335446e+17,0.9193248683635022,0.858719295822693,300.0,13332.228736435034,3.2188313217033033e+24,0.0,inf,1.3802819744531057e-05,4.630364281890756,ambipolar_diffusion,0.0,0.0,0.0,3230.0,0,0,0,0,0.0
0.0009949748743718595,dc_series_circuit,0.0,2.9808723097036194,0.8587192940040547,2.66668496616888e+17,0.9193248686671298,0.8587192940040547,1500.0,59.617446194072386,0.014403825538059276,0.8587192940040547,100000.0,4139.000853387526,0.00024160420242038834,1.0,0.45,14904.361548518096,4.630364284035292,0.004,5.0265482457e-05,1.0,2.66668496616888e+17,0.9193248686671298,0.8587192940040547,300.0,13332.22870080547,3.218831313101174e+24,0.0,inf,1.3802819730932087e-05,4.630364284035292,ambipolar_diffusion,0.0,0.0,0.0,3230.0,0,0,0,0,0.0
0.001,dc_series_circuit,0.0,2.980872303118001,0.8587192921854162,2.6666849723042154e+17,0.919324868970757,0.8587192921854162,1500.0,59.61744606236002,0.0144038255393764,0.8587192921854162,100000.0,4139.000843864782,0.0002416042029762556,1.0,0.45,14904.361515590004,4.630364286179828,0.004,5.0265482457e-05,1.0,2.6666849723042154e+17,0.9193248689707572,0.8587192921854162,300.0,13332.228665175908,3.218831304499045e+24,0.0,inf,1.3802819717333116e-05,4.630364286179828,ambipolar_diffusion,0.0,0.0,0.0,3230.0,0,0,0,0,0.0
