time_s,step_id,self_bias_V,plasma_potential_V,total_absorbed_power_W,electron_density_m3,mean_electron_energy_eV,port_source_rf_absorbed_power_W,port_source_rf_frequency_Hz,port_source_rf_delivered_power_W,port_source_rf_coupling_efficiency,port_source_rf_plasma_resistance_Ohm,port_source_rf_coil_voltage_rms_V,port_source_rf_coil_current_rms_A,port_source_rf_E_over_H_mode_index,port_source_rf_downstream_fraction,port_source_rf_effective_field_Td,port_wafer_bias_absorbed_power_W,port_wafer_bias_frequency_Hz,port_wafer_bias_delivered_power_W,port_wafer_bias_rf_voltage_rms_V,port_wafer_bias_rf_current_rms_A,port_wafer_bias_bulk_resistance_Ohm,port_wafer_bias_sheath_reactance_Ohm,port_wafer_bias_self_bias_V,port_wafer_bias_plasma_potential_V,port_wafer_bias_sheath_voltage_powered_V,port_wafer_bias_sheath_voltage_ground_V,port_wafer_bias_pressure_Pa,port_wafer_bias_gas_temperature_K,ne_source_m3,mean_energy_source_eV,pabs_source_W,Tg_source_K,pressure_source_Pa,total_density_source_m3,electronegativity_source,residence_time_source_s,debye_length_source_m,EoverN_source_Td,ion_loss_family_source,ion_loss_area_source_m2,ion_loss_h_factor_source,ion_loss_characteristic_length_source_m,ambipolar_loss_rate_source_s,warning_high_electronegativity_source,warning_ion_ion_afterglow_source,warning_pressure_deviation_source,warning_debye_ratio_source,ne_process_m3,mean_energy_process_eV,pabs_process_W,Tg_process_K,pressure_process_Pa,total_density_process_m3,electronegativity_process,residence_time_process_s,debye_length_process_m,EoverN_process_Td,ion_loss_family_process,ion_loss_area_process_m2,ion_loss_h_factor_process,ion_loss_characteristic_length_process_m,ambipolar_loss_rate_process_s,warning_high_electronegativity_process,warning_ion_ion_afterglow_process,warning_pressure_deviation_process,warning_debye_ratio_process,ion_flux_wafer_m2_s,mean_ion_energy_wafer_eV,ied_width_wafer_eV,ied_collisionality_wafer,angle_spread_wafer_deg,sheath_voltage_wafer_V,sheath_thickness_wafer_m,ion_flux_wafer_Ar_plus_m2_s,mean_ion_energy_wafer_Ar_plus_eV,ied_width_wafer_Ar_plus_eV,charge_fraction_wafer_Ar_plus,site_fill_wafer,occupied_site_fraction_wafer,free_site_fraction_wafer,warning_site_overfill_wafer,warning_site_depletion_wafer,radical_incident_flux_wafer_m2_s,halogen_atom_flux_wafer_m2_s,carbon_atom_flux_wafer_m2_s,oxygen_atom_flux_wafer_m2_s,radical_to_ion_flux_ratio_wafer,halogen_to_C_radical_flux_ratio_wafer,F_to_C_radical_flux_ratio_wafer,etch_deposition_balance_wafer,net_flux_wafer_F_m2_s,net_flux_wafer_CF3_m2_s,net_flux_wafer_F2_m2_s,net_total_flux_wafer_m2_s,site_fill_grounded_wall,occupied_site_fraction_grounded_wall,free_site_fraction_grounded_wall,warning_site_overfill_grounded_wall,warning_site_depletion_grounded_wall,radical_incident_flux_grounded_wall_m2_s,halogen_atom_flux_grounded_wall_m2_s,carbon_atom_flux_grounded_wall_m2_s,oxygen_atom_flux_grounded_wall_m2_s,radical_to_ion_flux_ratio_grounded_wall,halogen_to_C_radical_flux_ratio_grounded_wall,F_to_C_radical_flux_ratio_grounded_wall,etch_deposition_balance_grounded_wall,net_flux_grounded_wall_F_m2_s,net_total_flux_grounded_wall_m2_s,site_fill_source_wall,occupied_site_fraction_source_wall,free_site_fraction_source_wall,warning_site_overfill_source_wall,warning_site_depletion_source_wall,radical_incident_flux_source_wall_m2_s,halogen_atom_flux_source_wall_m2_s,carbon_atom_flux_source_wall_m2_s,oxygen_atom_flux_source_wall_m2_s,radical_to_ion_flux_ratio_source_wall,halogen_to_C_radical_flux_ratio_source_wall,F_to_C_radical_flux_ratio_source_wall,etch_deposition_balance_source_wall,net_flux_source_wall_F_m2_s,net_total_flux_source_wall_m2_s,film_wafer_m,film_grounded_wall_m,film_source_wall_m,incident_flux_wafer_CF3_m2_s,incident_flux_wafer_F_m2_s,incident_flux_wafer_O_m2_s,incident_flux_grounded_wall_CF3_m2_s,incident_flux_grounded_wall_F_m2_s,incident_flux_grounded_wall_O_m2_s,incident_flux_source_wall_CF3_m2_s,incident_flux_source_wall_F_m2_s,incident_flux_source_wall_O_m2_s
0.0,ignition,-211.12677402787466,64.76455402474936,54.00400075269785,1000000000000.0,3.0,54.00167867134404,13560000.0,300.0,0.1800055955711468,62.5,58.09565316750473,0.9295304506800757,3.111235613502524e-05,0.3,77.50154101377976,0.0023220813538099108,2000000.0,20.0,157.7259772029754,0.0013663139000329178,1243.8741942316758,115432.34729561194,-211.1267740278747,64.76455402474936,217.09249506343605,5.965721035561374,8.000000004694206,340.0,1000000000000.0,3.0,37.801175069940825,350.0,8.000000004832271,1.6555361189519816e+21,0.0,0.5,0.012875965235341126,77.50154101377976,bohm,0.18,1.0,0.05555555555555556,0.0,0,0,0,1,1000000000000.0,3.0,16.20282568275702,340.0,8.000000004694206,1.7042283577152753e+21,0.0,0.2,0.012875965235341126,50.376001658956845,bohm,0.4814,1.0,0.06231823847112588,0.0,0,0,0,1,1642001652684139.0,0.32864665515247843,3.461829378930498,173.05983233149854,33.0,217.09249506343605,0.33849108610363743,1642001652684139.0,0.32864665515247843,3.461829378930498,1.0,1.0,0.0,1.0,0,0,0.0,0.0,0.0,0.0,0.0,0.0,0.0,0.0,-11552426.320988523,0.8074774963093553,-0.004078257722343852,-11552425.517589284,1.0,0.0,1.0,0,0,0.0,0.0,0.0,0.0,0.0,0.0,0.0,0.0,0.7694459315577429,0.7694459315577429,1.0,0.0,1.0,0,0,0.0,0.0,0.0,0.0,0.0,0.0,0.0,0.0,15.613586261622842,15.613586261622842,0.0,0.0,0.0,,,,,,,,,
5.025125628140703e-09,ignition,-208.4025784788646,108.67602744352368,54.00416476773564,1090001800026.123,39.936905743957304,54.00201447285034,13560000.0,300.0,0.18000671490950113,62.5,58.09583379686659,0.9295333407498655,3.7336085851647294e-05,0.3,322.56310404017086,0.002150294885301888,2000000.0,20.0,155.69081890986908,0.001331990127162045,1211.9815546412826,116879.5818984817,-208.4025784788646,108.67602744352368,214.29132305908752,5.888744580222903,7.999989412619183,339.99955544340867,1200043090483.44,98.02523596306553,37.80141013099524,349.9993665236883,7.999985445245035,1.6555361023699622e+21,0.001137861365633951,0.5,0.06718768785987764,322.56310404017086,bohm,0.18,1.0,0.05555555555555556,0.0,0,0,0,1,1053321369873.684,17.877003511232022,16.2027546367404,339.99955544340867,7.999989412619183,1.7042283296125283e+21,0.0017477944458818232,0.2,0.030625704172459176,209.66601762611106,bohm,0.4814,1.0,0.06231823847112588,0.0,0,0,0,1,4222029082711515.0,0.3239532310813136,3.4148579226669282,173.18676199173368,33.0,214.29132305908752,0.3387393558763127,4222029082711515.0,0.3239532310813136,3.4148579226669282,1.0,1.0,2.5568795292666422e-17,1.0,0,0,4715850492919.407,6861413217449.626,1398632459011.078,651702193491.9365,0.0011169630527250525,4.9058015014903065,4.9058015014903065,5462780758438.548,39312439789.62578,13986324590.110779,-0.004078257722343852,53298764379.732475,1.0,8.443332078140719e-18,1.0,0,0,4715850492919.407,6861413217449.626,1398632459011.078,651702193491.9365,0.0,4.9058015014903065,4.9058015014903065,5462780758438.548,13327579202.081963,13327579202.081963,1.0,5.796044824186986e-16,0.9999999999999994,0,0,13727432722702.938,21647014632080.113,4412534690494.838,905487471612.5006,0.0,4.905800441345094,4.905800441345094,17234479941585.275,840941056059.5594,840941056059.5594,1.5949192639025532e-27,0.0,0.0,1398632459011.078,2665515840416.3926,651702193491.9365,1398632459011.078,2665515840416.3926,651702193491.9365,4412534690494.838,8409410560595.6,905487471612.5006
1.0050251256281407e-08,ignition,-202.38142821372003,137.43146441706898,54.00460402581378,1263751659444.1108,65.21338188791913,54.0025211309963,13560000.0,300.0,0.18000840376998767,62.5,58.096106329833056,0.9295377012773289,4.672646462012132e-05,0.3,396.94848631103974,0.0020828948174777275,2000000.0,20.0,151.1926124941802,0.0013499512835483012,1142.960303640767,111992.7372001741,-202.38142821372003,137.43146441706898,208.10003566680476,5.718607453084748,7.999978820673008,339.9991108879484,1501870265744.7908,153.27138330718833,37.80176479169741,349.9987330496531,7.99997088583615,1.6555360858140233e+21,0.001866275801626512,0.5,0.07509888637793236,396.94848631103974,bohm,0.18,1.0,0.05555555555555556,0.0,0,0,0,1,1184378790677.2175,27.9922678790322,16.202839234116365,339.9991108879484,7.999978820673008,1.7042283015314871e+21,0.003208549666158273,0.2,0.036140395427257985,258.01651610217584,bohm,0.4814,1.0,0.06231823847112588,0.0,0,0,0,1,5940494894573987.0,0.3461668136872314,3.472711553541749,164.69835117052935,33.0,208.10003566680476,0.3221367133783756,5940494894573987.0,0.3461668136872314,3.472711553541749,1.0,1.0,1.622182517983857e-16,0.9999999999999999,0,0,14628123684417.336,22046802731517.61,4494026701257.914,1569374355415.5566,0.002462441925129601,4.9058014553733145,4.9058014553733145,17552776030259.695,126342633113.70686,44940267012.57914,-0.004078257722343852,171282900126.28192,1.0,5.355106867704649e-17,1.0,0,0,14628123684417.336,22046802731517.61,4494026701257.914,1569374355415.5566,0.0,4.9058014553733145,4.9058014553733145,17552776030259.695,42823613138.71933,42823613138.71933,1.0,2.99210546965271e-15,0.999999999999997,0,0,33889582628220.04,53699233379498.89,10946072333410.537,2082493915542.219,0.0,4.905799244135588,4.905799244135588,42753161046088.35,2086101637926.7222,2086101637926.7222,1.0115631087093459e-26,0.0,0.0,4494026701257.914,8564722627743.865,1569374355415.5566,4494026701257.914,8564722627743.865,1569374355415.5566,10946072333410.537,20861016379267.28,2082493915542.219
1.5075376884422108e-08,ignition,-194.82385069012346,152.0650523090911,54.00523884352212,1504180380097.8855,79.75905408484044,54.0031547535302,13560000.0,300.0,0.18001051584510067,62.5,58.09644715553299,0.9295431544885279,5.8469999398406214e-05,0.3,429.7290531404852,0.002084089991923733,2000000.0,20.0,145.546591018765,0.001402720661382936,1059.1905078591824,103754.80416241416,-194.82385069012346,152.0650523090911,200.32890683301554,5.505056142892071,7.999968228835576,339.99866633370635,1879335808152.3857,181.5208501958512,37.802208327471135,349.99809957808395,7.999956326583109,1.6555360692786108e+21,0.0024485799671188245,0.5,0.07306009493728097,429.7290531404852,bohm,0.18,1.0,0.05555555555555556,0.0,0,0,0,1,1379128570746.3855,33.53552052170473,16.203030516050983,339.99866633370635,7.999968228835576,1.7042282734674316e+21,0.004233479982898226,0.2,0.03665804635634795,279.32388454131535,bohm,0.4814,1.0,0.06231823847112588,0.0,0,0,0,1,7571296326435255.0,0.38848110586105705,3.599016364210069,151.9054466570297,33.0,200.32890683301554,0.2971148271273193,7571296326435255.0,0.38848110586105705,3.599016364210069,1.0,1.0,4.814955261649625e-16,0.9999999999999996,0,0,28604022364448.113,43776590064428.47,8923432975282.334,2674298250584.309,0.003777955733231163,4.905801409131265,4.905801409131265,34853157089146.133,250879940590.21466,89234329752.8233,-0.004078257722343852,340114270343.0339,1.0,1.589388715130998e-16,0.9999999999999999,0,0,28604022364448.113,43776590064428.47,8923432975282.334,2674298250584.309,0.0,4.905801409131265,4.905801409131265,34853157089146.133,85031455692.90735,85031455692.90735,1.0,7.742726083457614e-15,0.9999999999999922,0,0,59120594027750.5,93809542708624.47,19122177498651.746,3555406316429.5146,0.0,4.9057981349267745,4.9057981349267745,74687365209972.72,3644301021266.895,3644301021266.895,3.002306137487575e-26,0.0,0.0,8923432975282.334,17006291138581.473,2674298250584.309,8923432975282.334,17006291138581.473,2674298250584.309,19122177498651.746,36443010212669.234,3555406316429.5146
2.0100502512562813e-08,ignition,-186.8003066064878,156.38177599951877,54.0060772387006,1811720679433.847,86.21297470198023,54.003947378835164,13560000.0,300.0,0.18001315792945055,62.5,58.09687350604331,0.929549976096693,7.316049004674087e-05,0.3,440.5925645831936,0.002129859865428757,2000000.0,20.0,139.55246101299178,0.0014789483700502495,973.7444687391295,94354.22693678302,-186.8003066064878,156.38177599951877,192.07864481680167,5.278338210313896,7.999957637103595,339.9982217807529,2351528035792.4854,191.40955399965947,37.802763165184615,349.9974661092001,7.99994176751638,1.6555360527689921e+21,0.0029140687999467682,0.5,0.06706962733962446,440.5925645831936,bohm,0.18,1.0,0.05555555555555556,0.0,0,0,0,1,1631784893980.9678,35.680843414246624,16.20331407351598,339.9982217807529,7.999957637103595,1.704228245419308e+21,0.004968865392681196,0.2,0.0347620411760855,286.38516697907585,bohm,0.4814,1.0,0.06231823847112588,0.0,0,0,0,1,9240456495985158.0,0.44762929428313236,3.7685803995805602,137.81624667666577,33.0,192.07864481680167,0.26955749041067656,9240456495985158.0,0.44762929428313236,3.7685803995805602,1.0,1.0,1.0452046163417268e-15,0.999999999999999,0,0,46386731894786.64,71571835486875.64,14589224101401.143,3993344610713.291,0.005019961071722051,4.905801363350222,4.905801363350222,56982611385474.5,410179470210.84106,145892241014.01126,-0.004078257722343852,556071711224.8483,1.0,3.4500659167061805e-16,0.9999999999999997,0,0,46386731894786.64,71571835486875.64,14589224101401.143,3993344610713.291,0.0,4.905801363350222,4.905801363350222,56982611385474.5,139020815913.36102,139020815913.36102,1.0,1.5419099051170536e-14,0.9999999999999846,0,0,90691710089612.33,143998868347923.53,29352797278412.64,5398436298514.073,0.0,4.905797119848156,4.905797119848156,114646071069510.89,5594047651268.476,5594047651268.476,6.517067964893935e-26,0.0,0.0,14589224101401.143,27804163182672.21,3993344610713.291,14589224101401.143,27804163182672.21,3993344610713.291,29352797278412.64,55940476512685.62,5398436298514.073
2.5125628140703518e-08,ignition,-178.93681973715292,154.29838864915436,54.007142858558694,2189152851301.235,87.2588935836577,54.00493910042969,13560000.0,300.0,0.18001646366809895,62.5,58.097406945378,0.9295585111260479,9.1541030669137e-05,0.3,438.173911949187,0.002203758129012535,2000000.0,20.0,133.6779045698338,0.001570497799415624,893.4891085090799,85113.48412742767,-178.93681973715292,154.29838864915436,183.99296268471412,5.056142947561204,7.999947045475972,339.9977772291513,2942335389700.299,189.18522725520583,37.80345737030078,349.99683264327615,7.999927208674006,1.655536036291742e+21,0.0032861180357825403,0.5,0.05960966633638448,438.173911949187,bohm,0.18,1.0,0.05555555555555556,0.0,0,0,0,1,1938092005168.2144,35.67870408036185,16.203685488257918,339.9977772291513,7.999947045475972,1.704228217386566e+21,0.005551740509998253,0.2,0.03189602101834652,284.8130427669716,bohm,0.4814,1.0,0.06231823847112588,0.0,0,0,0,1,1.097468056725577e+16,0.5213151281814223,3.962786856753711,124.1919521029369,33.0,183.99296268471412,0.24290947037086633,1.097468056725577e+16,0.5213151281814223,3.962786856753711,1.0,1.0,1.9114376182688082e-15,0.9999999999999981,0,0,67840238321587.4,105145679919822.19,21432926673018.61,5560411747802.428,0.006181522815706965,4.905801317940752,4.905801317940752,83712753246803.58,602597178856.5486,214329266730.18567,-0.004078257722343852,816926445586.7302,1.0,6.309283703138267e-16,0.9999999999999993,0,0,67840238321587.4,105145679919822.19,21432926673018.61,5560411747802.428,0.0,4.905801317940752,4.905801317940752,83712753246803.58,204234499503.83163,204234499503.83163,1.0,2.6756561806404665e-14,0.9999999999999732,0,0,130195288990854.48,206798620275103.3,42153936275058.766,7704541265868.69,0.0,4.905796197197839,4.905796197197839,164644684000044.56,8033681144992.489,8033681144992.489,1.1918042245059753e-25,0.0,0.0,21432926673018.61,40846899900766.36,5560411747802.428,21432926673018.61,40846899900766.36,5560411747802.428,42153936275058.766,80336811449927.03,7704541265868.69
3.0150753768844216e-08,ignition,-171.51637450587725,148.60613983409195,54.00847584298117,2642328831852.039,84.9043228477525,54.006180082803446,13560000.0,300.0,0.1800206002760115,62.5,58.09807445324858,0.9295691912519772,0.00011454137126802342,0.3,427.2753657637025,0.0022957601777230125,2000000.0,20.0,128.13433019006524,0.0016722944714211735,820.9203286628331,76617.4725960843,-171.51637450587725,148.60613983409195,176.3628410331299,4.846466527252677,7.999936453954811,339.99733267896573,3681648202660.7964,179.32361605571458,37.80432605796241,349.9961991806554,7.999912650103577,1.6555360198550851e+21,0.0035833980078128344,0.5,0.05188200703680536,427.2753657637025,bohm,0.18,1.0,0.05555555555555556,0.0,0,0,0,1,2295889041582.454,34.43460431466543,16.204149785018757,339.99733267896573,7.999936453954811,1.7042281893693327e+21,0.006072718530843641,0.2,0.028789973753927636,277.72898774640663,bohm,0.4814,1.0,0.06231823847112588,0.0,0,0,0,1,1.2772073412046876e+16,0.6081437196095907,4.169796792149337,111.77658654879167,33.0,176.3628410331299,0.21862601742738802,1.2772073412046876e+16,0.6081437196095907,4.169796792149337,1.0,1.0,3.1369799914000174e-15,0.9999999999999969,0,0,92991458580557.25,144471070248643.47,29449026205429.016,7418440742771.809,0.007280842787267872,4.905801273048879,4.905801273048879,115022044043214.45,827978018164.2445,294490262054.2892,-0.004078257722343852,1122468280218.5295,1.0,1.0354475161834668e-15,0.999999999999999,0,0,92991458580557.25,144471070248643.47,29449026205429.016,7418440742771.809,0.0,4.905801273048879,4.905801273048879,115022044043214.45,280619958161.78186,280619958161.78186,1.0,4.267466084809184e-14,0.9999999999999574,0,0,179624002288351.72,285376596180493.25,58171320862083.516,10590047832025.518,0.0,4.9057953636136835,4.9057953636136835,227205275318409.75,11086263359423.797,11086263359423.797,1.9559284429971078e-25,0.0,0.0,29449026205429.016,56123991632356.43,7418440742771.809,29449026205429.016,56123991632356.43,7418440742771.809,58171320862083.516,110862633594242.69,10590047832025.518
3.517587939698492e-08,ignition,-164.67382452231112,141.2100812091688,54.010131805788546,3178176600634.2446,80.55764715152368,54.00773314674532,13560000.0,300.0,0.18002577715581775,62.5,58.098909814828566,0.929582557037257,0.00014332583441798198,0.3,410.8837173755887,0.002398659043222647,2000000.0,20.0,123.0224826392867,0.0017803884601278932,756.7265617366799,69094.53074329693,-164.67382452231112,141.2100812091688,169.3269439737995,4.653119451488373,7.999925862540431,339.9968881302659,4606900243496.657,164.98857880272587,37.805413202721724,349.99556572176806,7.999898091864712,1.6555360034693248e+21,0.0038208473428757556,0.5,0.04448787939686758,410.8837173755887,bohm,0.18,1.0,0.05555555555555556,0.0,0,0,0,1,2701935386346.774,32.57168845094895,16.20471860306682,339.9968881302659,7.999925862540431,1.7042281613673263e+21,0.006585708823860299,0.2,0.025810821331948966,267.0744162941327,bohm,0.4814,1.0,0.06231823847112588,0.0,0,0,0,1,1.4618676572356418e+16,0.7065359906258319,4.3807093966827555,100.83767431776235,33.0,169.3269439737995,0.19723038773724377,1.4618676572356418e+16,0.7065359906258319,4.3807093966827555,1.0,1.0,4.777945189087573e-15,0.9999999999999952,0,0,121769267258229.97,189369896522080.06,38601216744505.78,9601804225161.488,0.008329705268156275,4.905801228377952,4.905801228377952,150768679777574.28,1085301205897.5999,386012167445.05597,-0.004078257722343852,1471313373342.6519,1.0,1.5770854218792467e-15,0.9999999999999984,0,0,121769267258229.97,189369896522080.06,38601216744505.78,9601804225161.488,0.0,4.905801228377952,4.905801228377952,150768679777574.28,367831231442.8129,367831231442.8129,1.0,6.43242230331705e-14,0.9999999999999357,0,0,241473136130373.22,383699612235577.75,78213549967682.05,14200623830159.545,0.0,4.905794614796579,4.905794614796579,305486062267895.7,14905896233252.203,14905896233252.203,2.979065804987875e-25,0.0,0.0,38601216744505.78,73566246288562.7,9601804225161.488,38601216744505.78,73566246288562.7,9601804225161.488,78213549967682.05,149058962332531.62,14200623830159.545
4.0201005025125626e-08,ignition,-158.44994316496624,133.28156472940395,54.012184326597634,3805349924688.84,75.13141764428126,54.00967699545407,13560000.0,300.0,0.18003225665151357,62.5,58.0999553546806,0.9295992856748897,0.00017935310828056053,0.3,390.97291483717675,0.00250733114356395,2000000.0,20.0,118.37282238846036,0.0018917722153839202,700.6062540104991,62568.52764658374,-158.44994316496624,133.28156472940395,162.92719700155422,4.47725383658797,7.999915271231708,339.9964435831324,5764992802564.391,148.3790494672795,37.806773896817845,349.9949322671528,7.999883534032135,1.6555359871473762e+21,0.004010424160320454,0.5,0.037714302110972424,390.97291483717675,bohm,0.18,1.0,0.05555555555555556,0.0,0,0,0,1,3152135632063.656,30.476817339956135,16.205410429779786,339.9964435831324,7.999915271231708,1.7042281333799038e+21,0.007118870208284998,0.2,0.02311540600976357,254.1323946441649,bohm,0.4814,1.0,0.06231823847112588,0.0,0,0,0,1,1.6496912273288432e+16,0.8147740059792005,4.589181959125094,91.3742653976509,33.0,162.92719700155422,0.1787207232958756,1.6496912273288432e+16,0.8147740059792005,4.589181959125094,1.0,1.0,6.88759789838415e-15,0.9999999999999931,0,0,154016753749311.44,239534370491355.7,48826758673121.22,12135900604198.191,0.009336095821925003,4.905801183628797,4.905801183628797,190707611818234.47,1372802750280.0278,488267586731.20886,-0.004078257722343852,1861070337011.2327,1.0,2.2734232278017484e-15,0.9999999999999978,0,0,154016753749311.44,239534370491355.7,48826758673121.22,12135900604198.191,0.0,4.905801183628797,4.905801183628797,190707611818234.47,465270472359.9592,465270472359.9592,1.0,9.314614918073907e-14,0.9999999999999069,0,0,318868461950210.1,506736782225101.6,103293531652602.92,18718743030314.293,0.0,4.905793945833512,4.905793945833512,403443250572498.7,19685618726727.46,19685618726727.46,4.294426553771325e-25,0.0,0.0,48826758673121.22,93054094471992.05,12135900604198.191,48826758673121.22,93054094471992.05,12135900604198.191,103293531652602.92,196856187267292.9,18718743030314.293
4.522613065326633e-08,ignition,-152.81488397225675,125.41330440650492,54.014728934333355,4536232478890.898,69.16142367027756,54.01211013729143,13560000.0,300.0,0.18004036712430477,62.5,58.10126404460332,0.9296202247136531,0.00022444895128619565,0.3,368.894199672645,0.002618797041927863,2000000.0,20.0,114.16305211247742,0.0020046582594758443,651.6601233818116,56945.15615397763,-152.81488397225675,125.41330440650493,157.13291029581438,4.318026323557613,7.999904680029336,339.99599903766165,7214635052287.7295,130.99113696836366,37.808477096104,349.99429881748375,7.9998689766994255,1.6555359709054176e+21,0.004161695665421512,0.5,0.0316761900664642,368.894199672645,bohm,0.18,1.0,0.05555555555555556,0.0,0,0,0,1,3643431621091.9556,28.350190083887313,16.206251838229356,339.99599903766165,7.999904680029336,1.70422810540673e+21,0.0076840400963267335,0.2,0.020736805012122335,239.78122978721927,bohm,0.4814,1.0,0.06231823847112588,0.0,0,0,0,1,1.8390840307853756e+16,0.9315300074453486,4.791721936014367,83.23202464383527,33.0,157.13291029581438,0.16279515709541942,1.8390840307853756e+16,0.9315300074453486,4.791721936014367,1.0,1.0,9.516912316780915e-15,0.9999999999999905,0,0,189650190905847.8,294776095566278.8,60087249202995.16,15048593745559.318,0.010312209106881225,4.905801138781124,4.905801138781124,234688846363283.66,1689402914687.308,600872492029.9459,-0.004078257722343852,2290275406717.25,1.0,3.141285982203662e-15,0.9999999999999969,0,0,189650190905847.8,294776095566278.8,60087249202995.16,15048593745559.318,0.0,4.905801138781124,4.905801138781124,234688846363283.66,572571739786.465,572571739786.465,1.0,1.3094292169693556e-13,0.9999999999998691,0,0,415721826678322.7,660706862921674.1,134678902185405.11,24372768127458.74,0.0,4.905793351449471,4.905793351449471,526027960736269.0,25667015636542.523,25667015636542.523,5.933792705051973e-25,0.0,0.0,60087249202995.16,114514347957293.34,15048593745559.318,60087249202995.16,114514347957293.34,15048593745559.318,134678902185405.11,256670156365458.8,24372768127458.74
5.0251256281407036e-08,ignition,-147.71778825992251,117.90397952278462,54.01788710998438,5387051092440.845,62.96728078150483,54.015155983955175,13560000.0,300.0,0.18005051994651725,62.5,58.10290224246289,0.9296464358794062,0.0002809006821700834,0.3,345.58615549784764,0.0027311260292032314,2000000.0,20.0,110.35517693498394,0.002117840050963684,608.9132538175807,52103.86014756751,-147.71778825992251,117.90397952278462,151.89178807972968,4.173999819807182,7.999894088934598,339.99555449397224,9029386641508.55,113.81049404076386,37.81060918876862,349.9936653736053,7.999854419983878,1.6555359547637286e+21,0.004282324958819456,0.5,0.026392540540692566,345.58615549784764,bohm,0.18,1.0,0.05555555555555556,0.0,0,0,0,1,4172939242751.6094,26.29584418263347,16.207277921215756,339.99555449397224,7.999894088934598,1.7042280774474832e+21,0.008285182597659044,0.2,0.018661291469490863,224.63100107360097,bohm,0.4814,1.0,0.06231823847112588,0.0,0,0,0,1,2.0286100974978556e+16,1.055595354352496,4.986265871110347,76.22744057102341,33.0,151.89178807972968,0.14909475552746726,2.0286100974978556e+16,1.055595354352496,4.986265871110347,1.0,1.0,1.271504373644008e-14,0.9999999999999872,0,0,228589321047465.28,354915898927270.6,72346165720944.61,18365753562083.836,0.011268272859797639,4.905801093816925,4.905801093816925,282569733206326.0,2034074825650.674,723461657209.4368,-0.004078257722343852,2757536482860.107,1.0,4.196898410566043e-15,0.9999999999999958,0,0,228589321047465.28,354915898927270.6,72346165720944.61,18365753562083.836,0.0,4.905801093816925,4.905801093816925,282569733206326.0,689387008822.1814,689387008822.1814,1.0,1.7997155117275442e-13,0.99999999999982,0,0,536933441465762.0,853399837362880.5,173957577829980.62,31448759762842.83,0.0,4.905792826093269,4.905792826093269,679442259532899.9,33152710387287.89,33152710387287.89,7.92781228595759e-25,0.0,0.0,72346165720944.61,137877401764436.83,18365753562083.836,72346165720944.61,137877401764436.83,18365753562083.836,173957577829980.62,331527103872938.56,31448759762842.83
5.5276381909547735e-08,ignition,-143.1057291587873,110.90133090175054,54.021811984962696,6378436068779.481,56.74319563996118,54.01896907951437,13560000.0,300.0,0.1800632302650479,62.5,58.10495303732417,0.9296792485971868,0.0003515726295767369,0.3,321.7025464828077,0.0028429054483272934,2000000.0,20.0,106.90965690563712,0.002230382094542843,571.4837369840521,47929.93027786999,-143.1057291587873,110.90133090175055,147.14940795169687,4.043678792909562,7.999883497948613,339.99510995221095,11301377109272.758,97.4579350895548,37.81327835566006,349.9930319365749,7.999839864032479,1.6555359387477263e+21,0.004378446468070734,0.5,0.02183041980277213,321.7025464828077,bohm,0.18,1.0,0.05555555555555556,0.0,0,0,0,1,4737455721948.389,24.36768640519965,16.20853362930264,339.99510995221095,7.999883497948613,1.7042280495016661e+21,0.008922169227917368,0.2,0.016859851093193295,209.106655213825,bohm,0.4814,1.0,0.06231823847112588,0.0,0,0,0,1,2.21699786530006e+16,1.1857425841115918,5.171500668519721,70.18991340270526,33.0,147.14940795169687,0.13728583922640616,2.21699786530006e+16,1.1857425841115918,5.171500668519721,1.0,1.0,1.6529318242310545e-14,0.9999999999999835,0,0,270712070194042.9,419714189223950.4,85554669882108.92,22107220734310.344,0.012210750151417189,4.905801048642939,4.905801048642939,334159519341841.44,2405445340302.752,855546698821.0752,-0.004078257722343852,3260992039123.823,1.0,5.4558813194600724e-15,0.9999999999999946,0,0,270712070194042.9,419714189223950.4,85554669882108.92,22107220734310.344,0.0,4.905801048642939,4.905801048642939,334159519341841.44,815250897888.1138,815250897888.1138,1.0,2.4305715120909844e-13,0.999999999999757,0,0,688639134557013.8,1094569978738984.2,223117877296769.66,40304910411568.81,0.0,4.905792364110268,4.905792364110268,871452101442214.6,42521634684857.195,42521634684857.195,1.030599252577712e-24,0.0,0.0,85554669882108.92,163050179577623.62,22107220734310.344,85554669882108.92,163050179577623.62,22107220734310.344,223117877296769.66,425216346848675.3,40304910411568.81
6.030150753768843e-08,ignition,-138.94286764568173,104.52455084553976,54.02669538769593,7534935407007.943,50.62277523116453,54.023742994775986,13560000.0,300.0,0.18007914331591995,62.5,58.10752048722694,0.9297203277956311,0.0004400524471282124,0.3,297.6917435559077,0.002952392919946998,2000000.0,20.0,103.79971785059074,0.0023410241958946626,538.7190712931124,44336.17401778172,-138.94286764568173,104.52455084553975,142.8689182002439,3.926050554562188,7.999872907068298,339.9946654125605,14146022319369.74,82.29604698514267,37.816620096343186,349.9923985077165,7.999825309029435,1.6555359228892694e+21,0.004454971794063829,0.5,0.01793046225396071,297.6917435559077,bohm,0.18,1.0,0.05555555555555556,0.0,0,0,0,1,5331239769554.01,22.608602885612747,16.210075291352744,339.9946654125605,7.999872907068298,1.704228021567707e+21,0.009591883956985393,0.2,0.015308827284726365,193.49963331134,bohm,0.4814,1.0,0.06231823847112588,0.0,0,0,0,1,2.4031342906076124e+16,1.3201518827481646,5.345864140393715,64.99036434479648,33.0,142.8689182002439,0.1271159405164033,2.4031342906076124e+16,1.3201518827481646,5.345864140393715,1.0,1.0,2.100262505413e-14,0.999999999999979,0,0,315640477620304.44,488544794736099.5,99585122685409.73,26265928255024.355,0.013134533465480923,4.90580100282064,4.90580100282064,388959672050689.75,2799925754314.66,995851226854.0763,-0.004078257722343852,3795776981168.7324,1.0,6.9323913390403385e-15,0.9999999999999931,0,0,315640477620304.44,488544794736099.5,99585122685409.73,26265928255024.355,0.0,4.90580100282064,4.90580100282064,388959672050689.75,948947133399.3452,948947133399.3452,1.0,3.237369043471925e-13,0.9999999999996763,0,0,878523833922499.6,1396434201084081.8,284650105938528.3,51389844715474.445,0.0,4.905791959851401,4.905791959851401,1111784095145553.5,54248388326832.12,54248388326832.12,1.3095074945875971e-24,0.0,0.0,99585122685409.73,189789426679870.34,26265928255024.355,99585122685409.73,189789426679870.34,26265928255024.355,284650105938528.3,542483883268496.8,51389844715474.445
6.532663316582914e-08,ignition,-135.17435755603034,98.74905142863352,54.032779239365055,8890289697311.713,44.66457982135493,54.02972017193981,13560000.0,300.0,0.18009906723979935,62.5,58.110734901102724,0.9297717584176436,0.0005508335754190419,0.3,273.8490403217896,0.003059067425253482,2000000.0,20.0,100.98438597605049,0.0024493750709468393,509.8923105479972,41225.47988966883,-135.17435755603034,98.74905142863352,138.99392289564017,3.8195653396098193,7.999862316295844,339.99422087524914,17707910481521.668,68.50803545541001,37.82080412035786,349.9917650886885,7.999810755205635,1.6555359072282962e+21,0.004515832511551626,0.5,0.014621982711289857,273.8490403217896,bohm,0.18,1.0,0.05555555555555556,0.0,0,0,0,1,5951082769241.729,21.01522645660701,16.211975119007196,339.99422087524914,7.999862316295844,1.7042279936449275e+21,0.010291178954237612,0.2,0.013969736354141542,178.00187620916324,bohm,0.4814,1.0,0.06231823847112588,0.0,0,0,0,1,2.5862826731589324e+16,1.4577801885689825,5.509360455454376,60.48782684789723,33.0,138.99392289564017,0.11830934020850215,2.5862826731589324e+16,1.4577801885689825,5.509360455454376,1.0,1.0,2.617302157459971e-14,0.9999999999999738,0,0,363210198737846.2,561115885125085.5,114378037370691.22,30850388354143.055,0.014043716199599121,4.905800956406938,4.905800956406938,446737847754394.25,3215843534124.65,1143780373706.8823,-0.004078257722343852,4359623907831.5283,1.0,8.638990050866272e-15,0.9999999999999913,0,0,363210198737846.2,561115885125085.5,114378037370691.22,30850388354143.055,0.0,4.905800956406938,4.905800956406938,446737847754394.25,1089908865065.05,1089908865065.05,1.0,4.2643965028432607e-13,0.9999999999995736,0,0,1116212700614403.4,1774293853577156.0,361673302788300.6,65265452613848.625,0.0,4.905791607780652,4.905791607780652,1412620550788855.5,68927394521196.016,68927394521196.016,1.6318787948602341e-24,0.0,0.0,114378037370691.22,217981773013011.9,30850388354143.055,114378037370691.22,217981773013011.9,30850388354143.055,361673302788300.6,689273945212254.1,65265452613848.625
7.035175879396984e-08,ignition,-131.74910091645788,93.52024877216408,54.04036698781579,10487925251618.717,38.90425205487505,54.037204232186234,13560000.0,300.0,0.18012401410728746,62.5,58.11475943778517,0.9298361510045626,0.0006895433523771947,0.3,250.3508299769357,0.0031627556295634922,2000000.0,20.0,98.42548764051196,0.002555290270854741,484.3788308636286,38515.27400281074,-131.74910091645788,93.52024877216408,135.47188021042768,3.7227792939697912,7.99985172563592,339.99377634056293,22168167570420.34,56.15526888530087,37.82604296253036,349.9911316815674,7.99979620285042,1.6555358918148633e+21,0.0045641749262395285,0.5,0.011831764743683654,250.3508299769357,bohm,0.18,1.0,0.05555555555555556,0.0,0,0,0,1,6594511145351.509,19.57386129868824,16.214324025285432,339.99377634056293,7.99985172563592,1.704227965732889e+21,0.011017227936200809,0.2,0.012807551711795205,162.7280394850082,bohm,0.4814,1.0,0.06231823847112588,0.0,0,0,0,1,2.7658831108586324e+16,1.5978392788128652,5.662408412408281,56.562966674904075,33.0,135.47188021042768,0.11063263016494321,2.7658831108586324e+16,1.5978392788128652,5.662408412408282,1.0,1.0,3.207637090091058e-14,0.9999999999999679,0,0,413313317568506.9,637225834956870.2,129892314570360.62,35872111752357.96,0.014943267701584075,4.905800909504118,4.905800909504118,507333520386509.6,3652043126783.4517,1298923145703.5647,-0.004078257722343852,4950966272487.013,1.0,1.0587514935853026e-14,0.9999999999999895,0,0,413313317568506.9,637225834956870.2,129892314570360.62,35872111752357.96,0.0,4.905800909504118,4.905800909504118,507333520386509.6,1237744456228.9285,1237744456228.9285,1.0,5.567105018526492e-13,0.9999999999994433,0,0,1413760442638276.0,2247312594299017.8,458093802955988.94,82635454251236.03,0.0,4.905791302561949,4.905791302561949,1789218791343028.8,87303118543056.52,87303118543056.52,1.9999492214845566e-24,0.0,0.0,129892314570360.62,247548891245788.3,35872111752357.96,129892314570360.62,247548891245788.3,35872111752357.96,458093802955988.94,873031185431051.0,82635454251236.03
7.537688442211055e-08,ignition,-128.6245800946474,88.78601787682453,54.04952695121706,12336221648273.613,33.56587538800785,54.04626362259979,13560000.0,300.0,0.18015421207533264,62.5,58.119630731900614,0.9299140917104098,0.000857450404501001,0.3,228.23048223421594,0.0032633286172800684,2000000.0,20.0,96.09125929746895,0.002658652139837008,461.6765056686706,36139.898899914704,-128.6245800946474,88.78601787682453,132.25907110931888,3.634491014671481,7.999841135094232,339.99333180884713,27567857962809.82,45.64804893848172,37.83238453581985,349.99049828885626,7.99978165212811,1.6555358766711384e+21,0.004677062181871361,0.5,0.009565964542712281,228.23048223421594,bohm,0.18,1.0,0.05555555555555556,0.0,0,0,0,1,7259009543428.214,18.270875781942316,16.217142415397216,339.99333180884713,7.999841135094232,1.7042279378310762e+21,0.011767180549495876,0.2,0.011793974023042062,148.34981345224037,bohm,0.4814,1.0,0.06231823847112588,0.0,0,0,0,1,2.9415078546128136e+16,1.7395828439594787,5.805467536471118,53.121010180050014,33.0,132.25907110931888,0.10390044078191335,2.9415078546128136e+16,1.7395828439594787,5.8054675364711175,1.0,1.0,3.874658079185411e-14,0.9999999999999613,0,0,465824359555370.25,716650379909696.2,146082240198402.88,41338460042479.68,0.015836243946276526,4.905800862147043,4.905800862147043,570568139711293.4,4107239231876.9746,1460822401983.9722,-0.004078257722343852,5568061633860.942,1.0,1.2789157775456983e-14,0.9999999999999872,0,0,465824359555370.25,716650379909696.2,146082240198402.88,41338460042479.68,0.0,4.905800862147043,4.905800862147043,570568139711293.4,1392018296572.4207,1392018296572.4207,1.0,7.21275341422759e-13,0.9999999999992787,0,0,1776459439235750.0,2822940915235380.0,575430328431937.6,104379180864245.45,0.0,4.905790980687386,4.905790980687386,2247510586803442.5,109664992993877.58,109664992993877.58,2.415832869576812e-24,0.0,0.0,146082240198402.88,278403659314487.7,41338460042479.68,146082240198402.88,278403659314487.7,41338460042479.68,575430328431937.6,1096649929939566.8,104379180864245.45
8.040201005025125e-08,ignition,-125.77363298930716,84.53174529231143,54.05922011371616,14276990014368.291,29.288018968583994,54.055859930479585,13560000.0,300.0,0.18018619976826528,62.5,58.12479028482576,0.9299966445572121,0.0010353088038205609,0.3,210.48889485397692,0.003360183236577859,2000000.0,20.0,93.96140902047654,0.0027589698690863927,441.4373192556645,34053.83891750931,-125.77363298930716,84.53174529231143,129.32756598287537,3.5539329935682193,7.999830544668634,339.9928872803239,33288271487996.96,38.00654120374585,37.83910195133571,349.98986491217295,7.999767102443186,1.655535861666228e+21,0.00507210775241124,0.5,0.007943332093660332,210.48889485397692,bohm,0.18,1.0,0.05555555555555556,0.0,0,0,0,1,7939896189825.404,17.10379018273351,16.22011816238045,339.9928872803239,7.999830544668634,1.7042279099379192e+21,0.012535412674416395,0.2,0.01091083369118436,136.817781655085,bohm,0.4814,1.0,0.06231823847112588,0.0,0,0,0,1,3.1129630586339148e+16,1.8817901043003027,5.9385122380918824,50.09601470599442,33.0,129.32756598287537,0.0979837935483236,3.1129630586339148e+16,1.8817901043003027,5.938512238091882,1.0,1.0,4.621362259121919e-14,0.9999999999999538,0,0,520367986883474.9,798797985734010.2,162827235758913.78,47224472667292.26,0.016716163252892307,4.905800814040295,4.905800814040295,635970749975096.5,4578041659127.436,1628272357589.0625,-0.004078257722343852,6206314016716.494,1.0,1.525381119778519e-14,0.9999999999999848,0,0,520367986883474.9,798797985734010.2,162827235758913.78,47224472667292.26,0.0,4.905800814040295,4.905800814040295,635970749975096.5,1551581392286.3206,1551581392286.3206,1.0,9.25063351636067e-13,0.999999999999075,0,0,2172601605214153.5,3446935162252010.0,702625845612960.8,130918134188065.12,0.0,4.905790448464009,4.905790448464009,2744309316639049.0,133905762541188.89,133905762541188.89,2.881398428413049e-24,0.0,0.0,162827235758913.78,310316278457268.8,47224472667292.26,162827235758913.78,310316278457268.8,47224472667292.26,702625845612960.8,1339057625413127.8,130918134188065.12
8.542713567839196e-08,ignition,-123.16363963777917,80.70367680043213,54.06925711093914,16280120389280.248,25.846869313088746,54.06580378715931,13560000.0,300.0,0.1802193459571977,62.5,58.13013621777827,0.9300821794844524,0.0012196087972609502,0.3,196.0743065538428,0.0034533237798317863,2000000.0,20.0,92.0115674915728,0.0028562171210646426,423.3064276128129,32211.705064984213,-123.16363963777917,80.70367680043213,126.64382313978442,3.4801835020052487,7.999819954357679,339.99244275507493,39216623921584.27,32.31302808463201,37.846062651011515,349.989231552127,7.999752553683684,1.6555358467740787e+21,0.005660344875758805,0.5,0.006747966150638487,196.0743065538428,bohm,0.18,1.0,0.05555555555555556,0.0,0,0,0,1,8634619211845.576,16.05755837999491,16.223194459927626,339.99244275507493,7.999819954357679,1.704227882052699e+21,0.013319299529568852,0.2,0.010137650810740471,127.44829925999782,bohm,0.4814,1.0,0.06231823847112588,0.0,0,0,0,1,3.280166638497132e+16,2.0238358134656917,6.062157661997403,47.42267352944652,33.0,126.64382313978442,0.09275495378064723,3.280166638497132e+16,2.0238358134656917,6.062157661997403,1.0,1.0,5.450253542951501e-14,0.9999999999999455,0,0,576770985618004.6,883384906404397.0,180069462393601.12,53525004000809.88,0.017583587944857055,4.90580076522619,4.90580076522619,703315444010795.9,5062824208106.995,1800694623935.913,-0.004078257722343852,6863518832042.904,1.0,1.7989739921396597e-14,0.999999999999982,0,0,576770985618004.6,883384906404397.0,180069462393601.12,53525004000809.88,0.0,4.90580076522619,4.90580076522619,703315444010795.9,1715882596117.9373,1715882596117.9373,1.0,1.1707046334997234e-12,0.9999999999988293,0,0,2595836160466114.0,4108542356520260.0,837488468719012.4,162270741383878.72,0.0,4.905789763057294,4.905789763057294,3271053887801247.5,159607695036135.47,159607695036135.47,3.3982070823128626e-24,0.0,0.0,180069462393601.12,343176519223593.6,53525004000809.88,180069462393601.12,343176519223593.6,53525004000809.88,837488468719012.4,1596076950363223.2,162270741383878.72
9.045226130653266e-08,ignition,-120.76438721612564,77.24477260036502,54.07948525047655,18321600383942.527,23.059167991022274,54.07594230613535,13560000.0,300.0,0.18025314102045117,62.5,58.13558629732274,0.9301693807571638,0.001407516788526059,0.3,184.22179382267623,0.003542944341197082,2000000.0,20.0,90.21916368819758,0.002950518660890156,406.9748748298894,30574.68284920662,-120.76438721612566,77.24477260036502,124.17677604496647,3.4123888288408204,7.999809364160998,339.9919982331568,45261830479277.28,27.97741186459084,37.853159614294746,349.9885982091435,7.999738005721207,1.65553583196611e+21,0.006375460453623089,0.5,0.0058446280678416665,184.22179382267623,bohm,0.18,1.0,0.05555555555555556,0.0,0,0,0,1,9341523685497.611,15.1158271273044,16.226325636181805,339.9919982331568,7.999809364160998,1.7042278541750546e+21,0.01411750964511213,0.2,0.009456409413680268,119.74416598473955,bohm,0.4814,1.0,0.06231823847112588,0.0,0,0,0,1,3.443076245350614e+16,2.1653479699180815,6.177164902508621,45.04521883790348,33.0,124.17677604496647,0.08810484413327463,3.443076245350614e+16,2.165347969918082,6.177164902508621,1.0,1.0,6.363662804812367e-14,0.9999999999999364,0,0,634944943523322.1,970256657846802.9,197777430036636.88,60243145749793.01,0.01844121065807721,4.90580071582015,4.90580071582015,772479227810166.0,5560701501942.531,1977774300366.243,-0.004078257722343852,7538475802308.7705,1.0,2.1004637468791145e-14,0.999999999999979,0,0,634944943523322.1,970256657846802.9,197777430036636.88,60243145749793.01,0.0,4.90580071582015,4.90580071582015,772479227810166.0,1884621838684.4216,1884621838684.4216,1.0,1.460312671774784e-12,0.9999999999985397,0,0,3039205359763783.5,4796598995020321.0,977742629712858.8,198091624169180.12,0.0,4.905788956372881,4.905788956372881,3818856365307462.0,186337110587902.4,186337110587902.4,3.9677121172188285e-24,0.0,0.0,197777430036636.88,376924367736892.25,60243145749793.01,197777430036636.88,376924367736892.25,60243145749793.01,977742629712858.8,1863371105881744.8,198091624169180.12
9.547738693467337e-08,ignition,-118.55049544492049,74.1071224281213,54.08985311780738,20392626648675.02,20.761663004658043,54.08622388465944,13560000.0,300.0,0.1802874129488648,62.5,58.141112758453595,0.9302578041352575,0.0015980763741060408,0.3,174.2649174183464,0.003629233147945293,2000000.0,20.0,88.56523682533151,0.003041999539673859,392.19005869635276,29111.510277520825,-118.5504954449205,74.1071224281213,121.9003272590447,3.349831814124198,7.99979877407778,339.99155371460114,51393162927092.42,24.57649398781657,37.8603567192616,349.9879648834686,7.9997234585186705,1.6555358172334819e+21,0.007175787684224065,0.5,0.005140749697700314,174.2649174183464,bohm,0.18,1.0,0.05555555555555556,0.0,0,0,0,1,10059114555869.219,14.264860886609693,16.229496398545773,339.99155371460114,7.99979877407778,1.7042278263046535e+21,0.01492891026088145,0.2,0.008852645254477945,113.27219632192518,bohm,0.4814,1.0,0.06231823847112588,0.0,0,0,0,1,3.6016913009640016e+16,2.306016222271048,6.284235059185706,42.9187134132667,33.0,121.9003272590447,0.08394557102991934,3.6016913009640016e+16,2.306016222271048,6.284235059185706,1.0,1.0,7.363771555183851e-14,0.9999999999999264,0,0,694809484311457.1,1059273150369025.9,215922582776345.22,67381499495121.66,0.019291200334839626,4.905800665909187,4.905800665909187,843350567592680.6,6070870660607.315,2159225827763.2935,-0.004078257722343852,8230096488370.6045,1.0,2.4305704357004474e-14,0.9999999999999757,0,0,694809484311457.1,1059273150369025.9,215922582776345.22,67381499495121.66,0.0,4.905800665909187,4.905800665909187,843350567592680.6,2057527010199.901,2057527010199.901,1.0,1.7954501615652567e-12,0.9999999999982045,0,0,3500537856896828.5,5507560793048610.0,1122665863265638.4,238308790379495.3,0.0,4.905788065050879,4.905788065050879,4384894929782971.5,213956320324785.28,213956320324785.28,4.591273691974267e-24,0.0,0.0,215922582776345.22,411505402039990.25,67381499495121.66,215922582776345.22,411505402039990.25,67381499495121.66,1122665863265638.4,2139563203251694.5,238308790379495.3
1.0050251256281407e-07,ignition,-116.5019626394155,71.25615878184036,54.100268179591346,22477979958818.902,18.85438192936727,54.09655591652849,13560000.0,300.0,0.18032185305509496,62.5,58.146665809683626,0.930346652954938,0.0017895711895733373,0.3,165.82866402060557,0.0037122630628615536,2000000.0,20.0,87.03484429189578,0.0031306982696423756,378.75320604572704,27797.87734735702,-116.5019626394155,71.25615878184036,119.79390991802254,3.291947278607043,7.99978818410572,339.9911091994279,57555420040737.96,21.867375932897776,37.86758914156994,349.9873315752622,7.999708911983919,1.6555358025563672e+21,0.008032980116921443,0.5,0.004582203680188339,165.82866402060557,bohm,0.18,1.0,0.05555555555555556,0.0,0,0,0,1,10785499931512.547,13.494898160894317,16.23267903802141,339.9911091994279,7.99978818410572,1.7042277984409055e+21,0.01575124662892451,0.2,0.008315413182192916,107.78863161339362,bohm,0.4814,1.0,0.06231823847112588,0.0,0,0,0,1,3.756107806144954e+16,2.4454609934655958,6.3839176732353,41.00815413172859,33.0,119.79390991802254,0.08020867118281655,3.756107806144954e+16,2.4454609934655958,6.3839176732353,1.0,1.0,8.452609378342695e-14,0.9999999999999155,0,0,756222324843958.0,1150208091769598.0,234458793155942.5,74931819386244.97,0.020133136849980346,4.905800615482035,4.905800615482035,915749298613655.5,6592034762046.839,2344587931559.227,-0.004078257722343852,8936622693606.062,1.0,2.789963881393438e-14,0.9999999999999721,0,0,756222324843958.0,1150208091769598.0,234458793155942.5,74931819386244.97,0.0,4.905800615482035,4.905800615482035,915749298613655.5,2234158561508.7905,2234158561508.7905,1.0,2.1774042724435184e-12,0.9999999999978226,0,0,3975016033350962.0,6233926094449658.0,1270729031839008.2,282548002579320.9,0.0,4.9057871019346075,4.9057871019346075,4963197062610650.0,242173899892736.03,242173899892736.03,5.2701570839085925e-24,0.0,0.0,234458793155942.5,446831712301770.56,74931819386244.97,234458793155942.5,446831712301770.56,74931819386244.97,1270729031839008.2,2421738998932633.0,282548002579320.9
1.0552763819095476e-07,ignition,-114.60454964966694,68.67378546384835,54.110686591451035,24568913496534.793,17.254745150824693,54.106894709543724,13560000.0,300.0,0.18035631569847907,62.5,58.15222196396697,0.9304355514234716,0.0019811914426333993,0.3,158.59257413902543,0.0037918819073131586,2000000.0,20.0,85.6173484799899,0.0032164782992744746,366.51651803720137,26615.82757847247,-114.60454964966692,68.67378546384835,117.84288252224607,3.238332872579147,7.999777594238889,339.99066468763874,63722550055498.625,19.669670037597967,37.8748262966806,349.9866982845538,7.999694366071858,1.6555357879252948e+21,0.008930113671466598,0.5,0.004130200470410053,158.59257413902543,bohm,0.18,1.0,0.05555555555555556,0.0,0,0,0,1,11517701310213.518,12.801160538380682,16.235860294770433,339.99066468763874,7.999777594238889,1.7042277705825397e+21,0.01657951961810413,0.2,0.007837200080002778,103.08517319036653,bohm,0.4814,1.0,0.06231823847112588,0.0,0,0,0,1,3.906640484192945e+16,2.5830867022122246,6.476537852523007,39.28759211476905,32.999999999999986,117.84288252224607,0.0768433906799906,3.906640484192945e+16,2.5830867022122246,6.476537852523007,1.0,0.9999999999999999,9.631826087930013e-14,0.9999999999999036,0,0,818881443481095.9,1242610847292382.8,253294203665718.62,82859003520150.38,0.020961269581740508,4.905800564359935,4.905800564359935,989316643626664.1,7121611136818.073,2532942036656.942,-0.004078257722343852,9654553173475.012,1.0,3.1791888828614374e-14,0.9999999999999682,0,0,818881443481095.9,1242610847292382.8,253294203665718.62,82859003520150.38,0.0,4.905800564359935,4.905800564359935,989316643626664.1,2413641181476.0576,2413641181476.0576,1.0,2.6070097047189047e-12,0.999999999997393,0,0,4460331478474539.0,6972115158760211.0,1421202441540677.2,330621202795682.8,0.0,4.9057860829467606,4.9057860829467606,5550912717219534.0,270850783413111.75,270850783413111.75,6.005391409295352e-24,0.0,0.0,253294203665718.62,482728236295226.8,82859003520150.38,253294203665718.62,482728236295226.8,82859003520150.38,1421202441540677.2,2708507834138179.0,330621202795682.8
1.1055276381909547e-07,ignition,-112.84127815074253,66.32569833019609,54.12109399645334,26662460110112.938,15.895383394531704,54.11722569190121,13560000.0,300.0,0.18039075230633736,62.5,58.157773390526444,0.930524374248423,0.002172667058833005,0.3,152.3003085658579,0.003868304552133466,2000000.0,20.0,84.30006543276593,0.0032994945513479253,355.3250515984309,25546.91673787387,-112.84127815074253,66.32569833019609,116.02978699734973,3.1885088466071956,7.999767004475781,339.9902201792319,69885860962654.9,17.853198486431275,37.88205798433084,349.98606501134753,7.999679820766908,1.6555357733370213e+21,0.009856157851252363,0.5,0.0037573575530820144,152.3003085658579,bohm,0.18,1.0,0.05555555555555556,0.0,0,0,0,1,12254659825932.287,12.173708123068952,16.239036012122494,339.9902201792319,7.999767004475781,1.704227742729243e+21,0.017413199888103272,0.2,0.007409347783474634,98.99520056780764,bohm,0.4814,1.0,0.06231823847112588,0.0,0,0,0,1,4.0534578865872584e+16,2.7187560711337704,6.562710331808574,37.73052145905507,32.99999999999995,116.02978699734973,0.07379788611004803,4.0534578865872584e+16,2.7187560711337704,6.562710331808574,1.0,1.0,1.090279847229214e-13,0.999999999999891,0,0,882711180493769.1,1336359776960750.8,272404019185080.16,91159441903178.67,0.02177674482358945,4.905800512630412,4.905800512630412,1063955757775670.6,7658902643829.979,2724040191850.505,-0.004078257722343852,10382942835680.479,1.0,3.598699598341666e-14,0.999999999999964,0,0,882711180493769.1,1336359776960750.8,272404019185080.16,91159441903178.67,0.0,4.905800512630412,4.905800512630412,1063955757775670.6,2595738597027.4585,2595738597027.4585,1.0,3.08501617635681e-12,0.999999999996915,0,0,4955685107613220.0,7720906381386392.0,1573837081426816.8,382452889080461.44,0.0,4.905785022161719,4.905785022161719,6147069299959575.0,299939513709668.9,299939513709668.9,6.79783455755157e-24,0.0,0.0,272404019185080.16,519147719405510.3,91159441903178.67,272404019185080.16,519147719405510.3,91159441903178.67,1573837081426816.8,2999395137105942.0,382452889080461.44
1.1557788944723617e-07,ignition,-111.19738746591597,64.18200866373434,54.131430705947565,28749068955422.16,14.736118569708493,54.12748895539145,13560000.0,300.0,0.18042496318463816,62.5,58.16328790321233,0.9306126064513972,0.002362887695795516,0.3,146.81959288548188,0.003941750556123092,2000000.0,20.0,83.07196792654958,0.0033799094690420807,345.0475927594841,24575.74146869277,-111.19738746591598,64.18200866373434,114.33944558033258,3.1420581144166,7.99975641481515,339.9897756741966,76009603597936.39,16.342700462134914,37.88924226877401,349.98543175558217,7.999665275990673,1.655535758775612e+21,0.010799039812564016,0.5,0.0034470441400064073,146.81959288548188,bohm,0.18,1.0,0.05555555555555556,0.0,0,0,0,1,12995557407917.42,11.603877580015679,16.242188437173557,339.9897756741966,7.99975641481515,1.7042277148808045e+21,0.0182521696362885,0.2,0.007024627203796286,95.43273537556323,bohm,0.4814,1.0,0.06231823847112588,0.0,0,0,0,1,4.196714677734734e+16,2.85239144427688,6.6430049386546965,36.314796607679895,32.999999999999815,114.33944558033258,0.0710288425476439,4.196714677734734e+16,2.85239144427688,6.6430049386546965,1.0,1.0,1.226683649890798e-13,0.9999999999998773,0,0,947660434260502.6,1431369915249792.0,291770920323884.0,99832359658478.64,0.022581006978821407,4.905800460377894,4.905800460377894,1139598994925908.0,8203422329894.364,2917709203238.482,-0.004078257722343852,11121131533132.842,1.0,4.0489285363450896e-14,0.9999999999999595,0,0,947660434260502.6,1431369915249792.0,291770920323884.0,99832359658478.64,0.0,4.905800460377894,4.905800460377894,1139598994925908.0,2780285771390.588,2780285771390.588,1.0,3.611932221808505e-12,0.9999999999963881,0,0,5457225193029117.0,8474562947734724.0,1727463558432866.2,437589362160126.25,0.0,4.905783920225063,4.905783920225063,6747099389301858.0,329217227242423.4,329217227242423.4,7.64830353330261e-24,0.0,0.0,291770920323884.0,556057154278140.06,99832359658478.64,291770920323884.0,556057154278140.06,99832359658478.64,1727463558432866.2,3292172272436125.0,437589362160126.25
1.2060301507537687e-07,ignition,-109.66018368434554,62.21739459908487,54.1416904610564,30827254010127.844,13.737235116613451,54.137678036597116,13560000.0,300.0,0.18045892678865705,62.5,58.16876204018201,0.9307001926429121,0.0025517335588834847,0.3,141.99899657608708,0.00401242445928591,2000000.0,20.0,81.92357275154303,0.0034578770597157482,335.5735886188682,23689.493038943234,-109.66018368434554,62.21739459908486,112.75880567381832,3.0986219894727856,7.999745825255756,339.98933117251545,82089904549195.2,15.069308009427484,37.89637462561798,349.98479851714603,7.999650731729708,1.6555357442388132e+21,0.01175442583197673,0.5,0.003185084419220913,141.99899657608708,bohm,0.18,1.0,0.05555555555555556,0.0,0,0,0,1,13739703830438.725,11.084345894420695,16.245315835438422,339.98933117251545,7.999745825255756,1.7042276870370477e+21,0.019096251585671898,0.2,0.006677063666851752,92.2993477744566,bohm,0.4814,1.0,0.06231823847112588,0.0,0,0,0,1,4.336560090970916e+16,2.983945806668638,6.717934630559954,35.02198864470663,32.99999999999943,112.75880567381832,0.06850021451768865,4.336560090970916e+16,2.983945806668638,6.717934630559953,1.0,1.0,1.3725115559107552e-13,0.9999999999998628,0,0,1013686206203930.5,1527569793378874.5,311380338871516.0,108877090568087.81,0.023375352466912903,4.905800407678249,4.905800407678249,1216189454507358.5,8754760594141.581,3113803388714.733,-0.004078257722343852,11868563982856.31,1.0,4.530263800463733e-14,0.9999999999999547,0,0,1013686206203930.5,1527569793378874.5,311380338871516.0,108877090568087.81,0.0,4.905800407678249,4.905800407678249,1216189454507358.5,2967143883821.499,2967143883821.499,1.0,4.1880216617904046e-12,0.999999999995812,0,0,5964400493060358.0,9232304479236916.0,1881922800420078.8,495941614663599.9,0.0,4.905782786188732,4.905782786188732,7350381678816837.0,358653607796165.9,358653607796165.9,8.557531454650702e-24,0.0,0.0,311380338871516.0,593428776764326.6,108877090568087.81,311380338871516.0,593428776764326.6,108877090568087.81,1881922800420078.8,3586536077976679.5,495941614663599.9
1.2562814070351758e-07,ignition,-108.21878818987743,60.41063011801398,54.151875811625544,32896892560779.863,12.867711008238038,54.14779530292351,13560000.0,300.0,0.18049265100974504,62.5,58.174197084555615,0.9307871533528899,0.002739248524388291,0.3,137.7172955220335,0.004080508702040538,2000000.0,20.0,80.84675284583591,0.0035335364088747868,326.80987228578385,22877.507311125286,-108.21878818987743,60.410630118013984,111.2766812691421,3.0578930792646637,7.9997352357964315,339.9888866741711,88128159245223.25,13.981571163638364,37.903456712046456,349.9841652959289,7.999636187981886,1.655535729726706e+21,0.012719842553805663,0.5,0.002961009544767721,137.7172955220335,bohm,0.18,1.0,0.05555555555555556,0.0,0,0,0,1,14486470332632.066,10.608995510304098,16.248419099579092,339.9888866741711,7.9997352357964315,1.70422765919781e+21,0.0199452991706948,0.2,0.006361726734366611,89.51624208932178,bohm,0.4814,1.0,0.06231823847112588,0.0,0,0,0,1,4.473141913658162e+16,3.1133868348960756,6.787955190427946,33.8367411929617,32.99999999999834,111.2766812691421,0.0661819661834164,4.473141913658162e+16,3.1133868348960756,6.787955190427946,1.0,1.0,1.5278758759459116e-13,0.9999999999998472,0,0,1080748944141370.0,1624893910804062.0,331218923184165.5,118292879705639.19,0.024160846335803534,4.9058003545907996,4.9058003545907996,1293674987619896.5,9312542040759.639,3312189231841.149,-0.004078257722343852,12624731272600.783,1.0,5.0430758223877603e-14,0.9999999999999496,0,0,1080748944141370.0,1624893910804062.0,331218923184165.5,118292879705639.19,0.0,4.9058003545907996,4.9058003545907996,1293674987619896.5,3156185706257.668,3156185706257.668,1.0,4.813548567315228e-12,0.9999999999951864,0,0,6477223444725088.0,9994192712137112.0,2037227392175829.8,557485516939635.7,0.0,4.905781627775467,4.905781627775467,7956965319961282.0,388251053559093.4,388251053559093.4,9.526218047068135e-24,0.0,0.0,331218923184165.5,631237141251565.4,118292879705639.19,331218923184165.5,631237141251565.4,118292879705639.19,2037227392175829.8,3882510535609622.5,557485516939635.7
1.3065326633165828e-07,ignition,-106.86474275060368,58.74768699920262,54.1619682131423,34954375027744.957,12.107568588186627,54.157822134378634,13560000.0,300.0,0.18052607378126212,62.5,58.179583045933434,0.9308733287349349,0.0029250874866373782,0.3,133.9018920811476,0.004146078763668372,2000000.0,20.0,79.83518933822276,0.0036069441049513054,318.6828728334938,22131.452972935487,-106.86474275060368,58.747686999202614,109.88437513367113,3.0196323830674356,7.999724646434253,339.98844217914484,94113235711930.27,13.04661957755021,37.91047549406504,349.98353209180857,7.9996216447117,1.6555357152325206e+21,0.0136895968860415,0.5,0.002767851686601105,133.9018920811476,bohm,0.18,1.0,0.05555555555555556,0.0,0,0,0,0,15234754799683.184,10.173895040005991,16.25149271907726,339.98844217914484,7.999724646434253,1.704227631362563e+21,0.020797033776569863,0.2,0.0060749829047168314,87.03622985274593,bohm,0.4814,1.0,0.06231823847112588,0.0,0,0,0,1,4.606722560764029e+16,3.2405854818370523,6.853410644467756,32.74701985159422,32.99999999999556,109.88437513367113,0.06405055922686483,4.606722560764029e+16,3.2405854818370523,6.853410644467755,1.0,1.0,1.6928832779008134e-13,0.9999999999998307,0,0,1148723340013005.2,1723161300378115.5,351249784872070.3,128061609379030.4,0.024935804682418048,4.905800301075524,4.905800301075524,1371911515506045.2,9875729514087.12,3512497848720.109,-0.004078257722343852,13388227362807.225,1.0,5.5877166449718933e-14,0.9999999999999442,0,0,1148723340013005.2,1723161300378115.5,351249784872070.3,128061609379030.4,0.0,4.905800301075524,4.905800301075524,1371911515506045.2,3347059728809.335,3347059728809.335,1.0,5.488736375648112e-12,0.9999999999945113,0,0,6994065143274349.0,1.0757939348572314e+16,2192910886788689.0,621947568279412.6,0.0,4.905780446156798,4.905780446156798,8565028461783625.0,417920668818330.9,417920668818330.9,1.055502830547594e-23,0.0,0.0,351249784872070.3,669411945761904.4,128061609379030.4,351249784872070.3,669411945761904.4,128061609379030.4,2192910886788689.0,4179206688206247.0,621947568279412.6
1.35678391959799e-07,ignition,-105.59111098323608,57.21857183543678,54.17195113528773,36996210371079.84,11.441161291882572,54.16774198264026,13560000.0,300.0,0.18055913994213418,62.5,58.18491105015987,0.9309585768025579,0.0031089437360023045,0.3,130.4952231614914,0.004209152647475166,2000000.0,20.0,78.88370028132898,0.0036781129481783903,311.1319085037271,21444.52878892853,-105.59111098323608,57.21857183543677,108.57475488563294,2.9836439023968553,7.999714057164894,339.9879976874123,100035233094125.1,12.239163070830845,37.91741938784818,349.982898904623,7.999607101883067,1.6555357007495559e+21,0.014659040452729874,0.5,0.0026002705330650327,130.4952231614914,bohm,0.18,1.0,0.05555555555555556,0.0,0,0,0,0,15983202796731.43,9.776324046143108,16.254531747439554,339.9879976874123,7.999714057164894,1.7042276035305068e+21,0.021647700449513783,0.2,0.005814000399464923,84.82189505496942,bohm,0.4814,1.0,0.06231823847112588,0.0,0,0,0,1,4.737667378251951e+16,3.36536757899099,6.914581852770449,31.74297852732004,32.999999999989036,108.57475488563294,0.0620867354836892,4.737667378251951e+16,3.3653675789909894,6.91458185277045,1.0,1.0,1.867613000100705e-13,0.9999999999998133,0,0,1217420560133157.2,1822108460103809.5,371419211616445.44,138150523262238.84,0.025696623737699938,4.90580024704121,4.90580024704121,1450689248487364.0,10442812836494.467,3714192116163.7607,-0.004078257722343852,14157004952658.223,1.0,6.164448132769156e-14,0.9999999999999384,0,0,1217420560133157.2,1822108460103809.5,371419211616445.44,138150523262238.84,0.0,4.90580024704121,4.90580024704121,1450689248487364.0,3539254126272.1475,3539254126272.1475,1.0,6.213608484827238e-12,0.9999999999937864,0,0,7513317151752826.0,1.1521316967986836e+16,2348519246251292.5,689038676268575.5,0.0,4.905779242123379,4.905779242123379,9172797721735544.0,447575922920514.7,447575922920514.7,1.1644456953241186e-23,0.0,0.0,371419211616445.44,707850825254473.1,138150523262238.84,371419211616445.44,707850825254473.1,138150523262238.84,2348519246251292.5,4475759229232957.0,689038676268575.5
1.4070351758793969e-07,ignition,-104.39009185453764,55.80753400264,54.181832317279294,39023321070794.055,10.852279553408204,54.17756240622017,13560000.0,300.0,0.18059187468740057,62.5,58.190185172318884,0.9310429627571022,0.003290957360645465,0.3,127.4318076270697,0.004269911059125889,2000000.0,20.0,77.98645777579809,0.0037471857133743636,304.09437982081687,20809.785907364763,-104.39009185453766,55.80753400264,107.33979906125401,2.949707206716364,7.999703467987424,339.98755319895065,105898639737991.23,11.535087357304326,37.92429368435412,349.9822657342188,7.999592559497469,1.6555356862788445e+21,0.01562836365142088,0.5,0.0024534907285781653,127.4318076270697,bohm,0.18,1.0,0.05555555555555556,0.0,0,0,0,0,16731548181728.332,9.4117191452158,16.257538632925176,339.98755319895065,7.999703467987424,1.704227575701558e+21,0.022497680466597263,0.2,0.005575522636042144,82.8306749575953,bohm,0.4814,1.0,0.06231823847112588,0.0,0,0,0,1,4.866128468919956e+16,3.487785645755188,6.971840676484566,30.814609366921026,32.99999999997472,107.33979906125401,0.060270920398714865,4.866128468919956e+16,3.487785645755188,6.9718406764845655,1.0,1.0,2.0521281900933019e-13,0.9999999999997948,0,0,1286820670248125.5,1921704141029714.8,391720833625359.7,148558196469129.88,0.026444445075116094,4.9058001925616885,4.9058001925616885,1529983307404355.0,11013612914388.268,3917208336252.7935,-0.004078257722343852,14930821250641.057,1.0,6.773478289836224e-14,0.9999999999999323,0,0,1286820670248125.5,1921704141029714.8,391720833625359.7,148558196469129.88,0.0,4.9058001925616885,4.9058001925616885,1529983307404355.0,3732708200767.9263,3732708200767.9263,1.0,6.988156058029847e-12,0.9999999999930118,0,0,8035226944029640.0,1.2284761869024772e+16,2504141405789471.5,758747886583809.6,0.0,4.90577802061134,4.90577802061134,9780620463235300.0,477233765162300.8,477233765162300.8,1.2794896834804156e-23,0.0,0.0,391720833625359.7,746541640153635.8,148558196469129.88,391720833625359.7,746541640153635.8,148558196469129.88,2504141405789471.5,4772337651656358.0,758747886583809.6
1.457286432160804e-07,ignition,-103.2549135988547,54.5012285813299,54.1916186143474,41036522751716.25,10.32823136209349,54.187290099062636,13560000.0,300.0,0.1806243003302088,62.5,58.195409021600796,0.9311265443456127,0.0034712524249368207,0.3,124.65979093085868,0.0043285152847669026,2000000.0,20.0,77.13840285476034,0.003814291085882661,297.51665974916494,20221.334265662495,-103.2549135988547,54.5012285813299,106.17254454792813,2.91763094907343,7.999692878901,339.987108713738,111707430259333.48,10.915957416195157,37.93110306934384,349.9816325804507,7.999578017555768,1.655535671821252e+21,0.016597638681145006,0.5,0.002323855147798159,124.65979093085868,bohm,0.18,1.0,0.05555555555555556,0.0,0,0,0,0,17479553582510.498,9.07622823569317,16.260515545003557,339.987108713738,7.999692878901,1.704227547875646e+21,0.023347316006585534,0.2,0.005356815687844527,81.02886410505815,bohm,0.4814,1.0,0.06231823847112588,0.0,0,0,0,1,4.992246297223816e+16,3.607893710108642,7.025516841238764,29.953421764747333,32.99999999994512,106.17254454792813,0.05858650703087327,4.992246297223816e+16,3.607893710108642,7.0255168412387645,1.0,1.0,2.2464901285348054e-13,0.9999999999997754,0,0,1356906183778148.8,2021920873455184.0,412149051470364.94,159283413263694.7,0.02718027322755937,4.905800137697436,4.905800137697436,1609771821984819.0,11587972313746.938,4121490514702.724,-0.004078257722343852,15709462828449.658,1.0,7.415009787521561e-14,0.9999999999999258,0,0,1356906183778148.8,2021920873455184.0,412149051470364.94,159283413263694.7,0.0,4.905800137697436,4.905800137697436,1609771821984819.0,3927368595220.1543,3927368595220.1543,1.0,7.812395063747696e-12,0.9999999999921876,0,0,8560002453075732.0,1.3048647522168076e+16,2659853493761126.5,831061918429910.1,0.0,4.905776785366035,4.905776785366035,1.038879402840695e+16,506908704084509.4,506908704084509.4,1.400673080711255e-23,0.0,0.0,412149051470364.94,785473719044089.1,159283413263694.7,412149051470364.94,785473719044089.1,159283413263694.7,2659853493761126.5,5069087040884695.0,831061918429910.1
1.507537688442211e-07,ignition,-102.17967623624195,53.2883161464931,54.201315083635464,43036378459089.62,9.859075769982335,54.196929974879446,13560000.0,300.0,0.18065643324959815,62.5,58.200585249892164,0.9312093639982746,0.003649919998402389,0.3,122.13842508500828,0.004385108756015982,2000000.0,20.0,76.3351278342229,0.00387954456497806,291.35258707335765,19674.1544403321,-102.17967623624195,53.2883161464931,105.06692465244197,2.887248416200013,7.999682289904803,339.9866642317533,117464518279876.28,10.367639189192875,37.93785098241561,349.9809994431769,7.999563476055707,1.6555356573769817e+21,0.01756636936623662,0.5,0.002208542466392495,122.13842508500828,bohm,0.18,1.0,0.05555555555555556,0.0,0,0,0,0,18226998518827.39,8.766590959777535,16.26346410121985,339.9866642317533,7.999682289904803,1.7042275200527033e+21,0.024196902520052244,0.2,0.005155573237133493,79.38997630525539,bohm,0.4814,1.0,0.06231823847112588,0.0,0,0,0,1,5.1161526321398344e+16,3.725745038504389,7.075903118005223,29.15217373195291,32.99999999988712,105.06692465244197,0.05701933063305886,5.1161526321398344e+16,3.7257450385043884,7.075903118005223,1.0,1.0,2.4507599747681324e-13,0.999999999999755,0,0,1427660701088180.2,2122733007473971.5,432698636670414.2,170324966955037.25,0.027904966949570075,4.9058000824968016,4.9058000824968016,1690034370803557.2,12165744030118.863,4326986366703.082,-0.004078257722343852,16492730396821.941,1.0,8.089244458786696e-14,0.9999999999999191,0,0,1427660701088180.2,2122733007473971.5,432698636670414.2,170324966955037.25,0.0,4.9058000824968016,4.9058000824968016,1690034370803557.2,4123185487313.3105,4123185487313.3105,1.0,8.686359352862728e-12,0.9999999999913136,0,0,9087693662104024.0,1.381312853406014e+16,2815687025286887.0,905939178617656.4,0.0,4.905775538974448,4.905775538974448,1.0997441508773252e+16,536606745815286.9,536606745815286.9,1.5280340143683467e-23,0.0,0.0,432698636670414.2,824637097462728.9,170324966955037.25,432698636670414.2,824637097462728.9,170324966955037.25,2815687025286887.0,5366067458199480.0,905939178617656.4
1.5577889447236181e-07,ignition,-101.15918585634681,52.159006683133136,54.210912422213006,45021334532104.19,9.438389560428606,54.20647260014479,13560000.0,300.0,0.18068824200048264,62.5,58.20570880514256,0.9312913408822809,0.003826785237456146,0.3,119.84573889179173,0.00443982206822187,2000000.0,20.0,75.5727525119251,0.003943052324429594,285.5620461114341,19163.926214932246,-101.15918585634681,52.159006683133136,104.01759870228834,2.858412845941526,7.999671700998068,339.9862197529755,123164249124369.03,9.881314401297269,37.94453082010135,349.98036632225603,7.999548934965466,1.655535642940118e+21,0.018529626059504072,0.5,0.0021056403543741067,119.84573889179173,bohm,0.18,1.0,0.05555555555555556,0.0,0,0,0,0,18973696334682.57,8.480001265358556,16.266381602111657,339.9862197529755,7.999671700998068,1.704227492232671e+21,0.02504666819576849,0.2,0.004969825656771116,77.89973027966462,bohm,0.4814,1.0,0.06231823847112588,0.0,0,0,0,1,5.237968311191518e+16,3.841395369223153,7.123262132668082,28.40462741539585,32.9999999997788,104.01759870228834,0.05555719046675624,5.237968311191518e+16,3.841395369223153,7.123262132668081,1.0,1.0,2.664995805933649e-13,0.9999999999997335,0,0,1499070048164905.5,2224118563974312.5,453365109000100.4,181681702190793.44,0.028619303499067966,4.905800027001681,4.905800027001681,1770753454974212.0,12746802097047.236,4533651089999.796,-0.004078257722343852,17280453187047.027,1.0,8.796373880650179e-14,0.9999999999999121,0,0,1499070048164905.5,2224118563974312.5,453365109000100.4,181681702190793.44,0.0,4.905800027001681,4.905800027001681,1770753454974212.0,4320116184869.678,4320116184869.678,1.0,9.610040692690876e-12,0.9999999999903899,0,0,9616894264874580.0,1.4576377842194828e+16,2971269571404883.0,983055565489518.0,0.0,4.9057742799495605,4.9057742799495605,1.1605108270789944e+16,566256912792576.1,566256912792576.1,1.6616086731801038e-23,0.0,0.0,453365109000100.4,864023236974011.5,181681702190793.44,453365109000100.4,864023236974011.5,181681702190793.44,2971269571404883.0,5662569127980178.0,983055565489518.0
1.608040201005025e-07,ignition,-100.1888670974029,51.1048635915134,54.22041321127024,46991625678317.48,9.059607038363431,54.21592043847769,13560000.0,300.0,0.18071973479492562,62.5,58.21078102383488,0.9313724963813581,0.004001893801306078,0.3,117.75471755398324,0.004492772792549494,2000000.0,20.0,74.84785878322823,0.004004910777053488,280.11009822170377,18686.92103685814,-100.1888670974029,51.1048635915134,103.01986205161523,2.8309949542123265,7.999661112180001,339.9857752773816,128808072829464.4,9.447951019309002,37.95114430693438,349.97973321753267,7.999534394275346,1.6555356285093882e+21,0.019486311220809224,0.5,0.0020133368540660645,117.75471755398324,bohm,0.18,1.0,0.05555555555555556,0.0,0,0,0,0,19719476627935.164,8.214049780018836,16.269268904335856,339.9857752773816,7.999661112180001,1.7042274644154958e+21,0.0258968057344772,0.2,0.004797888391884708,76.54056641008911,bohm,0.4814,1.0,0.06231823847112588,0.0,0,0,0,1,5.357806342309527e+16,3.9548996391760545,7.16782904307263,27.705395059113012,32.99999999958496,103.01986205161523,0.0541895485151004,5.357806342309527e+16,3.9548996391760545,7.16782904307263,1.0,1.0,2.889254946091443e-13,0.9999999999997111,0,0,1571121059835911.8,2326057266673821.0,474144335339209.06,193352463840508.78,0.02932396132777481,4.905799971246581,4.905799971246581,1851912931334612.0,13331030307299.344,4741443353390.721,-0.004078257722343852,18072473660690.06,1.0,9.536587271729294e-14,0.9999999999999046,0,0,1571121059835911.8,2326057266673821.0,474144335339209.06,193352463840508.78,0.0,4.905799971246581,4.905799971246581,1851912931334612.0,4518121303280.539,4518121303280.539,1.0,1.0583331077481175e-11,0.9999999999894167,0,0,1.0147306119001542e+16,1.5338094264352914e+16,3126539738859165.0,1062291332366957.1,0.0,4.90577300960505,4.90577300960505,1.2211554525493748e+16,595847504771235.9,595847504771235.9,1.801432800037137e-23,0.0,0.0,474144335339209.06,903624260656193.9,193352463840508.78,474144335339209.06,903624260656193.9,193352463840508.78,3126539738859165.0,5958475047775418.0,1062291332366957.1
1.658291457286432e-07,ignition,-99.26470340096732,50.118777219565665,54.229825029039475,48948226354523.18,8.716782516057394,54.22528096676546,13560000.0,300.0,0.18075093655588487,62.5,58.21580593294953,0.9314528949271924,0.004175384265731813,0.3,115.83877311960244,0.004544062274018406,2000000.0,20.0,74.15744600736413,0.004065204249236539,274.96633991675634,18239.925125878777,-99.26470340096732,50.118777219565665,102.0695846477661,2.804881246798789,7.999650523449663,339.98533080495207,134400435662428.05,9.05940175564718,37.95769667673582,349.97910012887365,7.999519853988133,1.6555356140859988e+21,0.020437368950941563,0.5,0.0019300501317426248,115.83877311960244,bohm,0.18,1.0,0.05555555555555556,0.0,0,0,0,0,20464156585221.555,7.96672024864148,16.272128352303657,339.98533080495207,7.999650523449663,1.7042274366010756e+21,0.02674704528121947,0.2,0.004638334087368728,75.29520252774158,bohm,0.4814,1.0,0.06231823847112588,0.0,0,0,0,1,5.475787630266162e+16,4.066306214136087,7.209812515267628,27.049827560941818,32.99999999925127,102.0695846477661,0.05290731150862939,5.475787630266162e+16,4.066306214136087,7.209812515267628,1.0,1.0,3.1235881460184147e-13,0.9999999999996877,0,0,1643789777032447.8,2428516121769185.5,495029590224054.0,205332835711370.22,0.03001923902137432,4.905799915253594,4.905799915253594,1933486531545131.5,13918239567266.992,4950295902238.994,-0.004078257722343852,18868535469505.98,1.0,1.0310052252514475e-13,0.9999999999998969,0,0,1643789777032447.8,2428516121769185.5,495029590224054.0,205332835711370.22,0.0,4.905799915253594,4.905799915253594,1933486531545131.5,4717136755484.63,4717136755484.63,1.0,1.1606151997909339e-11,0.9999999999883938,0,0,1.067922062684536e+16,1.6098763612991978e+16,3281596555665821.5,1143650125185024.2,0.0,4.905771730286817,4.905771730286817,1.2817167057326156e+16,625397394592192.9,625397394592192.9,1.9475380566743767e-23,0.0,0.0,495029590224054.0,943427351097023.4,205332835711370.22,495029590224054.0,943427351097023.4,205332835711370.22,3281596555665821.5,6253973945994514.0,1143650125185024.2
1.7085427135678392e-07,ignition,-98.3834296205331,49.19617703804025,54.23915449383751,50891787195466.734,8.405210719649252,54.23456075361714,13560000.0,300.0,0.1807818691787238,62.5,58.2207870704362,0.9315325931269792,0.004347378372551893,0.3,114.07586917575429,0.004593740220379223,2000000.0,20.0,73.49907489909344,0.004123978010562819,270.1057005511274,17820.32623226918,-98.3834296205331,49.19617703804025,101.16340908235348,2.77997946182039,7.999639934804492,339.98488633566825,139945243536846.73,8.709094217115814,37.96419252753199,349.97846705615297,7.999505314105687,1.6555355996709315e+21,0.021383463914347284,0.5,0.0018544989483987105,114.07586917575429,bohm,0.18,1.0,0.05555555555555556,0.0,0,0,0,0,21207301748340.074,7.736776633998926,16.27496196630552,339.98488633566825,7.999639934804492,1.7042274087889582e+21,0.0275945266076104,0.2,0.004490104922665606,74.14931496424029,bohm,0.4814,1.0,0.06231823847112588,0.0,0,0,0,1,5.592144792168771e+16,4.175611162045217,7.249378088694114,26.434130044080128,32.99999999869689,101.16340908235348,0.05170305697419512,5.592144792168771e+16,4.175611162045217,7.249378088694114,1.0,0.9999999999999999,3.368039253964395e-13,0.9999999999996632,0,0,1716970560925207.0,2531360822428106.0,515993496513588.3,217596731524277.7,0.03070325652743558,4.905799858974471,4.905799858974471,2015367325914517.8,14507660140177.459,5159934965134.145,-0.004078257722343852,19667595105311.598,1.0,1.1116913572603217e-13,0.9999999999998889,0,0,1716970560925207.0,2531360822428106.0,515993496513588.3,217596731524277.7,0.0,4.905799858974471,4.905799858974471,2015367325914517.8,4916901664436.158,4916901664436.158,1.0,1.2678449601292384e-11,0.9999999999873216,0,0,1.1212875982390282e+16,1.6858792212687372e+16,3436522847050438.0,1227129463803786.2,0.0,4.905770443853515,4.905770443853515,1.3422269365636934e+16,654922367145302.6,654922367145302.6,2.099951785195742e-23,0.0,0.0,515993496513588.3,983380332887341.0,217596731524277.7,515993496513588.3,983380332887341.0,217596731524277.7,3436522847050438.0,6549223671536059.0,1227129463803786.2
1.758793969849246e-07,ignition,-97.54193434188726,48.332184732777336,54.24840790746018,52823037909088.4,8.120883076593604,54.243766033611536,13560000.0,300.0,0.18081255344537178,62.5,58.22572779365425,0.931611644698468,0.004517991672785029,0.3,112.44729148844222,0.0046418738486461815,2000000.0,20.0,72.87042102159621,0.004181290925031272,265.50491299323454,17425.710254252175,-97.54193434188726,48.332184732777336,100.29813602323306,2.7562016813458006,7.9996293462426316,339.9844418695118,145446204817182.25,8.391615132093873,37.970636223528075,349.97783399924697,7.999490774629686,1.6555355852651178e+21,0.022325087324626604,0.5,0.001785627024122706,112.44729148844222,bohm,0.18,1.0,0.05555555555555556,0.0,0,0,0,0,21948648939723.793,7.52286676887754,16.277771683932105,339.9844418695118,7.9996293462426316,1.7042273809788402e+21,0.028437647812268218,0.2,0.004352181085810024,73.09073946748744,bohm,0.4814,1.0,0.06231823847112588,0.0,0,0,0,1,5.7070600199814936e+16,4.282841716512155,7.286689652891035,25.854801037521263,32.99999999780508,100.29813602323306,0.05056993631657941,5.7070600199814936e+16,4.282841716512155,7.286689652891036,1.0,1.0,3.6226432858549957e-13,0.9999999999996377,0,0,1790592833464257.0,2634502656337044.0,537017971066119.6,230126119259452.4,0.03137504822439319,4.905799802391854,4.905799802391854,2097484685270924.5,15098783599678.443,5370179710659.25,-0.004078257722343852,20468963310337.688,1.0,1.1957286176615062e-13,0.9999999999998804,0,0,1790592833464257.0,2634502656337044.0,537017971066119.6,230126119259452.4,0.0,4.905799802391854,4.905799802391854,2097484685270924.5,5117243715692.813,5117243715692.813,1.0,1.380019234012174e-11,0.9999999999861998,0,0,1.1748497692221916e+16,1.7618565456102572e+16,3591397171510041.5,1312726579139426.8,0.0,4.90576915186873,4.90576915186873,1.402716828459253e+16,684437394147799.5,684437394147799.5,2.2586957104625584e-23,0.0,0.0,537017971066119.6,1023448743138685.0,230126119259452.4,537017971066119.6,1023448743138685.0,230126119259452.4,3591397171510041.5,6844373941572448.0,1312726579139426.8
1.8090452261306533e-07,ignition,-96.73714739169746,47.52109928254485,54.25759067550643,54742772652016.61,7.8603395912117415,54.25290211329249,13560000.0,300.0,0.1808430070443083,62.5,58.23063096069611,0.9316900953711378,0.004687322517275149,0.3,110.93739980374268,0.004688562213940732,2000000.0,20.0,72.26919074777918,0.004237226188314912,261.14179656694444,17053.779070282704,-96.73714739169746,47.52109928254485,99.4706085444675,2.733461152770024,7.999618757763695,339.98399740646613,150906475128774.97,8.10253772886513,37.97703147930474,349.9772009580443,7.999476235561146,1.655535570869295e+21,0.023262616325157692,0.5,0.001722565566507306,110.93739980374268,bohm,0.18,1.0,0.05555555555555556,0.0,0,0,0,0,22688205159763.83,7.323360619411823,16.280559196201686,339.98399740646613,7.999618757763695,1.704227353170722e+21,0.0292769465936289,0.2,0.004223517596358114,72.10930987243275,bohm,0.4814,1.0,0.06231823847112588,0.0,0,0,0,1,5.820607483986638e+16,4.388073303426983,7.3219163313521225,25.308517105577156,32.99999999641125,99.4706085444675,0.04950144916304851,5.820607483986638e+16,4.388073303426983,7.3219163313521225,1.0,1.0,3.887429099438363e-13,0.9999999999996113,0,0,1864656543285340.5,2737942132153626.5,558103117568097.56,242920646267908.88,0.03203542840528741,4.905799745545327,4.905799745545327,2179839014585529.0,15691612860871.012,5581031175678.807,-0.004078257722343852,21272644036549.812,1.0,1.283126601562043e-13,0.9999999999998717,0,0,1864656543285340.5,2737942132153626.5,558103117568097.56,242920646267908.88,0.0,4.905799745545327,4.905799745545327,2179839014585529.0,5318163897245.987,5318163897245.987,1.0,1.4971373894203027e-11,0.9999999999850286,0,0,1.2286265463023278e+16,1.8378397824094616e+16,3746283632901961.0,1400434904732586.5,0.0,4.9057678555583015,4.9057678555583015,1.4632114191192656e+16,713954692528184.1,713954692528184.1,2.4237879464843554e-23,0.0,0.0,558103117568097.56,1063632779449333.9,242920646267908.88,558103117568097.56,1063632779449333.9,242920646267908.88,3746283632901961.0,7139546925388730.0,1400434904732586.5
1.8592964824120602e-07,ignition,-95.9663147351936,46.757868145193726,54.26670573086179,56651427963612.195,7.620866882474952,54.26197183380081,13560000.0,300.0,0.1808732394460027,62.5,58.23549810564472,0.9317679696903156,0.004855423562862587,0.3,109.53444614466454,0.0047338970609819946,2000000.0,20.0,71.69332662743324,0.004291861219913909,256.99665414539135,16702.50684527818,-95.9663147351936,46.757868145193726,98.67799479167692,2.711680056483318,7.999608169367417,339.98355294651606,156327738011703.97,7.83847434047796,37.983380283660566,349.97656793244175,7.999461696894041,1.6555355564827049e+21,0.024194981860083203,0.5,0.0016646269313242183,109.53444614466454,bohm,0.18,1.0,0.05555555555555556,0.0,0,0,0,0,23425991280914.93,7.136816477717888,16.283325447201225,339.98355294651606,7.999608169367417,1.7042273253646234e+21,0.030113023837772566,0.2,0.004103197712668536,71.19738999403195,bohm,0.4814,1.0,0.06231823847112588,0.0,0,0,0,1,5.9328477618210104e+16,4.491379649038569,7.3552114075394455,24.792346945937474,32.999999994289205,98.67799479167692,0.04849186212219486,5.9328477618210104e+16,4.491379649038569,7.3552114075394455,1.0,1.0,4.162425859366723e-13,0.9999999999995838,0,0,1939166199866428.8,2841685408775058.0,579250191452438.8,255981173996248.34,0.03268525129441762,4.905799688472583,4.905799688472583,2262435217322619.0,16286183221395.076,5792501914521.978,-0.004078257722343852,22078685135917.05,1.0,1.3738949329470578e-13,0.9999999999998627,0,0,1939166199866428.8,2841685408775058.0,579250191452438.8,255981173996248.34,0.0,4.905799688472583,4.905799688472583,2262435217322619.0,5519674172087.95,5519674172087.95,1.0,1.6191999146458226e-11,0.999999999983808,0,0,1.282600525574666e+16,1.913815147617256e+16,3901154133789134.5,1490162047152368.5,0.0,4.90576655518708,4.90576655518708,1.5236997342383426e+16,743468907468477.5,743468907468477.5,2.5952466703856306e-23,0.0,0.0,579250191452438.8,1103934834417741.6,255981173996248.34,579250191452438.8,1103934834417741.6,255981173996248.34,3901154133789134.5,7434689074805158.0,1490162047152368.5
1.9095477386934674e-07,ignition,-95.2270052308314,46.03823856468138,54.275752642923365,58548912990768.45,7.400499842228299,54.27097468620095,13560000.0,300.0,0.18090324895400317,62.5,58.24032896445177,0.9318452634312283,0.005022285375642878,0.3,108.23090896885583,0.00477795672241747,2000000.0,20.0,71.141012433424,0.004345262946329813,253.0521825026294,16370.128824760386,-95.2270052308314,46.03823856468138,97.91779492756629,2.690789696734905,7.999597581053349,339.9831084896463,161709675131537.03,7.597042545084598,37.989682280340666,349.9759349223368,7.999447158609866,1.6555355421020015e+21,0.025118723734336424,0.5,0.0016112890103348583,108.23090896885583,bohm,0.18,1.0,0.05555555555555556,0.0,0,0,0,0,24161992277178.938,6.962030802868694,16.286070362582702,339.9831084896463,7.999597581053349,1.7042272975605248e+21,0.030946176152352716,0.2,0.003990439839577583,70.3500908297563,bohm,0.4814,1.0,0.06231823847112588,0.0,0,0,0,1,6.043849954559945e+16,4.592823913590468,7.386710729189619,24.303733788600116,32.99999999113501,97.91779492756629,0.047536174357706684,6.043849954559945e+16,4.592823913590468,7.386710729189619,1.0,1.0,4.447663688538085e-13,0.9999999999995552,0,0,2014117120746448.8,2945726996206777.0,600458073638655.8,269306271816983.28,0.03332506822454856,4.905799631198663,4.905799631198663,2345268922568121.0,16882463216993.537,6004580736383.887,-0.004078257722343852,22887043953377.418,1.0,1.4680435206856657e-13,0.9999999999998532,0,0,2014117120746448.8,2945726996206777.0,600458073638655.8,269306271816983.28,0.0,4.905799631198663,4.905799631198663,2345268922568121.0,5721763876453.209,5721763876453.209,1.0,1.7462034242377792e-11,0.999999999982538,0,0,1.3366934567645054e+16,1.9896928443018228e+16,4055825631788347.5,1581657388203520.2,0.0,4.905765249637967,4.905765249637967,1.584110281122988e+16,772945154751821.4,772945154751821.4,2.7730906086296596e-23,0.0,0.0,600458073638655.8,1144352775290809.8,269306271816983.28,600458073638655.8,1144352775290809.8,269306271816983.28,4055825631788347.5,7729451547653187.0,1581657388203520.2
1.9597989949748743e-07,ignition,-94.51701901119796,45.358402585409166,54.284736179749245,60435925026441.28,7.197032450016779,54.27991536545756,13560000.0,300.0,0.18093305121819186,62.5,58.245126065114654,0.9319220170418344,0.005187994971593206,0.3,107.01623773449428,0.004820814291682709,2000000.0,20.0,70.61060471603263,0.004397494124792168,249.2928749181905,16055.074136382966,-94.51701901119796,45.358402585409166,97.18774692398847,2.670727912790503,7.999586992821111,339.9826640358422,167055079538603.97,7.375467993539846,37.99594075582029,349.9753019276293,7.999432620708354,1.6555355277276047e+21,0.026034218354758488,0.5,0.0015620111033409132,107.01623773449428,bohm,0.18,1.0,0.05555555555555556,0.0,0,0,0,0,24896206855720.39,6.79792795873814,16.288795423928953,339.9826640358422,7.999586992821111,1.70422726975842e+21,0.03177672813476437,0.2,0.0038845512456485067,69.56055452742129,bohm,0.4814,1.0,0.06231823847112588,0.0,0,0,0,1,6.153673151045774e+16,4.692468201488639,7.416538326697963,23.840400667713936,32.99999998654825,97.18774692398847,0.04662993230766574,6.153673151045774e+16,4.692468201488639,7.416538326697962,1.0,1.0,4.743171806384636e-13,0.9999999999995257,0,0,2089507613073409.0,3050065262858869.5,621726431544535.4,282895213303610.1,0.03395545330057563,4.905799573747715,4.905799573747715,2428338831314334.0,17480443496623.033,6217264315442.405,-0.004078257722343852,23697707812065.434,1.0,1.5655820333724692e-13,0.9999999999998435,0,0,2089507613073409.0,3050065262858869.5,621726431544535.4,282895213303610.1,0.0,4.905799573747715,4.905799573747715,2428338831314334.0,5924429841125.39,5924429841125.39,1.0,1.8781415254882915e-11,0.9999999999812186,0,0,1.390915801802037e+16,2.065494497168245e+16,4210342206651135.5,1674897459640191.2,0.0,4.905763939817896,4.905763939817896,1.6444602765031312e+16,802391835157834.1,802391835157834.1,2.957338021779739e-23,0.0,0.0,621726431544535.4,1184885968225263.5,282895213303610.1,621726431544535.4,1184885968225263.5,282895213303610.1,4210342206651135.5,8023918351729042.0,1674897459640191.2
2.0100502512562815e-07,ignition,-93.83436923371426,44.71498272651847,54.29366120469969,62313178511890.37,7.00851963755188,54.28879866788779,13560000.0,300.0,0.18096266222629262,62.5,58.24989198911004,0.9319982718257607,0.005352641245289104,0.3,105.8808199323153,0.00486253681190772,2000000.0,20.0,70.10061916949651,0.004448612675915372,245.704840397339,15755.945074723328,-93.83436923371426,44.71498272651847,96.48580779698379,2.6514385632695454,7.999576404670367,339.98221958509026,172366806303053.84,7.171314788113011,38.00215906752145,349.9746689482285,7.999418083191867,1.6555355133604318e+21,0.02694236091194576,0.5,0.001516323074549036,105.8808199323153,bohm,0.18,1.0,0.05555555555555556,0.0,0,0,0,0,25628635914835.88,6.643557045485046,16.29150213717824,339.98221958509026,7.999576404670367,1.704227241958304e+21,0.032604979867423736,0.2,0.0037849204541858766,68.82253295600495,bohm,0.4814,1.0,0.06231823847112588,0.0,0,0,0,1,6.26237093362854e+16,4.79037168702915,7.444807022233615,23.40032036208626,32.999999980011,96.48580779698379,0.045769170890609,6.26237093362854e+16,4.790371687029151,7.444807022233615,1.0,1.0,5.048979383020429e-13,0.9999999999994951,0,0,2165336565717192.2,3154699312794153.0,643055082543522.1,296747418010083.2,0.034576945196418664,4.9057995161412045,4.9057995161412045,2511644230250631.0,18080118925398.797,6430550825431.974,-0.004078257722343852,24510669750830.766,1.0,1.6665200940172832e-13,0.9999999999998334,0,0,2165336565717192.2,3154699312794153.0,643055082543522.1,296747418010083.2,0.0,4.9057995161412045,4.9057995161412045,2511644230250631.0,6127670325816.912,6127670325816.912,1.0,2.0150108576164107e-11,0.9999999999798499,0,0,1.4452897304049406e+16,2.1412552554593364e+16,4364775506637105.0,1769895762730251.5,0.0,4.905762626745248,4.905762626745248,1.704777704795626e+16,831822603451443.8,831822603451443.8,3.14800708739266e-23,0.0,0.0,643055082543522.1,1225534065163586.8,296747418010083.2,643055082543522.1,1225534065163586.8,296747418010083.2,4364775506637105.0,8318226034682049.0,1769895762730251.5
2.0603015075376884e-07,ignition,-93.1772582895484,44.104984210919056,54.30253202185381,64181304973313.56,6.83330522508382,54.297628836269816,13560000.0,300.0,0.1809920961208994,62.5,58.254629020077566,0.9320740643212411,0.0055163028320393695,0.3,104.8163969248607,0.004903185583992323,2000000.0,20.0,69.60971285845875,0.004498671912366998,242.27560621185384,15471.494911770327,-93.1772582895484,44.104984210919056,95.8101291434388,2.632870853890392,7.999565816600791,339.9817751373778,177647380875396.7,6.982528021567943,38.00834018538887,349.97403598404884,7.999403546062042,1.6555354990012266e+21,0.027843827845828905,0.5,0.001473825638696517,104.8163969248607,bohm,0.18,1.0,0.05555555555555556,0.0,0,0,0,0,26359279672619.188,6.498078070528919,16.294191836464936,339.9817751373778,7.999565816600791,1.704227214160172e+21,0.03343119128932265,0.2,0.0036910069375716255,68.13065800115946,bohm,0.4814,1.0,0.06231823847112588,0.0,0,0,0,1,6.369993115399667e+16,4.886590334396722,7.471619531626934,22.981683457313505,32.999999970864565,95.8101291434388,0.04495035103762787,6.369993115399667e+16,4.886590334396722,7.471619531626934,1.0,1.0,5.365115520055888e-13,0.9999999999994635,0,0,2241602645773952.0,3259627975762201.0,664443788092966.6,310862246197683.9,0.03519003247201012,4.905799458397714,4.905799458397714,2595184187669234.5,18681482796297.746,6644437880926.101,-0.004078257722343852,25325920677223.844,1.0,1.770867304860836e-13,0.9999999999998229,0,0,2241602645773952.0,3259627975762201.0,664443788092966.6,310862246197683.9,0.0,4.905799458397714,4.905799458397714,2595184187669234.5,6331483057415.385,6331483057415.385,1.0,2.15680956722084e-11,0.9999999999784319,0,0,1.4998332168488976e+16,2.217004378082524e+16,4519185173155241.0,1866658733974220.5,0.0,4.9057613112468195,4.9057613112468195,1.765085860767e+16,861248826117376.0,861248826117376.0,3.345115944255897e-23,0.0,0.0,664443788092966.6,1266296611483301.2,310862246197683.9,664443788092966.6,1266296611483301.2,310862246197683.9,4519185173155241.0,8612488261359514.0,1866658733974220.5
2.1105527638190953e-07,ignition,-92.54405477692242,43.52574149295647,54.311352332252,66040846485477.88,6.66997850477557,54.30640951543199,13560000.0,300.0,0.18102136505143995,62.5,58.25933912013163,0.932149425922106,0.0056790472847495395,0.3,103.81590132249211,0.0049428168200130965,2000000.0,20.0,69.13666701547105,0.0045477210385521626,238.9939363004061,15200.607657006247,-92.54405477692242,43.52574149295647,95.15903346373709,2.614978686814674,7.999555228612074,339.981330692693,182898972312096.3,6.8073744973525745,38.01448666080239,349.9734030350105,7.999389009319753,1.6555354846505476e+21,0.028739124144997675,0.5,0.0014341789936252768,103.81590132249211,bohm,0.18,1.0,0.05555555555555556,0.0,0,0,0,0,27088137876605.07,6.360746151772841,16.29686567144961,339.981330692693,7.999555228612074,1.7042271863640162e+21,0.034255588226152024,0.2,0.0036023310739117334,67.48033585961987,bohm,0.4814,1.0,0.06231823847112588,0.0,0,0,0,1,6.4765861348843416e+16,4.9811771624005905,7.497069613474671,22.582869284063193,32.999999958283865,95.15903346373709,0.04417030284998552,6.4765861348843416e+16,4.9811771624005905,7.497069613474671,1.0,0.9999999999999999,5.691609215563206e-13,0.9999999999994308,0,0,2318304329803455.0,3364849849744954.5,685892262406633.4,325239004871767.06,0.03579515938677244,4.905799400533393,4.905799400533393,2678957587338321.0,19284527073995.188,6858922624062.429,-0.004078257722343852,26143449698057.613,1.0,1.8786332365726483e-13,0.9999999999998122,0,0,2318304329803455.0,3364849849744954.5,685892262406633.4,325239004871767.06,0.0,4.905799400533393,4.905799400533393,2678957587338321.0,6535865312624.045,6535865312624.045,1.0,2.303537430135099e-11,0.9999999999769646,0,0,1.5545598548665516e+16,2.2927649316527056e+16,4673618225255632.0,1965185682649721.2,0.0,4.905759993965487,4.905759993965487,1.8254031091271424e+16,890679464055499.1,890679464055499.1,3.54868267202062e-23,0.0,0.0,685892262406633.4,1307173062525054.5,325239004871767.06,685892262406633.4,1307173062525054.5,325239004871767.06,4673618225255632.0,8906794640760162.0,1965185682649721.2
2.1608040201005025e-07,ignition,-91.9332715754642,42.974893011989366,54.32012538433973,67892280276417.6,6.517325353941421,54.315143902465266,13560000.0,300.0,0.18105047967488422,62.5,58.2640240105683,0.9322243841690928,0.005840933857969648,0.3,102.87319172051289,0.004981481874463661,2000000.0,20.0,68.68037066105207,0.004595805544143014,235.84966570697497,14942.280785871082,-91.9332715754642,42.974893011989366,94.53099161656763,2.597720041103421,7.999544640703849,339.98088625102497,188123482907499.75,6.644372366596215,38.020600731725686,349.97277010103966,7.999374472965688,1.6555354703088866e+21,0.029628713139415067,0.5,0.0013970908374755363,102.87319172051289,bohm,0.18,1.0,0.05555555555555556,0.0,0,0,0,0,27815212732723.555,6.230905032523866,16.299524652614043,339.98088625102497,7.999544640703849,1.7042271585698138e+21,0.03507818852698171,0.2,0.0035184674788694284,66.86757461833338,bohm,0.4814,1.0,0.06231823847112588,0.0,0,0,0,1,6.582197577973923e+16,5.074182563668262,7.521242994881444,22.202420827290187,32.99999994124997,94.53099161656763,0.043426176523561656,6.582197577973923e+16,5.074182563668262,7.521242994881444,1.0,1.0,6.028489049787189e-13,0.9999999999993971,0,0,2395435892832915.5,3470359038459392.5,707399303586001.8,339875461545526.7,0.03639264644453682,4.9057993425596935,4.9057993425596935,2762959734873391.0,19889217965727.15,7073993035855.754,-0.004078257722343852,26963211001582.9,1.0,1.9898273236224146e-13,0.999999999999801,0,0,2395435892832915.5,3470359038459392.5,707399303586001.8,339875461545526.7,0.0,4.9057993425596935,4.9057993425596935,2762959734873391.0,6740805638505.596,6740805638505.596,1.0,2.4551958525568532e-11,0.9999999999754481,0,0,1.6094816137440824e+16,2.3685572284209976e+16,4828116067513394.0,2065475988257637.0,0.0,4.905758675434798,4.905758675434798,1.8857456216696584e+16,920122408144388.5,920122408144388.5,3.7587250926369346e-23,0.0,0.0,707399303586001.8,1348161127701387.2,339875461545526.7,707399303586001.8,1348161127701387.2,339875461545526.7,4828116067513394.0,9201224081669792.0,2065475988257637.0
2.2110552763819094e-07,ignition,-91.34354518837971,42.45040243554286,54.32885410792121,69736042842034.27,6.374297277295179,54.32383488136919,13560000.0,300.0,0.18107944960456396,62.5,58.26868524418218,0.9322989639069149,0.006002016003432466,0.3,101.98286555979873,0.005019226552021141,2000000.0,20.0,68.23980517089305,0.00464296723619861,232.83355048807212,14695.611316311486,-91.34354518837971,42.45040243554286,93.92460157737716,2.581056388997454,7.999534052875426,339.9804418123633,193322628579145.03,6.492240675727071,38.02668441695843,349.97213718206723,7.999359937000497,1.6555354559767047e+21,0.03051302992695467,0.5,0.0013623074384567755,101.98286555979873,bohm,0.18,1.0,0.05555555555555556,0.0,0,0,0,0,28540514262997.36,6.107995981316403,16.302169690962778,339.9804418123633,7.999534052875426,1.7042271307774695e+21,0.03589834104619778,0.2,0.003439043286772463,66.28886261386917,bohm,0.4814,1.0,0.06231823847112588,0.0,0,0,0,1,6.6868892157703224e+16,5.165654330163575,7.544217920805234,21.839023975584706,32.999999918520714,93.92460157737716,0.04271540176224775,6.6868892157703224e+16,5.165654330163575,7.544217920805234,1.0,1.0,6.375782414967857e-13,0.9999999999993624,0,0,2472975829322772.0,3576132710648248.5,728960257702462.8,354763634079448.9,0.03698245551145844,4.905799284476091,4.905799284476091,2847172452945786.0,20495424621350.92,7289602577019.9795,-0.004078257722343852,27785027198370.9,1.0,2.1044586083978387e-13,0.9999999999997895,0,0,2472975829322772.0,3576132710648248.5,728960257702462.8,354763634079448.9,0.0,4.905799284476091,4.905799284476091,2847172452945786.0,6946259687702.84,6946259687702.84,1.0,2.6117874763812794e-11,0.9999999999738821,0,0,1.664609695969244e+16,2.4444000746562348e+16,4982717034726279.0,2167530282582649.0,0.0,4.905757356117887,4.905757356117887,1.9461283711836068e+16,949584964213550.2,949584964213550.2,3.975260287300567e-23,0.0,0.0,728960257702462.8,1389251937540860.2,354763634079448.9,728960257702462.8,1389251937540860.2,354763634079448.9,4982717034726279.0,9495849642383512.0,2167530282582649.0
2.2613065326633166e-07,ignition,-90.77361235173407,41.950601812299396,54.337541075646584,71572533894184.14,6.239999302499963,54.33248498553424,13560000.0,300.0,0.18110828328511414,62.5,58.273324185221234,0.9323731869635398,0.006162340674686241,0.3,101.14019051700572,0.005056090112344574,2000000.0,20.0,67.81402680140909,0.004689244384879506,229.93711155111146,14459.782610705814,-90.77361235173407,41.950601812299396,93.33856438670968,2.5649520349756134,7.999523465125437,339.9799973766986,198497916302642.47,6.3498734429968655,38.03273948987397,349.9715042780287,7.999345401424682,1.6555354416544112e+21,0.03139247633936682,0.5,0.0013296083284122693,101.14019051700572,bohm,0.18,1.0,0.05555555555555556,0.0,0,0,0,0,29264073091364.695,5.9915742356260235,16.304801585772616,339.9799973766986,7.999523465125437,1.7042271029867396e+21,0.03671403713983434,0.2,0.00336373871646175,65.74112383605372,bohm,0.4814,1.0,0.06231823847112588,0.0,0,0,0,1,6.790757276932922e+16,5.255638168597286,7.5660656178234875,21.49148753839181,32.99999988859953,93.33856438670968,0.042035648693234506,6.790757276932922e+16,5.255638168597286,7.5660656178234875,1.0,1.0,6.733512670727383e-13,0.9999999999993266,0,0,2550868493727412.5,3682111521719007.0,750563027938425.6,369883027885256.8,0.037563829624602994,4.905799226259089,4.905799226259089,2931548493780581.5,21102806926247.54,7505630279379.202,-0.004078257722343852,28608437205626.74,1.0,2.222534801242093e-13,0.9999999999997777,0,0,2550868493727412.5,3682111521719007.0,750563027938425.6,369883027885256.8,0.0,4.905799226259089,4.905799226259089,2931548493780581.5,7152112189517.061,7152112189517.061,1.0,2.7733162291566914e-11,0.9999999999722669,0,0,1.7199540164492014e+16,2.5203101018909576e+16,5137455028725439.0,2271349203033314.0,0.0,4.90575603640121,4.90575603640121,2.0065645990184136e+16,979073593246173.2,979073593246173.2,4.1983028211249726e-23,0.0,0.0,750563027938425.6,1430422437903730.0,369883027885256.8,750563027938425.6,1430422437903730.0,369883027885256.8,5137455028725439.0,9790735932733260.0,2271349203033314.0
2.3115577889447235e-07,ignition,-90.22231185829847,41.473796345363425,54.34618856630718,73402112586701.55,6.11363031301076,54.341096452995984,13560000.0,300.0,0.18113698817665327,62.5,58.27794203909614,0.9324470726255383,0.0063219493511735315,0.3,100.3410033114238,0.005092113311198373,2000000.0,20.0,67.40216805227605,0.004734674867706705,227.15261290736322,14234.047511642691,-90.22231185829847,41.473796345363425,92.7716860255889,2.549374167290438,7.99951287745314,339.9795529440217,203650677046678.5,6.216310912102349,38.038767517097185,349.9708713888633,7.999330866238562,1.6555354273423596e+21,0.03226741369729152,0.5,0.0012988009656507385,100.3410033114238,bohm,0.18,1.0,0.05555555555555556,0.0,0,0,0,0,29985924433375.89,5.8811770990478625,16.307421049209996,339.9795529440217,7.99951287745314,1.7042270751975114e+21,0.03752458429057215,0.2,0.0032922482515656123,65.22165215242548,bohm,0.4814,1.0,0.06231823847112588,0.0,0,0,0,1,6.893861173570233e+16,5.3441805530523485,7.58685310740987,21.158723377203167,32.99999984970211,92.7716860255889,0.0413847890052073,6.893861173570233e+16,5.3441805530523485,7.58685310740987,1.0,0.9999999999999999,7.101698766776842e-13,0.9999999999992898,0,0,2629088144647133.5,3788268908520884.0,772202199654585.9,385223635435420.9,0.038136656344728306,4.905799167906303,4.905799167906303,3016066708866298.0,21711212642152.66,7722021996540.374,-0.004078257722343852,29433234638693.03,1.0,2.344062151106815e-13,0.9999999999997656,0,0,2629088144647133.5,3788268908520884.0,772202199654585.9,385223635435420.9,0.0,4.905799167906303,4.905799167906303,3016066708866298.0,7358311547783.908,7358311547783.908,1.0,2.939787084317414e-11,0.9999999999706022,0,0,1.7755232093820464e+16,2.5963018865153172e+16,5292359762151661.0,2376932752970616.0,0.0,4.90575471660635,4.90575471660635,2.067065910300151e+16,1008593957840168.4,1008593957840168.4,4.4278644972207536e-23,0.0,0.0,772202199654585.9,1471662309557126.5,385223635435420.9,772202199654585.9,1471662309557126.5,385223635435420.9,5292359762151661.0,1.0085939578698188e+16,2376932752970616.0
2.3618090452261307e-07,ignition,-89.68858089170966,41.01830105484301,54.35479879624536,75225125018432.1,5.9945119808395155,54.3496714589001,13560000.0,300.0,0.181165571529667,62.5,58.282539977091396,0.9325206396334623,0.006480882346779386,0.3,99.58198185433768,0.005127337345265994,2000000.0,20.0,67.00343492779989,0.0047792954241114806,224.47301460619568,14017.724309093886,-89.68858089170966,41.01830105484301,92.2228736460937,2.534292754384044,7.99950228985837,339.9791085143239,208782204785309.16,6.090774757543097,38.044770021230065,349.97023851451314,7.999316331437184,1.6555354130397987e+21,0.03313677556177711,0.5,0.0012697221561152876,99.58198185433768,bohm,0.18,1.0,0.05555555555555556,0.0,0,0,0,0,30706098429473.066,5.7763364849078584,16.310028775015294,339.9791085143239,7.99950228985837,1.7042270474097934e+21,0.038330410316362216,0.2,0.0032242825376367526,64.7282882053195,bohm,0.4814,1.0,0.06231823847112588,0.0,0,0,0,1,6.996226195701152e+16,5.431327247526601,7.606643139653531,20.839740012758725,32.99999979972242,92.2228736460937,0.040760883444555224,6.996226195701152e+16,5.431327247526601,7.606643139653531,1.0,0.9999999999999999,7.480358136582131e-13,0.9999999999992519,0,0,2707636884631059.0,3894608497563856.0,793878512080701.5,400785411228606.1,0.03870139142005976,4.905799109433448,4.905799109433448,3100729985483154.5,22320662553182.74,7938785120801.075,-0.004078257722343852,30259447673983.81,1.0,2.469046420378561e-13,0.9999999999997531,0,0,2707636884631059.0,3894608497563856.0,793878512080701.5,400785411228606.1,0.0,4.905799109433448,4.905799109433448,3100729985483154.5,7564864806606.892,7564864806606.892,1.0,3.1112050111485016e-11,0.999999999968888,0,0,1.8313002343916896e+16,2.672361840420766e+16,5447403537050585.0,2484191013810407.0,0.0,4.905753396539586,4.905753396539586,2.1276214867157076e+16,1038140779273291.8,1038140779273291.8,4.6639562020125784e-23,0.0,0.0,793878512080701.5,1512972961321751.8,400785411228606.1,793878512080701.5,1512972961321751.8,400785411228606.1,5447403537050585.0,1.0381407793055904e+16,2484191013810407.0
2.4120603015075373e-07,ignition,-89.17144464173607,40.58258589631847,54.36337398268593,77041914220963.03,5.8820681864368245,54.3582121822052,13560000.0,300.0,0.18119404060735067,62.5,58.287119172144926,0.9325939067543189,0.006639180046111314,0.3,98.86039069795379,0.005161800480728637,2000000.0,20.0,66.61709917881811,0.004823140209850429,221.89189515002442,13810.194006732703,-89.17144464173607,40.58258589631847,91.69112489318711,2.519680251451036,7.999491702341033,339.9786640875972,213893796393509.88,5.972616021987936,38.05074852754364,349.96960565492355,7.99930179701215,1.6555353987452492e+21,0.03399868822881569,0.5,0.0012422310235615283,98.86039069795379,bohm,0.18,1.0,0.05555555555555556,0.0,0,0,0,0,31424620163447.414,5.676628203386311,16.31262545514229,339.9786640875972,7.999491702341033,1.704227019623606e+21,0.03913200665254142,0.2,0.0031595801366796675,64.25925395366997,bohm,0.4814,1.0,0.06231823847112588,0.0,0,0,0,1,7.0978730069624184e+16,5.517121429986629,7.62549355356161,20.533636817944082,32.999999736198426,91.69112489318711,0.04016217045715565,7.0978730069624184e+16,5.517121429986629,7.62549355356161,1.0,1.0,7.869508832108932e-13,0.9999999999992131,0,0,2786519223731517.0,4001136358399634.5,815593202436892.2,416569270205666.75,0.03925851055658752,4.90579905085615,4.90579905085615,3185543155962742.0,22931191444963.59,8155932024362.506,-0.004078257722343852,31087123469326.09,1.0,2.597493565580897e-13,0.9999999999997402,0,0,2786519223731517.0,4001136358399634.5,815593202436892.2,416569270205666.75,0.0,4.90579905085615,4.90579905085615,3185543155962742.0,7771783755442.769,7771783755442.769,1.0,3.287573486262165e-11,0.9999999999671243,0,0,1.887251264066389e+16,2.748458052221593e+16,5602521305221121.0,2592974728890204.0,0.0,4.905752075695348,4.905752075695348,2.188205921699481e+16,1067701660620154.6,1067701660620154.6,4.906589188504414e-23,0.0,0.0,815593202436892.2,1554356751088957.5,416569270205666.75,815593202436892.2,1554356751088957.5,416569270205666.75,5602521305221121.0,1.0677016606552562e+16,2592974728890204.0
2.4623115577889445e-07,ignition,-88.67000616085366,40.16528729826137,54.371916131921616,78852789703498.06,5.77573717247543,54.36672059425663,13560000.0,300.0,0.18122240198085543,62.5,58.29168068550639,0.9326668909681023,0.00679687898588074,0.3,98.17332757368109,0.005195537664989995,2000000.0,20.0,66.24249072487606,0.004866240770412239,219.40337887176452,13610.89373851803,-88.67000616085366,40.16528729826137,91.17551747467368,2.505511313820013,7.999481114900968,339.97821966383395,218986625085354.3,5.861186183481164,38.05670441597964,349.9689728100433,7.999287262961202,1.6555353844584863e+21,0.034852993941028455,0.5,0.0012161947697955113,98.17332757368109,bohm,0.18,1.0,0.05555555555555556,0.0,0,0,0,0,32141511242879.33,5.581676700379315,16.315211715941977,339.97821966383395,7.999481114900968,1.7042269918389532e+21,0.039929707540046995,0.2,0.0030979068904820202,63.81266292289271,bohm,0.4814,1.0,0.06231823847112588,0.0,0,0,0,0,7.198824635560513e+16,5.601603617634903,7.643457580004791,20.239594177006826,32.999999656277176,91.17551747467368,0.03958704694059408,7.198824635560513e+16,5.601603617634903,7.643457580004791,1.0,1.0,8.269169584340192e-13,0.9999999999991731,0,0,2865736234862960.0,4107854684622419.0,837346717867018.4,432574985974577.5,0.03980839067403993,4.905798992186174,4.905798992186174,3270507966755400.5,23542811889309.043,8373467178663.261,-0.004078257722343852,31916279067972.3,1.0,2.7294097644791423e-13,0.9999999999997271,0,0,2865736234862960.0,4107854684622419.0,837346717867018.4,432574985974577.5,0.0,4.905798992186174,4.905798992186174,3270507966755400.5,7979072655104.645,7979072655104.645,1.0,3.468894745204406e-11,0.9999999999653111,0,0,1.94337146451654e+16,2.824589775262858e+16,5757711544717832.0,2703239981972483.0,0.0,4.905750754141475,4.905750754141475,2.2488186207910748e+16,1097276311809445.0,1097276311809445.0,5.155775126408882e-23,0.0,0.0,837346717867018.4,1595814531021364.2,432574985974577.5,837346717867018.4,1595814531021364.2,432574985974577.5,5757711544717832.0,1.0972763118475084e+16,2703239981972483.0
2.5125628140703517e-07,ignition,-88.1834376947217,39.76517425403853,54.380426973738594,80658018508153.88,5.674996455731866,54.37519839252908,13560000.0,300.0,0.18125066130843026,62.5,58.29622543126671,0.9327396069002674,0.0069540106268664885,0.3,97.51798202059912,0.0052285812095229775,2000000.0,20.0,65.87899117750608,0.004908626488612269,217.00207392829626,13419.30974500707,-88.1834376947217,39.76517425403853,90.67520024670414,2.4917625519824402,7.999470527537999,339.97777524302694,224061700673661.25,5.755877543746713,38.06263887477035,349.96833997982424,7.9992727292852495,1.6555353701799258e+21,0.035700359356407356,0.5,0.0011914919896113252,97.51798202059912,bohm,0.18,1.0,0.05555555555555556,0.0,0,0,0,0,32856791119651.43,5.491144518122292,16.317788098968244,339.97777524302694,7.999470527537999,1.7042269640558334e+21,0.0407237808016338,0.2,0.003039051302849904,63.38668831338943,bohm,0.4814,1.0,0.06231823847112588,0.0,0,0,0,0,7.299103909416973e+16,5.684812173741661,7.660584420763088,19.95686353692975,32.99999955667943,90.67520024670414,0.03903404878544868,7.299103909416973e+16,5.684812173741661,7.660584420763088,1.0,1.0,8.679359261477313e-13,0.999999999999132,0,0,2945287782656910.5,4214764272453097.0,859139220673970.2,448801951551754.56,0.04035136119732497,4.90579893343332,4.90579893343332,3355625051779127.0,24155528449434.46,8591392206732.246,-0.004078257722343852,32746920656166.703,1.0,2.8648012518954197e-13,0.9999999999997136,0,0,2945287782656910.5,4214764272453097.0,859139220673970.2,448801951551754.56,0.0,4.90579893343332,4.90579893343332,3355625051779127.0,8186733052153.585,8186733052153.585,1.0,3.65517150802067e-11,0.9999999999634482,0,0,1.9996707584436172e+16,2.900771754817287e+16,5913004312393735.0,2814998661050773.5,0.0,4.905749432208651,4.905749432208651,2.3094713235779136e+16,1126870461057977.8,1126870461057977.8,5.411525792974615e-23,0.0,0.0,859139220673970.2,1637346610431186.0,448801951551754.56,859139220673970.2,1637346610431186.0,448801951551754.56,5913004312393735.0,1.1268704610991666e+16,2814998661050773.5
2.562814070351759e-07,ignition,-87.7109736035018,39.38112381135464,54.38890805093742,82457838916212.02,5.579384810902505,54.383647089665416,13560000.0,300.0,0.18127882363221806,62.5,58.30075422414438,0.9328120675863101,0.007110603004173969,0.3,96.89187212869226,0.005260961272007691,2000000.0,20.0,65.52602855197411,0.004950324899958692,214.6830208897063,13234.97165574525,-87.7109736035018,39.38112381135464,90.18938593507512,2.4784123315733235,7.9994599402519775,339.9773308251692,229119922783565.47,5.656157991362303,38.068552962765786,349.9677071642203,7.9992581959847024,1.6555353559098705e+21,0.03654130230782154,0.5,0.001168015233344477,96.89187212869226,bohm,0.18,1.0,0.05555555555555556,0.0,0,0,0,0,33570477627094.188,5.404724748230844,16.32035508817163,339.9773308251692,7.9994599402519775,1.7042269362742504e+21,0.041514488641590554,0.2,0.002982821044650363,62.97971688364997,bohm,0.4814,1.0,0.06231823847112588,0.0,0,0,0,0,7.398731607253365e+16,5.766783632202554,7.6769197061286425,19.684759267484175,32.9999994336643,90.18938593507512,0.03850183495420831,7.398731607253365e+16,5.766783632202554,7.6769197061286425,1.0,1.0,9.10009678602217e-13,0.99999999999909,0,0,3025174141919822.0,4321866306001434.0,880970952228021.2,465249740374430.3,0.04088773998713624,4.905798874606717,4.905798874606717,3440895353773413.0,24769347911616.06,8809709522272.195,-0.004078257722343852,33579057433888.25,1.0,3.003674270919793e-13,0.9999999999996997,0,0,3025174141919822.0,4321866306001434.0,880970952228021.2,465249740374430.3,0.0,4.905798874606717,4.905798874606717,3440895353773413.0,8394767246584.33,8394767246584.33,1.0,3.8464073843454804e-11,0.9999999999615359,0,0,2.056156446198761e+16,2.977015465333485e+16,6068422997859778.0,2928255804372314.5,0.0,4.905748110148919,4.905748110148919,2.370173165547507e+16,1156488565931068.2,1156488565931068.2,5.673852981694725e-23,0.0,0.0,880970952228021.2,1678953449317370.2,465249740374430.3,880970952228021.2,1678953449317370.2,465249740374430.3,6068422997859778.0,1.1564885659755514e+16,2928255804372314.5
2.6130653266331655e-07,ignition,-87.25190456200073,39.01211192297376,54.39736073397116,84252462495977.72,5.488493205020319,54.39206802799809,13560000.0,300.0,0.18130689342666031,62.5,58.30526778730959,0.9328842845969534,0.007266680996371948,0.3,96.29279336556428,0.005292705973068269,2000000.0,20.0,65.18307293439418,0.004991361804303236,212.44164985852754,13057.448056867262,-87.25190456200073,39.01211192297376,89.7173451714878,2.465440609487065,7.999449353042748,339.9768864102543,234162089482512.84,5.561558873598407,38.074447619598665,349.96707436318775,7.999243663059674,1.6555353416485508e+21,0.037376249796891185,0.5,0.0011456689557925478,96.29279336556428,bohm,0.18,1.0,0.05555555555555556,0.0,0,0,0,0,34282586833799.35,5.3221384925766815,16.322913114372497,339.9768864102543,7.999449353042748,1.7042269084942027e+21,0.04230207493249346,0.2,0.0029290410717293857,62.59031568761679,bohm,0.4814,1.0,0.06231823847112588,0.0,0,0,0,0,7.497727168563866e+16,5.847552753861634,7.692505798277847,19.42265223545305,32.99999928299462,89.7173451714878,0.03798917491297026,7.497727168563866e+16,5.847552753861634,7.692505798277846,1.0,1.0,9.531401177629772e-13,0.9999999999990469,0,0,3105395574966714.0,4429161891004618.0,902842137923960.8,481917959810017.0,0.041417825764411345,4.905798815714615,4.905798815714615,3526319753080657.0,25384276612962.332,9028421379231.002,-0.004078257722343852,34412697992193.33,1.0,3.146035098569898e-13,0.9999999999996854,0,0,3105395574966714.0,4429161891004618.0,902842137923960.8,481917959810017.0,0.0,4.905798815714615,4.905798815714615,3526319753080657.0,8603177386160.974,8603177386160.974,1.0,4.042606673296753e-11,0.9999999999595739,0,0,2.1128341070532096e+16,3.0533301245744776e+16,6223986390704174.0,3043012606195666.0,0.0,4.9057467881593935,4.9057467881593935,2.43093148550406e+16,1186134207315274.8,1186134207315274.8,5.94276855006111e-23,0.0,0.0,902842137923960.8,1720635477232736.0,481917959810017.0,902842137923960.8,1720635477232736.0,481917959810017.0,6223986390704174.0,1.1861342073632254e+16,3043012606195666.0
2.6633165829145727e-07,ignition,-86.80557224329633,38.65720318805627,54.40578623859011,86042076809495.11,5.401956770326589,54.400462397026104,13560000.0,300.0,0.1813348746567537,62.5,58.309766761788126,0.93295626818861,0.0074222666494099965,0.3,95.71877313018909,0.005323841564006709,2000000.0,20.0,64.84963251003744,0.005031761405949987,210.27374183434526,12886.342470386613,-86.80557224329633,38.65720318805627,89.25840102695122,2.4528287836549025,7.9994387659101704,339.97644199827596,239188907686747.78,5.471664594334889,38.08032367791827,349.96644157668464,7.999229130510139,1.6555353273961603e+21,0.03820558382314794,0.5,0.001124367760132746,95.71877313018909,bohm,0.18,1.0,0.05555555555555556,0.0,0,0,0,0,34993133183744.223,5.24313191180158,16.325462560671838,339.97644199827596,7.9994387659101704,1.7042268807156922e+21,0.04308676397130047,0.2,0.0028775517673250164,62.21720253462291,bohm,0.4814,1.0,0.06231823847112588,0.0,0,0,0,0,7.596108936442563e+16,5.92715264056185,7.707382083819186,19.16996399458097,32.99999909990281,89.25840102695122,0.037494937267449825,7.596108936442563e+16,5.92715264056185,7.707382083819186,1.0,1.0,9.973291554877582e-13,0.9999999999990027,0,0,3185952242336311.5,4536651962573324.0,924752968376025.6,498806216515038.7,0.04194189773992852,4.9057987567644314,4.9057987567644314,3611898994197298.5,26000319912690.17,9247529683751.035,-0.004078257722343852,35247849596441.2,1.0,3.2918900449839287e-13,0.9999999999996708,0,0,3185952242336311.5,4536651962573324.0,924752968376025.6,498806216515038.7,0.0,4.9057987567644314,4.9057987567644314,3611898994197298.5,8811965287223.338,8811965287223.338,1.0,4.2437742368707615e-11,0.9999999999575623,0,0,2.1697084311529396e+16,3.129723640630269e+16,6379710610883666.0,3159269126994045.5,0.0,4.905745466402535,4.905745466402535,2.4917525795419024e+16,1215810457313572.8,1215810457313572.8,6.218284418202572e-23,0.0,0.0,924752968376025.6,1762393057445247.5,498806216515038.7,924752968376025.6,1762393057445247.5,498806216515038.7,6379710610883666.0,1.2158104573651688e+16,3159269126994045.5
2.71356783919598e-07,ignition,-86.37136451928211,38.315541137989555,54.41418565123587,87826849383218.55,5.31944851295977,54.408831258635765,13560000.0,300.0,0.18136277086211922,62.5,58.3142517200104,0.9330280275201663,0.007577379644062028,0.3,95.16803690102664,0.005354392600104546,2000000.0,20.0,64.5252499778145,0.005071546455682784,208.17539423497252,12721.28977332417,-86.37136451928211,38.315541137989555,88.81192407671081,2.440559557428707,7.999428178854103,339.97599758922814,244201008213340.47,5.386104685606419,38.086181881045036,349.9658088046706,7.9992145983359775,1.655535313152865e+21,0.03902965161820777,0.5,0.0011040349880152768,95.16803690102664,bohm,0.18,1.0,0.05555555555555556,0.0,0,0,0,0,35702129773177.92,5.167473409818226,16.328003770190833,339.97599758922814,7.999428178854103,1.704226852938719e+21,0.04386876193131901,0.2,0.0028282072499363157,61.85922398566732,bohm,0.4814,1.0,0.06231823847112588,0.0,0,0,0,0,7.693894237835731e+16,6.005614865901931,7.721585242399026,18.92616161463295,32.99999887905776,88.81192407671081,0.03701807964903505,7.693894237835731e+16,6.005614865901931,7.721585242399026,1.0,1.0,1.0425787116036204e-12,0.9999999999989574,0,0,3266844209117213.5,4644337302236057.0,946703602892223.8,515914112665604.1,0.04246021725970809,4.905798697762837,4.905798697762837,3697633699343833.0,26617482289809.137,9467036028912.367,-0.004078257722343852,36084518318721.5,1.0,3.4412454468579886e-13,0.9999999999996558,0,0,3266844209117213.5,4644337302236057.0,946703602892223.8,515914112665604.1,0.0,4.905798697762837,4.905798697762837,3697633699343833.0,9021132467793.824,9021132467793.824,1.0,4.4499153999695285e-11,0.9999999999555008,0,0,2.2267834611809908e+16,3.206202931422054e+16,6535609760000017.0,3277024817589402.5,0.0,4.905744145014628,4.905744145014628,2.5526419554220524e+16,1245520003366624.2,1245520003366624.2,6.500412556414493e-23,0.0,0.0,946703602892223.8,1804226493559385.8,515914112665604.1,946703602892223.8,1804226493559385.8,515914112665604.1,6535609760000017.0,1.2455200034220488e+16,3277024817589402.5
2.763819095477387e-07,ignition,-85.94871166264043,37.98634156579112,54.422559879369,89606919858183.77,5.2406770436962065,54.417175497343834,13560000.0,300.0,0.1813905849911461,62.5,58.31872313917709,0.9330995702268334,0.007732036373715215,0.3,94.63900633509903,0.005384382025165509,2000000.0,20.0,64.20949971289247,0.005110738317669404,206.1429926689969,12561.953269495332,-85.94871166264043,37.98634156579112,88.37732849490216,2.428616832261721,7.999417591874406,339.97555318310515,249198915931986.75,5.304551295172133,38.09202284814068,349.96517604710783,7.999200066537001,1.6555352989188044e+21,0.03984878461856004,0.5,0.0010846020486569307,94.63900633509903,bohm,0.18,1.0,0.05555555555555556,0.0,0,0,0,0,36409587833582.766,5.0949517446667185,16.330537031228317,339.97555318310515,7.999417591874406,1.7042268251632818e+21,0.0446482585428912,0.2,0.0027808740809958416,61.51535411781437,bohm,0.4814,1.0,0.06231823847112588,0.0,0,0,0,0,7.791099714506213e+16,6.082969487784941,7.735149460666593,18.69075344114588,32.99999861453341,88.37732849490216,0.036557640421202194,7.791099714506213e+16,6.082969487784941,7.735149460666592,1.0,0.9999999999999999,1.0888907163449278e-12,0.9999999999989111,0,0,3348071375958724.5,4752218443674455.0,968694150259391.8,533241232803052.5,0.04297302689792258,4.905798638715772,4.905798638715772,3783524293415063.0,27235766802873.44,9686941502583.37,-0.004078257722343852,36922708305456.805,1.0,3.594107675464112e-13,0.9999999999996406,0,0,3348071375958724.5,4752218443674455.0,968694150259391.8,533241232803052.5,0.0,4.905798638715772,4.905798638715772,3783524293415063.0,9230679964478.082,9230679964478.082,1.0,4.661036114339535e-11,0.9999999999533896,0,0,2.284062569324516e+16,3.2827737881754244e+16,6691695643006214.0,3396279097503343.5,0.0,4.9057428241022825,4.9057428241022825,2.613604223874803e+16,1275265095214120.0,1275265095214120.0,6.789165000273843e-23,0.0,0.0,968694150259391.8,1846135992896280.0,533241232803052.5,968694150259391.8,1846135992896280.0,533241232803052.5,6691695643006214.0,1.2752650952735604e+16,3396279097503343.5
2.8140703517587937e-07,ignition,-85.53708181528572,37.66888212876069,54.43090978750595,91382421394942.48,5.165377029790292,54.42549595608315,13560000.0,300.0,0.18141831985361048,62.5,58.32318147405195,0.9331709035848312,0.007886252461051572,0.3,94.13023049851043,0.005413831422808602,2000000.0,20.0,63.9019843813156,0.0051493571807007775,204.17318039349507,12408.021562600528,-85.53708181528572,37.66888212876069,87.95406739494797,2.4169855796622532,7.999407004970951,339.97510877990146,254183131047625.56,5.2267067118104364,38.0978471692582,349.9645433039588,7.999185535112994,1.6555352846941117e+21,0.0406632861967323,0.5,0.0010660065447856892,94.13023049851043,bohm,0.18,1.0,0.05555555555555556,0.0,0,0,0,0,37115518177381.45,5.025372961702713,16.33306261824775,339.97510877990146,7.999407004970951,1.7042267973893814e+21,0.045425427788018696,0.2,0.002735429670913143,61.18464982403178,bohm,0.4814,1.0,0.06231823847112588,0.0,0,0,0,0,7.887740970168363e+16,6.159245326754673,7.748106687852359,18.46328459104009,32.99999829977782,87.95406739494797,0.03611272986929334,7.887740970168363e+16,6.159245326754673,7.748106687852359,1.0,1.0,1.1362671017233223e-12,0.9999999999988637,0,0,3429633605532154.5,4860295863730189.0,990724707678091.8,550787157158148.8,0.043480555693995476,4.905798579628647,4.905798579628647,3869571156052097.0,27855176184677.117,9907247076769.66,-0.004078257722343852,37762423261446.77,1.0,3.750483107831765e-13,0.999999999999625,0,0,3429633605532154.5,4860295863730189.0,990724707678091.8,550787157158148.8,0.0,4.905798579628647,4.905798579628647,3869571156052097.0,9440608703476.03,9440608703476.03,1.0,4.8771424763534504e-11,0.9999999999512286,0,0,2.3415490004027016e+16,3.3594417710952988e+16,6847979593944502.0,3517031480963033.0,0.0,4.905741503765533,4.905741503765533,2.674643811700849e+16,1305047892848299.5,1305047892848299.5,7.084553796215416e-23,0.0,0.0,990724707678091.8,1888121740695913.8,550787157158148.8,990724707678091.8,1888121740695913.8,550787157158148.8,6847979593944502.0,1.3050478929119484e+16,3517031480963033.0
2.864321608040201e-07,ignition,-85.13597801818241,37.36249722052689,54.43923615523455,93153474049260.38,5.093308417269848,54.433793394148964,13560000.0,300.0,0.18144597798049655,62.5,58.32762713444042,0.9332420341510467,0.008040041978612286,0.3,93.64039183584927,0.0054427610855851145,2000000.0,20.0,63.60233272107857,0.005187422112011959,202.26283637813907,12259.206297750974,-85.13597801818241,37.36249722052689,87.54162977544891,2.4056517572664884,7.999396418143601,339.97466437961157,259154103890043.0,5.152302841123921,38.103655375904275,349.9639105751873,7.999171004063686,1.6555352704789027e+21,0.04147343452722847,0.5,0.0010481919348575139,93.64039183584927,bohm,0.18,1.0,0.05555555555555556,0.0,0,0,0,0,37819930768999.51,4.958558945782681,16.335580779330275,339.97466437961157,7.999396418143601,1.7042267696170155e+21,0.046200430448823666,0.2,0.002691761291328188,60.866254693302025,bohm,0.4814,1.0,0.06231823847112588,0.0,0,0,0,0,7.983832781565037e+16,6.234469976951482,7.760486805711501,18.24333367929073,32.99999792758466,87.54162977544891,0.0356825237981494,7.983832781565037e+16,6.234469976951482,7.760486805711502,1.0,1.0,1.1847098028322262e-12,0.9999999999988153,0,0,3511530704783558.5,4968569947237910.0,1012795353594150.1,568551464733949.4,0.043983019194638096,4.905798520506372,4.905798520506372,3955774593643760.0,28475712640705.35,10127953535929.504,-0.004078257722343852,38603666176634.85,1.0,3.9103781310938585e-13,0.999999999999609,0,0,3511530704783558.5,4968569947237910.0,1012795353594150.1,568551464733949.4,0.0,4.905798520506372,4.905798520506372,3955774593643760.0,9650919432273.521,9650919432273.521,1.0,5.098240883221543e-11,0.9999999999490176,0,0,2.399245580199152e+16,3.4362117972180144e+16,7004471635825635.0,3639281101462642.0,0.0,4.905740184088817,4.905740184088817,2.7357646336354508e+16,1334870306402269.2,1334870306402269.2,7.386591009792945e-23,0.0,0.0,1012795353594150.1,1930183886455459.0,568551464733949.4,1012795353594150.1,1930183886455459.0,568551464733949.4,7004471635825635.0,1.334870306470324e+16,3639281101462642.0
2.914572864321608e-07,ignition,-84.74493531466696,37.06657270908311,54.447539676756236,94920184665313.52,5.024253756673676,54.44206848664886,13560000.0,300.0,0.18147356162216285,62.5,58.332060484913036,0.9333129677586086,0.008193417438599818,0.3,93.1682935363042,0.005471190107378827,2000000.0,20.0,63.310197378111944,0.0052249511337178044,200.4090546027746,12115.240049646796,-84.74493531466696,37.06657270908311,87.13953754165522,2.3946022269882636,7.999385831392231,339.9742199822303,264112234555423.1,5.081097977141571,38.1094479406542,349.963277860758,7.999156473388772,1.6555352562732808e+21,0.04227948971932558,0.5,0.001031106899613997,93.1682935363042,bohm,0.18,1.0,0.05555555555555556,0.0,0,0,0,0,38522834701943.664,4.894345922307414,16.338091736102037,339.9742199822303,7.999385831392231,1.7042267418461838e+21,0.046973415057086396,0.2,0.0026497651265097164,60.55939079859773,bohm,0.4814,1.0,0.06231823847112588,0.0,0,0,0,0,8.079389215664278e+16,6.308669867117809,7.772317793724753,18.030509760151492,32.999997490066434,87.13953754165522,0.03526625754938981,8.079389215664278e+16,6.308669867117809,7.772317793724753,1.0,0.9999999999999999,1.234220759012859e-12,0.9999999999987658,0,0,3593762408612045.5,5077040968433228.0,1034906143908855.4,586533727996528.1,0.044480619916719415,4.905798461353386,4.905798461353386,4042134824524372.5,29097377742580.184,10349061439075.781,-0.004078257722343852,39446439181655.96,1.0,4.073799146404131e-13,0.9999999999995927,0,0,3593762408612045.5,5077040968433228.0,1034906143908855.4,586533727996528.1,0.0,4.905798461353386,4.905798461353386,4042134824524372.5,9861612683529.293,9861612683529.293,1.0,5.32433803058171e-11,0.9999999999467566,0,0,2.457154799342645e+16,3.5130882305387736e+16,7161180664344850.0,3763027016728416.0,0.0,4.905738865143089,4.905738865143089,2.796970164104289e+16,1364734031162655.5,1364734031162655.5,7.695288733037612e-23,0.0,0.0,1034906143908855.4,1972322536706662.2,586533727996528.1,1034906143908855.4,1972322536706662.2,586533727996528.1,7161180664344850.0,1.3647340312353184e+16,3763027016728416.0
2.9648241206030147e-07,ignition,-84.36351783317605,36.78053995351257,54.455821013072054,96682655085130.47,4.958013965175352,54.45032187655288,13560000.0,300.0,0.18150107292184292,62.5,58.336481872705995,0.9333837099632959,0.008346390757587294,0.3,92.71283124525108,0.005499136519182816,2000000.0,20.0,63.02525272688307,0.005261961336744205,198.60912406437407,11975.874296041691,-84.36351783317605,36.78053995351257,86.74734250576299,2.383824672586941,7.999375244716712,339.9737755877524,269057904068695.78,5.012871433192851,38.11522531358701,349.96264516063616,7.9991419430879125,1.6555352420773407e+21,0.0430816882751806,0.5,0.0010147044706512217,92.71283124525108,bohm,0.18,1.0,0.05555555555555556,0.0,0,0,0,0,39224238757275.35,4.832582719641699,16.340595699485046,339.9737755877524,7.999375244716712,1.704226714076885e+21,0.04774451884104101,0.2,0.002609345303042866,60.2633403094132,bohm,0.4814,1.0,0.06231823847112588,0.0,0,0,0,0,8.174423514687538e+16,6.381870395185546,7.78362589554648,17.824449398257094,32.999996978629284,86.74734250576299,0.034863220272724336,8.174423514687538e+16,6.381870395185546,7.78362589554648,1.0,1.0,1.284801910017939e-12,0.9999999999987152,0,0,3676328433882743.5,5185709170323499.0,1057057128157919.4,604733519875083.6,0.04497354984455156,4.905798402173755,4.905798402173755,4128652042165579.5,29720172677547.348,10570571281565.613,-0.004224569333025814,40290743959112.95,1.0,4.2407525566084105e-13,0.9999999999995759,0,0,3676328433882743.5,5185709170323499.0,1057057128157919.4,604733519875083.6,0.0,4.905798402173755,4.905798402173755,4128652042165579.5,10072688929244.432,10072688929244.432,1.0,5.555440728053601e-11,0.9999999999444456,0,0,2.5152789706870656e+16,3.5900751699572424e+16,7318115034827886.0,3888268076954004.0,0.0,4.905737546993448,4.905737546993448,2.8582636664744536e+16,1394640659431398.2,1394640659431398.2,8.010659060951916e-23,0.0,0.0,1057057128157919.4,2014537785849740.8,604733519875083.6,1057057128157919.4,2014537785849740.8,604733519875083.6,7318115034827886.0,1.3946406595088766e+16,3888268076954004.0
3.015075376884422e-07,ignition,-83.99124192122608,36.50374155524139,54.464080599879566,98441058514199.73,4.89440266933241,54.45855397494497,13560000.0,300.0,0.18152851324981656,62.5,58.340891520734075,0.9334542643317452,0.008498969554320878,0.3,92.27305759739316,0.005526624934601687,2000000.0,20.0,62.74713744628068,0.005298477274976439,196.86016288512195,11840.84862385373,-83.99124192122608,36.50374155524139,86.36454734892246,2.3733054276963825,7.99936465811647,339.9733311961732,273991354659434.3,4.9474322034974865,38.12098778246148,349.9620124747899,7.999127413160627,1.6555352278911334e+21,0.043880265555253345,0.5,0.0009989428990982688,92.27305759739316,bohm,0.18,1.0,0.05555555555555556,0.0,0,0,0,0,39924293132454.86,4.773092787028895,16.343092817418093,339.9733311961732,7.99936465811647,1.7042266863090207e+21,0.04851265285703325,0.2,0.002570398675472471,59.97748743830556,bohm,0.4814,1.0,0.06231823847112588,0.0,0,0,0,0,8.268945635103182e+16,6.454111754180368,7.794438444514158,17.6247719990754,32.999996383812594,86.36454734892246,0.03447266755583783,8.268945635103182e+16,6.454111754180368,7.7944384445141575,1.0,1.0,1.3364551311326088e-12,0.9999999999986635,0,0,3759207186897866.0,5294558381554650.0,1079245009968861.4,623138825280938.6,0.04546174751638644,4.905798342961447,4.905798342961447,4215313371585788.5,30344004702699.02,10792450099674.191,-0.004571080391384084,41136454802373.2,1.0,4.4112445517392743e-13,0.9999999999995589,0,0,3759207186897866.0,5294558381554650.0,1079245009968861.4,623138825280938.6,0.0,4.905798342961447,4.905798342961447,4215313371585788.5,10284116758235.795,10284116758235.795,1.0,5.7915566149270705e-11,0.9999999999420844,0,0,2.573619351517596e+16,3.667175044744995e+16,7475279699239895.0,4015002466205798.0,0.0,4.905736229666273,4.905736229666273,2.9196470748210056e+16,1424591134890520.8,1424591134890520.8,8.332713683629654e-23,0.0,0.0,1079245009968861.4,2056823351648066.2,623138825280938.6,1079245009968861.4,2056823351648066.2,623138825280938.6,7475279699239895.0,1.4245911349730266e+16,4015002466205798.0
3.065326633165829e-07,ignition,-83.62763791296055,36.23554417323393,54.47231892334077,100195600340053.03,4.8332437915655415,54.466765243036775,13560000.0,300.0,0.18155588414345591,62.5,58.345289678686136,0.9335246348589782,0.008651162376637798,0.3,91.84806916210059,0.00555368030400057,2000000.0,20.0,62.47550066414984,0.005334524213421127,195.15940916180932,11709.915137472728,-83.62763791296055,36.23554417323393,85.99066913412528,2.3630312211647295,7.999354071590804,339.9728868074878,278912858719193.03,4.884601168613933,38.12673567012574,349.96137980318684,7.999112883606465,1.6555352137147189e+21,0.04467543076751628,0.5,0.0009837833182870096,91.84806916210059,bohm,0.18,1.0,0.05555555555555556,0.0,0,0,0,0,40623180880339.71,4.715706361470476,16.345583253215032,339.9728868074878,7.999354071590804,1.7042266585424656e+21,0.049276481125794545,0.2,0.0025328273203119606,59.70124495536538,bohm,0.4814,1.0,0.06231823847112588,0.0,0,0,0,0,8.362964752830373e+16,6.525436123905003,7.8047814709453505,17.431115162512867,32.9999956952829,85.99066913412528,0.034093890573258165,8.362964752830373e+16,6.525436123905003,7.804781470945351,1.0,1.0,1.3891821122088205e-12,0.9999999999986108,0,0,3842371090806735.0,5403567530315896.0,1101465494058595.6,641734548608030.2,0.045945082926558044,4.905798283707686,4.905798283707686,4302102036257300.5,30968753309110.54,11014654940570.652,-0.004938879808580135,41983408249681.19,1.0,4.58528071005356e-13,0.9999999999995415,0,0,3842371090806735.0,5403567530315896.0,1101465494058595.6,641734548608030.2,0.0,4.905798283707686,4.905798283707686,4302102036257300.5,10495855240695.734,10495855240695.734,1.0,6.032693143103589e-11,0.999999999939673,0,0,2.6321774015298376e+16,3.744390617461991e+16,7632680288918801.0,4143228418516065.0,0.0,4.90573491319705,4.90573491319705,2.981122588570111e+16,1454586530698600.2,1454586530698600.2,8.661463142879774e-23,0.0,0.0,1101465494058595.6,2099171048140109.5,641734548608030.2,1101465494058595.6,2099171048140109.5,641734548608030.2,7632680288918801.0,1.454586530786351e+16,4143228418516065.0
3.1155778894472363e-07,ignition,-83.27233565870263,35.97549183932461,54.48053661365626,101946405097956.06,4.774384253083278,54.474956294802325,13560000.0,300.0,0.1815831876493411,62.5,58.34967667798293,0.9335948268477269,0.008802980603730238,0.3,91.4370031201579,0.005580318853943623,2000000.0,20.0,62.21006585365132,0.005370118190559473,193.50461467578168,11582.871035771552,-83.27233565870263,35.97549183932461,85.62532725252986,2.3529915938272272,7.999343485139417,339.97244242169154,283822780341120.44,4.824210087608486,38.13246940636162,349.9607471457953,7.999098354424598,1.6555351995480762e+21,0.045467246183708,0.5,0.0009691893857850476,91.4370031201579,bohm,0.18,1.0,0.05555555555555556,0.0,0,0,0,0,41320946683567.94,4.660304042578447,16.34806720729464,339.97244242169154,7.999343485139417,1.7042266307771797e+21,0.05003583206706769,0.2,0.0024965551389920264,59.434052028102634,bohm,0.4814,1.0,0.06231823847112588,0.0,0,0,0,0,8.456494117573064e+16,6.595868827931744,7.814676693860121,17.243181903841098,32.99999490198446,85.62532725252986,0.033726308446777556,8.456494117573064e+16,6.595868827931744,7.814676693860121,1.0,1.0,1.4429843925159294e-12,0.999999999998557,0,0,3925811294953053.5,5512729379224106.0,1123717105157673.4,660516126044294.1,0.04642362710091644,4.905798224412178,4.905798224412178,4389012274066432.5,31594377017966.64,11237171051560.52,-0.005328848316253027,42831548069527.16,1.0,4.762866112742181e-13,0.9999999999995237,0,0,3925811294953053.5,5512729379224106.0,1123717105157673.4,660516126044294.1,0.0,4.905798224412178,4.905798224412178,4389012274066432.5,10707890318750.33,10707890318750.33,1.0,6.278857836478274e-11,0.9999999999372114,0,0,2.6909527705924548e+16,3.821723146958607e+16,7790319370037925.0,4272934976414329.5,0.0,4.905733597594475,4.905733597594475,3.0426912099548148e+16,1484627335854012.2,1484627335854012.2,8.996917040115121e-23,0.0,0.0,1123717105157673.4,2141578063751086.2,660516126044294.1,1123717105157673.4,2141578063751086.2,660516126044294.1,7790319370037925.0,1.4846273359472296e+16,4272934976414329.5
3.165829145728643e-07,ignition,-82.92501616290409,35.723213581203325,54.48873575909274,103693771612184.78,4.71766573575434,54.48312920624351,13560000.0,300.0,0.18161043068747837,62.5,58.35405363289014,0.9336648581262423,0.008954462712471772,0.3,91.03884153548512,0.0056065528492287835,2000000.0,20.0,61.950594703539224,0.005405271067877572,191.89380920610913,11459.538307143086,-82.92501616290409,35.723213581203325,85.26819369486404,2.343177531959961,7.999332898762196,339.97199803878,288722360287847.6,4.766072641961728,38.13819044437046,349.96011450258544,7.99908382561125,1.6555351853905645e+21,0.046254710394398595,0.5,0.0009551229642810111,91.03884153548512,bohm,0.18,1.0,0.05555555555555556,0.0,0,0,0,0,42017575386963.84,4.606790258165776,16.350545314722282,339.97199803878,7.999332898762196,1.704226603013162e+21,0.050791016505349895,0.2,0.0024615173088965983,59.175246998065326,bohm,0.4814,1.0,0.06231823847112588,0.0,0,0,0,0,8.549548304146229e+16,6.665427781897186,7.824143499923176,17.060711283305338,32.99999399210214,85.26819369486404,0.03336941079928593,8.549548304146229e+16,6.665427781897186,7.824143499923176,1.0,1.0,1.49786346164451e-12,0.9999999999985021,0,0,4009527408560385.5,5622043052446215.0,1145999664736815.0,679483685587800.6,0.046897535003292586,4.905798165078301,4.905798165078301,4476043387709400.0,32220870809641.934,11459996647350.984,-0.0057418856986294455,43680867456992.914,1.0,4.944005677129581e-13,0.9999999999995056,0,0,4009527408560385.5,5622043052446215.0,1145999664736815.0,679483685587800.6,0.0,4.905798165078301,4.905798165078301,4476043387709400.0,10920220291173.453,10920220291173.453,1.0,6.53005801110428e-11,0.9999999999346995,0,0,2.7499312644642056e+16,3.899163108556038e+16,7948177527589973.0,4404036614261616.0,0.0,4.905732282678811,4.905732282678811,3.1043453557970412e+16,1514709850180135.5,1514709850180135.5,9.339084658757926e-23,0.0,0.0,1145999664736815.0,2184044058235770.0,679483685587800.6,1145999664736815.0,2184044058235770.0,679483685587800.6,7948177527589973.0,1.5147098502790468e+16,4404036614261616.0
3.21608040201005e-07,ignition,-82.58538072020158,35.47836550889864,54.496918606073535,105438018518687.6,4.662941579446751,54.491286212367505,13560000.0,300.0,0.1816376207078917,62.5,58.35842174247834,0.9337347478796535,0.009105650126840344,0.3,90.65262803050874,0.005632393706026493,2000000.0,20.0,61.696864060707796,0.0054399938646505185,190.3251517462729,11339.751010402968,-82.58538072020158,35.47836550889864,84.91896131537187,2.333580595170291,7.999322312459076,339.9715536587492,293612935202856.8,4.710016193830618,38.143900348657255,349.9594818735308,7.9990692971621025,1.655535171241415e+21,0.04703669929103438,0.5,0.0009415486736326021,90.65262803050874,bohm,0.18,1.0,0.05555555555555556,0.0,0,0,0,0,42713046290631.19,4.555076677087699,16.353018257416277,339.9715536587492,7.999322312459076,1.7042265752504173e+21,0.051542381862611855,0.2,0.0024276537296876914,58.92420821983068,bohm,0.4814,1.0,0.06231823847112588,0.0,0,0,0,0,8.642141143119602e+16,6.734129732272558,7.833200142007337,16.8834599950192,32.9999929530065,84.91896131537187,0.03302272174410136,8.642141143119602e+16,6.734129732272558,7.833200142007337,1.0,1.0,1.5538208053400191e-12,0.9999999999984461,0,0,4093520254048147.0,5731508711220836.0,1168313205663730.0,698637954154771.2,0.0473669682808546,4.905798105709771,4.905798105709771,4563195505557106.0,32848235608155.426,11683132056619.148,-0.006178911167608838,44531367664774.57,1.0,5.128704312795784e-13,0.9999999999994871,0,0,4093520254048147.0,5731508711220836.0,1168313205663730.0,698637954154771.2,0.0,4.905798105709771,4.905798105709771,4563195505557106.0,11132845471142.518,11132845471142.518,1.0,6.786300313064707e-11,0.999999999932137,0,0,2.809095751154695e+16,3.976698310169299e+16,8106229909308063.0,4536434228470078.0,0.0,4.905730968231007,4.905730968231007,3.166075319238493e+16,1544829337272044.0,1544829337272044.0,9.687975272823136e-23,0.0,0.0,1168313205663730.0,2226569094229645.5,698637954154771.2,1168313205663730.0,2226569094229645.5,698637954154771.2,8106229909308063.0,1.5448293373768808e+16,4536434228470078.0
3.2663316582914573e-07,ignition,-82.2531391493434,35.24061000378817,54.505085879362866,107179248508274.8,4.6100987154896425,54.499428026207916,13560000.0,300.0,0.1816647600873597,62.5,58.362781390523146,0.9338045022483703,0.009256556062130683,0.3,90.27770952393294,0.005657853154949753,2000000.0,20.0,61.448657140139126,0.005474298025103141,188.79687321631857,11223.35038330769,-82.2531391493434,35.24061000378817,84.57733173327124,2.3241925839278372,7.999311726229939,339.97110928159555,298494929676586.7,4.655916025353531,38.14959961834554,349.95884925860764,7.999054769075497,1.6555351571003975e+21,0.04781311277234444,0.5,0.000928438750015023,90.27770952393294,bohm,0.18,1.0,0.05555555555555556,0.0,0,0,0,0,43407354785504.195,4.5050763081628,16.355486261017326,339.97110928159555,7.999311726229939,1.7042265474889393e+21,0.05229014189857414,0.2,0.0023949066137883435,58.680511190556416,bohm,0.4814,1.0,0.06231823847112588,0.0,0,0,0,0,8.734285010184098e+16,6.801992612624451,7.8418641728756056,16.711195271199053,32.99999177120718,84.57733173327124,0.03268578600621272,8.734285010184098e+16,6.801992612624451,7.8418641728756056,1.0,1.0,1.6108579214489406e-12,0.9999999999983892,0,0,4177788777736824.5,5841125221927748.0,1190657496861735.0,717978549532546.6,0.04783206379074601,4.905798046309239,4.905798046309239,4650467725066013.0,33476464916456.85,11906574968598.172,-0.006640863583670672,45383039885055.016,1.0,5.316966953665731e-13,0.9999999999994683,0,0,4177788777736824.5,5841125221927748.0,1190657496861735.0,717978549532546.6,0.0,4.905798046309239,4.905798046309239,4650467725066013.0,11345763656706.682,11345763656706.682,1.0,7.047590808087646e-11,0.999999999929524,0,0,2.868441136277379e+16,4.054325304823008e+16,8264469488971583.0,4670097292486882.0,0.0,4.905729654194079,4.905729654194079,3.2278783559258496e+16,1574984458020534.2,1574984458020534.2,1.0043598207256417e-22,0.0,0.0,1190657496861735.0,2269152731342543.0,717978549532546.6,1190657496861735.0,2269152731342543.0,717978549532546.6,8264469488971583.0,1.5749844581315328e+16,4670097292486882.0
3.316582914572864e-07,ignition,-81.92801439181116,35.009625540136724,54.51323741940985,108917435814658.39,4.559044671378767,54.50755447675324,13560000.0,300.0,0.18169184825584414,62.5,58.367132487360365,0.9338741197977658,0.009407177348480142,0.3,89.91360635587853,0.00568294265661387,2000000.0,20.0,61.20576696038446,0.005508194793354891,187.30729546044446,11110.186352670706,-81.92801439181116,35.009625540136724,84.24302006131698,2.315005669505814,7.99930114007468,339.9706649073156,303368238322054.1,4.603675287534384,38.15528813372727,349.9582166577928,7.999040241351407,1.655535142967616e+21,0.048584422244048596,0.5,0.0009157700905616357,89.91360635587853,bohm,0.18,1.0,0.05555555555555556,0.0,0,0,0,0,44100501645526.484,4.456706369143674,16.357949285682583,339.9706649073156,7.99930114007468,1.7042265197287225e+21,0.05303446053114848,0.2,0.002363221417880936,58.44384413132104,bohm,0.4814,1.0,0.06231823847112588,0.0,0,0,0,0,8.825991460086506e+16,6.8690343387666495,7.85015228986025,16.543697052901138,32.999990432349,84.24302006131698,0.03235817316807265,8.825991460086506e+16,6.8690343387666495,7.85015228986025,1.0,1.0,1.6689762947489116e-12,0.999999999998331,0,0,4262331327491550.5,5950891047554098.0,1213032225026469.5,737504729990391.0,0.0482929464272309,4.905797986878909,4.905797986878909,4737858822527628.0,34105549925580.754,12130322250244.45,-0.007128701326058998,46235872175825.195,1.0,5.508798499485545e-13,0.9999999999994491,0,0,4262331327491550.5,5950891047554098.0,1213032225026469.5,737504729990391.0,0.0,4.905797986878909,4.905797986878909,4737858822527628.0,11558971862367.082,11558971862367.082,1.0,7.313935437584632e-11,0.9999999999268606,0,0,2.927969731660574e+16,4.132046158624264e+16,8422900478240979.0,4805036686845052.0,0.0,4.905728340609803,4.905728340609803,3.289756110800166e+16,1605176015034569.5,1605176015034569.5,1.0405962717906032e-22,0.0,0.0,1213032225026469.5,2311794372474690.0,737504729990391.0,1213032225026469.5,2311794372474690.0,737504729990391.0,8422900478240979.0,1.6051760151519708e+16,4805036686845052.0
3.366834170854271e-07,ignition,-81.60974595542909,34.78511356233647,54.52137325300431,110652579694618.7,4.509690412415823,54.515665580063356,13560000.0,300.0,0.18171888526687785,62.5,58.37147504350014,0.9339436006960022,0.009557514283262817,0.3,89.55983797738936,0.005707672940964219,2000000.0,20.0,60.967998916173265,0.0055416947054328265,185.85484459212523,11000.118537872106,-81.60974595542909,34.78511356233647,83.91575844671475,2.306012491285656,7.999290553993189,339.97022053590575,308232867912081.25,4.553199360782846,38.160965906044346,349.9575840710625,7.999025713989473,1.655535128843108e+21,0.04935095357773002,0.5,0.0009035205351221057,89.55983797738936,bohm,0.18,1.0,0.05555555555555556,0.0,0,0,0,0,44792483622131.195,4.409890275945457,16.36040734695997,339.97022053590575,7.999290553993189,1.7042264919697622e+21,0.05377552398883574,0.2,0.002332547455383095,58.21389468530309,bohm,0.4814,1.0,0.06231823847112588,0.0,0,0,0,0,8.917271672264762e+16,6.93527182258688,7.858080240387016,16.38075943576648,32.999988921219895,83.91575844671475,0.032039480497363215,8.917271672264762e+16,6.935271822586879,7.858080240387016,1.0,1.0,1.7281773893867557e-12,0.9999999999982718,0,0,4347146914916975.0,6060805177149556.0,1235437184086299.2,757216105940018.1,0.04874974178972064,4.905797927421124,4.905797927421124,4825367993063257.0,34735484841521.535,12354371840841.643,-0.007643402291516319,47089856682363.17,1.0,5.704203785713599e-13,0.9999999999994296,0,0,4347146914916975.0,6060805177149556.0,1235437184086299.2,757216105940018.1,0.0,4.905797927421124,4.905797927421124,4825367993063257.0,11772468124446.574,11772468124446.574,1.0,7.585340351237487e-11,0.9999999999241466,0,0,2.987682363399335e+16,4.2098618578839944e+16,8581524887720631.0,4941254830594672.0,0.0,4.905727027498245,4.905727027498245,3.351709369111931e+16,1635404391443754.2,1635404391443754.2,1.0775077938213554e-22,0.0,0.0,1235437184086299.2,2354493624890658.0,757216105940018.1,1235437184086299.2,2354493624890658.0,757216105940018.1,8581524887720631.0,1.635404391567805e+16,4941254830594672.0
3.4170854271356783e-07,ignition,-81.29808692091737,34.56679333601216,54.529493441535735,112384684692897.11,4.461952210676617,54.523761387282285,13560000.0,300.0,0.18174587129094094,62.5,58.37580908822714,0.9340129454116343,0.00970756781411555,0.3,89.21594731028313,0.005732054253444864,2000000.0,20.0,60.73516854210613,0.005574807850895105,184.4380348919019,10893.014810659379,-81.29808692091737,34.56679333601216,83.59529299308981,2.2972060721724463,7.999279967985369,339.9697761673625,313088846272670.8,4.504399192493953,38.1666329710976,349.95695149839327,7.999011186989255,1.655535114726894e+21,0.05011298701458271,0.5,0.000891669282965276,89.21594731028313,bohm,0.18,1.0,0.05555555555555556,0.0,0,0,0,0,45483297499639.22,4.364556189898865,16.362860470438132,339.9697761673625,7.999279967985369,1.7042264642120544e+21,0.054513509493657235,0.2,0.0023028372243873284,57.99036575168403,bohm,0.4814,1.0,0.06231823847112588,0.0,0,0,0,0,9.00813632956103e+16,7.0007214379896014,7.865662950063895,16.222188578383353,32.99998722173926,83.59529299308981,0.0317293288559191,9.00813632956103e+16,7.0007214379896014,7.865662950063895,1.0,1.0,1.7884626623782752e-12,0.9999999999982115,0,0,4432234646131991.0,6170866699404485.0,1257872188280374.8,777112323288255.2,0.04920257069808329,4.905797867938093,4.905797867938093,4912994511124110.0,35366264441332.625,12578721882781.25,-0.00818596406948177,47944986324113.87,1.0,5.90318762576742e-13,0.9999999999994097,0,0,4432234646131991.0,6170866699404485.0,1257872188280374.8,777112323288255.2,0.0,4.905797867938093,4.905797867938093,4912994511124110.0,11986250672809.729,11986250672809.729,1.0,7.861811729564257e-11,0.9999999999213819,0,0,3.047579505775712e+16,4.287773110687663e+16,8740344160880008.0,5078752272640502.0,0.0,4.905725714873858,4.905725714873858,3.4137386945996624e+16,1665669862292709.5,1665669862292709.5,1.1150952960025134e-22,0.0,0.0,1257872188280374.8,2397250134563361.0,777112323288255.2,1257872188280374.8,2397250134563361.0,777112323288255.2,8740344160880008.0,1.665669862423661e+16,5078752272640502.0
3.4673366834170855e-07,ignition,-80.99280294472803,34.354400161345865,54.53759813731819,114113769233666.36,4.415750509467434,54.53184204091538,13560000.0,300.0,0.18177280680305127,62.5,58.38013469971794,0.9340821551954871,0.009857340581997916,0.3,88.88149208196354,0.005756096402818575,2000000.0,20.0,60.50710076770573,0.005607543913642207,183.05546216566478,10788.750646485129,-80.99280294472803,34.354400161345865,83.2813827351465,2.28857979041847,7.999269382051117,339.96933180168236,317936256054740.5,4.457189882318416,38.17228942864076,349.95631893976145,7.998996660350117,1.6555351006189542e+21,0.05087072200912427,0.5,0.0008801966436664367,88.88149208196354,bohm,0.18,1.0,0.05555555555555556,0.0,0,0,0,0,46172940293308.3,4.320636509984876,16.365308708677432,339.96933180168236,7.999269382051117,1.7042264364555955e+21,0.05524858642428128,0.2,0.002274046118034854,57.77296985327631,bohm,0.4814,1.0,0.06231823847112588,0.0,0,0,0,0,9.098595533226525e+16,7.065399070240547,7.872914580796921,16.06780176012512,32.99998531695416,83.2813827351465,0.03142736085693422,9.098595533226525e+16,7.065399070240548,7.872914580796921,1.0,1.0,1.8498335627951965e-12,0.9999999999981501,0,0,4517593760581642.0,6281074851146588.0,1280337082044198.0,797193073523451.0,0.04965155055067738,4.905797808431953,4.905797808431953,5000737769102390.0,35997884351069.61,12803370820418.297,-0.008757404009949267,48801255171487.9,1.0,6.105754800685671e-13,0.9999999999993894,0,0,4517593760581642.0,6281074851146588.0,1280337082044198.0,797193073523451.0,0.0,4.905797808431953,4.905797808431953,5000737769102390.0,12200318025062.516,12200318025062.516,1.0,8.143355797226467e-11,0.9999999999185665,0,0,3.107660721043099e+16,4.365779903442261e+16,8899358270117909.0,5217524716244203.0,0.0,4.905724402737657,4.905724402737657,3.47584407643047e+16,1695972422268779.0,1695972422268779.0,1.1533596814535596e-22,0.0,0.0,1280337082044198.0,2440063605013993.5,797193073523451.0,1280337082044198.0,2440063605013993.5,797193073523451.0,8899358270117909.0,1.6959724224068878e+16,5217524716244203.0
3.517587939698492e-07,ignition,-80.69367104679198,34.14768357758514,54.5456874479434,115839845941205.08,4.371011449878527,54.53990763911482,13560000.0,300.0,0.18179969213038275,62.5,58.38445193238245,0.9341512309181191,0.010006834405815554,0.3,88.55606316411357,0.005779808828579376,2000000.0,20.0,60.283629011781905,0.005639912242148134,181.70579634150766,10687.20843484736,-80.69367104679198,34.14768357758514,82.97379839216107,2.2801273453690856,7.999258796190344,339.9688874388618,322775153339843.94,4.411493098639768,38.17793534738038,349.95568639514374,7.998982134071483,1.65553508651928e+21,0.05162436603029788,0.5,0.0008690843352689217,88.55606316411357,bohm,0.18,1.0,0.05555555555555556,0.0,0,0,0,0,46861410141658.8,4.278067381067535,16.367752100563024,339.9688874388618,7.999258796190344,1.7042264087003836e+21,0.05598090976679244,0.2,0.002246132137759252,57.56144105667382,bohm,0.4814,1.0,0.06231823847112588,0.0,0,0,0,0,9.188658814504355e+16,7.129320226178219,7.8798485905779385,15.917426375912495,32.999983189035376,82.97379839216107,0.031133238898797246,9.188658814504355e+16,7.129320226178219,7.8798485905779385,1.0,1.0,1.9122915312660565e-12,0.9999999999980878,0,0,4603223479887510.0,6391428896478790.0,1302831715373057.5,817458014154835.2,0.05009679402418657,4.905797748904697,4.905797748904697,5088597181105732.0,36630340353107.68,13028317153705.662,-0.009358759281268725,49658657506813.336,1.0,6.311910065561395e-13,0.9999999999993688,0,0,4603223479887510.0,6391428896478790.0,1302831715373057.5,817458014154835.2,0.0,4.905797748904697,4.905797748904697,5088597181105732.0,12414668751790.25,12414668751790.25,1.0,8.429978773972603e-11,0.9999999999157002,0,0,3.1679258004699116e+16,4.443882350653781e+16,9058567448950390.0,5357569396062084.0,0.0,4.905723091092831,4.905723091092831,3.5380256057587416e+16,1726312115823136.5,1726312115823136.5,1.1923018484451596e-22,0.0,0.0,1302831715373057.5,2482933750359617.0,817458014154835.2,1302831715373057.5,2482933750359617.0,817458014154835.2,9058567448950390.0,1.7263121159686642e+16,5357569396062084.0
3.5678391959798993e-07,ignition,-80.40047927522089,33.946407382737576,54.55376147747742,117562927125726.97,4.327665829645136,54.5479582769087,13560000.0,300.0,0.18182652758969567,62.5,58.38876083893881,0.9342201734230209,0.010156051046574117,0.3,88.23927516886185,0.005803200568728898,2000000.0,20.0,60.064594931941244,0.005671921814802144,180.38777821690906,10588.27714632939,-80.40047927522089,33.946407382737576,82.67232202320923,2.2718427479883463,7.999248210402944,339.96844307889745,327605592364357.8,4.367235561100871,38.18357079383609,349.955053864517,7.998967608152775,1.6555350724278606e+21,0.05237411309280738,0.5,0.0008583152394562785,88.23927516886185,bohm,0.18,1.0,0.05555555555555556,0.0,0,0,0,0,47548705379516.7,4.236788729979392,16.370190683641336,339.96844307889745,7.999248210402944,1.7042263809464135e+21,0.05671062529838141,0.2,0.002219055803619226,57.355528859760206,bohm,0.4814,1.0,0.06231823847112588,0.0,0,0,0,0,9.278335309581862e+16,7.1924999510506336,7.886477761775865,15.77089944585963,32.999980819280786,82.67232202320923,0.03084664420599946,9.278335309581862e+16,7.1924999510506336,7.886477761775866,1.0,1.0,1.9758380046105467e-12,0.9999999999980241,0,0,4689123050951755.0,6501928133784872.0,1325355945250058.2,837906807666999.2,0.0505384090409972,4.905797689358187,4.905797689358187,5176572188534814.0,37263628426291.94,13253559452474.396,-0.009991086985233962,50517187878766.32,1.0,6.521658162827453e-13,0.9999999999993479,0,0,4689123050951755.0,6501928133784872.0,1325355945250058.2,837906807666999.2,0.0,4.905797689358187,4.905797689358187,5176572188534814.0,12629301490165.252,12629301490165.252,1.0,8.721686885945302e-11,0.9999999999127831,0,0,3.228374512933435e+16,4.522080535848504e+16,9217971867744450.0,5498883506338210.0,0.0,4.905721779941833,4.905721779941833,3.600283349074059e+16,1756688975371956.5,1756688975371956.5,1.2319226928608812e-22,0.0,0.0,1325355945250058.2,2525860298034697.5,837906807666999.2,1325355945250058.2,2525860298034697.5,837906807666999.2,9217971867744450.0,1.7566889755251692e+16,5498883506338210.0
3.6180904522613065e-07,ignition,-80.11302565990356,33.75034749998326,54.56182030022339,119283021451371.48,4.285649150803147,54.55599401988615,13560000.0,300.0,0.1818533133996205,62.5,58.3930614563313,0.9342889833013008,0.010304991719649362,0.3,87.9307700568189,0.005826280337249327,2000000.0,20.0,59.8498476428529,0.0057035813112388725,179.10021314363527,10491.851731857489,-80.11302565990356,33.75034749998326,82.37674595119478,2.2637202912912135,7.9992376246888295,339.9679987217859,332427609727118.7,4.324349379216481,38.1891958139203,349.9544213478583,7.99895308259343,1.655535058344689e+21,0.053120155976739324,0.5,0.0008478734030052295,87.9307700568189,bohm,0.18,1.0,0.05555555555555556,0.0,0,0,0,0,48234825359455.734,4.196743646453921,16.372624486303092,339.9679987217859,7.9992376246888295,1.7042263531936835e+21,0.05743786783628353,0.2,0.0021927798598498226,57.155000536932285,bohm,0.4814,1.0,0.06231823847112588,0.0,0,0,0,0,9.367633559669176e+16,7.254952938987451,7.892814256818541,15.628066745238849,32.999978188115165,82.37674595119478,0.030567275127415222,9.367633559669176e+16,7.25495293898745,7.892814256818541,1.0,1.0,2.0404744078735185e-12,0.9999999999979595,0,0,4775291753158378.0,6612571936691342.0,1347909643995798.2,858539104458631.6,0.050976500337477124,4.9057976297942085,4.9057976297942085,5264662292695544.0,37897744980697.6,13479096439930.479,-0.010655464147684524,51376841420628.07,1.0,6.735003796109535e-13,0.9999999999993265,0,0,4775291753158378.0,6612571936691342.0,1347909643995798.2,858539104458631.6,0.0,4.9057976297942085,4.9057976297942085,5264662292695544.0,12844215023511.086,12844215023511.086,1.0,9.018486366667203e-11,0.9999999999098151,0,0,3.2890067075009704e+16,4.600374552807842e+16,9377571717771240.0,5641464982473769.0,0.0,4.905720469287127,4.905720469287127,3.6626173810307176e+16,1787103037315300.0,1787103037315300.0,1.2722231032834918e-22,0.0,0.0,1347909643995798.2,2568843004703947.5,858539104458631.6,1347909643995798.2,2568843004703947.5,858539104458631.6,9377571717771240.0,1.7871030374764696e+16,5641464982473769.0
3.668341708542713e-07,ignition,-79.83111772249198,33.55929144487949,54.56986396704439,121000134642110.0,4.2449011497911515,54.56401491051848,13560000.0,300.0,0.18188004970172827,62.5,58.397353809118826,0.9343576609459012,0.010453657211944465,0.3,87.63021383745773,0.005849056525914736,2000000.0,20.0,59.63924335017496,0.005734899111516756,177.8419673690694,10397.832763977734,-79.83111772249198,33.55929144487949,82.08687225898942,2.255754536497433,7.999227039047905,339.96755436752363,337241228173585.1,4.282771433404976,38.19481043736293,349.95378884514474,7.9989385573929175,1.6555350442697627e+21,0.05386268455401387,0.5,0.0008377439218652375,87.63021383745773,bohm,0.18,1.0,0.05555555555555556,0.0,0,0,0,0,48919770131618.305,4.1578782486692605,16.37505352968146,339.96755436752363,7.999227039047905,1.7042263254421904e+21,0.058162763579811975,0.2,0.0021672691462066053,56.95963899434753,bohm,0.4814,1.0,0.06231823847112588,0.0,0,0,0,0,9.456561564836216e+16,7.316693514576752,7.898869650442164,15.488782279526216,32.999975275095466,82.08687225898942,0.030294846109533778,9.456561564836216e+16,7.316693514576752,7.898869650442164,1.0,1.0,2.1062021533624416e-12,0.9999999999978938,0,0,4861728920305212.0,6723359763728779.0,1370492701237739.5,879354559051912.4,0.05141116976791358,4.905797570214478,4.905797570214478,5352867062491040.0,38532686913001.01,13704927012348.53,-0.011352987769173126,52237613925349.52,1.0,6.951951626168407e-13,0.9999999999993048,0,0,4861728920305212.0,6723359763728779.0,1370492701237739.5,879354559051912.4,0.0,4.905797570214478,4.905797570214478,5352867062491040.0,13059408300068.723,13059408300068.723,1.0,9.320383460133828e-11,0.9999999999067961,0,0,3.3498223058506908e+16,4.678764513591544e+16,9537367227560680.0,5785312377712827.0,0.0,4.905719159131304,4.905719159131304,3.725027790835476e+16,1817554345153936.8,1817554345153936.8,1.3132039601764486e-22,0.0,0.0,1370492701237739.5,2611881660015560.5,879354559051912.4,1370492701237739.5,2611881660015560.5,879354559051912.4,9537367227560680.0,1.81755434532334e+16,5785312377712827.0
3.7185929648241203e-07,ignition,-79.55457272359627,33.373040630771854,54.57789257221918,122714277974512.64,4.205364462466973,54.57202103514248,13560000.0,300.0,0.18190673678380825,62.5,58.401637945321404,0.9344262071251425,0.010602049123382388,0.3,87.33728123560645,0.005871537076702647,2000000.0,20.0,59.432645535225795,0.00576588318065654,176.61196776578973,10306.126400487847,-79.55457272359627,33.373040630771854,81.80251304361268,2.247940320016421,7.999216453480073,339.9671100161073,342046496792898.2,4.242441126597574,38.20041472459973,349.9531563563534,7.9989240325506605,1.6555350302030713e+21,0.05460186038995282,0.5,0.0008279126278794952,87.33728123560645,bohm,0.18,1.0,0.05555555555555556,0.0,0,0,0,0,49603538368384.14,4.120142429954859,16.377477847619446,339.9671100161073,7.999216453480073,1.7042262976919304e+21,0.05888543365995732,0.2,0.0021424907435466734,56.7692328031442,bohm,0.4814,1.0,0.06231823847112588,0.0,0,0,0,0,9.545127511170864e+16,7.3777354150469066,7.904654928672355,15.3529082126496,32.99997205892923,81.80251304361268,0.030029087556119292,9.545127511170864e+16,7.3777354150469066,7.904654928672355,1.0,1.0,2.1730226743404373e-12,0.999999999997827,0,0,4948433808543857.0,6834290936661152.0,1393104978724809.8,900352829332323.9,0.051842511299640584,4.905797510620468,4.905797510620468,5441185957936342.0,39168450336043.49,13931049787217.824,-0.012084775256131,53099500123261.305,1.0,7.172506383772717e-13,0.9999999999992828,0,0,4948433808543857.0,6834290936661152.0,1393104978724809.8,900352829332323.9,0.0,4.905797510620468,4.905797510620468,5441185957936342.0,13274880002424.096,13274880002424.096,1.0,9.62738439489639e-11,0.9999999999037261,0,0,3.410821093242708e+16,4.757250497395406e+16,9697358558652518.0,5930423075778049.0,0.0,4.905717849476366,4.905717849476366,3.7875146415301544e+16,1848042929621733.5,1848042929621733.5,1.3548661572342538e-22,0.0,0.0,1393104978724809.8,2654976000486723.5,900352829332323.9,1393104978724809.8,2654976000486723.5,900352829332323.9,9697358558652518.0,1.8480429297996516e+16,5930423075778049.0
3.7688442211055275e-07,ignition,-79.28321583564012,33.19140479671626,54.58590616923097,124425457920584.34,4.1669857130349515,54.580012439508394,13560000.0,300.0,0.1819333747983613,62.5,58.40591389122573,0.9344946222596117,0.010750168301642389,0.3,87.05167320551284,0.005893729722568794,2000000.0,20.0,59.2299235899836,0.005796541284882885,175.40919242376475,10216.643496073268,-79.28321583564012,33.19140479671626,81.52348853745852,2.240272701818406,7.999205867985244,339.9666656675336,346843440336936.94,4.2033026927450745,38.206008707655876,349.9525238814616,7.9989095080661095,1.6555350161446087e+21,0.05533784766094877,0.5,0.000818366340355041,87.05167320551284,bohm,0.18,1.0,0.05555555555555556,0.0,0,0,0,0,50286130448466.81,4.083488162299011,16.379897461575087,339.9666656675336,7.999205867985244,1.7042262699429016e+21,0.05960599038842687,0.2,0.002118413374761664,56.58358758358335,bohm,0.4814,1.0,0.06231823847112588,0.0,0,0,0,0,9.633338715297579e+16,7.438092158980688,7.910180578172569,15.220313599464241,32.999968517468744,81.52348853745852,0.029769743349033463,9.633338715297579e+16,7.438092158980688,7.910180578172569,1.0,1.0,2.240937374268702e-12,0.999999999997759,0,0,5035405799511340.0,6945364977033977.0,1415746378929448.2,921533580336259.6,0.052270619235210744,4.90579745101371,4.90579745101371,5529618598104529.0,39805032507651.734,14157463789262.758,-0.012851963954787425,53962496296914.48,1.0,7.396672701211487e-13,0.9999999999992604,0,0,5035405799511340.0,6945364977033977.0,1415746378929448.2,921533580336259.6,0.0,4.90579745101371,4.90579745101371,5529618598104529.0,13490629201218.182,13490629201218.182,1.0,9.939495416507664e-11,0.9999999999006051,0,0,3.472002901951256e+16,4.835832532012054e+16,9857545767806456.0,6076795235004930.0,0.0,4.905716540323144,4.905716540323144,3.850077955231409e+16,1878568801483397.5,1878568801483397.5,1.3972105694380905e-22,0.0,0.0,1415746378929448.2,2698125840245632.0,921533580336259.6,1415746378929448.2,2698125840245632.0,921533580336259.6,9857545767806456.0,1.8785688016701176e+16,6076795235004930.0
3.8190954773869347e-07,ignition,-79.01688033030018,33.01420396037846,54.593904810657634,126133680887900.78,4.129714604847094,54.587989168775536,13560000.0,300.0,0.18195996389591845,62.5,58.41018167279118,0.9345629067646589,0.010898015583452174,0.3,86.77310626522687,0.005915641882102645,2000000.0,20.0,59.03095295711615,0.005826880897287345,174.232670351263,10129.299569088696,-79.01688033030018,33.01420396037846,81.24962730103101,2.23274697073082,7.999195282563324,339.9662213217992,351632083218452.1,4.165303610440669,38.21159241814287,349.9518914204467,7.998894983938708,1.6555350020943664e+21,0.05607080106545462,0.5,0.0008090926438569396,86.77310626522687,bohm,0.18,1.0,0.05555555555555556,0.0,0,0,0,0,50967546777717.01,4.047870130812667,16.382312392514763,339.9662213217992,7.999195282563324,1.7042262421951005e+21,0.060324539714911474,0.2,0.0020950075296647885,56.40251907239747,bohm,0.4814,1.0,0.06231823847112588,0.0,0,0,0,0,9.721202232284693e+16,7.497776868333747,7.915456585718835,15.09087432092532,32.99996462773002,81.24962730103101,0.029516570721439282,9.721202232284693e+16,7.497776868333748,7.915456585718834,1.0,1.0,2.3099476561065725e-12,0.9999999999976901,0,0,5122644277050052.0,7056581409786990.0,1438416805015974.2,942896477295009.8,0.052695583886090185,4.9057973913956205,4.9057973913956205,5618164604771016.0,40442430705105.336,14384168050126.516,-0.013655711525089233,54826598755231.836,1.0,7.624455209120277e-13,0.9999999999992376,0,0,5122644277050052.0,7056581409786990.0,1438416805015974.2,942896477295009.8,0.0,4.9057973913956205,4.9057973913956205,5618164604771016.0,13706654973684.887,13706654973684.887,1.0,1.0256722770782624e-10,0.9999999998974328,0,0,3.5333675642864984e+16,4.914510643876654e+16,1.0017928909015158e+16,6224427022128761.0,0.0,4.905715231672361,4.905715231672361,3.9127177529751384e+16,1909131970976292.8,1909131970976292.8,1.4402380714543792e-22,0.0,0.0,1438416805015974.2,2741330994739067.5,942896477295009.8,1438416805015974.2,2741330994739067.5,942896477295009.8,1.0017928909015158e+16,1.9091319711721068e+16,6224427022128761.0
3.8693467336683414e-07,ignition,-78.7554074894776,32.84126927355251,54.60188856988731,127838955710738.9,4.093503363992235,54.595951289284066,13560000.0,300.0,0.18198650429761357,62.5,58.41444132729726,0.9346310612367562,0.011045592198114379,0.3,86.50130634258586,0.005937280603244767,2000000.0,20.0,58.83561506347062,0.005856909147398018,173.08147999484453,10044.014657879976,-78.7554074894776,32.84126927355251,80.98076613140026,2.2253586419226634,7.999184697214223,339.96577697890064,356412462582752.8,4.128393674586854,38.21716590249884,349.9512589732859,7.9988804601679,1.6555349880523373e+21,0.05680086071491785,0.5,0.0008000797513739873,86.50130634258586,bohm,0.18,1.0,0.05555555555555556,0.0,0,0,0,0,51647786753400.96,4.013246026740595,16.384722667388463,339.96577697890064,7.999184697214223,1.704226214448525e+21,0.0610411826810275,0.2,0.0020722454870076776,56.22584912268081,bohm,0.4814,1.0,0.06231823847112588,0.0,0,0,0,0,9.808725262004246e+16,7.5568021696766134,7.920492450644643,14.964472865167146,32.99996036591464,80.98076613140026,0.02926933982961008,9.808725262004246e+16,7.5568021696766134,7.920492450644643,1.0,0.9999999999999999,2.3800549413290148e-12,0.9999999999976199,0,0,5210148543548220.0,7167939634221286.0,1461116134538498.5,964441178403931.5,0.05311748881101411,4.905797331767415,4.905797331767415,5706823499682788.0,41080641485625.35,14611161345350.209,-0.014497196250216792,55691802830975.55,1.0,7.855858599160263e-13,0.9999999999992144,0,0,5210148543548220.0,7167939634221286.0,1461116134538498.5,964441178403931.5,0.0,4.905797331767415,4.905797331767415,5706823499682788.0,13922956153018.014,13922956153018.014,1.0,1.057907269381908e-10,0.9999999998942093,0,0,3.594914908790778e+16,4.993284907836024e+16,1.0178508134953516e+16,6373316279454568.0,0.0,4.905713923525619,4.905713923525619,3.975434094340672e+16,1939732467144763.8,1939732467144763.8,1.4839495495739195e-22,0.0,0.0,1461116134538498.5,2784591230605790.0,964441178403931.5,1461116134538498.5,2784591230605790.0,964441178403931.5,1.0178508134953516e+16,1.9397324673499696e+16,6373316279454568.0
3.9195979899497485e-07,ignition,-78.4986447487464,32.67243676174796,54.60985747606816,129541286596132.0,4.058307634765235,54.60389882322507,13560000.0,300.0,0.18201299607741692,62.5,58.418692868392455,0.9346990858942793,0.011192898556657225,0.3,86.2360250726947,0.005958652843088492,2000000.0,20.0,58.64379593310397,0.005886633069745117,171.95474007217712,9960.712454314818,-78.4986447487464,32.67243676174796,80.71674815319109,2.2181034044447,7.999174111937853,339.9653326388347,361184589085707.3,4.0925271232580505,38.22272917625755,349.95062653995717,7.998865936753122,1.655534974018509e+21,0.05752816551910225,0.5,0.0007913167259055859,86.2360250726947,bohm,0.18,1.0,0.05555555555555556,0.0,0,0,0,0,52326852432940.24,3.9795746241130048,16.38712829981061,339.9653326388347,7.999174111937853,1.7042261867031723e+21,0.06175601289077498,0.2,0.0020501006749497706,56.05341629725156,bohm,0.4814,1.0,0.06231823847112588,0.0,0,0,0,0,9.89591373574841e+16,7.615180619220507,7.925297273296759,14.840997097334556,32.99995570739733,80.71674815319109,0.029027831346816864,9.89591373574841e+16,7.615180619220507,7.925297273296759,1.0,1.0,2.4512605950238763e-12,0.9999999999975487,0,0,5297918141034152.0,7279439406643082.0,1483844317823130.8,986167370037332.1,0.05353642202736401,4.905797272130516,4.905797272130516,5795595088819951.0,41719663452496.02,14838443178194.936,-0.015377616207648038,56558106630690.945,1.0,8.090887378417779e-13,0.9999999999991909,0,0,5297918141034152.0,7279439406643082.0,1483844317823130.8,986167370037332.1,0.0,4.905797272130516,4.905797272130516,5795595088819951.0,14139532265857.008,14139532265857.008,1.0,1.0906551448878738e-10,0.9999999998909345,0,0,3.656644638303218e+16,5.072155158600005e+16,1.0339283108800916e+16,6523461014633965.0,0.0,4.90571261588004,4.90571261588004,4.038226847719914e+16,1970370225744830.2,1970370225744830.2,1.5283458553303916e-22,0.0,0.0,1483844317823130.8,2827906453173689.5,986167370037332.1,1483844317823130.8,2827906453173689.5,986167370037332.1,1.0339283108800916e+16,1.9703702259597296e+16,6523461014633965.0
3.9698492462311557e-07,ignition,-78.24644720443257,32.50755447423644,54.61781159466644,131240681521923.19,4.024084879017682,54.61183182954534,13560000.0,300.0,0.1820394394318178,62.5,58.42293632937823,0.9347669812700518,0.011339935751354158,0.3,85.9770161959653,0.005979765121109465,2000000.0,20.0,58.45538731317291,0.005916059296603249,170.85161529665285,9879.32084390753,-78.24644720443257,32.50755447423644,80.45742436824693,2.210977163814361,7.999163526734117,339.9648883015981,365948495465756.6,4.05765935366818,38.22828228068173,349.9499941204376,7.99885141369381,1.6555349599928734e+21,0.05825284189650891,0.5,0.0007827930792821576,85.9770161959653,bohm,0.18,1.0,0.05555555555555556,0.0,0,0,0,0,53004743540645.38,3.946818030407038,16.38952931398471,339.9648883015981,7.999163526734117,1.7042261589590388e+21,0.06246912041578731,0.2,0.002028548292050328,55.88506052737745,bohm,0.4814,1.0,0.06231823847112588,0.0,0,0,0,0,9.982774290354634e+16,7.672924157222134,7.929879696149487,14.72034100023023,32.9999506267802,80.45742436824693,0.028791837911977577,9.982774290354634e+16,7.672924157222135,7.929879696149486,1.0,1.0,2.523566032958437e-12,0.9999999999974765,0,0,5385952397339504.0,7391080166090786.0,1506601240524044.2,1008074712296807.2,0.0539524609160343,4.905797212485987,4.905797212485987,5884478925566742.0,42359493390680.38,15066012405202.424,-0.01629819063060943,57425505795882.79,1.0,8.329546219692185e-13,0.999999999999167,0,0,5385952397339504.0,7391080166090786.0,1506601240524044.2,1008074712296807.2,0.0,4.905797212485987,4.905797212485987,5884478925566742.0,14356382222581.305,14356382222581.305,1.0,1.1239165275150103e-10,0.9999999998876083,0,0,3.7185565879099816e+16,5.1511214597281016e+16,1.0500253960224236e+16,6674859202267270.0,0.0,4.9057113087368585,4.9057113087368585,4.101096063705678e+16,2001045271435930.2,2001045271435930.2,1.5734278714059866e-22,0.0,0.0,1506601240524044.2,2871276444518653.0,1008074712296807.2,1506601240524044.2,2871276444518653.0,1008074712296807.2,1.0500253960224236e+16,2.0010452716608308e+16,6674859202267270.0
4.020100502512563e-07,ignition,-77.9986758919218,32.346476550456046,54.62575097406697,132937146790051.9,3.990795161590996,54.61975035028185,13560000.0,300.0,0.1820658345009395,62.5,58.4271717344988,0.9348347477519808,0.011486704561067127,0.3,85.72405026855078,0.006000623785125179,2000000.0,20.0,58.27028538771335,0.005945194293562173,169.77130795827802,9799.771109838344,-77.9986758919218,32.346476550456046,80.20265188528842,2.2039759933666043,7.999152941602935,339.9644439671874,370704204324167.1,4.023748848235321,38.23382524519729,349.94936171470493,7.9988368909894065,1.6555349459754206e+21,0.05897501087118526,0.5,0.0007744989707861514,85.72405026855078,bohm,0.18,1.0,0.05555555555555556,0.0,0,0,0,0,53681460945346.836,3.914939860264096,16.39192572886968,339.9644439671874,7.999152941602935,1.7042261312161238e+21,0.06318058981329837,0.2,0.0020075647072350807,55.72063267455801,bohm,0.4814,1.0,0.06231823847112588,0.0,0,0,0,0,1.0069312902775842e+17,7.730044511354425,7.934247985909993,14.602403545662966,32.99994509788475,80.20265188528842,0.028561161922103208,1.0069312902775842e+17,7.730044511354425,7.934247985909993,1.0,1.0,2.5969726444118746e-12,0.9999999999974031,0,0,5474250747076103.0,7502861508927050.0,1529386820364418.2,1030162878877889.2,0.054365683139780054,4.9057971528349436,4.9057971528349436,5973474688562632.0,43000128986796.22,15293868203604.465,-0.017260159052898794,58293997190400.664,1.0,8.571839708349165e-13,0.9999999999991428,0,0,5474250747076103.0,7502861508927050.0,1529386820364418.2,1030162878877889.2,0.0,4.9057971528349436,4.9057971528349436,5973474688562632.0,14573505239156.484,14573505239156.484,1.0,1.1576920415694515e-10,0.9999999998842308,0,0,3.780650518293231e+16,5.230183755478165e+16,1.066142057570555e+16,6827508779561758.0,0.0,4.905710002095141,4.905710002095141,4.16404169790761e+16,2031757582531285.0,2031757582531285.0,1.6191964640363015e-22,0.0,0.0,1529386820364418.2,2914701047833795.5,1030162878877889.2,1529386820364418.2,2914701047833795.5,1030162878877889.2,1.066142057570555e+16,2.0317575827665e+16,6827508779561758.0
4.0703517587939696e-07,ignition,-77.75519758089658,32.18906333080234,54.63367565182132,134630687708971.11,3.9584008747553767,54.62765441682386,13560000.0,300.0,0.18209218138941285,62.5,58.431399102293376,0.934902385636694,0.011633205567309391,0.3,85.47691210278931,0.006021234997461268,2000000.0,20.0,58.0883906246687,0.005974044347520187,168.71305626820487,9721.997777650535,-77.75519758089658,32.18906333080234,79.9522937093646,2.1970961284680177,7.999142356544214,339.9639996355995,375451731881028.0,3.990756753844731,38.2393580917767,349.94872932273705,7.998822368639346,1.6555349319661377e+21,0.059694787387456996,0.5,0.0007664251379947643,85.47691210278931,bohm,0.18,1.0,0.05555555555555556,0.0,0,0,0,0,54357006318285.484,3.883905290448063,16.39431756004462,339.9639996355995,7.999142356544214,1.7042261034744239e+21,0.0638905006915732,0.2,0.0019871274307692423,55.559992866813054,bohm,0.4814,1.0,0.06231823847112588,0.0,0,0,0,0,1.0155535023475258e+17,7.786553167916327,7.9384100481030835,14.487088463701987,32.99993909377106,79.9522937093646,0.02833561508097822,1.0155535023475258e+17,7.786553167916327,7.9384100481030835,1.0,1.0,2.671481798394846e-12,0.9999999999973285,0,0,5562812701495228.0,7614783143571448.0,1552200997909136.0,1052431553742052.2,0.054776165791722266,4.905797093178527,4.905797093178527,6062582145662312.0,43641568569680.63,15522009979049.895,-0.01826478142404468,59163578548730.51,1.0,8.817772362045431e-13,0.9999999999991183,0,0,5562812701495228.0,7614783143571448.0,1552200997909136.0,1052431553742052.2,0.0,4.905797093178527,4.905797093178527,6062582145662312.0,14790900749207.16,14790900749207.16,1.0,1.1919823108005948e-10,0.9999999998808018,0,0,3.842926128025393e+16,5.309341899122002e+16,1.0822782656260608e+16,6981407601555124.0,0.0,4.905708695952357,4.905708695952357,4.227063633495941e+16,2062507101997972.5,2062507101997972.5,1.6656524867089974e-22,0.0,0.0,1552200997909136.0,2958180149844040.5,1052431553742052.2,1552200997909136.0,2958180149844040.5,1052431553742052.2,1.0822782656260608e+16,2.0625071022438196e+16,6981407601555124.0
4.120603015075377e-07,ignition,-77.51588498285817,32.03518311529558,54.64158567418549,136321310429144.48,3.926866247212021,54.635544069543926,13560000.0,300.0,0.1821184802318131,62.5,58.43561845609658,0.9349698952975453,0.011779439518095763,0.3,85.23539409581832,0.006041604641565062,2000000.0,20.0,57.90960793092277,0.006002615484141571,167.67613453565966,9645.938632807885,-77.51588498285817,32.03518311529558,79.70621895523884,2.19033397238068,7.999131771557867,339.9635553068311,380191099764674.7,3.958645928414171,38.244880848680744,349.94809694451163,7.998807846643059,1.6555349179650128e+21,0.06041227973241786,0.5,0.0007585627714164131,85.23539409581832,bohm,0.18,1.0,0.05555555555555556,0.0,0,0,0,0,55031380650634.414,3.8536816277969006,16.396704825504745,339.9635553068311,7.999131771557867,1.704226075733937e+21,0.06459892886890227,0.2,0.001967215238933719,55.40300616228191,bohm,0.4814,1.0,0.06231823847112588,0.0,0,0,0,0,1.0241446190528437e+17,7.842461221565967,7.94237342451367,14.37430425447413,32.9999325867734,79.70621895523884,0.028115018422235516,1.0241446190528437e+17,7.842461221565967,7.94237342451367,1.0,1.0,2.7470948810962122e-12,0.9999999999972529,0,0,5651637706896416.0,7726844683473542.0,1575043694364375.8,1074880412151625.5,0.05518398087296696,4.905797033517718,4.905797033517718,6151800989109166.0,44283809923879.72,15750436943600.49,-0.01931333867343104,60034246867480.19,1.0,9.067348755823162e-13,0.9999999999990933,0,0,5651637706896416.0,7726844683473542.0,1575043694364375.8,1074880412151625.5,0.0,4.905797033517718,4.905797033517718,6151800989109166.0,15008568001888.469,15008568001888.469,1.0,1.2267879594296899e-10,0.9999999998773212,0,0,3.905383168320623e+16,5.3885958210455544e+16,1.098434006009493e+16,7136553592940554.0,0.0,4.905707390307238,4.905707390307238,4.2901618150360616e+16,2093293802760272.5,2093293802760272.5,1.712796803716009e-22,0.0,0.0,1575043694364375.8,3001713600380415.5,1074880412151625.5,1575043694364375.8,3001713600380415.5,1074880412151625.5,1.098434006009493e+16,2.093293803017075e+16,7136553592940554.0
4.170854271356784e-07,ignition,-77.28059471605842,31.884653688424873,54.649481088836374,138009067280038.25,3.8961522168324123,54.643419347190736,13560000.0,300.0,0.18214473115730245,62.5,58.439829818364636,0.9350372770938342,0.011925407131344113,0.3,84.99929887646356,0.006061741645646943,2000000.0,20.0,57.733830190613816,0.0060309168200190135,166.65975742393152,9571.526529248178,-77.28059471605842,31.884653688424876,79.46428018968487,2.1836854736264444,7.99912118664373,339.96311098087887,384922328641843.2,3.9273812433490156,38.25039354303351,349.94746458000645,7.998793324999984,1.6555349039720348e+21,0.061127590478893816,0.5,0.0007509035312527025,84.99929887646356,bohm,0.18,1.0,0.05555555555555556,0.0,0,0,0,0,55704646826103.28,3.824220757532349,16.399087545802864,339.96311098087887,7.99912118664373,1.7042260479946447e+21,0.0653056656845906,0.2,0.0019478025621174492,55.24954426970131,bohm,0.4814,1.0,0.06231823847112588,0.0,0,0,0,0,1.0327040135308078e+17,7.897785419409857,7.946145975440632,14.263952481268733,32.99992554776082,79.46428018968487,0.027899179411583073,1.0327040135308078e+17,7.897785419409857,7.946145975440632,1.0,1.0,2.8238132687451326e-12,0.9999999999971761,0,0,5740722114918722.0,7839045492016364.0,1597914779962676.5,1097506182827711.9,0.0555892302121615,4.9057969738533025,4.9057969738533025,6241130712053688.0,44926849400763.74,15979147799581.64,-0.020407132428076194,60905997200345.36,1.0,9.320573433326713e-13,0.999999999999068,0,0,5740722114918722.0,7839045492016364.0,1597914779962676.5,1097506182827711.9,0.0,4.9057969738533025,4.9057969738533025,6241130712053688.0,15226505760627.475,15226505760627.475,1.0,1.2621096098276125e-10,0.9999999998737891,0,0,3.96802138027703e+16,5.467945437060467e+16,1.1146092615705432e+16,7292944663576504.0,0.0,4.905706085158348,4.905706085158348,4.353336175489924e+16,2124117652080750.5,2124117652080750.5,1.7606302734420565e-22,0.0,0.0,1597914779962676.5,3045301152128333.5,1097506182827711.9,1597914779962676.5,3045301152128333.5,1097506182827711.9,1.1146092615705432e+16,2.1241176523488372e+16,7292944663576504.0
4.2211055276381906e-07,ignition,-77.04919075657013,31.737304640239337,54.657361940369995,139694008006385.78,3.8662220604301503,54.65128028589135,13560000.0,300.0,0.18217093428630451,62.5,58.444033210142244,0.9351045313622759,0.012071109076383287,0.3,84.768438990184,0.006081654478648099,2000000.0,20.0,57.560955784669865,0.006058957029654462,165.66318154223595,9498.698074845262,-77.04919075657013,31.737304640239337,79.22633754520416,2.1771467886340368,7.999110601801657,339.96266665773965,389645437617611.9,3.896929490374422,38.25589620012394,349.9468322291994,7.998778803709558,1.6555348899871919e+21,0.06184081692928817,0.5,0.0007434395209776131,84.768438990184,bohm,0.18,1.0,0.05555555555555556,0.0,0,0,0,0,56376864802643.75,3.795477852259929,16.401465740246053,339.96266665773965,7.999110601801657,1.7042260202565313e+21,0.06601052302476379,0.2,0.0019288654702654265,55.0994853436196,bohm,0.4814,1.0,0.06231823847112588,0.0,0,0,0,0,1.0412310578853294e+17,7.952541746770323,7.949735135985698,14.155940177050994,32.99991794671045,79.22633754520416,0.027687916212976154,1.0412310578853294e+17,7.952541746770323,7.949735135985698,1.0,1.0,2.901638332959496e-12,0.9999999999970983,0,0,5830062452963719.0,7951384973500496.0,1620814133277221.8,1120305746017665.9,0.05599201453714016,4.905796914186028,4.905796914186028,6330570840223274.0,45570683586209.07,16208141332725.188,-0.021547485152443962,61778824918934.234,1.0,9.57745092270135e-13,0.9999999999990422,0,0,5830062452963719.0,7951384973500496.0,1620814133277221.8,1120305746017665.9,0.0,4.905796914186028,4.905796914186028,6330570840223274.0,15444712868329.365,15444712868329.365,1.0,1.2979478843182718e-10,0.9999999998702052,0,0,4.030840489831735e+16,5.547390640755446e+16,1.1308040106289712e+16,7450578703342316.0,0.0,4.905704780503829,4.905704780503829,4.416586630126475e+16,2154978608588827.5,2154978608588827.5,1.8091537513535476e-22,0.0,0.0,1620814133277221.8,3088942573668831.5,1120305746017665.9,1620814133277221.8,3088942573668831.5,1120305746017665.9,1.1308040106289712e+16,2.1549786088685324e+16,7450578703342316.0
4.271356783919598e-07,ignition,-76.82152565013487,31.592930768195856,54.66522827423326,141376220830507.1,3.8370370494127286,54.65912692033177,13560000.0,300.0,0.18219708973443924,62.5,58.44822865169427,0.9351716584271084,0.01221654599583344,0.3,84.54263592005482,0.006101353901486771,2000000.0,20.0,57.39087455478864,0.006086747180236809,164.6856241081743,9427.386769479785,-76.82152565013487,31.592930768195856,78.99223940098497,2.17071375085009,7.999100017031409,339.9622223374102,394360444943989.1,3.8672592049391814,38.261388844232236,349.94619989206836,7.998764282771218,1.6555348760104723e+21,0.06255205158724898,0.5,0.0007361632530310187,84.54263592005482,bohm,0.18,1.0,0.05555555555555556,0.0,0,0,0,0,57048146126013.11,3.7673974934123637,16.403839430001018,339.9622223374102,7.999100017031409,1.7042259925195626e+21,0.06671306684999133,0.2,0.001910377182986406,54.95271334803564,bohm,0.4814,1.0,0.06231823847112588,0.0,0,0,0,0,1.0497242271975974e+17,8.006750556958504,7.953148461298274,14.050170009935178,32.99990975194379,78.99223940098497,0.027481038453049916,1.0497242271975974e+17,8.006750556958504,7.953148461298275,1.0,1.0,2.9805714268792264e-12,0.9999999999970194,0,0,5919651818532872.0,8063861481174708.0,1643741418634478.5,1143273174627122.5,0.056392447322439206,4.9057968545160096,4.9057968545160096,6420120062540230.0,46215303042325.875,16437414186295.793,-0.022735740006503653,62652717228621.65,1.0,9.837985690016542e-13,0.9999999999990162,0,0,5919651818532872.0,8063861481174708.0,1643741418634478.5,1143273174627122.5,0.0,4.9057968545160096,4.9057968545160096,6420120062540230.0,15663186126340.951,15663186126340.951,1.0,1.3343034039356743e-10,0.9999999998665696,0,0,4.093840220224644e+16,5.626931319431778e+16,1.147018230222889e+16,7609453612386447.0,0.0,4.905703476341741,4.905703476341741,4.479913089208889e+16,2185876628471448.0,2185876628471448.0,1.8583680810770403e-22,0.0,0.0,1643741418634478.5,3132637225271272.0,1143273174627122.5,1643741418634478.5,3132637225271272.0,1143273174627122.5,1.147018230222889e+16,2.1858766287631104e+16,7609453612386447.0
4.321608040201005e-07,ignition,-76.5974456344461,31.451304011313518,54.67308013675573,143055823072433.4,3.808557434264376,54.66695928446979,13560000.0,300.0,0.1822231976148993,62.5,58.452416162887246,0.9352386586061959,0.01236171851881885,0.3,84.32171941096652,0.006120852285936449,2000000.0,20.0,57.22347163012924,0.0061143000214348335,163.72628527021033,9357.524875956793,-76.5974456344461,31.451304011313518,78.76182764992346,2.1643820154773565,7.999089432332704,339.9617780198873,399067368447804.4,3.8383405345807815,38.266871499128854,349.94556756859134,7.998749762184397,1.6555348620418624e+21,0.06326138232060381,0.5,0.0007290676204759754,84.32171941096652,bohm,0.18,1.0,0.05555555555555556,0.0,0,0,0,0,57718641280643.1,3.7399171983211046,16.40620863762687,339.9617780198873,7.999089432332704,1.704225964783695e+21,0.06741269669451062,0.2,0.001892309248950002,54.809117617128244,bohm,0.4814,1.0,0.06231823847112588,0.0,0,0,0,0,1.0581812333769128e+17,8.060435243222539,7.956393460900275,13.946542968333349,32.99990093002718,78.76182764992346,0.027278352473060465,1.0581812333769128e+17,8.060435243222539,7.956393460900274,1.0,0.9999999999999999,3.060613893758862e-12,0.9999999999969393,0,0,6009481002796748.0,8176472854908133.0,1666696195713457.8,1166400539315530.0,0.05679065941869936,4.905796794843019,4.905796794843019,6509776659194675.0,46860695388953.86,16666961957083.566,-0.023973261019067525,63527657346037.4,1.0,1.010218216869934e-12,0.9999999999989898,0,0,6009481002796748.0,8176472854908133.0,1666696195713457.8,1166400539315530.0,0.0,4.905796794843019,4.905796794843019,6509776659194675.0,15881921338822.756,15881921338822.756,1.0,1.3711767886720964e-10,0.9999999998628823,0,0,4.157020292689709e+16,5.706567356543554e+16,1.1632518966061792e+16,7769567293585134.0,0.0,4.905702172670105,4.905702172670105,4.543315459937374e+16,2216811666421052.5,2216811666421052.5,1.9082741000307302e-22,0.0,0.0,1666696195713457.8,3176384267767760.0,1166400539315530.0,1666696195713457.8,3176384267767760.0,1166400539315530.0,1.1632518966061792e+16,2.2168116667250164e+16,7769567293585134.0
4.371859296482412e-07,ignition,-76.37682080166493,31.312255504175983,54.680918028113396,144732962001738.03,3.780742486232026,54.67477786923671,13560000.0,300.0,0.18224925956412238,62.21949190699175,58.325268101840265,0.9374115138874369,0.012506635744217018,0.3,84.10544537954816,0.006140158876685886,2000000.0,20.0,57.0586499607513,0.006141625211184105,162.78447676717727,9289.054378490444,-76.37682080166493,31.31225550417598,78.53496871342925,2.1581479117643143,7.999078847705303,339.9613337051678,403766500625253.25,3.8101345163427496,38.2723445084657,349.94493525874685,7.998735241948241,1.6555348480812874e+21,0.06396872473013653,0.5,0.0007221446206056442,84.10544537954816,bohm,0.18,1.0,0.05555555555555556,0.0,0,0,0,0,58388449127232.98,3.712992115959196,16.4085735196477,339.9613337051678,7.999078847705303,1.7042259370488926e+21,0.06810903738785282,0.2,0.0018746392752483118,54.6685394967063,bohm,0.4814,1.0,0.06231823847112588,0.0,0,0,0,0,1.066600826935074e+17,8.113613644025998,7.959476713928007,13.844974000313984,32.999891447007066,78.53496871342925,0.027079691918252942,1.066600826935074e+17,8.113613644025998,7.959476713928008,1.0,0.9999999999999999,3.1417670602581743e-12,0.9999999999968582,0,0,6099542562926118.0,8289216335348580.0,1689677902047713.5,1189682031672964.5,0.057186741364653085,4.905796735166456,4.905796735166456,6599538433300866.0,47506844811688.23,16896779020424.049,-0.025261433035459597,64403623832112.25,1.0,1.0370044737934505e-12,0.9999999999989629,0,0,6099542562926118.0,8289216335348580.0,1689677902047713.5,1189682031672964.5,0.0,4.905796735166456,4.905796735166456,6599538433300866.0,16100913146010.502,16100913146010.502,1.0,1.4085686580331313e-10,0.9999999998591431,0,0,4.220379119902921e+16,5.786298606913145e+16,1.1795049801964156e+16,7930904733826075.0,0.0,4.905700869486442,4.905700869486442,4.60679362671673e+16,2247783666007282.2,2247783666007282.2,1.9588726353992187e-22,0.0,0.0,1689677902047713.5,3220182629205440.0,1189682031672964.5,1689677902047713.5,3220182629205440.0,1189682031672964.5,1.1795049801964156e+16,2.247783666323898e+16,7930904733826075.0
4.422110552763819e-07,ignition,-76.15956871748529,31.17574543867106,54.68874369551463,146407876025865.3,3.7535447477571995,54.68258441978899,13560000.0,300.0,0.18227528139929663,61.87547140832109,58.16795242055335,0.9400809577142203,0.012651330017296378,0.3,83.89335974502474,0.006159275725643687,2000000.0,20.0,56.89634796265373,0.006168725283364355,161.8597205743686,9221.935435197987,-76.15956871748529,31.175745438671058,78.3115778278845,2.152009110399221,7.999068263149061,339.96088939324886,408458888009791.06,3.782575575822597,38.27780909385229,349.94430296251477,7.998720722061053,1.6555348341284914e+21,0.06467353610896674,0.5,0.0007153833033232327,83.89335974502474,bohm,0.18,1.0,0.05555555555555556,0.0,0,0,0,0,59057538697890.055,3.6866162347000424,16.41093460166234,339.96088939324886,7.999068263149061,1.704225909315139e+21,0.06880221992453532,0.2,0.0018573573216122703,54.530683834266085,bohm,0.4814,1.0,0.06231823847112588,0.0,0,0,0,0,1.0749846710026654e+17,8.166290887414723,7.962403221218823,13.745404030267396,32.99988127006729,78.3115778278845,0.026884941241526537,1.0749846710026654e+17,8.166290887414723,7.962403221218823,1.0,0.9999999999999999,3.2240321999504992e-12,0.9999999999967759,0,0,6189832793164530.0,8402086958284446.0,1712685525731594.0,1213116886343272.5,0.05758066100971576,4.905796675484482,4.905796675484482,6689401432552852.0,48153722859680.89,17126855257260.72,-0.026601661157683303,65280578116941.586,1.0,1.0641577601404882e-12,0.9999999999989359,0,0,6189832793164530.0,8402086958284446.0,1712685525731594.0,1213116886343272.5,0.0,4.905796675484482,4.905796675484482,6689401432552852.0,16320151905430.951,16320151905430.951,1.0,1.4464796298276053e-10,0.999999999855352,0,0,4.283911432051369e+16,5.866124757719774e+16,1.1957774172387136e+16,8093415088090219.0,0.0,4.905699566785444,4.905699566785444,4.670347340481061e+16,2278792505674011.0,2278792505674011.0,2.0101644812239317e-22,0.0,0.0,1712685525731594.0,3264030381089664.0,1213116886343272.5,1712685525731594.0,3264030381089664.0,1213116886343272.5,1.1957774172387136e+16,2.2787925060036336e+16,8093415088090219.0
4.472361809045226e-07,ignition,-75.94561850397854,31.041756537605362,54.69655935403003,148080853923177.6,3.726914599278228,54.690381150522484,13560000.0,300.0,0.1823012705017416,61.53771546977499,58.01311157121636,0.9427244922621514,0.012795842380467864,0.3,83.68495496885032,0.0061782035075443175,2000000.0,20.0,56.73651268523088,0.0061956013302836175,160.9515935840682,9156.132833796104,-75.94561850397854,31.041756537605366,78.09158211259259,2.145963608614063,7.999057678663892,339.96044508412785,413145859659972.8,3.755592213748971,38.283266805365734,349.9436706798781,7.998706202520715,1.6555348201831163e+21,0.06537509055136953,0.5,0.0007087722092504634,83.68495496885032,bohm,0.18,1.0,0.05555555555555556,0.0,0,0,0,0,59725852010912.54,3.6607900357679006,16.41329254866429,339.96044508412785,7.999057678663892,1.7042258815824295e+21,0.06949250193748305,0.2,0.0018404558403262773,54.39522072975271,bohm,0.4814,1.0,0.06231823847112588,0.0,0,0,0,0,1.0833348810494834e+17,8.218469550027315,7.965177586022355,13.64778069871933,32.9998703663443,78.09158211259259,0.026693998032011498,1.0833348810494834e+17,8.218469550027315,7.965177586022356,1.0,0.9999999999999999,3.3074105444323384e-12,0.9999999999966925,0,0,6280349946832098.0,8515080469311076.0,1735718199546680.0,1236705876614382.2,0.05797237822480149,4.905796615795682,4.905796615795682,6779362269764396.0,48801305150116.836,17357181995409.39,-0.027995370896072902,66158487145526.195,1.0,1.0916784822961423e-12,0.9999999999989083,0,0,6280349946832098.0,8515080469311076.0,1735718199546680.0,1236705876614382.2,0.0,4.905796615795682,4.905796615795682,6779362269764396.0,16539629353337.125,16539629353337.125,1.0,1.4849103177158242e-10,0.999999999851509,0,0,4.3476097380393784e+16,5.946044599293902e+16,1.2120689611641886e+16,8257030610738534.0,0.0,4.905698264546552,4.905698264546552,4.733975638129714e+16,2309837715458346.5,2309837715458346.5,2.0621504058035644e-22,0.0,0.0,1735718199546680.0,3307925870671036.5,1236705876614382.2,1735718199546680.0,3307925870671036.5,1236705876614382.2,1.2120689611641886e+16,2.3098377158013364e+16,8257030610738534.0
4.522613065326633e-07,ignition,-75.73489587730158,30.91025315200194,54.70436575992515,149751978981943.12,3.7008271314304655,54.69816881603558,13560000.0,300.0,0.18232722938678528,61.206007382179344,57.86066474165299,0.9453429036852945,0.012940186819628366,0.3,83.48001093851131,0.006196943889573608,2000000.0,20.0,56.57908863342866,0.00622225538329896,160.05966352946882,9091.610522807656,-75.73489587730158,30.91025315200194,77.87490518470291,2.140009307401326,7.99904709424971,339.9600007778027,417827867525312.4,3.729150975691132,38.28871817122491,349.9430384108219,7.998691683325867,1.6555348062449516e+21,0.06607316474866787,0.5,0.0007023044981304172,83.48001093851131,bohm,0.18,1.0,0.05555555555555556,0.0,0,0,0,0,60393349467486.695,3.6355081763252928,16.41564758870025,339.9600007778027,7.99904709424971,1.7042258538507558e+21,0.07018007941440989,0.2,0.001823925825248905,54.26200711003236,bohm,0.4814,1.0,0.06231823847112588,0.0,0,0,0,0,1.0916530739555038e+17,8.270153919840338,7.967804451183529,13.552050555746439,32.99985870222146,77.87490518470291,0.02650675774599774,1.0916530739555038e+17,8.270153919840338,7.967804451183529,1.0,1.0,3.39190328756758e-12,0.999999999996608,0,0,6371092400443038.0,8628193569292550.0,1758775250996784.2,1260449333144057.2,0.05836187844328578,4.905796556099212,4.905796556099212,6869418318295766.0,49449572774999.8,17587752509908.184,-0.029444008217646898,67037325284907.95,1.0,1.1195670345928834e-12,0.9999999999988805,0,0,6371092400443038.0,8628193569292550.0,1758775250996784.2,1260449333144057.2,0.0,4.905796556099212,4.905796556099212,6869418318295766.0,16759339081492.217,16759339081492.217,1.0,1.523861322807063e-10,0.9999999998476139,0,0,4.411469491829194e+16,6.026055792922157e+16,1.2283791352591584e+16,8421719694253528.0,0.0,4.9056969627303255,4.9056969627303255,4.797676657662998e+16,2340918386787958.5,2340918386787958.5,2.1148311540128198e-22,0.0,0.0,1758775250996784.2,3351867816302196.5,1260449333144057.2,1758775250996784.2,3351867816302196.5,1260449333144057.2,1.2283791352591584e+16,2.340918387144682e+16,8421719694253528.0
4.57286432160804e-07,ignition,-75.52732794188135,30.7811957252183,54.712163089111506,151421250140587.44,3.6752676201917613,54.705947590380354,13560000.0,300.0,0.1823531586346012,60.88016419191328,57.71054558377142,0.9479367598590859,0.013084366560572725,0.3,83.27842266077334,0.0062154987311537685,2000000.0,20.0,56.424021349324576,0.006248689626726131,159.18350926145177,9028.33337103386,-75.52732794188135,30.781195725218296,77.66147208886262,2.1341441469812605,7.9990365099064515,339.95955647427127,422505014671211.25,3.7032336613147896,38.294163313266246,349.9424061553326,7.998677164475467,1.6555347923138456e+21,0.06676772919189358,0.5,0.0006959752438215395,83.27842266077334,bohm,0.18,1.0,0.05555555555555556,0.0,0,0,0,0,61059995297046.17,3.6107638887524423,16.41799977584526,339.95955647427127,7.9990365099064515,1.7042258261201152e+21,0.07086514093202269,0.2,0.0018077581578007588,54.130974729502675,bohm,0.4814,1.0,0.06231823847112588,0.0,0,0,0,0,1.0999407054834347e+17,8.32134858856648,7.9702883505931466,13.458161558363221,32.999846243579434,77.66147208886262,0.02632311859162942,1.0999407054834347e+17,8.32134858856648,7.970288350593146,1.0,1.0,3.477511591728433e-12,0.9999999999965224,0,0,6462058984431083.0,8741423580263092.0,1781856134205205.5,1284347672578401.0,0.0587491575883715,4.905796496394583,4.905796496394583,6959567446057886.0,50098510386372.85,17818561341990.09,-0.030949039653157123,67917071728362.914,1.0,1.1478238007263569e-12,0.9999999999988521,0,0,6462058984431083.0,8741423580263092.0,1781856134205205.5,1284347672578401.0,0.0,4.905796496394583,4.905796496394583,6959567446057886.0,16979275888217.895,16979275888217.895,1.0,1.5633332321199525e-10,0.9999999998436667,0,0,4.4754872579048696e+16,6.106155488449731e+16,1.2447073585573202e+16,8587464865697782.0,0.0,4.905695661289477,4.905695661289477,4.861448129892411e+16,2372033412406943.0,2372033412406943.0,2.168207450437856e-22,0.0,0.0,1781856134205205.5,3395855177647476.5,1284347672578401.0,1781856134205205.5,3395855177647476.5,1284347672578401.0,1.2447073585573202e+16,2.3720334127777708e+16,8587464865697782.0
4.623115577889447e-07,ignition,-75.3228329383063,30.654512434307293,54.71995053401206,153088546202427.06,3.650233964003535,54.71371666223981,13560000.0,300.0,0.18237905554079936,60.56005074469968,57.562708913812976,0.9505062860082059,0.013228366565797725,0.3,83.08025887231929,0.006233871772252383,2000000.0,20.0,56.27124975310939,0.006274908097863987,158.32267743884066,8966.263489166471,-75.3228329383063,30.654512434307293,77.45119875541864,2.128365817112336,7.999025925634025,339.9591121735316,427176811660149.4,3.6778445480028132,38.29960166356786,349.94177391339645,7.998662645969095,1.6555347783897763e+21,0.06745909760216548,0.5,0.0006897822547154499,83.08025887231929,bohm,0.18,1.0,0.05555555555555556,0.0,0,0,0,0,61725791049852.945,3.5865404303915156,16.420348870444194,339.9591121735316,7.999025925634025,1.704225798390498e+21,0.07154773667116644,0.2,0.0017919409794568662,54.00216826700754,bohm,0.4814,1.0,0.06231823847112588,0.0,0,0,0,0,1.1081983325527565e+17,8.372061471451481,7.972633984226422,13.36605782185631,32.99983295503486,77.45119875541864,0.02614297126292275,1.1081983325527565e+17,8.372061471451481,7.972633984226423,1.0,1.0,3.564236597233821e-12,0.9999999999964357,0,0,6553247694308300.0,8854768692220871.0,1804960480221248.2,1308399962529926.0,0.05913424972597429,4.9057964366818005,4.9057964366818005,7049808211999623.0,50748107610737.42,18049604802148.15,-0.03251195246877128,68797712412885.54,1.0,1.1764491568127238e-12,0.9999999999988235,0,0,6553247694308300.0,8854768692220871.0,1804960480221248.2,1308399962529926.0,0.0,4.9057964366818005,4.9057964366818005,7049808211999623.0,17199436257765.396,17199436257765.396,1.0,1.6033266106272625e-10,0.9999999998396674,0,0,4.53966229505041e+16,6.186340767732234e+16,1.2610530362329672e+16,8754275997841101.0,0.0,4.905694360177067,4.905694360177067,4.9252877314992664e+16,2403181658648023.5,2403181658648023.5,2.222280004983052e-22,0.0,0.0,1804960480221248.2,3439887251557126.0,1308399962529926.0,1804960480221248.2,3439887251557126.0,1308399962529926.0,1.2610530362329672e+16,2.403181659033332e+16,8754275997841101.0
4.673366834170854e-07,ignition,-75.12133487790635,30.530142779348353,54.727727754661174,154753809452550.7,3.625717083327652,54.72147568850941,13560000.0,300.0,0.18240491896169803,60.245517609740546,57.41710221896506,0.9530518534325252,0.013372180475857393,0.3,82.88549882460602,0.0062520661517694075,2000000.0,20.0,56.12071707610799,0.006300914239598959,157.47674425682789,8905.365554247053,-75.12133487790635,30.530142779348353,77.24400704852081,2.1226721706144547,7.9990153414323375,339.95866787558145,431843050441352.4,3.6529764664785094,38.305032981956586,349.9411416849984,7.998648127806151,1.6555347644726913e+21,0.06814743529745766,0.5,0.0006837221313463664,82.88549882460602,bohm,0.18,1.0,0.05555555555555556,0.0,0,0,0,0,62390729122950.125,3.5628243248548457,16.42269477270459,339.95866787558145,7.9990153414323375,1.7042257706618955e+21,0.07222794587578069,0.2,0.001776463717792463,53.875574235993916,bohm,0.4814,1.0,0.06231823847112588,0.0,0,0,0,0,1.1164267348933954e+17,8.422299455422756,7.974845790779146,13.275687187052256,32.99981880086864,77.24400704852081,0.025966213740753728,1.1164267348933954e+17,8.422299455422756,7.9748457907791455,1.0,1.0,3.652079432824182e-12,0.9999999999963479,0,0,6644656704779094.0,8968226856396054.0,1828087871423675.0,1332605591230390.2,0.05951717651596345,4.905796376960695,4.905796376960695,7140138984972379.0,51398352706173.266,18280878714169.99,-0.03413425487317417,69679231420343.22,1.0,1.2054434752543842e-12,0.9999999999987945,0,0,6644656704779094.0,8968226856396054.0,1828087871423675.0,1332605591230390.2,0.0,4.905796376960695,4.905796376960695,7140138984972379.0,17419816210604.146,17419816210604.146,1.0,1.643842010162194e-10,0.9999999998356158,0,0,4.603993281356587e+16,6.266609434638507e+16,1.2774157206355474e+16,8922152879891750.0,0.0,4.905693059359491,4.905693059359491,4.98919371400296e+16,2434362272331694.5,2434362272331694.5,2.277049520943689e-22,0.0,0.0,1828087871423675.0,3483963242125029.0,1332605591230390.2,1828087871423675.0,3483963242125029.0,1332605591230390.2,1.2774157206355474e+16,2.434362272731865e+16,8922152879891750.0
4.7236180904522613e-07,ignition,-74.9227606660506,30.408028580660762,54.73549453678288,156417000649272.3,3.6017057994322954,54.72922445188382,13560000.0,300.0,0.18243074817294608,59.93641593443188,57.273672490220044,0.9555738626893411,0.013515804262921635,0.3,82.69409536056068,0.006270084899061418,2000000.0,20.0,55.97236871168821,0.0063267113722424466,156.64530295985867,8845.605709446816,-74.9227606660506,30.408028580660762,77.03982180813378,2.117061142083173,7.999004757301306,339.95822358041846,436503598545041.8,3.6286190070929427,38.31045711631867,349.9405094701223,7.9986336099860535,1.6555347505625464e+21,0.06883287791934642,0.5,0.0006777912210689825,82.69409536056068,bohm,0.18,1.0,0.05555555555555556,0.0,0,0,0,0,63054801350682.47,3.539602614368841,16.425037420464207,339.95822358041846,7.999004757301306,1.704225742934302e+21,0.07290585177290773,0.2,0.0017613162452463434,53.751161984364444,bohm,0.4814,1.0,0.06231823847112588,0.0,0,0,0,0,1.1246266688963178e+17,8.472069228596718,7.976928042480609,13.186999658086085,32.99980374489367,77.03982180813378,0.025792748237255185,1.1246266688963178e+17,8.472069228596718,7.976928042480609,1.0,1.0,3.741041195178879e-12,0.999999999996259,0,0,6736284423503006.0,9081796228235002.0,1851237931818719.0,1356964058905441.5,0.05989796089500383,4.905796317231214,4.905796317231214,7230558296416283.0,52049235101161.195,18512379318117.934,-0.035817475662308786,70561614419279.1,1.0,1.2348071180920067e-12,0.9999999999987652,0,0,6736284423503006.0,9081796228235002.0,1851237931818719.0,1356964058905441.5,0.0,4.905796317231214,4.905796317231214,7230558296416283.0,17640412163872.445,17640412163872.445,1.0,1.684879959567108e-10,0.999999999831512,0,0,4.668479125762745e+16,6.346959868885722e+16,1.2937950814952016e+16,9091094198674262.0,0.0,4.905691758814482,4.905691758814482,5.05316478739052e+16,2465574623984697.5,2465574623984697.5,2.332516682684736e-22,0.0,0.0,1851237931818719.0,3528082432778845.0,1356964058905441.5,1851237931818719.0,3528082432778845.0,1356964058905441.5,1.2937950814952016e+16,2.465574624400117e+16,9091094198674262.0
4.773869346733669e-07,ignition,-74.72704010385362,30.288114674626275,54.74325065778346,158078078531027.5,3.5781897599765173,54.73696272688333,13560000.0,300.0,0.18245654242294443,59.63260279119875,57.13236872639611,0.9580726993661989,0.013659233747646592,0.3,82.50600687300758,0.006287930900136318,2000000.0,20.0,55.82615221653559,0.0063523026670944905,155.82796356519006,8786.951547681912,-74.72704010385362,30.28811467462627,76.83857085179154,2.1115307479379175,7.9989941732408445,339.9577792880403,441158318532237.56,3.604762618768508,38.315873908818325,349.9398772687526,7.998619092508199,1.6555347366592903e+21,0.06951555348305302,0.5,0.000671986064891043,82.50600687300758,bohm,0.18,1.0,0.05555555555555556,0.0,0,0,0,0,63717998530624.12,3.5168630915646357,16.427376748965134,339.9577792880403,7.9989941732408445,1.7042257152077107e+21,0.07358154002575348,0.2,0.0017464889260885616,53.62890446745493,bohm,0.4814,1.0,0.06231823847112588,0.0,0,0,0,0,1.1327989011662262e+17,8.521377235524062,7.978884846592546,13.099947371979846,32.999787750507664,76.83857085179154,0.025622481136315187,1.1327989011662262e+17,8.521377235524062,7.978884846592546,1.0,1.0,3.831122979812522e-12,0.9999999999961688,0,0,6828129373550920.0,9195475029768706.0,1874410298985243.2,1381474941752701.5,0.060276624266860625,4.905796257493301,4.905796257493301,7321064730783463.0,52700744605790.625,18744102989780.62,-0.03756316481990306,71444847595571.2,1.0,1.2645404469225947e-12,0.9999999999987355,0,0,6828129373550920.0,9195475029768706.0,1874410298985243.2,1381474941752701.5,0.0,4.905796257493301,4.905796257493301,7321064730783463.0,17861220664042.297,17861220664042.297,1.0,1.7264409903525098e-10,0.9999999998273559,0,0,4.733118599630786e+16,6.427390291063958e+16,1.3101907561056076e+16,9261098207780412.0,0.0,4.905690458516623,4.905690458516623,5.11719953495835e+16,2496818022316075.0,2496818022316075.0,2.388682173322558e-22,0.0,0.0,1874410298985243.2,3572244132812976.0,1381474941752701.5,1874410298985243.2,3572244132812976.0,1381474941752701.5,1.3101907561056076e+16,2.496818022747136e+16,9261098207780412.0
4.824120603015075e-07,ignition,-74.53410604895026,30.170349382686652,54.7509960588794,159737024934311.84,3.555156381006352,54.7446904520194,13560000.0,300.0,0.18248230150673134,59.33393428253243,56.99313875895676,0.9605487896280496,0.013802467790178583,0.3,82.32116214544159,0.00630560686000782,2000000.0,20.0,55.682017430763004,0.0063776911044101285,155.02435325798976,8729.37213555516,-74.53410604895026,30.170349382686652,76.6401851399152,2.1060790909649314,7.99898358925087,339.95733499844465,445807171566005.25,3.5813941580635884,38.32128331641358,349.9392450808727,7.998604575371948,1.655534722762869e+21,0.0701955431282458,0.5,0.0006663028995972154,82.32116214544159,bohm,0.18,1.0,0.05555555555555556,0.0,0,0,0,0,64380309390414.02,3.49459444165554,16.429712742465824,339.95733499844465,7.99898358925087,1.7042256874821158e+21,0.0742551041427424,0.2,0.0017319726483159797,53.50875539453703,bohm,0.4814,1.0,0.06231823847112588,0.0,0,0,0,0,1.1409442208052978e+17,8.570229599436937,7.9807201478012235,13.014484631252346,32.999770780765836,76.6401851399152,0.025455323057359487,1.1409442208052978e+17,8.570229599436937,7.9807201478012235,1.0,1.0,3.922325860083747e-12,0.9999999999960777,0,0,6920190299027792.0,9309261606834880.0,1897604635738896.2,1406137963670705.0,0.06065318683277439,4.905796197746959,4.905796197746959,7411656971095984.0,53352871739710.57,18976046357314.53,-0.03937289315381557,72328918097025.06,1.0,1.2946438161247246e-12,0.9999999999987054,0,0,6920190299027792.0,9309261606834880.0,1897604635738896.2,1406137963670705.0,0.0,4.905796197746959,4.905796197746959,7411656971095984.0,18082238498067.543,18082238498067.543,1.0,1.7685256191067306e-10,0.9999999998231475,0,0,4.797910423126e+16,6.507899324795659e+16,1.3266024639144184e+16,9432160261591772.0,0.0,4.9056891584482205,4.9056891584482205,5.181296860881241e+16,2528091932605305.0,2528091932605305.0,2.4455466624962967e-22,0.0,0.0,1897604635738896.2,3616447699618190.5,1406137963670705.0,1897604635738896.2,3616447699618190.5,1406137963670705.0,1.3266024639144184e+16,2.528091933052404e+16,9432160261591772.0
4.874371859296482e-07,ignition,-74.3438928572105,30.054679782499864,54.75873065605376,161393820029647.16,3.5325935432919806,54.75240754048259,13560000.0,300.0,0.18250802513494196,59.040272919712216,56.85593270892143,0.963002538728755,0.013945504781351512,0.3,82.13949566518312,0.0063231155711779025,2000000.0,20.0,55.53991531376627,0.006402879733830537,154.23410965301647,8672.837425593572,-74.3438928572105,30.05467978249986,76.44459717349596,2.1007043162854617,7.998973005331309,339.95689071162894,450450103561663.2,3.5585013871314155,38.326685278337806,349.9386129064662,7.998590058576698,1.6555347088732358e+21,0.0708729375618785,0.5,0.000660738164037647,82.13949566518312,bohm,0.18,1.0,0.05555555555555556,0.0,0,0,0,0,65041725518975.17,3.4727848033515016,16.43204537771595,339.95689071162894,7.998973005331309,1.7042256597575142e+21,0.07492663104508483,0.2,0.0017177583847907032,53.39067218236903,bohm,0.4814,1.0,0.06231823847112588,0.0,0,0,0,0,1.1490632977387829e+17,8.618632576534981,7.982437775763336,12.930567067594332,32.999752798274116,76.44459717349596,0.02529118721956528,1.1490632977387829e+17,8.618632576534981,7.982437775763336,1.0,0.9999999999999999,4.014650883339801e-12,0.9999999999959853,0,0,7012466168574313.0,9423154655981168.0,1920820676384127.5,1430952865361399.0,0.061027675171367805,4.9057961379923825,4.9057961379923825,7502333979597040.0,54005609032552.95,19208206763764.16,-0.04124825222961188,73213815796317.08,1.0,1.3251175714331852e-12,0.9999999999986748,0,0,7012466168574313.0,9423154655981168.0,1920820676384127.5,1430952865361399.0,0.0,4.9057961379923825,4.9057961379923825,7502333979597040.0,18303463134119.676,18303463134119.676,1.0,1.811134348318086e-10,0.9999999998188865,0,0,4.8628535184704984e+16,6.58848572201879e+16,1.343029950524914e+16,9604276975015368.0,0.0,4.905687858594461,4.905687858594461,5.245455771493877e+16,2559395869980507.0,2559395869980507.0,2.503110803276524e-22,0.0,0.0,1920820676384127.5,3660692626828787.0,1430952865361399.0,1920820676384127.5,3660692626828787.0,1430952865361399.0,1.343029950524914e+16,2.5593958704440476e+16,9604276975015368.0
4.924623115577889e-07,ignition,-74.15633706938985,29.94105513127453,54.766454342592105,163048440764370.6,3.510490036161602,54.76011388285268,13560000.0,300.0,0.18253371294284226,58.75148718697498,56.72070282661975,0.9654343326851912,0.01408834269291743,0.3,81.9609490810203,0.006340459739433917,2000000.0,20.0,55.39979845719847,0.006427871522058794,153.45688345491047,8617.31851145803,-74.15633706938985,29.941055131274535,76.251741700148,2.0954046307581526,7.998962421482078,339.95644642759095,455087046809763.3,3.5360731400519927,38.33207971799687,349.9379807455167,7.998575542121861,1.655534694990346e+21,0.07154782949620055,0.5,0.0006552885064000825,81.9609490810203,bohm,0.18,1.0,0.05555555555555556,0.0,0,0,0,0,65702238749239.73,3.451422849515999,16.434374624595236,339.95644642759095,7.998962421482078,1.7042256320338998e+21,0.07559620138099409,0.2,0.0017038374865328786,53.2746169026632,bohm,0.4814,1.0,0.06231823847112588,0.0,0,0,0,0,1.1571568099603224e+17,8.666592295396903,7.984041421160913,12.848151992464198,32.99973376529352,76.251741700148,0.02512999012759954,1.1571568099603224e+17,8.666592295396903,7.984041421160913,1.0,1.0,4.10809910549047e-12,0.999999999995892,0,0,7104955852409126.0,9537152787919908.0,1944058137728694.8,1455919339946608.0,0.06140011268354154,4.905796078229671,4.905796078229671,7593094650191213.0,54658948522011.66,19440581377207.086,-0.043190855097988486,74099529899218.7,1.0,1.3559620612962628e-12,0.9999999999986441,0,0,7104955852409126.0,9537152787919908.0,1944058137728694.8,1455919339946608.0,0.0,4.905796078229671,4.905796078229671,7593094650191213.0,18524891873643.996,18524891873643.996,1.0,1.8542676843136303e-10,0.9999999998145732,0,0,4.9279468112693896e+16,6.669148175855516e+16,1.3594729495514182e+16,9777445345167098.0,0.0,4.905686558938975,4.905686558938975,5.309675226304098e+16,2590729326720871.5,2590729326720871.5,2.561375253942849e-22,0.0,0.0,1944058137728694.8,3704978374733823.5,1455919339946608.0,1944058137728694.8,3704978374733823.5,1455919339946608.0,1.3594729495514182e+16,2.5907293272012616e+16,9777445345167098.0
4.974874371859296e-07,ignition,-73.97137649209341,29.829422957205303,54.7741670299866,164700869200598.88,3.4888342169747757,54.76780938780332,13560000.0,300.0,0.18255936462601105,58.46744974398444,56.58740268796147,0.9678445517248442,0.01423097983198679,0.3,81.78546021101756,0.00635764218328143,2000000.0,20.0,55.26162039838791,0.006452669527342203,152.69233445277615,8562.787250441195,-73.97137649209341,29.829422957205303,76.06155476910364,2.0901782770102324,7.998951837703106,339.95600214632816,459717944464349.5,3.5140979305053985,38.33746657146232,349.93734859800753,7.9985610260068825,1.6555346811141646e+21,0.07222031198727098,0.5,0.0006499506315473442,81.78546021101756,bohm,0.18,1.0,0.05555555555555556,0.0,0,0,0,0,66361844112682.0,3.4304965652256105,16.436700458524278,339.95600214632816,7.998951837703106,1.7042256043112695e+21,0.07626389018187377,0.2,0.0016902013314297516,53.16054913716142,bohm,0.4814,1.0,0.06231823847112588,0.0,0,0,0,0,1.1652252927122336e+17,8.714115048862402,7.985534671622516,12.767197868384741,32.99971364365792,76.06155476910364,0.024971650537516647,1.1652252927122336e+17,8.714115048862402,7.985534671622516,1.0,1.0,4.202671547447848e-12,0.9999999999957974,0,0,7197658509393614.0,9651255042487902.0,1967316824053193.8,1481037115012098.8,0.06177053102443394,4.9057960184591725,4.9057960184591725,7683938218434708.0,55312884705171.85,19673168240449.258,-0.04520233544202419,74986052945621.06,1.0,1.3871776223126802e-12,0.9999999999986128,0,0,7197658509393614.0,9651255042487902.0,1967316824053193.8,1481037115012098.8,0.0,4.9057960184591725,4.9057960184591725,7683938218434708.0,18746522851615.6,18746522851615.6,1.0,1.8979261111700957e-10,0.9999999998102074,0,0,4.993189483934044e+16,6.749885682536414e+16,1.3759312563935896e+16,9951663141848088.0,0.0,4.905685259471704,4.905685259471704,5.373954426142825e+16,2622091912857993.0,2622091912857993.0,2.6203406502695776e-22,0.0,0.0,1967316824053193.8,3749304570328321.5,1481037115012098.8,1967316824053193.8,3749304570328321.5,1481037115012098.8,1.3759312563935896e+16,2.622091913355646e+16,9951663141848088.0
5.025125628140703e-07,ignition,-73.788951260121,29.719733935449472,54.78186863383863,166351087430011.2,3.4676150240461467,54.77549396825946,13560000.0,300.0,0.1825849798941982,58.18803774818249,56.455987376897625,0.970233566239498,0.014373414584464351,0.3,81.61296933280741,0.006374665579164775,2000000.0,20.0,55.12533641398179,0.0064772766730371205,151.94013573773333,8509.216659473517,-73.788951260121,29.719733935449472,75.87397482357675,2.0850235634557523,7.998941253994314,339.9555578678381,464342742217612.0,3.492564738830055,38.34284577778162,349.9367164639219,7.998546510231207,1.655534667244655e+21,0.07289047159940337,0.5,0.0006447213760283649,81.61296933280741,bohm,0.18,1.0,0.05555555555555556,0.0,0,0,0,0,67020535834144.24,3.4099947795637826,16.439022856057004,339.9555578678381,7.998941253994314,1.704225576589619e+21,0.07692976904257429,0.2,0.001676841745253797,53.04843006632482,bohm,0.4814,1.0,0.06231823847112588,0.0,0,0,0,0,1.1732693225592963e+17,8.761206907657215,7.986920976519453,12.687664857302437,32.999692394937185,75.87397482357675,0.024816090529306837,1.1732693225592963e+17,8.761206907657215,7.986920976519453,1.0,1.0,4.298369237898517e-12,0.9999999999957017,0,0,7290573172954128.0,9765460299492818.0,1990596507017839.5,1506305887496988.0,0.062138956783178545,4.905795958681093,4.905795958681093,7774863792474978.0,55967411161962.32,19905965070092.832,-0.047284348470147806,75873376232055.11,1.0,1.4187645947029043e-12,0.9999999999985812,0,0,7290573172954128.0,9765460299492818.0,1990596507017839.5,1506305887496988.0,0.0,4.905795958681093,4.905795958681093,7774863792474978.0,18968353892169.59,18968353892169.59,1.0,1.9421101195219137e-10,0.999999999805789,0,0,5.058580657673739e+16,6.8306971889333736e+16,1.3924046563898852e+16,1.0126927815201364e+16,0.0,4.905683960181127,4.905683960181127,5.438292532543488e+16,2653483219248382.0,2653483219248382.0,2.6800076351995727e-22,0.0,0.0,1990596507017839.5,3793670778439300.0,1506305887496988.0,1990596507017839.5,3793670778439300.0,1506305887496988.0,1.3924046563898852e+16,2.6534832197637176e+16,1.0126927815201364e+16
5.075376884422111e-07,ignition,-73.60900286323559,29.61193791827032,54.7895590700475,167999079362559.9,3.446821417303593,54.78316753737936,13560000.0,300.0,0.1826105584579312,57.91313279290695,56.32641348788613,0.97260173593622,0.014515645340576078,0.3,81.44341712687634,0.006391532668143006,2000000.0,20.0,54.99090279287644,0.006501695931325423,151.19996949877932,8456.580524174426,-73.60900286323559,29.611937918270318,75.68894170003098,2.079938836795395,7.998930670355625,339.9551135921183,468961385882803.8,3.471462747740247,38.34821727616555,349.93608434324295,7.998531994794302,1.6555346533817883e+21,0.07355839732700273,0.5,0.0006395976809466746,81.44341712687634,bohm,0.18,1.0,0.05555555555555556,0.0,0,0,0,0,67678310522478.61,3.389905928021242,16.44134179388195,339.9551135921183,7.998930670355625,1.7042255488689447e+21,0.07759390506793602,0.2,0.00166375064531171,52.93822113246962,bohm,0.4814,1.0,0.06231823847112588,0.0,0,0,0,0,1.1812893660793307e+17,8.807874029548568,7.988203682974372,12.609514272083286,32.99966998034171,75.68894170003098,0.024663234434064853,1.1812893660793307e+17,8.807874029548568,7.988203682974372,1.0,1.0,4.395193182821316e-12,0.9999999999956048,0,0,7383699098330590.0,9879767765147514.0,2013897024817362.2,1531725382817801.5,0.06250542255228199,4.905795898895822,4.905795898895822,7865870740330152.0,56622523342999.9,20138970248085.11,-0.049438570340715915,76761493591084.95,1.0,1.450723310326744e-12,0.9999999999985493,0,0,7383699098330590.0,9879767765147514.0,2013897024817362.2,1531725382817801.5,0.0,4.905795898895822,4.905795898895822,7865870740330152.0,19190383453449.293,19190383453449.293,1.0,1.9868201843229562e-10,0.9999999998013179,0,0,5.124119637714279e+16,6.911581824389854e+16,1.4088929720735746e+16,1.0303237574715744e+16,0.0,4.905682661059452,4.905682661059452,5.50268885231628e+16,2684902907635688.0,2684902907635688.0,2.7403768356110794e-22,0.0,0.0,2013897024817362.2,3838076690695426.5,1531725382817801.5,2013897024817362.2,3838076690695426.5,1531725382817801.5,1.4088929720735746e+16,2.68490290816913e+16,1.0303237574715744e+16
5.125628140703518e-07,ignition,-73.43147466735054,29.50598642858086,54.797238268262134,169644831182348.78,3.426442528193889,54.79083002213809,13560000.0,300.0,0.18263610007379363,57.64262022751179,56.19863883508441,0.9749494143963602,0.014657670746634729,0.3,81.27674369276635,0.006408246124047693,2000000.0,20.0,54.85827722557936,0.00652593020569689,150.47152900792597,8404.853585474813,-73.43147466735054,29.50598642858086,75.50639716409398,2.0749224967434374,7.998920086786976,339.9546693191664,473573829571163.06,3.4507812157881905,38.35358101549666,349.9354522359537,7.998517479695646,1.655534639525536e+21,0.0742241726904559,0.5,0.0006345765707404361,81.27674369276635,bohm,0.18,1.0,0.05555555555555556,0.0,0,0,0,0,68335165052744.016,3.3702188377905014,16.443657252765473,339.9546693191664,7.998920086786976,1.7042255211492446e+21,0.07825636229951813,0.2,0.0016509202519648211,52.82988340029813,bohm,0.4814,1.0,0.06231823847112588,0.0,0,0,0,0,1.1892858757990584e+17,8.854122458259901,7.989386020033127,12.532708833419342,32.99964636082344,75.50639716409398,0.02451300933647935,1.1892858757990584e+17,8.854122458259901,7.989386020033126,1.0,1.0,4.493144383476442e-12,0.9999999999955068,0,0,7477035553016135.0,9994176669749686.0,2037218220555950.8,1557295324378350.0,0.06286996007576781,4.905795839103729,4.905795839103729,7956958449193735.0,57278216836936.21,20372182205467.973,-0.05166669856045301,77650399042404.12,1.0,1.4830540996777463e-12,0.999999999998517,0,0,7477035553016135.0,9994176669749686.0,2037218220555950.8,1557295324378350.0,0.0,4.905795839103729,4.905795839103729,7956958449193735.0,19412610040380.38,19412610040380.38,1.0,2.0320567773570542e-10,0.9999999997967943,0,0,5.189805765399955e+16,6.992538791742206e+16,1.425396040958676e+16,1.0480590555751012e+16,0.0,4.905681362100071,4.905681362100071,5.5671427507835304e+16,2716350668314201.0,2716350668314201.0,2.8014488758254285e-22,0.0,0.0,2037218220555950.8,3882522008081834.0,1557295324378350.0,2037218220555950.8,3882522008081834.0,1557295324378350.0,1.425396040958676e+16,2.7163506688661788e+16,1.0480590555751012e+16
5.175879396984925e-07,ignition,-73.25631206747302,29.401833442347062,54.804906183410374,171288332433870.6,3.406467593913306,54.798481374902835,13560000.0,300.0,0.18266160458300945,57.37638859908356,56.07262221446459,0.9772769528293421,0.01479948991958215,0.3,81.11288693698293,0.0064248085075411035,2000000.0,20.0,54.72741891846835,0.006549982288024922,149.75451907387637,8354.011579966558,-73.25631206747302,29.401833442347062,75.32628506782244,2.069973000349413,7.998909503288285,339.9542250489798,478180042664774.7,3.4305092755161826,38.35893696243198,349.9348201420369,7.998502964934711,1.6555346256758697e+21,0.07488787166914827,0.5,0.0006296551267751836,81.11288693698293,bohm,0.18,1.0,0.05555555555555556,0.0,0,0,0,0,68991095690235.914,3.350922975101366,16.44596922097839,339.9542250489798,7.998909503288285,1.7042254934305142e+21,0.07891720346106652,0.2,0.0016383431494064401,52.72337650903891,bohm,0.4814,1.0,0.06231823847112588,0.0,0,0,0,0,1.1972593226613269e+17,8.8999580488359,7.990471097125105,12.457212723706997,32.99962149714462,75.32628506782244,0.02436534518021497,1.1972593226613269e+17,8.8999580488359,7.990471097125105,1.0,1.0,4.592223842006889e-12,0.9999999999954078,0,0,7570581778510705.0,1.010868619026912e+16,2060559926467416.5,1583015441176419.2,0.0632325982785621,4.9057957793051195,4.9057957793051195,8048126263801704.0,57934486926790.92,20605599264579.54,-0.053970452165861056,78540086191370.4,1.0,1.5157572935140987e-12,0.9999999999984842,0,0,7570581778510705.0,1.010868619026912e+16,2060559926467416.5,1583015441176419.2,0.0,4.9057957793051195,4.9057957793051195,8048126263801704.0,19635032054304.586,19635032054304.586,1.0,2.077820369835172e-10,0.999999999792218,0,0,5.25563836815895e+16,7.073567350083952e+16,1.4419137120266648e+16,1.0658984421283284e+16,0.0,4.905680063297118,4.905680063297118,5.631653638057287e+16,2747826213433008.5,2747826213433008.5,2.863224380580472e-22,0.0,0.0,2060559926467416.5,3927006410866869.5,1583015441176419.2,2060559926467416.5,3927006410866869.5,1583015441176419.2,1.4419137120266648e+16,2.7478262140039576e+16,1.0658984421283284e+16
5.226130653266331e-07,ignition,-73.08346148158144,29.29943169726522,54.81256275491089,172929572475496.12,3.3868860714926408,54.80612153244122,13560000.0,300.0,0.18268707177480406,57.11433092633871,55.948324032029646,0.9795846878463326,0.014941101687228765,0.3,80.9517879344816,0.006441222469674787,2000000.0,20.0,54.59828784214993,0.0065738550466205295,149.04865176471282,8304.0308546578,-73.08346148158144,29.29943169726522,75.14855031514998,2.0650888335685273,7.998898919859483,339.95378078155613,482779985143980.2,3.410636593745613,38.36428507270885,349.9341880614754,7.9984884505110045,1.6555346118327701e+21,0.07554957510793411,0.5,0.0006248305612390553,80.9517879344816,bohm,0.18,1.0,0.05555555555555556,0.0,0,0,0,0,69646101586001.445,3.3320073033618645,16.44827768220204,339.95378078155613,7.998898919859483,1.7042254657127511e+21,0.07957648495988347,0.2,0.0016260119552452704,52.61866215741304,bohm,0.4814,1.0,0.06231823847112588,0.0,0,0,0,0,1.2052100564808165e+17,8.945386786740958,7.991461936057577,12.382991043801393,32.99959534974395,75.14855031514998,0.024220173705366124,1.2052100564808165e+17,8.945386786740958,7.991461936057578,1.0,1.0,4.6924325371945146e-12,0.9999999999953075,0,0,7664337202164164.0,1.0223295817512348e+16,2083922038758132.5,1608885462168082.5,0.06359337246607316,4.905795719500475,4.905795719500475,8139373778754216.0,58591330694239.64,20839220387483.535,-0.056351571200031404,79430551081723.12,1.0,1.5488332149092682e-12,0.9999999999984511,0,0,7664337202164164.0,1.0223295817512348e+16,2083922038758132.5,1608885462168082.5,0.0,4.905795719500475,4.905795719500475,8139373778754216.0,19857648506158.992,19857648506158.992,1.0,2.124111419160119e-10,0.9999999997875889,0,0,5.3216169703040664e+16,7.154666909477845e+16,1.4584458650324046e+16,1.083841790891031e+16,0.0,4.90567876464779,4.90567876464779,5.69622104444544e+16,2779329313790270.0,2779329313790270.0,2.9257039601626453e-22,0.0,0.0,2083922038758132.5,3971529701237950.0,1608885462168082.5,2083922038758132.5,3971529701237950.0,1608885462168082.5,1.4584458650324046e+16,2.7793293143806308e+16,1.083841790891031e+16
5.276381909547738e-07,ignition,-72.91287162264791,29.19873778660756,54.820207949944674,174568543265916.06,3.3676877089106334,54.813750459477625,13560000.0,300.0,0.18271250153159208,56.85634302268996,55.82570553503278,0.9818729550149597,0.015082505395549103,0.3,80.7933862187628,0.0064574904670504606,2000000.0,20.0,54.47084568174608,0.006597551162613535,148.35365146422978,8254.888822427816,-72.91287162264791,29.19873778660756,74.97314016985258,2.060268547204663,7.998888336500498,339.9533365168927,487373633809861.75,3.3911527838780935,38.36962532163434,349.93355599425195,7.998473936424008,1.655534597996211e+21,0.07620935064676435,0.5,0.0006201001423824071,80.7933862187628,bohm,0.18,1.0,0.05555555555555556,0.0,0,0,0,0,70300179751267.53,3.3134618691144166,16.450582628310336,339.9533365168927,7.998888336500498,1.704225437995953e+21,0.08023426480950566,0.2,0.001613919760047102,52.51570104219582,bohm,0.4814,1.0,0.06231823847112588,0.0,0,0,0,0,1.2131385026115899e+17,8.99041433717925,7.992361436258726,12.310010449574266,32.99956787899053,74.97314016985258,0.024077429693515118,1.2131385026115899e+17,8.99041433717925,7.992361436258726,1.0,1.0,4.793771458556551e-12,0.9999999999952063,0,0,7758301153893639.0,1.0338004849287848e+16,2107304414293697.5,1634905133193187.0,0.063952311604915,4.905795659690118,4.905795659690118,8230700434994150.0,59248744114850.945,21073044142835.957,-0.058811817549308296,80321788257686.84,1.0,1.5822821903633397e-12,0.9999999999984177,0,0,7758301153893639.0,1.0338004849287848e+16,2107304414293697.5,1634905133193187.0,0.0,4.905795659690118,4.905795659690118,8230700434994150.0,20080458032002.004,20080458032002.004,1.0,2.1709303888600557e-10,0.999999999782907,0,0,5.387740973884675e+16,7.235836836678803e+16,1.4749923709029728e+16,1.1018888790118166e+16,0.0,4.9056774661479166,4.9056774661479166,5.76084446577583e+16,2810859723359667.5,2810859723359667.5,2.988888231521428e-22,0.0,0.0,2107304414293697.5,4016091606406755.0,1634905133193187.0,2107304414293697.5,4016091606406755.0,1634905133193187.0,1.4749923709029728e+16,2.8108597239698856e+16,1.1018888790118166e+16
5.326633165829145e-07,ignition,-72.74449245321594,29.099708366624174,54.827841739816556,176205238527579.25,3.3488623431282623,54.82136812484405,13560000.0,300.0,0.18273789374948016,56.602324185279464,55.70472916084386,0.9841420818428329,0.015223700466649755,0.3,80.63762158658555,0.0064736149725095945,2000000.0,20.0,54.34505505589311,0.006621073325678888,147.6692504514027,8206.56356565015,-72.74449245321594,29.099708366624174,74.80000318058626,2.05551072737032,7.998877753211258,339.95289225498715,491960967930725.8,3.372047625956244,38.37495768739083,349.93292394034916,7.998459422673232,1.6555345841661729e+21,0.07686726600494953,0.5,0.0006154612213717426,80.63762158658555,bohm,0.18,1.0,0.05555555555555556,0.0,0,0,0,0,70953328726530.4,3.2952766298783436,16.452884052425723,339.95289225498715,7.998877753211258,1.7042254102801167e+21,0.08089059680074798,0.2,0.0016020597884300438,52.41445403128061,bohm,0.4814,1.0,0.06231823847112588,0.0,0,0,0,0,1.221045019757319e+17,9.035046378034172,7.9931724072025245,12.238238592822297,32.999539045041374,74.80000318058626,0.0239370498741923,1.221045019757319e+17,9.035046378034172,7.9931724072025245,1.0,1.0,4.896241581824201e-12,0.9999999999951038,0,0,7852473062640036.0,1.0452812750189724e+16,2130706943937333.8,1661074200324980.2,0.06430944752717392,4.905795599874457,4.905795599874457,8322105806252390.0,59906724120072.414,21307069439269.016,-0.06135297441114219,81213793559341.38,1.0,1.6161045418398543e-12,0.9999999999983838,0,0,7852473062640036.0,1.0452812750189724e+16,2130706943937333.8,1661074200324980.2,0.0,4.905795599874457,4.905795599874457,8322105806252390.0,20303459591855.8,20303459591855.8,1.0,2.2182777335410844e-10,0.9999999997781722,0,0,5.454009900074201e+16,7.31707662713069e+16,1.4915531267972852e+16,1.1200395265380814e+16,0.0,4.90567616779576,4.90567616779576,5.825523500333405e+16,2842417246108307.0,2842417246108307.0,3.0527778029585873e-22,0.0,0.0,2130706943937333.8,4060691918377722.5,1661074200324980.2,2130706943937333.8,4060691918377722.5,1661074200324980.2,1.4915531267972852e+16,2.842417246738834e+16,1.1200395265380814e+16
5.376884422110553e-07,ignition,-72.57827535666401,29.002300995943365,54.835464101080156,177839653281446.12,3.330400012485213,54.828974502652386,13560000.0,300.0,0.1827632483421746,56.35217700603643,55.58535846995075,0.9863923884253214,0.01536468642049756,0.3,80.48443450856925,0.006489598427772362,2000000.0,20.0,54.220879644687166,0.006644424190357987,146.99518947218255,8159.033888333442,-72.57827535666401,29.00230099594336,74.62908935698994,2.0508140003259383,7.998867169991698,339.95244799583696,496541969949419.94,3.3533111127565807,38.38028215185667,349.9322918997496,7.9984449092581835,1.6555345703426368e+21,0.07752338685519901,0.5,0.0006109112330174888,80.48443450856925,bohm,0.18,1.0,0.05555555555555556,0.0,0,0,0,0,71605547725454.84,3.2774417188714637,16.455181949223487,339.95244799583696,7.998867169991698,1.704225382565241e+21,0.08154553195977687,0.2,0.0015904254669488489,52.314882430570016,bohm,0.4814,1.0,0.06231823847112588,0.0,0,0,0,0,1.2289299329567885e+17,9.079288524137413,7.993897565320045,12.167644192069233,32.9995088078992,74.62908935698994,0.023798973063359735,1.2289299329567885e+17,9.079288524137413,7.993897565320045,1.0,1.0,4.999843874943838e-12,0.9999999999950001,0,0,7946852408885068.0,1.0567719066018916e+16,2154129535105483.5,1687392413077120.2,0.0646648128243166,4.9057955400539255,4.9057955400539255,8413589530913432.0,60565268106763.055,21541295350947.13,-0.0639768464674632,82106563457710.12,1.0,1.6503005887907397e-12,0.9999999999983497,0,0,7946852408885068.0,1.0567719066018916e+16,2154129535105483.5,1687392413077120.2,0.0,4.9057955400539255,4.9057955400539255,8413589530913432.0,20526652303478.45,20526652303478.45,1.0,2.2661539028661186e-10,0.9999999997733846,0,0,5.520423327345977e+16,7.398385847357058e+16,1.5081280443630806e+16,1.1382935687150798e+16,0.0,4.905674869590783,4.905674869590783,5.890257802993977e+16,2874001713616523.5,2874001713616523.5,3.117373277963916e-22,0.0,0.0,2154129535105483.5,4105330460702465.0,1687392413077120.2,2154129535105483.5,4105330460702465.0,1687392413077120.2,1.5081280443630806e+16,2.8740017142678164e+16,1.1382935687150798e+16
5.42713567839196e-07,ignition,-72.414173536954,28.90647587560047,54.843075009465366,179471781584077.38,3.3122913336361735,54.836569566321685,13560000.0,300.0,0.18278856522107229,56.10580742392127,55.46755819284373,0.988624185973208,0.015505462764216943,0.3,80.33376866314987,0.006505443143685334,2000000.0,20.0,54.098284488323294,0.00666760628382008,146.33121922897809,8112.279450445661,-72.414173536954,28.90647587560047,74.46035058072943,2.046177043775422,7.998856586841737,339.9520037394395,501116621887388.75,3.33493375367766,38.38559869642518,349.9316598724359,7.998430396178361,1.655534556525581e+21,0.0781777740585186,0.5,0.0006064477227018326,80.33376866314987,bohm,0.18,1.0,0.05555555555555556,0.0,0,0,0,0,72256834816306.9,3.259947989824754,16.45747631304019,339.9520037394395,7.998856586841737,1.7042253548513216e+21,0.08219912131916707,0.2,0.0015790105689871433,52.21694963104741,bohm,0.4814,1.0,0.06231823847112588,0.0,0,0,0,0,1.236793607022338e+17,9.123146170311301,7.994539525188668,12.098197218615228,32.99947712754032,74.46035058072943,0.023663140527309515,1.236793607022338e+17,9.123146170311301,7.994539525188667,1.0,1.0,5.1045793116151515e-12,0.9999999999948954,0,0,8041438616811818.0,1.0682723235084304e+16,2177572073303381.0,1713859528334277.5,0.06501843614935972,4.905795480228855,4.905795480228855,8505151161780923.0,61224372855725.11,21775720732922.656,-0.06668526026804178,83000093588647.7,1.0,1.6848706529085595e-12,0.9999999999983151,0,0,8041438616811818.0,1.0682723235084304e+16,2177572073303381.0,1713859528334277.5,0.0,4.905795480228855,4.905795480228855,8505151161780923.0,20750035075835.84,20750035075835.84,1.0,2.3145593510108996e-10,0.999999999768544,0,0,5.586980749073143e+16,7.479763978418077e+16,1.5247170178273014e+16,1.1566508063096698e+16,0.0,4.905673571530425,4.905673571530425,5.955046960590775e+16,2905612924263651.0,2905612924263651.0,3.182675264037268e-22,0.0,0.0,2177572073303381.0,4150007015174160.0,1713859528334277.5,2177572073303381.0,4150007015174160.0,1713859528334277.5,1.5247170178273014e+16,2.9056129249361724e+16,1.1566508063096698e+16
5.477386934673367e-07,ignition,-72.25214127243851,28.812193089519546,54.85067445914741,181101621427195.34,3.2945267371115934,54.84415330769276,13560000.0,300.0,0.18281384435897585,55.863123971511186,55.35129389038892,0.9908377826957316,0.015646029346370917,0.3,80.18556503471224,0.006521151454651712,2000000.0,20.0,53.977235429639045,0.006690622148588358,145.67709723133405,8066.280484903993,-72.25214127243851,28.812193089519546,74.29373983821979,2.0415985657812854,7.9988460037613125,339.9515594857923,505684916858927.8,3.3169058494810555,38.39090731538493,349.9310278583905,7.998415883433288,1.65553454271499e+21,0.07883048612513598,0.5,0.0006020682705425296,80.18556503471224,bohm,0.18,1.0,0.05555555555555556,0.0,0,0,0,0,72907189616617.88,3.2427861628397583,16.45976714376248,339.9515594857923,7.9988460037613125,1.7042253271383576e+21,0.08285141220216322,0.2,0.001567808969932836,52.12061727256296,bohm,0.4814,1.0,0.06231823847112588,0.0,0,0,0,0,1.2446363363195589e+17,9.166624732196228,7.99510082239644,12.029868497582038,32.99944396378873,74.29373983821979,0.023529495202339115,1.2446363363195589e+17,9.166624732196228,7.99510082239644,1.0,1.0,5.210448850272251e-12,0.9999999999947895,0,0,8136231222558055.0,1.0797824876190806e+16,2201034480828615.8,1740475308024480.2,0.06537034943570125,4.905795420399678,4.905795420399678,8596790395362190.0,61884036182217.01,22010344808171.473,-0.06948006375469187,83894380990388.4,1.0,1.7198150505378958e-12,0.9999999999982802,0,0,8136231222558055.0,1.0797824876190806e+16,2201034480828615.8,1740475308024480.2,0.0,4.905795420399678,4.905795420399678,8596790395362190.0,20973607168488.727,20973607168488.727,1.0,2.363494521434461e-10,0.9999999997636505,0,0,5.653681797963061e+16,7.561210689324131e+16,1.5413199797285246e+16,1.1751110680959772e+16,0.0,4.905672273615697,4.905672273615697,6.019890709595606e+16,2937250749444341.0,2937250749444341.0,3.248684358798721e-22,0.0,0.0,2201034480828615.8,4194721433704959.5,1740475308024480.2,2201034480828615.8,4194721433704959.5,1740475308024480.2,1.5413199797285246e+16,2.9372507501385584e+16,1.1751110680959772e+16
5.527638190954774e-07,ignition,-72.09213432991764,28.71941444794924,54.85826243551088,182729169270086.94,3.277097211496076,54.85172570989629,13560000.0,300.0,0.18283908569965432,55.6240385280697,55.23653233339673,0.9930334760846713,0.015786385854084647,0.3,80.0397686433394,0.006536725614590178,2000000.0,20.0,53.857699423442924,0.006713474247370556,145.0325893592962,8021.017940179632,-72.09213432991764,28.719414447949244,74.12921164638213,2.0370773164644813,7.998835420750353,339.9511152348928,510246842731218.56,3.2992183084871667,38.3962079969274,349.930395857596,7.998401371022481,1.6555345289108458e+21,0.07948158025631419,0.5,0.0005977705730515541,80.0397686433394,bohm,0.18,1.0,0.05555555555555556,0.0,0,0,0,0,73556611449709.73,3.225947402412531,16.46205443858348,339.9511152348928,7.998835420750353,1.7042252994263468e+21,0.08350245053271822,0.2,0.0015568148014433343,52.02584961817061,bohm,0.4814,1.0,0.06231823847112588,0.0,0,0,0,0,1.2524584232509832e+17,9.209729484919226,7.9955839035996945,11.962629905349058,32.999409276443,74.12921164638213,0.023397982080921177,1.2524584232509832e+17,9.209729484919224,7.9955839035996945,1.0,1.0,5.317453451262295e-12,0.9999999999946826,0,0,8231229741199792.0,1.0913023573985804e+16,2224516673016095.8,1767239513246178.8,0.06572058272269143,4.905795360566777,4.905795360566777,8688506900969708.0,62544255705733.914,22245166730042.67,-0.07236312673823592,84789422435776.52,1.0,1.7551340986201508e-12,0.9999999999982448,0,0,8231229741199792.0,1.0913023573985804e+16,2224516673016095.8,1767239513246178.8,0.0,4.905795360566777,4.905795360566777,8688506900969708.0,21197367774650.383,21197367774650.383,1.0,2.412959859760972e-10,0.999999999758704,0,0,5.720526068415981e+16,7.642725587093126e+16,1.5579368499687974e+16,1.1936741812604484e+16,0.0,4.905670975846162,4.905670975846162,6.084788737124329e+16,2968915036470348.0,2968915036470348.0,3.315401160935276e-22,0.0,0.0,2224516673016095.8,4239473554937517.0,1767239513246178.8,2224516673016095.8,4239473554937517.0,1767239513246178.8,1.5579368499687974e+16,2.968915037186735e+16,1.1936741812604484e+16
5.57788944723618e-07,ignition,-71.93410977775484,28.628102880801645,54.86583892689736,184354422193991.44,3.259994003539801,54.85928675906786,13560000.0,300.0,0.18286428919689285,55.38846580759748,55.12324127701323,0.9952115566532289,0.0159265320301762,0.3,79.89632573130994,0.006552167829506855,2000000.0,20.0,53.73964439689925,0.006736164992787715,144.39746899525926,7976.4734020193955,-71.93410977775484,28.628102880801645,73.96672186047854,2.0326120827236944,7.998824837808791,339.9506709867386,514802389180074.5,3.2818622971402114,38.4015007313475,349.92976387003495,7.998386858945462,1.6555345151131326e+21,0.0801311114466219,0.5,0.0005935524042802961,79.89632573130994,bohm,0.18,1.0,0.05555555555555556,0.0,0,0,0,0,74205099865297.08,3.209423131667029,16.464338195549864,339.9506709867386,7.998824837808791,1.704225271715287e+21,0.08415228040638634,0.2,0.001546022393997524,51.932611725351464,bohm,0.4814,1.0,0.06231823847112588,0.0,0,0,0,0,1.2602601551341733e+17,9.25246561255979,7.995991133840519,11.896454258028442,32.99937302527054,73.96672186047854,0.023268547993569675,1.2602601551341733e+17,9.25246561255979,7.995991133840519,1.0,1.0,5.425594071082503e-12,0.9999999999945745,0,0,8326433709925921.0,1.1028318945096892e+16,2248018571719583.8,1794151908268195.0,0.0660691657671225,4.90579530073053,4.90579530073053,8780300373377308.0,63205029229055.625,22480185717073.87,-0.07533634079936498,85685214946129.42,1.0,1.7908281127970694e-12,0.9999999999982092,0,0,8326433709925921.0,1.1028318945096892e+16,2248018571719583.8,1794151908268195.0,0.0,4.90579530073053,4.90579530073053,8780300373377308.0,21421316149652.348,21421316149652.348,1.0,2.4629558093755507e-10,0.9999999997537045,0,0,5.787513174044824e+16,7.72430830591121e+16,1.5745675539881102e+16,1.2123399761098356e+16,0.0,4.9056696782217175,4.9056696782217175,6.149740751923099e+16,3000605643207842.5,3000605643207842.5,3.3828262666700016e-22,0.0,0.0,2248018571719583.8,4284263229938142.0,1794151908268195.0,2248018571719583.8,4284263229938142.0,1794151908268195.0,1.5745675539881102e+16,3.0006056439468784e+16,1.2123399761098356e+16
5.628140703517587e-07,ignition,-71.77802589611416,28.53822220547925,54.8734039343572,185977379491264.28,3.2432084202872042,54.866836454087846,13560000.0,300.0,0.18288945484695948,55.15632294356805,55.01138927852669,0.9973723109644266,0.01606646785368453,0.3,79.75518169809445,0.006567480269355613,2000000.0,20.0,53.62303918246937,0.006758696758021623,143.7715165582323,7932.629051548235,-71.77802589611416,28.53822220547925,73.80622758181312,2.0282016856989524,7.998814254936556,339.95022674132707,519351553559906.4,3.264828986423024,38.406785517861486,349.9291318956897,7.998372347201755,1.655534501321835e+21,0.08077913122515777,0.5,0.0005894115871736964,79.75518169809445,bohm,0.18,1.0,0.05555555555555556,0.0,0,0,0,0,74852654801716.94,3.193204962867078,16.46661841649571,339.95022674132707,7.998814254936556,1.7042252440051757e+21,0.08480094415499986,0.2,0.001535426252429085,51.840868103761395,bohm,0.4814,1.0,0.06231823847112588,0.0,0,0,0,0,1.2680417955186422e+17,9.29483822522038,7.996324800938182,11.831315251035297,32.99933517001773,73.80622758181312,0.023141141490643957,1.2680417955186422e+17,9.29483822522038,7.996324800938182,1.0,1.0,5.534871659240335e-12,0.9999999999944651,0,0,8421842708872386.0,1.1143710666002842e+16,2271540110992919.0,1821212264855381.8,0.06641612870045632,4.9057952408913374,4.9057952408913374,8872170555009923.0,63866354897980.08,22715401109803.465,-0.07840161924169936,86581756007783.47,1.0,1.8268974065122164e-12,0.9999999999981731,0,0,8421842708872386.0,1.1143710666002842e+16,2271540110992919.0,1821212264855381.8,0.0,4.9057952408913374,4.9057952408913374,8872170555009923.0,21645451665080.88,21645451665080.88,1.0,2.513482808867114e-10,0.9999999997486517,0,0,5.854642777499643e+16,7.805958563709147e+16,1.591212034296902e+16,1.2311082823842996e+16,0.0,4.905668380743684,4.905668380743684,6.214746529412245e+16,3032322460056273.0,3032322460056273.0,3.4509602680554594e-22,0.0,0.0,2271540110992919.0,4329090333024084.5,1821212264855381.8,2271540110992919.0,4329090333024084.5,1821212264855381.8,1.591212034296902e+16,3.032322460818442e+16,1.2311082823842996e+16
5.678391959798995e-07,ignition,-71.62384228905044,28.449737870164665,54.88095743879376,187598037221441.88,3.2267324547060734,54.87437477376657,13560000.0,300.0,0.18291458257922188,54.927530385753975,54.90094614654027,0.999516012479953,0.016206192931656628,0.3,79.61628772007808,0.006582665027189263,2000000.0,20.0,53.50785360165055,0.0067810718415476905,143.1545198527834,7889.467700706698,-71.62384228905044,28.449737870164668,73.64768727298936,2.023844983938913,7.9988036721335805,339.9497824986557,523894321132277.4,3.248110345778851,38.4120623416366,349.92849993454297,7.9983578357908875,1.655534487536937e+21,0.08142569255112926,0.5,0.0005853460743101622,79.61628772007808,bohm,0.18,1.0,0.05555555555555556,0.0,0,0,0,0,75499275917830.05,3.177284935310866,16.46889509715716,339.9497824986557,7.9988036721335805,1.7042252162960117e+21,0.0854484821726533,0.2,0.00152502111424499,51.75058701805075,bohm,0.4814,1.0,0.06231823847112588,0.0,0,0,0,0,1.27580362224738e+17,9.336852300635734,7.996587113351223,11.767187505836988,32.99929567048137,73.64768727298936,0.023015712933786937,1.27580362224738e+17,9.336852300635734,7.9965871133512225,1.0,1.0,5.6452871701654416e-12,0.9999999999943547,0,0,8517456261024656.0,1.125919834421923e+16,2295081210832467.0,1848420338470360.2,0.06676149928169046,4.905795181049527,4.905795181049527,8964117133386763.0,64528230463064.58,22950812108195.1,-0.08156089747548348,87479042571259.6,1.0,1.863342294775128e-12,0.9999999999981367,0,0,8517456261024656.0,1.125919834421923e+16,2295081210832467.0,1848420338470360.2,0.0,4.905795181049527,4.905795181049527,8964117133386763.0,21869773558568.395,21869773558568.395,1.0,2.5645413004308533e-10,0.9999999997435459,0,0,5.921914500356424e+16,7.887675982465234e+16,1.6078702138466984e+16,1.2499789455845876e+16,0.0,4.9056670834112985,4.9056670834112985,6.279805768618535e+16,3064065340139346.5,3064065340139346.5,3.5198037604702416e-22,0.0,0.0,2295081210832467.0,4373954711721829.0,1848420338470360.2,2295081210832467.0,4373954711721829.0,1848420338470360.2,1.6078702138466984e+16,3.0640653409251384e+16,1.2499789455845876e+16
5.728643216080402e-07,ignition,-71.47151957507332,28.36261559300282,54.88849945081809,189216396531515.34,3.2105578041417515,54.88190172662658,13560000.0,300.0,0.1829396724220886,54.702010266777826,54.79188216980887,1.0016429360199515,0.0163457074218444,0.3,79.47959064631944,0.006597724191511199,2000000.0,20.0,53.3940582338064,0.0068032925299143865,142.54627273375547,7846.972666673003,-71.47151957507332,28.362615593002815,73.49106043973057,2.019540864657257,7.998793089399795,339.949338258722,528430695063234.0,3.231697920561207,38.4173312086386,349.92786798657716,7.998343324712393,1.6555344737584252e+21,0.08207084243039368,0.5,0.0005813538182008041,79.47959064631944,bohm,0.18,1.0,0.05555555555555556,0.0,0,0,0,0,76144963687609.16,3.1616550889686184,16.471168242179484,339.949338258722,7.998793089399795,1.7042251885877928e+21,0.08609493354680053,0.2,0.001514801830324136,51.661733920107636,bohm,0.4814,1.0,0.06231823847112588,0.0,0,0,0,0,1.283545863754756e+17,9.378512786763494,7.996780211746754,11.704046394167795,32.9992544864473,73.49106043973057,0.022892214152102675,1.283545863754756e+17,9.378512786763494,7.996780211746754,1.0,1.0,5.7568415442477695e-12,0.9999999999942432,0,0,8613274003993283.0,1.1374781736979752e+16,2318641821753169.5,1875775910519869.0,0.06710530762645969,4.905795121205509,4.905795121205509,9056139915226582.0,65190654532928.445,23186418217398.215,-0.0848161325269785,88377072750326.58,1.0,1.900163087959533e-12,0.9999999999980999,0,0,8613274003993283.0,1.1374781736979752e+16,2318641821753169.5,1875775910519869.0,0.0,4.905795121205509,4.905795121205509,9056139915226582.0,22094281358559.24,22094281358559.24,1.0,2.6161317172600773e-10,0.9999999997383868,0,0,5.989328052951446e+16,7.969460353612995e+16,1.6245420501306654e+16,1.2689517995997812e+16,0.0,4.905665786226952,4.905665786226952,6.34491830348233e+16,3095834202411088.5,3095834202411088.5,3.5893573300820086e-22,0.0,0.0,2318641821753169.5,4418856271720244.0,1875775910519869.0,2318641821753169.5,4418856271720244.0,1875775910519869.0,1.6245420501306654e+16,3.0958342032209996e+16,1.2689517995997812e+16
5.778894472361809e-07,ignition,-71.32101953196876,28.276822266212555,54.89602997575872,190832457807082.8,3.194676545332057,54.889417315961474,13560000.0,300.0,0.18296472438653824,54.47968737950982,54.684168603143576,1.003753347962688,0.016485011385082956,0.3,79.34504001382868,0.006612659797248781,2000000.0,20.0,53.281624524358335,0.006825361055610337,141.9465755977352,7805.127821180493,-71.32101953196876,28.276822266212555,73.33630777979361,2.015288247824855,7.998782506735132,339.94889402152336,532960675371415.1,3.215583674789485,38.42259212117303,349.92723605177457,7.9983288139658075,1.6555344599862878e+21,0.08271462726867662,0.5,0.000577432857511065,79.34504001382868,bohm,0.18,1.0,0.05555555555555556,0.0,0,0,0,0,76789718618972.03,3.1463077531026458,16.47343785458569,339.94889402152336,7.998782506735132,1.704225160880517e+21,0.08674033569115737,0.2,0.0015047634373397685,51.57427600898864,bohm,0.4814,1.0,0.06231823847112588,0.0,0,0,0,0,1.2912687446192392e+17,9.419824532261433,7.996906165506555,11.641868104089676,32.999211577767454,73.33630777979361,0.022770598571366218,1.2912687446192392e+17,9.419824532261433,7.996906165506555,1.0,1.0,5.869535721287574e-12,0.9999999999941305,0,0,8709295566267487.0,1.1490460594036084e+16,2342221892744831.0,1903278757721064.8,0.06744758287195766,4.905795061359667,4.905795061359667,9148238701291252.0,65853625673310.28,23422218927310.832,-0.08816930345786526,89275844600621.03,1.0,1.9373600962344947e-12,0.9999999999980627,0,0,8709295566267487.0,1.1490460594036084e+16,2342221892744831.0,1903278757721064.8,0.0,4.905795061359667,4.905795061359667,9148238701291252.0,22318974578964.715,22318974578964.715,1.0,2.6682544923720273e-10,0.9999999997331745,0,0,6.056883144369134e+16,8.051311452940285e+16,1.6412274974527502e+16,1.2880266863343492e+16,0.0,4.9056644891925325,4.9056644891925325,6.410083955487534e+16,3127628959747503.5,3127628959747503.5,3.6596215628325466e-22,0.0,0.0,2342221892744831.0,4463794915801591.5,1903278757721064.8,2342221892744831.0,4463794915801591.5,1903278757721064.8,1.6412274974527502e+16,3.1276289605820344e+16,1.2880266863343492e+16
5.829145728643216e-07,ignition,-71.17230501005157,28.192325689333806,54.90354902236595,192446222119953.22,3.1790809555914405,54.89692154852658,13560000.0,300.0,0.1829897384950886,54.260488812492696,54.57777750627187,1.0058475089466228,0.01662410494636956,0.3,79.21258624775648,0.006627473839381473,2000000.0,20.0,53.170524719979355,0.00684727960900746,141.35523494989678,7763.917551075748,-71.17230501005157,28.192325689333806,73.18339109377015,2.011086083718574,7.99877192413953,339.94844978705737,537484264165336.44,3.1997597699847424,38.4278450839686,349.92660413011777,7.9983143035506705,1.6555344462205118e+21,0.08335709161375487,0.5,0.000573581292106283,79.21258624775648,bohm,0.18,1.0,0.05555555555555556,0.0,0,0,0,0,77433541438158.84,3.1312354649872085,16.475703938397352,339.94844978705737,7.99877192413953,1.7042251331741837e+21,0.08738472452616393,0.2,0.0014949011313520112,51.488181061041715,bohm,0.4814,1.0,0.06231823847112588,0.0,0,0,0,0,1.2989724746452606e+17,9.460792305741334,7.996966976885943,11.580629583498059,32.999166904365424,73.18339109377015,0.022650821103525405,1.2989724746452606e+17,9.460792305741334,7.996966976885943,1.0,1.0,5.983370637233697e-12,0.9999999999940167,0,0,8805520597302404.0,1.1606234695625084e+16,2365821379011362.5,1930928659700045.5,0.06778835401964252,4.905795001512387,4.905795001512387,9240413316613722.0,66517142624664.92,23658213789972.07,-0.0916224113184086,90175356414636.9,1.0,1.9749336284914324e-12,0.999999999998025,0,0,8805520597302404.0,1.1606234695625084e+16,2365821379011362.5,1930928659700045.5,0.0,4.905795001512387,4.905795001512387,9240413316613722.0,22543852792910.457,22543852792910.457,1.0,2.7209100564629913e-10,0.999999999727909,0,0,6.124579504180102e+16,8.133229085991622e+16,1.6579265161824672e+16,1.3072034505534146e+16,0.0,4.905663192310328,4.905663192310328,6.475302569809155e+16,3159449536584562.5,3159449536584562.5,3.7305970422538565e-22,0.0,0.0,2365821379011362.5,4508770558590996.0,1930928659700045.5,2365821379011362.5,4508770558590996.0,1930928659700045.5,1.6579265161824672e+16,3.1594495374442204e+16,1.3072034505534146e+16
5.879396984924623e-07,ignition,-71.0253402502597,28.109096123349907,54.91105657586796,194057685999566.06,3.1637641413695263,54.90441440768417,13560000.0,300.0,0.18301471469228056,54.044344628801795,54.47268208828563,1.007925666643306,0.01676298779711996,0.3,79.08218648047229,0.00664216818379111,2000000.0,20.0,53.060732106231974,0.00686905025833839,140.77206458246582,7723.326867858763,-71.0253402502597,28.109096123349907,73.03227361216923,2.0069333619095397,7.998761341612916,339.94800555532146,542001449454423.25,3.184219253787527,38.433090085378915,349.9259722215894,7.998299793466508,1.655534432461081e+21,0.08399828045815488,0.5,0.0005697973513300875,79.08218648047229,bohm,0.18,1.0,0.05555555555555556,0.0,0,0,0,0,78076431514613.66,3.1164314599434038,16.47796649048904,339.94800555532146,7.998761341612916,1.7042251054687901e+21,0.08802813544888922,0.2,0.0014852103948802225,51.40342121230699,bohm,0.4814,1.0,0.06231823847112588,0.0,0,0,0,0,1.3066573271643008e+17,9.501420663586389,7.996964574013521,11.520308690918046,32.999120426398484,73.03227361216923,0.022532838441646854,1.3066573271643008e+17,9.501420663586389,7.996964574013521,1.0,1.0,6.098347242778863e-12,0.9999999999939017,0,0,8901948604053847.0,1.172210361998282e+16,2389440194580783.5,1958725373232592.8,0.06812764463176277,4.9057949416639035,4.9057949416639035,9332663425402036.0,67181202969743.68,23894401945662.117,-0.09517747976781547,91075604915405.7,1.0,2.0128839986274893e-12,0.9999999999979872,0,0,8901948604053847.0,1.172210361998282e+16,2389440194580783.5,1958725373232592.8,0.0,4.9057949416639035,4.9057949416639035,9332663425402036.0,22768915181156.523,22768915181156.523,1.0,2.774098849664631e-10,0.9999999997225901,0,0,6.192416749146251e+16,8.215212882451368e+16,1.6746390308421122e+16,1.326481928379107e+16,0.0,4.905661895578924,4.905661895578924,6.540573851609256e+16,3191295789039734.5,3191295789039734.5,3.802284361404686e-22,0.0,0.0,2389440194580783.5,4553783036240471.0,1958725373232592.8,2389440194580783.5,4553783036240471.0,1958725373232592.8,1.6746390308421122e+16,3.1912957899250316e+16,1.326481928379107e+16
5.929648241206029e-07,ignition,-70.88009005810628,28.02710275798147,54.91855265645509,195666852780553.94,3.1487186300481564,54.911895911688404,13560000.0,300.0,0.18303965303896136,53.83118608190561,54.36885585454536,1.009988072189635,0.016901660275458287,0.3,78.95379167766392,0.0066567447666881115,2000000.0,20.0,52.95222039045454,0.006890675129062262,140.1968822139635,7683.341099390679,-70.88009005810628,28.02710275798147,72.88291914602813,2.0028290879218424,7.9987507591552225,339.9475613263131,546512240283847.75,3.168954520194581,38.43832713818188,349.9253403261718,7.998285283712872,1.6555344187079865e+21,0.08463823446299851,0.5,0.0005660792353630084,78.95379167766392,bohm,0.18,1.0,0.05555555555555556,0.0,0,0,0,0,78718390279456.0,3.101888566497993,16.48022551827321,339.9475613263131,7.9987507591552225,1.704225077764335e+21,0.08867060142111052,0.2,0.0014756866954825961,51.31996459048155,bohm,0.4814,1.0,0.06231823847112588,0.0,0,0,0,0,1.314323469736746e+17,9.54171424582584,7.996900834684528,11.46088376469058,32.99907210397924,72.88291914602813,0.022416608217277235,1.314323469736746e+17,9.54171424582584,7.996900834684528,1.0,1.0,6.214466463002388e-12,0.9999999999937855,0,0,8998579305746191.0,1.183806724790786e+16,2413078315155526.5,1986668688149383.0,0.06846548443320861,4.905794881814633,4.905794881814633,9424988932752334.0,67845806025339.13,24130783151405.305,-0.09883655389667541,91976589176744.34,1.0,2.0512115119087684e-12,0.9999999999979488,0,0,8998579305746191.0,1.183806724790786e+16,2413078315155526.5,1986668688149383.0,0.0,4.905794881814633,4.905794881814633,9424988932752334.0,22994161512159.242,22994161512159.242,1.0,2.827821296029287e-10,0.9999999997172179,0,0,6.260394672510076e+16,8.297262742393014e+16,1.6913650210698976e+16,1.3458619722568568e+16,0.0,4.905660599002136,4.905660599002136,6.605897721323117e+16,3223167678271868.0,3223167678271868.0,3.8746840969647335e-22,0.0,0.0,2413078315155526.5,4598832302441281.0,1986668688149383.0,2413078315155526.5,4598832302441281.0,1986668688149383.0,1.6913650210698976e+16,3.2231676791833216e+16,1.3458619722568568e+16
5.979899497487437e-07,ignition,-70.73652035379213,27.946316279192605,54.92603727589783,197273724185861.2,3.133937403647001,54.91936607044898,13560000.0,300.0,0.18306455356816326,53.62094679862904,54.26627319319043,1.012034968292986,0.017040122564846695,0.3,78.827356140898,0.006671205448855867,2000000.0,20.0,52.844964112732505,0.006912156273040019,139.62951160379933,7643.946085741674,-70.73652035379213,27.946316279192605,72.73529265256896,1.9987722987768373,7.998740176766384,339.94711710002986,551016640673799.2,3.1539584414065556,38.443556249314284,349.92470844384746,7.998270774289308,1.655534404961217e+21,0.0852769936130602,0.5,0.0005624252291769726,78.827356140898,bohm,0.18,1.0,0.05555555555555556,0.0,0,0,0,0,79359418689881.88,3.087600013785385,16.48248102658355,339.94711710002986,7.998740176766384,1.7042250500608164e+21,0.08931215447523422,0.2,0.001466325699233035,51.2377814915837,bohm,0.4814,1.0,0.06231823847112588,0.0,0,0,0,0,1.3219710895477437e+17,9.581677559733588,7.996777572657124,11.402333894112285,32.999021897408866,72.73529265256896,0.022302089530772135,1.3219710895477437e+17,9.581677559733588,7.996777572657124,1.0,1.0,6.331729227304591e-12,0.9999999999936683,0,0,9095412370728532.0,1.1954125388508888e+16,2436735701824741.0,2014758385869124.5,0.06880190075745259,4.905794821964927,4.905794821964927,9517389686684148.0,68510950697376.01,24367357018093.125,-0.10260170117018773,92878307715469.03,1.0,2.0899164750851956e-12,0.9999999999979101,0,0,9095412370728532.0,1.1954125388508888e+16,2436735701824741.0,2014758385869124.5,0.0,4.905794821964927,4.905794821964927,9517389686684148.0,23219591415124.81,23219591415124.81,1.0,2.8820778224551186e-10,0.9999999997117922,0,0,6.3285130294185176e+16,8.379378505280251e+16,1.708104454149367e+16,1.3653434324369998e+16,0.0,4.905659302582386,4.905659302582386,6.671274051130884e+16,3255065141894015.5,3255065141894015.5,3.947796828449882e-22,0.0,0.0,2436735701824741.0,4643918283034666.0,2014758385869124.5,2436735701824741.0,4643918283034666.0,2014758385869124.5,1.708104454149367e+16,3.2550651428321504e+16,1.3653434324369998e+16
6.030150753768844e-07,ignition,-70.59459798737367,27.866708171676045,54.93351044856589,198878302464575.72,3.1194136251009237,54.92682489651144,13560000.0,300.0,0.1830894163217048,53.41356237685112,54.16490919195003,1.0140665924844687,0.017178374897603137,0.3,78.70283503662887,0.006685552054453669,2000000.0,20.0,52.738938507816314,0.006933495703526175,139.06978174656152,7605.128106053022,-70.59459798737367,27.866708171676045,72.5893600451441,1.99476205777042,7.998729594446335,339.94667287646905,555514656238736.1,3.1392240691673674,38.44877742755801,349.9240765745987,7.99825626519536,1.655534391220762e+21,0.08591459636455516,0.5,0.0005588336705398515,78.70283503662887,bohm,0.18,1.0,0.05555555555555556,0.0,0,0,0,0,79999517873188.9,3.0735592153158047,16.484733021007884,339.94667287646905,7.998729594446335,1.7042250223582333e+21,0.08995282539467703,0.2,0.0014571232086745198,51.15684277380877,bohm,0.4814,1.0,0.06231823847112588,0.0,0,0,0,0,1.329600361599833e+17,9.62131503745339,7.996596543986316,11.344638816147178,32.99896976713973,72.5893600451441,0.022189242749272146,1.329600361599833e+17,9.62131503745339,7.996596543986316,1.0,1.0,6.450136461803646e-12,0.9999999999935498,0,0,9192447483311414.0,1.2070277874262244e+16,2460412320440843.0,2042994249930856.0,0.06913692075301982,4.905794762115139,4.905794762115139,9609865553821400.0,69176636025703.46,24604123204249.73,-0.10647501124578931,93780759229953.08,1.0,2.12899919382141e-12,0.999999999997871,0,0,9192447483311414.0,1.2070277874262244e+16,2460412320440843.0,2042994249930856.0,0.0,4.905794762115139,4.905794762115139,9609865553821400.0,23445204564648.66,23445204564648.66,1.0,2.9368688538792354e-10,0.9999999997063131,0,0,6.396771591423784e+16,8.461560034038371e+16,1.7248573021464502e+16,1.384926161678313e+16,0.0,4.9056580063223905,4.9056580063223905,6.736702731891921e+16,3286988126633676.5,3286988126633676.5,4.02162313333165e-22,0.0,0.0,2460412320440843.0,4689040912939715.0,2042994249930856.0,2460412320440843.0,4689040912939715.0,2042994249930856.0,1.7248573021464502e+16,3.2869881275990212e+16,1.384926161678313e+16
6.080402010050251e-07,ignition,-70.45428578762136,27.788235735480225,54.94097217603427,200480604806504.66,3.105139557371538,54.93427238867293,13560000.0,300.0,0.18311424129557644,53.20897075708187,54.064739831894755,1.0160831728679696,0.01731641725122316,0.3,78.58018804807942,0.006699787361342655,2000000.0,20.0,52.63411580628386,0.006954696395207905,138.517507335465,7566.872246143467,-70.45428578762136,27.788235735480228,72.44508310219204,1.990797314570688,7.998719012195,339.9462286556283,560006284306580.9,3.124745061998279,38.45399067207105,349.92344471840835,7.998241756430572,1.6555343774866082e+21,0.08655108051878697,0.5,0.0005553029913560239,78.58018804807942,bohm,0.18,1.0,0.05555555555555556,0.0,0,0,0,0,80638711639812.6,3.059755210429848,16.48698150396322,339.9462286556283,7.998719012195,1.7042249946565818e+21,0.09059257250547453,0.2,0.0014480738781357777,51.07712223125163,bohm,0.4814,1.0,0.06231823847112588,0.0,0,0,0,0,1.3372108276779498e+17,9.660632732148398,7.9963595237527,11.287776595984678,32.99891567155272,72.44508310219204,0.022078024970052495,1.3372108276779498e+17,9.660632732148398,7.9963595237527,1.0,1.0,6.569689113519029e-12,0.9999999999934304,0,0,9289683891567524.0,1.2186525275198024e+16,2484108287199431.5,2071375190768363.0,0.06947060029194459,4.905794702265994,4.905794702265994,9702416987998592.0,69842865277222.94,24841082871831.117,-0.11045859682960615,94683948149053.94,1.0,2.168459980721781e-12,0.9999999999978315,0,0,9289683891567524.0,1.2186525275198024e+16,2484108287199431.5,2071375190768363.0,0.0,4.905794702265994,4.905794702265994,9702416987998592.0,23671002067947.324,23671002067947.324,1.0,2.9921948219196476e-10,0.9999999997007806,0,0,6.465170044151102e+16,8.543807068763067e+16,1.7416235120895702e+16,1.404609999567176e+16,0.0,4.905656710222265,4.905656710222265,6.802183556673497e+16,3318936531501266.0,3318936531501266.0,4.096163602099642e-22,0.0,0.0,2484108287199431.5,4734200413599731.0,2071375190768363.0,2484108287199431.5,4734200413599731.0,2071375190768363.0,1.7416235120895702e+16,3.3189365324943564e+16,1.404609999567176e+16
6.130653266331658e-07,ignition,-70.31555095967249,27.71086763320944,54.94842247296097,202080639100550.1,3.091108392033499,54.94170855953831,13560000.0,300.0,0.18313902853179437,53.00711138021372,53.965741586998405,1.01808493581,0.01745424985912409,0.3,78.45937305257135,0.00671391342266102,2000000.0,20.0,52.53047150815504,0.0069757605910777945,137.97252184345442,7529.165165056824,-70.31555095967249,27.71086763320944,72.3024281021794,1.986877142506911,7.998708430012304,339.9457844375051,564491530535704.2,3.1105149338081506,38.459195991676815,349.9228128752587,7.998227247994486,1.6555343637587446e+21,0.08718648191789058,0.5,0.0005518316407713031,78.45937305257135,bohm,0.18,1.0,0.05555555555555556,0.0,0,0,0,0,81277008622165.36,3.046180440679287,16.489226481284156,339.9457844375051,7.998708430012304,1.7042249669558592e+21,0.0912314028225547,0.2,0.0014391734056116883,50.99859248417138,bohm,0.4814,1.0,0.06231823847112588,0.0,0,0,0,0,1.3448024334573243e+17,9.699635436741994,7.996068173714892,11.231727555944406,32.998859570450996,72.3024281021794,0.021968397705159147,1.3448024334573243e+17,9.699635436741994,7.996068173714892,1.0,0.9999999999999999,6.690388109701158e-12,0.9999999999933096,0,0,9387121167815972.0,1.2302867697820236e+16,2507823623810800.5,2099900717617338.5,0.06980297577007516,4.905794642417967,4.905794642417967,9795044074009436.0,70509639062285.34,25078236237940.223,-0.11455459240440942,95587875300225.45,1.0,2.2082991418343877e-12,0.9999999999977917,0,0,9387121167815972.0,1.2302867697820236e+16,2507823623810800.5,2099900717617338.5,0.0,4.905794642417967,4.905794642417967,9795044074009436.0,23896984131886.395,23896984131886.395,1.0,3.0480561503417286e-10,0.9999999996951944,0,0,6.533708159395482e+16,8.626119472744942e+16,1.758403056119102e+16,1.4243947988887432e+16,0.0,4.9056554142844195,4.9056554142844195,6.86771641662584e+16,3350910303366260.0,3350910303366260.0,4.171418812930372e-22,0.0,0.0,2507823623810800.5,4779396826387834.0,2099900717617338.5,2507823623810800.5,4779396826387834.0,2099900717617338.5,1.758403056119102e+16,3.3509103043876364e+16,1.4243947988887432e+16
6.180904522613065e-07,ignition,-70.17835521714859,27.634553541942203,54.95586135289876,203678435344543.34,3.077311751356152,54.94913341933402,13560000.0,300.0,0.18316377806444673,52.807925568963874,53.867891620957806,1.020072101688783,0.017591872910640075,0.3,78.34034977179313,0.00672793356474172,2000000.0,20.0,52.427977010916074,0.006996691812200915,137.43463867285723,7491.991840931736,-70.17835521714859,27.634553541942203,72.16135567688548,1.9830004597368882,7.998697847898169,339.9453402220969,568970399155031.9,3.0965274828652234,38.46439339353381,349.9221810451325,7.99821273988666,1.6555343500371616e+21,0.0878208352847784,0.5,0.0005484181269730441,78.34034977179313,bohm,0.18,1.0,0.05555555555555556,0.0,0,0,0,0,81914447407713.81,3.0328215025955383,16.491467959364947,339.9453402220969,7.998697847898169,1.7042249392560608e+21,0.09186923277082565,0.2,0.0014304159378132361,50.921227351665536,bohm,0.4814,1.0,0.06231823847112588,0.0,0,0,0,0,1.3523742522988467e+17,9.738330087597607,7.99572419550023,11.176469655662306,32.998801420507846,72.16135567688548,0.021860317845407446,1.3523742522988467e+17,9.738330087597609,7.99572419550023,1.0,1.0,6.812234390947483e-12,0.9999999999931878,0,0,9484758464591268.0,1.2419306368151716e+16,2531558580188295.0,2128569256816142.8,0.07013412484353726,4.905794582572124,4.905794582572124,9887747787963420.0,71176964407404.83,25315585801710.496,-0.11876515537705618,96492550209115.2,1.0,2.248516987626085e-12,0.9999999999977515,0,0,9484758464591268.0,1.2419306368151716e+16,2531558580188295.0,2128569256816142.8,0.0,4.905794582572124,4.905794582572124,9887747787963420.0,24123153137879.914,24123153137879.914,1.0,3.1044532636134465e-10,0.9999999996895547,0,0,6.602385693626837e+16,8.708497087559203e+16,1.7751959019489592e+16,1.4442804099655508e+16,0.0,4.905654118510686,4.905654118510686,6.933301185610244e+16,3382909380662118.0,3382909380662118.0,4.247389352332544e-22,0.0,0.0,2531558580188295.0,4824630627586831.0,2128569256816142.8,2531558580188295.0,4824630627586831.0,2128569256816142.8,1.7751959019489592e+16,3.3829093817123264e+16,1.4442804099655508e+16
6.231155778894473e-07,ignition,-70.04262241134339,27.559122675308924,54.963288836539085,205274161299741.1,3.0637302884577737,54.956546977410646,13560000.0,300.0,0.18318848992470216,52.61135641504536,53.77116774228299,1.0220448854822903,0.017729286578872246,0.3,78.22307939946799,0.006741859128440669,2000000.0,20.0,52.32657542633401,0.00701750162551678,136.90352479239112,7455.324988130165,-70.04262241134339,27.559122675308927,72.02178752590184,1.9791651145584461,7.998687265852442,339.94489600940125,573442893869850.1,3.0827767441129517,38.46958288418745,349.9215492280122,7.998198232106633,1.6555343363218465e+21,0.08845417412994301,0.5,0.0005450610110460444,78.22307939946799,bohm,0.18,1.0,0.05555555555555556,0.0,0,0,0,0,82551250443038.14,3.019628171731285,16.493705952351633,339.94489600940125,7.998687265852442,1.7042249115571664e+21,0.09250543379738681,0.2,0.0014217854786352756,50.8450016096542,bohm,0.4814,1.0,0.06231823847112588,0.0,0,0,0,0,1.3599199749964686e+17,9.776737145939707,7.995329790237683,11.12196348237988,32.99874115749111,72.02178752590184,0.021753708302537828,1.3599199749964686e+17,9.776737145939707,7.995329790237682,1.0,1.0,6.93522897185199e-12,0.9999999999930648,0,0,9582592530405382.0,1.253584954458554e+16,2555314839725671.0,2157372665271183.5,0.0704643854534916,4.9057945227333875,4.9057945227333875,9980534704859868.0,71844888642870.62,25553148397079.492,-0.12309246832751099,97398037039950.0,1.0,2.2891138530120012e-12,0.9999999999977108,0,0,9582592530405382.0,1.253584954458554e+16,2555314839725671.0,2157372665271183.5,0.0,4.9057945227333875,4.9057945227333875,9980534704859868.0,24349525126986.9,24349525126986.9,1.0,3.1613865862428266e-10,0.9999999996838613,0,0,6.67120239454599e+16,8.790939743689997e+16,1.7920020150322522e+16,1.4642666809204986e+16,0.0,4.905652822902534,4.905652822902534,6.998937728657745e+16,3414933697513647.5,3414933697513647.5,4.324075853052963e-22,0.0,0.0,2555314839725671.0,4869905025408527.0,2157372665271183.5,2555314839725671.0,4869905025408527.0,2157372665271183.5,1.7920020150322522e+16,3.41493369859324e+16,1.4642666809204986e+16
6.281407035175879e-07,ignition,-69.90829947599303,27.484475938570064,54.97070494170465,206867911806829.6,3.0503513802606217,54.963949244816064,13560000.0,300.0,0.18321316414938688,52.41734864462053,53.67554834792796,1.0240034976175116,0.01786649106838025,0.3,78.10752393723236,0.006755696888594392,2000000.0,20.0,52.22622711032124,0.007038197065405729,136.37893990894267,7419.145168297162,-69.90829947599303,27.484475938570064,71.88366908349337,1.97536960750034,7.998676683874986,339.9444517994156,577909019414026.5,3.0692569081236534,38.474764471371245,349.9209174238805,7.998183724653958,1.655534322612789e+21,0.08908653078914178,0.5,0.0005417588977256885,78.10752393723236,bohm,0.18,1.0,0.05555555555555556,0.0,0,0,0,0,83187542604430.64,3.006572088607211,16.495940470333412,339.9444517994156,7.998676683874986,1.7042248838591598e+21,0.09313966415925322,0.2,0.0014132722487048615,50.76989055920104,bohm,0.4814,1.0,0.06231823847112588,0.0,0,0,0,0,1.3674361865574096e+17,9.814869350856169,7.994886710819666,11.06818076549977,32.99867872510477,71.88366908349337,0.0216485137814994,1.3674361865574096e+17,9.814869350856169,7.994886710819666,1.0,1.0,7.059372853984204e-12,0.9999999999929406,0,0,9680620696424704.0,1.2652501106914142e+16,2579093193281463.0,2186305976073488.0,0.07079394849712264,4.905794462904211,4.905794462904211,1.007340791363268e+16,72513434004424.8,25790931932632.562,-0.1275387361557761,98304365937057.23,1.0,2.330090068598212e-12,0.9999999999976699,0,0,9680620696424704.0,1.2652501106914142e+16,2579093193281463.0,2186305976073488.0,0.0,4.905794462904211,4.905794462904211,1.007340791363268e+16,24576107635291.504,24576107635291.504,1.0,3.2188565412015424e-10,0.9999999996781144,0,0,6.74015802165385e+16,8.87344728793483e+16,1.808821364147385e+16,1.4843534620137888e+16,0.0,4.905651527461621,4.905651527461621,7.0646259237874456e+16,3446983194383142.5,3446983194383142.5,4.401478939647333e-22,0.0,0.0,2579093193281463.0,4915221527069753.0,2186305976073488.0,2579093193281463.0,4915221527069753.0,2186305976073488.0,1.808821364147385e+16,3.4469831954926764e+16,1.4843534620137888e+16
6.331658291457286e-07,ignition,-69.77536018691603,27.410602802862023,54.97810968302107,208459691463343.6,3.037170706543313,54.971340235061305,13560000.0,300.0,0.18323780078353769,52.22584853800436,53.58101239289359,1.0259481443159912,0.018003486629378264,0.3,77.99364600350037,0.0067694479597675454,2000000.0,20.0,52.126912471640836,0.007058779614678169,135.86075019130524,7383.44201257204,-69.77536018691603,27.410602802862027,71.74697338447287,1.9716131975568314,7.998666101965667,339.94400759213755,582368782012643.2,3.0559622963043744,38.47993816454291,349.9202856327199,7.99816921752819,1.6555343089099795e+21,0.08971793640016307,0.5,0.0005385104318024783,77.99364600350037,bohm,0.18,1.0,0.05555555555555556,0.0,0,0,0,0,83823327946910.39,2.9936520524515338,16.49817151847816,339.94400759213755,7.998666101965667,1.7042248561620246e+21,0.09377189102968221,0.2,0.0014048740135419492,50.69586990227524,bohm,0.4814,1.0,0.06231823847112588,0.0,0,0,0,0,1.3749234606214531e+17,9.852730113378092,7.99439622486599,11.01510607376719,32.99861407980081,71.74697338447287,0.02154470410000866,1.3749234606214531e+17,9.852730113378092,7.99439622486599,1.0,1.0,7.18466709694208e-12,0.9999999999928153,0,0,9778839231249424.0,1.276925784876326e+16,2602892987267976.0,2215367357022115.2,0.07112278982300205,4.9057944030830125,4.9057944030830125,1.0166364861495284e+16,73182582115711.08,26028929872492.754,-0.1321061887129605,99211511988203.7,1.0,2.371445984126812e-12,0.9999999999976286,0,0,9778839231249424.0,1.276925784876326e+16,2602892987267976.0,2215367357022115.2,0.0,4.9057944030830125,4.9057944030830125,1.0166364861495284e+16,24802894434737.848,24802894434737.848,1.0,3.27686354953644e-10,0.9999999996723137,0,0,6.809252349922035e+16,8.956019589122549e+16,1.825653922563601e+16,1.504540605926688e+16,0.0,4.9056502321899105,4.9056502321899105,7.130365666558948e+16,3479057820291706.5,3479057820291706.5,4.479599272728363e-22,0.0,0.0,2602892987267976.0,4960578886959333.0,2215367357022115.2,2602892987267976.0,4960578886959333.0,2215367357022115.2,1.825653922563601e+16,3.479057821431746e+16,1.504540605926688e+16
6.381909547738693e-07,ignition,-69.64376740864863,27.33745495957448,54.98550360820444,210049627113323.38,3.0241741339994896,54.97872049226817,13560000.0,300.0,0.18326240164089388,52.03679042048753,53.487532714107516,1.0278791655268733,0.018140283346787762,0.3,77.88133013776535,0.006783115936278417,2000000.0,20.0,52.028603767590155,0.007079253210984769,135.3487805002448,7348.20164892202,-69.64376740864863,27.33745495957448,71.61166224405527,1.9678948354066372,7.998655520124341,339.9435633875647,586822508103063.9,3.04287820636884,38.48510434458771,349.91965385451385,7.998154710728776,1.655534295213382e+21,0.09034829011951172,0.5,0.0005353133463901504,77.88133013776535,bohm,0.18,1.0,0.05555555555555556,0.0,0,0,0,0,84458666783409.86,2.9808552299030007,16.50039926361673,339.9435633875647,7.998655520124341,1.7042248284657418e+21,0.09440193159297004,0.2,0.0013965854059332645,50.622864589547476,bohm,0.4814,1.0,0.06231823847112588,0.0,0,0,0,0,1.3823805870467762e+17,9.89032693399312,7.993859727919128,10.962719040766546,32.9985471710547,71.61166224405527,0.02144223942298334,1.3823805870467762e+17,9.89032693399312,7.993859727919128,1.0,0.9999999999999999,7.311112738900352e-12,0.9999999999926888,0,0,9877244362821920.0,1.28861193631647e+16,2626714138729243.5,2244553277115705.8,0.07145097707081516,4.90579434326979,4.90579434326979,1.0259405224435456e+16,73852330644273.73,26267141387100.395,-0.1367970780741228,100119472031373.98,1.0,2.4131819422751545e-12,0.9999999999975868,0,0,9877244362821920.0,1.28861193631647e+16,2626714138729243.5,2244553277115705.8,0.0,4.90579434326979,4.90579434326979,1.0259405224435456e+16,25029884734824.445,25029884734824.445,1.0,3.3354080391467817e-10,0.9999999996664592,0,0,6.878484790275505e+16,9.038657815216682e+16,1.842499928366251e+16,1.5248268317913254e+16,0.0,4.905648937110831,4.905648937110831,7.19615788685043e+16,3511158028946814.0,3511158028946814.0,4.558437499643564e-22,0.0,0.0,2626714138729243.5,5005976946976970.0,2244553277115705.8,2626714138729243.5,5005976946976970.0,2244553277115705.8,1.842499928366251e+16,3.5111580301179284e+16,1.5248268317913254e+16
6.4321608040201e-07,ignition,-69.51351458681356,27.265081357678277,54.992888344199834,211637901155366.34,3.011343797519625,54.986091646213836,13560000.0,300.0,0.18328697215404613,51.85008337944173,53.39506940313695,1.0297971752984258,0.01827691142783941,0.3,77.77030266713982,0.006796697986000297,2000000.0,20.0,51.93129610160615,0.007099615389376734,134.8429757396347,7313.42030106334,-69.51351458681356,27.265081357678273,71.47772892265901,1.964214335845458,7.9986449383509015,339.94311918569485,591271179476917.5,3.029971707373246,38.49026415234968,349.919022089247,7.998140204254957,1.6555342815229122e+21,0.09097722643119774,0.5,0.0005321635190590664,77.77030266713982,bohm,0.18,1.0,0.05555555555555556,0.0,0,0,0,0,85093475048182.62,2.9681985143507186,16.502624191850153,339.94311918569485,7.9986449383509015,1.7042248007703003e+21,0.09503000247653254,0.2,0.0013884092867074904,50.55069673364088,bohm,0.4814,1.0,0.06231823847112588,0.0,0,0,0,0,1.3898108377031541e+17,9.927656589863167,7.993278152358797,10.911013616357119,32.99847796609708,71.47772892265901,0.021341107916876934,1.3898108377031541e+17,9.927656589863167,7.993278152358797,1.0,1.0,7.438710779927047e-12,0.9999999999925613,0,0,9975832957103404.0,1.3003078553779388e+16,2650555201145993.0,2273864805616002.0,0.07177835059618462,4.905794283460832,4.905794283460832,1.0352523352633396e+16,74522638919671.23,26505552011262.76,-0.14161367789645457,101028190930933.86,1.0,2.4552982731173523e-12,0.9999999999975447,0,0,9975832957103404.0,1.3003078553779388e+16,2650555201145993.0,2273864805616002.0,0.0,4.905794283460832,4.905794283460832,1.0352523352633396e+16,25257064751645.035,25257064751645.035,1.0,3.3944904513840493e-10,0.999999999660551,0,0,6.947854024013574e+16,9.121365807590086e+16,1.8593601645894444e+16,1.545208545602376e+16,0.0,4.905647642292115,4.905647642292115,7.262005643000642e+16,3543285312618990.0,3543285312618990.0,4.637994243969971e-22,0.0,0.0,2650555201145993.0,5051412950341409.0,2273864805616002.0,2650555201145993.0,5051412950341409.0,2273864805616002.0,1.8593601645894444e+16,3.5432853138217544e+16,1.545208545602376e+16
6.482412060301507e-07,ignition,-69.38458395716053,27.193492524019554,55.000265005885154,213224659858657.5,2.9986656119665045,54.99345481212312,13560000.0,300.0,0.1833115160404104,51.66565255028502,53.3035902061292,1.0317026414066872,0.01841339154272695,0.3,77.66037851603497,0.006810193762038882,2000000.0,20.0,51.83497620259262,0.007119866140519778,134.34323789616715,7279.090543636071,-69.38458395716053,27.19349252401955,71.34515515407683,1.9605711969162969,7.99863435664524,339.9426749865261,595715467736722.8,3.0172204117034203,38.49541836848618,349.9183903369056,7.998125698105991,1.6555342678384813e+21,0.09160449518468725,0.5,0.0005290579542442137,77.66037851603497,bohm,0.18,1.0,0.05555555555555556,0.0,0,0,0,0,85727723899302.4,2.9556869787570896,16.504846637398973,339.9426749865261,7.99863435664524,1.7042247730756859e+21,0.09565616968896949,0.2,0.0013803452993245405,50.47924603542273,bohm,0.4814,1.0,0.06231823847112588,0.0,0,0,0,0,1.397215757628209e+17,9.964719977766329,7.99265258382049,10.859978605669925,32.998406426395846,71.34515515407683,0.021241287685447086,1.397215757628209e+17,9.964719977766329,7.99265258382049,1.0,1.0,7.567462195448564e-12,0.9999999999924325,0,0,1.0074601841402612e+16,1.3120131073184404e+16,2674415288338798.0,2303301344895803.0,0.07210483983164041,4.905794223653993,4.905794223653993,1.0445715784845606e+16,75193482025996.1,26744152883185.594,-0.14655828387613962,101937634909181.55,1.0,2.4977952985819437e-12,0.9999999999975022,0,0,1.0074601841402612e+16,1.3120131073184404e+16,2674415288338798.0,2303301344895803.0,0.0,4.905794223653993,4.905794223653993,1.0445715784845606e+16,25484426040776.4,25484426040776.4,1.0,3.454111238080068e-10,0.9999999996545889,0,0,7.017358475430165e+16,9.20414558022046e+16,1.8762350417707116e+16,1.5656829787511268e+16,0.0,4.905646347769934,4.905646347769934,7.327910538449749e+16,3575440453673330.5,3575440453673330.5,4.718270113942725e-22,0.0,0.0,2674415288338798.0,5096885208168011.0,2303301344895803.0,2674415288338798.0,5096885208168011.0,2303301344895803.0,1.8762350417707116e+16,3.5754404549083268e+16,1.5656829787511268e+16
6.532663316582915e-07,ignition,-69.25696311928465,27.122712607614357,55.007635029298825,214810079537039.22,2.9861239053835056,55.00081142737264,13560000.0,300.0,0.18333603809124213,51.48341766181631,53.213059923802774,1.0335961041543147,0.018549750332662093,0.3,77.55133604098076,0.006823601926189984,2000000.0,20.0,51.73963480660853,0.007140004415937885,133.8494904960608,7245.206693622906,-69.25696311928465,27.12271260761436,71.21392818751073,1.9569650682260926,7.9986237750072755,339.9422307900566,600156239215911.6,3.004597895712135,38.50056799916084,349.91775859747827,7.9981111922809855,1.655534254159959e+21,0.09222975499683703,0.5,0.0005259932667301632,77.55133604098076,bohm,0.18,1.0,0.05555555555555556,0.0,0,0,0,0,86361359644081.75,2.943329764560051,16.507067030137982,339.9422307900566,7.9986237750072755,1.704224745381891e+21,0.09628058401343623,0.2,0.0013723942622120096,50.408368426637495,bohm,0.4814,1.0,0.06231823847112588,0.0,0,0,0,0,1.4045975119373848e+17,10.001516250069368,7.991984037269517,10.809605314541175,32.99833251749655,71.21392818751073,0.02114276172363817,1.4045975119373848e+17,10.001516250069368,7.991984037269517,1.0,0.9999999999999999,7.697367878151285e-12,0.9999999999923026,0,0,1.0173548897030102e+16,1.3237272301742792e+16,2698293458640002.0,2332863512567314.5,0.07243034969496391,4.90579416384705,4.90579416384705,1.053897884310279e+16,75864833487236.94,26982934586192.324,-0.1516332114369894,102847768073429.11,1.0,2.540673313258838e-12,0.9999999999974594,0,0,1.0173548897030102e+16,1.3237272301742792e+16,2698293458640002.0,2332863512567314.5,0.0,4.90579416384705,4.90579416384705,1.053897884310279e+16,25711959629048.605,25711959629048.605,1.0,3.5142708736028164e-10,0.9999999996485729,0,0,7.086995721198401e+16,9.286999352910797e+16,1.893125012403459e+16,1.586246393094523e+16,0.0,4.905645053582742,4.905645053582742,7.393874340507338e+16,3607624314432602.0,3607624314432602.0,4.799265666262565e-22,0.0,0.0,2698293458640002.0,5142391925822786.0,2332863512567314.5,2698293458640002.0,5142391925822786.0,2332863512567314.5,1.893125012403459e+16,3.6076243157004184e+16,1.586246393094523e+16
6.582914572864322e-07,ignition,-69.13063420175655,27.05274559363007,55.014998555003544,216394162245583.62,2.9737175338970245,55.00816163256967,13560000.0,300.0,0.18336053877523223,51.30333280982741,53.12346019879072,1.0354777611760664,0.01868599040363908,0.3,77.44315568788646,0.006836922433887574,2000000.0,20.0,51.645258562487626,0.007160030431660847,133.36163659931006,7211.76130955481,-69.13063420175655,27.052745593630075,71.08402964654589,1.9533954447893347,7.998613193436944,339.94178659628517,604593577722580.8,2.9921012628849897,38.50571314279876,349.91712687095503,7.998096686779202,1.6555342404872388e+21,0.0928529628198489,0.5,0.0005229685195564786,77.44315568788646,bohm,0.18,1.0,0.05555555555555556,0.0,0,0,0,0,86994357086584.61,2.931129773598756,16.509285412204786,339.94178659628517,7.998613193436944,1.7042247176889075e+21,0.09690332398904304,0.2,0.0013645553298501272,50.3380511971262,bohm,0.4814,1.0,0.06231823847112588,0.0,0,0,0,0,1.4119573188566864e+17,10.038046667535367,7.991273592905162,10.75988258271514,32.99825620204948,71.08402964654589,0.021045508202906037,1.4119573188566864e+17,10.038046667535367,7.991273592905162,1.0,1.0,7.828428680506434e-12,0.9999999999921716,0,0,1.0272672273573954e+16,1.3354499305686656e+16,2722189114029962.0,2362551195947220.5,0.07275483569072834,4.90579410403875,4.90579410403875,1.0632310191656694e+16,76536676489403.14,27221891140086.516,-0.15684079720783548,103758567629489.5,1.0,2.5839325986466107e-12,0.9999999999974161,0,0,1.0272672273573954e+16,1.3354499305686656e+16,2722189114029962.0,2362551195947220.5,0.0,4.90579410403875,4.90579410403875,1.0632310191656694e+16,25939659817916.83,25939659817916.83,1.0,3.5749698291936403e-10,0.999999999642503,0,0,7.156763427185243e+16,9.369925423089781e+16,1.9100297294431292e+16,1.6068974629817202e+16,0.0,4.905643759702939,4.905643759702939,7.459895693646651e+16,3639836233459163.5,3639836233459163.5,4.880981432679996e-22,0.0,0.0,2722189114029962.0,5187931963596771.0,2362551195947220.5,2722189114029962.0,5187931963596771.0,2362551195947220.5,1.9100297294431292e+16,3.639836234760394e+16,1.6068974629817202e+16
6.633165829145728e-07,ignition,-69.00557887442943,26.98359269105443,55.02235590572707,217976940759346.12,2.9614428586439314,55.01550575031143,13560000.0,300.0,0.18338501916770478,51.125348992617,53.03477096669693,1.0373478521262647,0.018822117734788705,0.3,77.33578996446577,0.006850155415639949,2000000.0,20.0,51.551833776370714,0.0071799445765146795,132.87957828532782,7178.746857886595,-69.00557887442943,26.98359269105443,70.95544068308816,1.949861808658723,7.9986026119341656,339.9413424052101,609027676977652.4,2.9797244252413666,38.510854025218,349.91649515732524,7.998082181599894,1.6555342268202172e+21,0.09347403877373811,0.5,0.0005199824714362433,77.33578996446577,bohm,0.18,1.0,0.05555555555555556,0.0,0,0,0,0,87626695353244.05,2.9190890227059034,16.51150188050907,339.9413424052101,7.9986026119341656,1.7042246899967273e+21,0.09752445346118106,0.2,0.0013568274498726026,50.26826347690275,bohm,0.4814,1.0,0.06231823847112588,0.0,0,0,0,0,1.419296284879913e+17,10.074312781971694,7.990522317106011,10.71079913511123,32.99817744280421,70.95544068308816,0.020949505070116465,1.419296284879913e+17,10.074312781971694,7.990522317106011,1.0,1.0,7.96064546972957e-12,0.9999999999920394,0,0,1.0371970028192656e+16,1.3471809283739472e+16,2746101683496121.0,2392364111445425.0,0.07307825813882286,4.905794044227897,4.905794044227897,1.0725707600243352e+16,77208994977835.12,27461016834742.6,-0.1621834011851701,104670011812577.56,1.0,2.6275734410753705e-12,0.9999999999973724,0,0,1.0371970028192656e+16,1.3471809283739472e+16,2746101683496121.0,2392364111445425.0,0.0,4.905794044227897,4.905794044227897,1.0725707600243352e+16,26167521166186.785,26167521166186.785,1.0,3.636208573998384e-10,0.9999999996363791,0,0,7.226659362613614e+16,9.452922747283562e+16,1.926948980195743e+16,1.6276345757215396e+16,0.0,4.905642466114134,4.905642466114134,7.525973767087818e+16,3672075805361088.5,3672075805361088.5,4.963417954109453e-22,0.0,0.0,2746101683496121.0,5233504233251109.0,2392364111445425.0,2746101683496121.0,5233504233251109.0,2392364111445425.0,1.926948980195743e+16,3.672075806696332e+16,1.6276345757215396e+16
6.683417085427135e-07,ignition,-68.88177413447566,26.915236065903336,55.02970618043256,219558282499369.72,2.9493092768398075,55.02284287821779,13560000.0,300.0,0.18340947626072596,50.949447848100895,52.94698729557714,1.0392063021650724,0.018958115600626164,0.3,77.22937599547717,0.00686330221477757,2000000.0,20.0,51.459343263590036,0.007199748398346992,132.40320045599947,7146.154300636616,-68.88177413447566,26.915236065903336,70.82813764432863,1.946363509852969,7.99859203049889,339.94089821683013,613457991109011.5,2.9674825480224856,38.51599001475245,349.9158634565798,7.998067676742476,1.655534213158816e+21,0.09409317878966665,0.5,0.0005170360687342735,77.22937599547717,bohm,0.18,1.0,0.05555555555555556,0.0,0,0,0,0,88258379629489.11,2.9072035924526447,16.513716165680115,339.94089821683013,7.99859203049889,1.7042246623053462e+21,0.09814398513980944,0.2,0.0013492080275106287,50.199094397060165,bohm,0.4814,1.0,0.06231823847112588,0.0,0,0,0,0,1.4266145059576208e+17,10.110318042058326,7.989731327878294,10.662341599747762,32.99809619912321,70.82813764432863,0.02085472617075528,1.4266145059576208e+17,10.110318042058326,7.989731327878294,1.0,1.0,8.094019008948593e-12,0.999999999991906,0,0,1.0471441141198026e+16,1.3589201606045508e+16,2770031038648907.0,2422301612450332.5,0.07340063554287939,4.905793984414591,4.905793984414591,1.08191705673966e+16,77881785342681.5,27700310386264.867,-0.16766340191727064,105582095728946.2,1.0,2.6715960922900933e-12,0.9999999999973284,0,0,1.0471441141198026e+16,1.3589201606045508e+16,2770031038648907.0,2422301612450332.5,0.0,4.905793984414591,4.905793984414591,1.08191705673966e+16,26395542450423.418,26395542450423.418,1.0,3.6979875506558523e-10,0.9999999996302013,0,0,7.29668141027987e+16,9.535986600478018e+16,1.94388180152066e+16,1.6484584128431724e+16,0.0,4.905641172739107,4.905641172739107,7.592104798957357e+16,3704341194546177.5,3704341194546177.5,5.046575705779229e-22,0.0,0.0,2770031038648907.0,5279108490098787.0,2422301612450332.5,2770031038648907.0,5279108490098787.0,2422301612450332.5,1.94388180152066e+16,3.7043411959160376e+16,1.6484584128431724e+16
6.733668341708542e-07,ignition,-68.7592004460146,26.847668982303723,55.037049121373755,221138140864483.5,2.937319130400112,55.03017275791591,13560000.0,300.0,0.18343390919305305,50.77559595765596,52.86009664610863,1.0410531998519728,0.019093979212149486,0.3,77.12395094044948,0.0068763634578420775,2000000.0,20.0,51.36777242952167,0.007219442750107743,131.93240221855635,7113.975809665433,-68.7592004460146,26.847668982303727,70.70210044236946,1.942899996354856,7.998581449131051,339.94045403114376,617884362936622.5,2.9553792145913333,38.52112093054114,349.9152317687086,7.998053172206293,1.6555341995029475e+21,0.09471043494639758,0.5,0.000514129084898757,77.12395094044948,bohm,0.18,1.0,0.05555555555555556,0.0,0,0,0,0,88889400173770.45,2.8954729575408833,16.515928190832614,339.94045403114376,7.998581449131051,1.7042246346147572e+21,0.09876196124048389,0.2,0.0013416954187362837,50.13056811129216,bohm,0.4814,1.0,0.06231823847112588,0.0,0,0,0,0,1.433912645371139e+17,10.146064747249808,7.9889016690483095,10.614498324702812,32.99801243296173,70.70210044236946,0.020761148714612255,1.433912645371139e+17,10.146064747249808,7.9889016690483095,1.0,1.0,8.228550108278445e-12,0.9999999999917715,0,0,1.0571084150031178e+16,1.3706674478731296e+16,2793976813825062.5,2452363298950006.0,0.07372195359428656,4.905793924598225,4.905793924598225,1.0912697664906234e+16,78555037302893.38,27939768138020.72,-0.17328320254880736,106494805440913.92,1.0,2.7160008196707227e-12,0.999999999997284,0,0,1.0571084150031178e+16,1.3706674478731296e+16,2793976813825062.5,2452363298950006.0,0.0,4.905793924598225,4.905793924598225,1.0912697664906234e+16,26623720186208.234,26623720186208.234,1.0,3.760307206303629e-10,0.9999999996239692,0,0,7.36682751133789e+16,9.619114302258576e+16,1.960827647049065e+16,1.6693685031774418e+16,0.0,4.905639879534951,4.905639879534951,7.65828665520951e+16,3736631359706294.5,3736631359706294.5,5.130455192667321e-22,0.0,0.0,2793976813825062.5,5324744037256109.0,2452363298950006.0,2793976813825062.5,5324744037256109.0,2452363298950006.0,1.960827647049065e+16,3.736631361111382e+16,1.6693685031774418e+16
6.783919597989949e-07,ignition,-68.63783752033865,26.780880418177524,55.04438429924866,222716448039183.44,2.9254756908772657,55.03749495920291,13560000.0,300.0,0.18345831653067637,50.603764697559036,52.77408876009699,1.0428885889322508,0.019229700595524476,0.3,77.01956901574742,0.006889340045747602,2000000.0,20.0,51.27710611712908,0.007239028745752922,131.4670805873658,7082.2033620200655,-68.63783752033865,26.780880418177524,70.57730821521349,1.939470694874852,7.998570867830585,339.94000984814926,622306531444986.5,2.943419930910628,38.526246471442036,349.9146000936998,7.998038667990848,1.6555341858525647e+21,0.09532591836923536,0.5,0.0005112615138564733,77.01956901574742,bohm,0.18,1.0,0.05555555555555556,0.0,0,0,0,0,89519753570582.42,2.8838952302184784,16.518137827806623,339.94000984814926,7.998570867830585,1.7042246069249555e+21,0.09937841021730752,0.2,0.001334287656686315,50.06271986023582,bohm,0.4814,1.0,0.06231823847112588,0.0,0,0,0,0,1.441191127924086e+17,10.181555618267753,7.988034374308552,10.56725740077622,32.99792610573262,70.57730821521349,0.020668749408259083,1.441191127924086e+17,10.181555618267753,7.988034374308552,1.0,1.0,8.364239541392954e-12,0.9999999999916358,0,0,1.0670897776440176e+16,1.3824226598473692e+16,2817938743355230.0,2482548664676943.0,0.07404221112442387,4.905793864778489,4.905793864778489,1.1006287855118462e+16,79228743388855.84,28179387433316.605,-0.17904522745866172,107408130822172.27,1.0,2.7607878786499853e-12,0.9999999999972392,0,0,1.0670897776440176e+16,1.3824226598473692e+16,2817938743355230.0,2482548664676943.0,0.0,4.905793864778489,4.905793864778489,1.1006287855118462e+16,26852051841965.883,26852051841965.883,1.0,3.823167931184239e-10,0.9999999996176832,0,0,7.437096437098176e+16,9.70230341323711e+16,1.977786019542063e+16,1.6903650629451934e+16,0.0,4.905638586465275,4.905638586465275,7.724517393695046e+16,3768945353169989.0,3768945353169989.0,5.215056897346558e-22,0.0,0.0,2817938743355230.0,5370410368408003.0,2482548664676943.0,2817938743355230.0,5370410368408003.0,2482548664676943.0,1.977786019542063e+16,3.76894535461092e+16,1.6903650629451934e+16
6.834170854271357e-07,ignition,-68.51766644664674,26.71486267163517,55.051711467528804,224293160303277.34,2.91378047581833,55.04480923487336,13560000.0,300.0,0.18348269744957788,50.433921810342355,52.68895145110419,1.044712557735286,0.019365275168718915,0.3,76.91625905263435,0.006902232655445925,2000000.0,20.0,51.18733019876506,0.007258507274762908,131.0071386438703,7050.829437474075,-68.51766644664674,26.714862671635174,70.4537415177051,1.9360750710583525,7.998560286597424,339.9395656678451,626724346048521.6,2.931607261786442,38.53136646441135,349.91396843154183,7.998024164095571,1.6555341722076046e+21,0.09593969016674812,0.5,0.000508433057056484,76.91625905263435,bohm,0.18,1.0,0.05555555555555556,0.0,0,0,0,0,90149431721529.25,2.8724695081481033,16.520345003117452,339.9395656678451,7.998560286597424,1.704224579235934e+21,0.09999337127631344,0.2,0.0013269830790290328,49.995568384212326,bohm,0.4814,1.0,0.06231823847112588,0.0,0,0,0,0,1.4484505385002678e+17,10.21679299928092,7.987130438914817,10.520607644120712,32.99783718003527,70.4537415177051,0.02057750637700086,1.4484505385002678e+17,10.21679299928092,7.987130438914817,1.0,1.0,8.501088090290568e-12,0.9999999999914989,0,0,1.0770880717072442e+16,1.394185640215356e+16,2841916508613165.5,2512857332145212.0,0.07436139813393049,4.905793804954912,4.905793804954912,1.1099939893540394e+16,79902894642016.1,28419165085890.06,-0.18495192413456685,108322059727905.97,1.0,2.8059575272982907e-12,0.999999999997194,0,0,1.0770880717072442e+16,1.394185640215356e+16,2841916508613165.5,2512857332145212.0,0.0,4.905793804954912,4.905793804954912,1.1099939893540394e+16,27080534381494.332,27080534381494.332,1.0,3.886570134423964e-10,0.999999999611343,0,0,7.50748666169128e+16,9.785551782204826e+16,1.9947564805036384e+16,1.7114478404937306e+16,0.0,4.90563729349768,4.90563729349768,7.790795301701187e+16,3801282339216516.0,3801282339216516.0,5.300381307404489e-22,0.0,0.0,2841916508613165.5,5416106876314064.0,2512857332145212.0,2841916508613165.5,5416106876314064.0,2512857332145212.0,1.9947564805036384e+16,3.801282340693911e+16,1.7114478404937306e+16
6.884422110552764e-07,ignition,-68.39866911507418,26.649609211185,55.05903052309441,225868254163633.5,2.902232968424067,55.052115481218884,13560000.0,300.0,0.18350705160406294,50.26603251240752,52.604671148632434,1.0465252282572262,0.01950070100937628,0.3,76.81402324799457,0.006915041875529762,2000000.0,20.0,51.098431145136026,0.007277879131080224,130.55248327471043,7019.846821648893,-68.39866911507418,26.649609211184995,70.33138172825666,1.9327126131824772,7.9985497054315,339.9391214902293,631137742785053.4,2.919940718730793,38.536480836853215,349.913336782222,7.998009660519966,1.6555341585680244e+21,0.09655179323957441,0.5,0.0005056431278221974,76.81402324799457,bohm,0.18,1.0,0.05555555555555556,0.0,0,0,0,0,90778424623160.16,2.8611952086084034,16.522549686241195,339.9391214902293,7.9985497054315,1.704224551547689e+21,0.10060688933650908,0.2,0.0013197801489707476,49.929115111196474,bohm,0.4814,1.0,0.06231823847112588,0.0,0,0,0,0,1.4556915089802358e+17,10.25177906971908,7.986190830118773,10.4745383191814,32.997745619298186,70.33138172825666,0.020487398622966994,1.4556915089802358e+17,10.25177906971908,7.986190830118773,1.0,1.0,8.639096515414618e-12,0.9999999999913609,0,0,1.087103176400421e+16,1.4059562319175888e+16,2865909789448731.5,2543289023725786.5,0.07467950246972148,4.905793745127022,4.905793745127022,1.1193652529727156e+16,80577482060976.56,28659097894239.73,-0.1910057619246201,109236579955216.11,1.0,2.851510016541758e-12,0.9999999999971485,0,0,1.087103176400421e+16,1.4059562319175888e+16,2865909789448731.5,2543289023725786.5,0.0,4.905793745127022,4.905793745127022,1.1193652529727156e+16,27309164754070.594,27309164754070.594,1.0,3.9505141876679987e-10,0.9999999996049486,0,0,7.577997195605211e+16,9.868858199936573e+16,2.011738783451336e+16,1.732616562571311e+16,0.0,4.905636000617125,4.905636000617125,7.857119416485237e+16,3833641848068079.5,3833641848068079.5,5.386428897174907e-22,0.0,0.0,2865909789448731.5,5461832950829693.0,2543289023725786.5,2865909789448731.5,5461832950829693.0,2543289023725786.5,2.011738783451336e+16,3.833641849582565e+16,1.732616562571311e+16
6.934673366834171e-07,ignition,-68.28082745192303,26.585112026273794,55.06634135649497,227441706678937.53,2.8908326324240945,55.05941358811265,13560000.0,300.0,0.18353137862704216,50.10006303220089,52.521234670183276,1.048326718400059,0.019635976076173206,0.3,76.71286539106204,0.006927768382332338,2000000.0,20.0,51.010395453967426,0.007297145185442084,130.10302221850702,6989.248355014779,-68.28082745192303,26.58511202627379,70.21021026246932,1.9293828105462965,7.9985391243327495,339.9386773153001,635546653791478.5,2.9084199999874563,38.54158951167885,349.9127051457278,7.997995157263537,1.6555341449337808e+21,0.0971622692796686,0.5,0.0005028911710700116,76.71286539106204,bohm,0.18,1.0,0.05555555555555556,0.0,0,0,0,0,91406724308090.56,2.8500712526732954,16.524751844816127,339.9386773153001,7.9985391243327495,1.7042245238602153e+21,0.10121900627629658,0.2,0.0013126772364494283,49.86336250419033,bohm,0.4814,1.0,0.06231823847112588,0.0,0,0,0,0,1.4629145757204163e+17,10.286516126485667,7.985216497262887,10.429038784230125,32.99765138713574,70.21021026246932,0.02039840533180345,1.4629145757204163e+17,10.286516126485667,7.985216497262887,1.0,1.0,8.77826555979289e-12,0.9999999999912217,0,0,1.0971349879143922e+16,1.4177343039197586e+16,2889918318761606.0,2573843477469548.5,0.07499651764520188,4.9057936852945,4.9057936852945,1.128742472043598e+16,81252498135891.22,28899183187362.37,-0.1972092321884854,110151681323253.39,1.0,2.8974455916550815e-12,0.9999999999971025,0,0,1.0971349879143922e+16,1.4177343039197586e+16,2889918318761606.0,2573843477469548.5,0.0,4.9057936852945,4.9057936852945,1.128742472043598e+16,27537940414484.05,27537940414484.05,1.0,4.0150004623357254e-10,0.9999999995985,0,0,7.648626988869042e+16,9.952221381234006e+16,2.0287326664163136e+16,1.7538709404676622e+16,0.0,4.905634707807147,4.905634707807147,7.923488714817693e+16,3866023380432857.5,3866023380432857.5,5.473200129992207e-22,0.0,0.0,2889918318761606.0,5507588082912768.0,2573843477469548.5,2889918318761606.0,5507588082912768.0,2573843477469548.5,2.0287326664163136e+16,3.866023381985066e+16,1.7538709404676622e+16
6.984924623115577e-07,ignition,-68.164123839966,26.521363422405624,55.0736438751907,229013497299696.88,2.8795787143472875,55.066703462362725,13560000.0,300.0,0.18355567820787574,49.935980052367285,52.438628945140906,1.0501171477990243,0.01977109864166838,0.3,76.61278624195977,0.006940412827984492,2000000.0,20.0,50.92320996399917,0.007316306281285883,129.65866565187721,6959.027074230543,-68.164123839966,26.521363422405628,70.09020900531318,1.9260851653471798,7.998528543301113,339.9382331430557,639951021411551.2,2.897044464382451,38.5466924236539,349.9120735220464,7.997980654325781,1.6555341313048303e+21,0.0977711571132943,0.5,0.0005001766117127732,76.61278624195977,bohm,0.18,1.0,0.05555555555555556,0.0,0,0,0,0,92034322595745.44,2.83909662658018,16.5269514515368,339.9382331430557,7.998528543301113,1.704224496173509e+21,0.10182976369906829,0.2,0.0013056727637670907,49.79831105727385,bohm,0.4814,1.0,0.06231823847112588,0.0,0,0,0,0,1.4701202829102826e+17,10.321006415679314,7.984208365112753,10.38409868832237,32.99755444774236,70.09020900531318,0.0203105062579055,1.4701202829102826e+17,10.321006415679314,7.984208365112753,1.0,0.9999999999999999,8.918595964003068e-12,0.9999999999910814,0,0,1.107183403422e+16,1.4295197250258244e+16,2913941829121791.0,2604520442205339.0,0.07531243642392277,4.905793625457018,4.905793625457018,1.1381255421136452e+16,81927935347644.88,29139418290958.03,-0.20356484896729954,111067353638602.7,1.0,2.9437644970799254e-12,0.9999999999970562,0,0,1.107183403422e+16,1.4295197250258244e+16,2913941829121791.0,2604520442205339.0,0.0,4.905793625457018,4.905793625457018,1.1381255421136452e+16,27766858814382.613,27766858814382.613,1.0,4.0800293252525726e-10,0.999999999591997,0,0,7.719375057905328e+16,1.0035640154740346e+17,2.0457378906351428e+16,1.775210684435269e+16,0.0,4.905633415053269,4.905633415053269,7.989902264105203e+16,3898426481244346.5,3898426481244346.5,5.560695467665086e-22,0.0,0.0,2913941829121791.0,5553371762892870.0,2604520442205339.0,2913941829121791.0,5553371762892870.0,2604520442205339.0,2.0457378906351428e+16,3.898426482834916e+16,1.775210684435269e+16
7.035175879396984e-07,ignition,-68.04854028589922,26.458352455050324,55.080938007887596,230583611833910.44,2.868469750418561,55.073985031823206,13560000.0,300.0,0.18357995010607736,49.77375061166039,52.35684096815129,1.0518966387854598,0.019906067368501,0.3,76.51378152530171,0.006952976064388744,2000000.0,20.0,50.836861233016485,0.007335363441447221,129.2193230012487,6929.175927492346,-68.04854028589922,26.458352455050324,69.97135945505508,1.9228191691558578,7.998517962336528,339.9377889734942,644350800684936.5,2.8858129075178915,38.551789522276245,349.9114419111648,7.997966151706248,1.6555341176811414e+21,0.0983784960976246,0.5,0.0004974988344412704,76.51378152530171,bohm,0.18,1.0,0.05555555555555556,0.0,0,0,0,0,92661215550235.12,2.8282692663325295,16.52914848561135,339.9377889734942,7.998517962336528,1.7042244684875665e+21,0.10243919860853644,0.2,0.0012987649168978747,49.73395799144611,bohm,0.4814,1.0,0.06231823847112588,0.0,0,0,0,0,1.47730896297804e+17,10.355252462716733,7.9831673479340655,10.339707573944969,32.997454765028124,69.97135945505508,0.020223680947226905,1.47730896297804e+17,10.355252462716733,7.9831673479340655,1.0,1.0,9.060088421748292e-12,0.9999999999909399,0,0,1.1172483585635708e+16,1.441312421160646e+16,2937980169534673.0,2635319713098593.0,0.07562726461168695,4.90579356561459,4.90579356561459,1.1475144042071788e+16,82603789450826.22,29379801695080.55,-0.21007514695832954,111983591145906.56,1.0,2.9904669617769276e-12,0.9999999999970095,0,0,1.1172483585635708e+16,1.441312421160646e+16,2937980169534673.0,2635319713098593.0,0.0,4.90579356561459,4.90579356561459,1.1475144042071788e+16,27995918514928.492,27995918514928.492,1.0,4.1456011190373244e-10,0.9999999995854398,0,0,7.790240647226509e+16,1.011911362541817e+17,2.0627542736689956e+16,1.7966355691463288e+16,0.0,4.9056321223465105,4.9056321223465105,8.056359351749174e+16,3930850802781609.5,3930850802781609.5,5.648915342413187e-22,0.0,0.0,2937980169534673.0,5599183703002442.0,2635319713098593.0,2937980169534673.0,5599183703002442.0,2635319713098593.0,2.0627542736689956e+16,3.930850804411183e+16,1.7966355691463288e+16
7.085427135678391e-07,ignition,-67.9340600070929,26.396072074807318,55.088223639610476,232152026255379.72,2.857505361410246,55.08125818090976,13560000.0,300.0,0.18360419393636584,49.61334351747432,52.275858515228315,1.0536653006829952,0.020040880114187126,0.3,76.41585604763416,0.006965458700719458,2000000.0,20.0,50.751336723260025,0.007354317463978514,128.78490895988608,6899.688318281732,-67.9340600070929,26.39607207480732,69.85364435484547,1.9195843477525731,7.998507381438934,339.9373448066138,648745920385897.6,2.8747251630891935,38.55688072663683,349.91081031307044,7.997951649404441,1.6555341040626704e+21,0.09898432656064549,0.5,0.000494857336639959,76.41585604763416,bohm,0.18,1.0,0.05555555555555556,0.0,0,0,0,0,93287394878540.44,2.81758829971927,16.531342912973646,339.9373448066138,7.998507381438934,1.704224440802384e+21,0.10304735003163712,0.2,0.001291952221521998,49.670306430962206,bohm,0.4814,1.0,0.06231823847112588,0.0,0,0,0,0,1.484481177676986e+17,10.389256427467839,7.982094322047107,10.29585563312646,32.99735230428732,69.85364435484547,0.020137910216174264,1.484481177676986e+17,10.389256427467839,7.982094322047107,1.0,1.0,9.202743680417005e-12,0.9999999999907973,0,0,1.1273297453826614e+16,1.4531122558013686e+16,2962033061712064.0,2666241019237056.5,0.07594099287582624,4.905793505766831,4.905793505766831,1.1569089496301622e+16,83280052621030.44,29620330616848.055,-0.21674268612419165,112900383237878.28,1.0,3.037553232430422e-12,0.9999999999969624,0,0,1.1273297453826614e+16,1.4531122558013686e+16,2962033061712064.0,2666241019237056.5,0.0,4.905793505766831,4.905793505766831,1.1569089496301622e+16,28225116864301.734,28225116864301.734,1.0,4.2117162154905067e-10,0.9999999995788283,0,0,7.861222717057856e+16,1.0202640500251376e+17,2.079781551955457e+16,1.8181453207173932e+16,0.0,4.905630829669889,4.905630829669889,8.12285894829592e+16,3963295842715778.0,3963295842715778.0,5.737860220312882e-22,0.0,0.0,2962033061712064.0,5645023372877494.0,2666241019237056.5,2962033061712064.0,5645023372877494.0,2666241019237056.5,2.079781551955457e+16,3.9632958443850056e+16,1.8181453207173932e+16
7.135678391959799e-07,ignition,-67.82066556384352,26.334510818586285,55.09550069543381,233718726842955.72,2.8466840108092484,55.08852283381353,13560000.0,300.0,0.18362840944604508,49.45472746489831,52.19566919956172,1.055423250216248,0.020175535473470292,0.3,76.31900530867979,0.006977861620290991,2000000.0,20.0,50.66662340609195,0.007373169394896742,128.35533636873726,6870.557463784054,-67.82066556384352,26.33451081858628,69.73704577219442,1.9163802083509107,7.9984968006082715,339.93690064241264,653136333301169.8,2.8637800183244337,38.56196598366947,349.91017872774995,7.9979371474199175,1.6555340904493896e+21,0.09958868969079196,0.5,0.0004922515286075313,76.31900530867979,bohm,0.18,1.0,0.05555555555555556,0.0,0,0,0,0,93912858023551.05,2.807051441149982,16.53353471176435,339.93690064241264,7.9984968006082715,1.7042244131179583e+21,0.1036542511882604,0.2,0.001285232872623913,49.60735345064187,bohm,0.4814,1.0,0.06231823847112588,0.0,0,0,0,0,1.4916372002336317e+17,10.42302085714443,7.980990158323797,10.25253281413531,32.99724703019949,69.73704577219442,0.02005317440437675,1.4916372002336317e+17,10.42302085714443,7.980990158323797,1.0,1.0,9.346562421384452e-12,0.9999999999906535,0,0,1.1374275078455912e+16,1.4649191695703872e+16,2986100384618843.0,2697284151989725.5,0.07625362974773213,4.905793445913825,4.905793445913825,1.1663091311085028e+16,83956721455188.88,29861003845909.332,-0.2235700462031165,113817725301097.98,1.0,3.0850235339973394e-12,0.999999999996915,0,0,1.1374275078455912e+16,1.4649191695703872e+16,2986100384618843.0,2697284151989725.5,0.0,4.905793445913825,4.905793445913825,1.1663091311085028e+16,28454452709148.938,28454452709148.938,1.0,4.278374946882805e-10,0.9999999995721625,0,0,7.93232062639209e+16,1.0286219979758181e+17,2.096819562533623e+16,1.8397397717011544e+16,0.0,4.90562953701613,4.90562953701613,8.189400417224557e+16,3995761290447774.5,3995761290447774.5,5.827530526363336e-22,0.0,0.0,2986100384618843.0,5690890541847344.0,2697284151989725.5,2986100384618843.0,5690890541847344.0,2697284151989725.5,2.096819562533623e+16,3.995761292157311e+16,1.8397397717011544e+16
7.185929648241206e-07,ignition,-67.70834018259022,26.273658686619598,55.10276909293792,235283697645019.44,2.8360044715577493,55.09577890732367,13560000.0,300.0,0.18365259635774556,49.29787207115188,52.1162609962928,1.0571706000022298,0.02031003190389716,0.3,76.22322699246939,0.006990185614261283,2000000.0,20.0,50.58270875052801,0.007391920192034641,127.93052122703719,6841.776845674947,-67.70834018259022,26.273658686619598,69.62154645957759,1.91320627698737,7.998486219844483,339.93645648088875,657521987727027.5,2.852976518023835,38.567045235126564,349.90954715519035,7.997922645752234,1.6555340768412678e+21,0.10019162470011268,0.5,0.0004896808568989192,76.22322699246939,bohm,0.18,1.0,0.05555555555555556,0.0,0,0,0,0,94537600951016.75,2.7966568341594527,16.53572385781136,339.93645648088875,7.998486219844483,1.7042243854342868e+21,0.10425993581915549,0.2,0.0012786052081114484,49.54509754510511,bohm,0.4814,1.0,0.06231823847112588,0.0,0,0,0,0,1.4987773777396848e+17,10.456548149658692,7.979855700226412,10.209729448806565,32.99713890824293,69.62154645957759,0.019969454601689324,1.4987773777396848e+17,10.456548149658692,7.979855700226412,1.0,1.0,9.491545342298039e-12,0.9999999999905085,0,0,1.1475415772292708e+16,1.4767330838552952e+16,3010181978011620.5,2728448889762998.5,0.07656517867649465,4.905793386055527,4.905793386055527,1.1757148860541332e+16,84633791447851.02,30101819779830.492,-0.23055983050909043,114735611227681.28,1.0,3.132878096785366e-12,0.9999999999968672,0,0,1.1475415772292708e+16,1.4767330838552952e+16,3010181978011620.5,2728448889762998.5,0.0,4.905793386055527,4.905793386055527,1.1757148860541332e+16,28683924522500.586,28683924522500.586,1.0,4.3455776554357385e-10,0.9999999995654423,0,0,8.0035336333572e+16,1.0369851147661997e+17,2.113868118635272e+16,1.861418722965747e+16,0.0,4.905628244375456,4.905628244375456,8.255983029026725e+16,4028246790005675.0,4028246790005675.0,5.917926695645654e-22,0.0,0.0,3010181978011620.5,5736784904518089.0,2728448889762998.5,3010181978011620.5,5736784904518089.0,2728448889762998.5,2.113868118635272e+16,4.028246791756181e+16,1.861418722965747e+16
7.236180904522613e-07,ignition,-67.59706755489162,26.213506299647584,55.110028753292596,236846922898636.8,2.8254655492806773,55.10302632185892,13560000.0,300.0,0.1836767544061964,49.14274760913727,52.03762211164881,1.0589074612908556,0.020444367930286266,0.3,76.12851847475687,0.007002431433684363,2000000.0,20.0,50.499580573059696,0.007410570772813946,127.51038190274741,6813.34013947753,-67.59706755489162,26.213506299647584,69.50712964773277,1.9100620928411371,7.998475639147511,339.93601232204037,661902834135465.4,2.842313681986993,38.57211842530124,349.9089155953785,7.997908144400933,1.6555340632382733e+21,0.10079316902314693,0.5,0.00048714477700775806,76.12851847475687,bohm,0.18,1.0,0.05555555555555556,0.0,0,0,0,0,95161619153027.28,2.7864027881680364,16.53791032799136,339.93601232204037,7.998475639147511,1.7042243577513664e+21,0.10486443734956817,0.2,0.001272067639635422,49.483537008591966,bohm,0.4814,1.0,0.06231823847112588,0.0,0,0,0,0,1.5059020808611456e+17,10.489840630229944,7.978691767903033,10.16743615367,32.99702790452594,69.50712964773277,0.019886732454806978,1.5059020808611456e+17,10.489840630229944,7.978691767903033,1.0,1.0,9.637693144837842e-12,0.9999999999903623,0,0,1.157671881170478e+16,1.4885539142743608e+16,3034277669886802.0,2759735008734774.0,0.07687564124411507,4.9057933261918425,4.9057933261918425,1.1851261472856806e+16,85311257762915.8,30342776698575.582,-0.23771466543121228,115654034461491.14,1.0,3.1811171523715818e-12,0.9999999999968189,0,0,1.157671881170478e+16,1.4885539142743608e+16,3034277669886802.0,2759735008734774.0,0.0,4.9057933261918425,4.9057933261918425,1.1851261472856806e+16,28913530665324.04,28913530665324.04,1.0,4.413324684507197e-10,0.9999999995586676,0,0,8.07486099161366e+16,1.0453533094453978e+17,2.1309270348717316e+16,1.8831819669031476e+16,0.0,4.905626951738033,4.905626951738033,8.322606059582246e+16,4060751988046640.5,4060751988046640.5,6.009049165674632e-22,0.0,0.0,3034277669886802.0,5782706133083203.0,2759735008734774.0,3034277669886802.0,5782706133083203.0,2759735008734774.0,2.1309270348717316e+16,4.0607519898387816e+16,1.8831819669031476e+16
7.28643216080402e-07,ignition,-67.48683099561755,26.15404122906049,55.11727963403013,238408395469741.06,2.815065121540848,55.110265034007526,13560000.0,300.0,0.18370088344669175,48.989324302409464,51.959740628131804,1.0606339517439771,0.020578542747849034,0.3,76.03486898467283,0.00701460002261317,2000000.0,20.0,50.41722640876644,0.007429122229122323,127.09483593764077,6785.240929117205,-67.48683099561755,26.15404122906049,69.39377818006501,1.9069471844474608,7.998465058517304,339.9355681658655,666278844846571.8,2.8317896258883435,38.57718552380526,349.9082840483007,7.997893643365623,1.6555340496403898e+21,0.10139336061346708,0.5,0.0004846426706753953,76.03486898467283,bohm,0.18,1.0,0.05555555555555556,0.0,0,0,0,0,95784912344130.84,2.7762866293107904,16.54009411022487,339.9355681658655,7.998465058517304,1.7042243300691956e+21,0.10546778460512549,0.2,0.0012656183581560277,49.42266484003734,bohm,0.4814,1.0,0.06231823847112588,0.0,0,0,0,0,1.5130114667183488e+17,10.522900891699567,7.977499171200124,10.125643431940967,32.99691398473516,69.39377818006501,0.01980498938878906,1.5130114667183488e+17,10.522900891699567,7.977499171200124,1.0,0.9999999999999999,9.785006481215377e-12,0.9999999999902149,0,0,1.1678183846482664e+16,1.5003816324227154e+16,3058387402344163.5,2791142326943836.5,0.07718503199326109,4.9057932663230215,4.9057932663230215,1.194542892188299e+16,85989118772419.08,30583874023142.37,-0.24503719781181185,116572992795561.2,1.0,3.2297409159251296e-12,0.9999999999967703,0,0,1.1678183846482664e+16,1.5003816324227154e+16,3058387402344163.5,2791142326943836.5,0.0,4.9057932663230215,4.9057932663230215,1.194542892188299e+16,29143270585879.19,29143270585879.19,1.0,4.4816163438895013e-10,0.9999999995518384,0,0,8.146302312631534e+16,1.0537265354708438e+17,2.147996216375795e+16,1.905029390674686e+16,0.0,4.9056256591026175,4.9056256591026175,8.389269138332643e+16,4093276703746603.5,4093276703746603.5,6.100898343153515e-22,0.0,0.0,3058387402344163.5,5828654117194664.0,2791142326943836.5,3058387402344163.5,5828654117194664.0,2791142326943836.5,2.147996216375795e+16,4.093276705581053e+16,1.905029390674686e+16
7.336683417085426e-07,ignition,-67.37761495319504,26.095254716562618,55.124521651459034,239968098793159.22,2.8048021614346417,55.117494959366105,13560000.0,300.0,0.18372498319788702,48.837573951858495,51.882605332801376,1.0623501770162562,0.020712554792023663,0.3,75.9422772767314,0.007026692092926086,2000000.0,20.0,50.335634639571595,0.007447575436208831,126.68380572842199,6757.473216444827,-67.37761495319504,26.095254716562618,69.28147606556708,1.9038611123720417,7.998454477953795,339.93512401236217,670649967388582.0,2.8214035486045184,38.582246471556275,349.90765251394384,7.997879142645848,1.6555340360475843e+21,0.10199223546801392,0.5,0.0004821740331282955,75.9422772767314,bohm,0.18,1.0,0.05555555555555556,0.0,0,0,0,0,96407475928018.31,2.766306807359279,16.542275179902756,339.93512401236217,7.998454477953795,1.7042243023877704e+21,0.10607000943780397,0.2,0.0012592558714619466,49.362480229875416,bohm,0.4814,1.0,0.06231823847112588,0.0,0,0,0,0,1.5201059113754e+17,10.55573117460657,7.976278687042814,10.084342382563253,32.99679711602906,69.28147606556708,0.01972420799389335,1.5201059113754e+17,10.55573117460657,7.976278687042814,1.0,1.0,9.93348605496136e-12,0.9999999999900665,0,0,1.1779810142231312e+16,1.5122161524731324e+16,3082511000433609.0,2822670618367207.5,0.07749335131242846,4.90579320644894,4.90579320644894,1.2039650524297716e+16,86667369557415.86,30825110004029.887,-0.25253009991699443,117492479561445.5,1.0,3.278749619673558e-12,0.9999999999967213,0,0,1.1779810142231312e+16,1.5122161524731324e+16,3082511000433609.0,2822670618367207.5,0.0,4.90579320644894,4.90579320644894,1.2039650524297716e+16,29373142617056.168,29373142617056.168,1.0,4.550452979056041e-10,0.9999999995449547,0,0,8.21785682341696e+16,1.0621046979218435e+17,2.165075469666758e+16,1.926960783532039e+16,0.0,4.905624366458318,4.905624366458318,8.455971509551677e+16,4125820568340726.5,4125820568340726.5,6.1934746667917265e-22,0.0,0.0,3082511000433609.0,5874628523430495.0,2822670618367207.5,3082511000433609.0,5874628523430495.0,2822670618367207.5,2.165075469666758e+16,4.125820570218162e+16,1.926960783532039e+16
7.386934673366834e-07,ignition,-67.26940351565084,26.03713503662176,55.13175478321584,241526028593569.22,2.7946743934862597,55.12471607467176,13560000.0,300.0,0.1837490535822392,48.68746775966147,51.80620461533613,1.0640562551141464,0.02084640363147403,0.3,75.85072973378956,0.00703870854407922,2000000.0,20.0,50.25479337815516,0.007465931437984194,126.2772128740534,6730.030913923804,-67.26940351565084,26.037135036621763,69.17020694264774,1.9008034269969005,7.998443897456941,339.93467986152854,675016186239571.2,2.811153274573158,38.58730125227023,349.9070209922941,7.997864642241223,1.655534022459843e+21,0.10258982708330566,0.5,0.0004797382398923076,75.85072973378956,bohm,0.18,1.0,0.05555555555555556,0.0,0,0,0,0,97029309378235.19,2.7564608147368683,16.544453530945606,339.93467986152854,7.998443897456941,1.7042242747070905e+21,0.10667113979280438,0.2,0.0012529784726507756,49.302974326963216,bohm,0.4814,1.0,0.06231823847112588,0.0,0,0,0,0,1.5271855785144275e+17,10.588333976656777,7.975031082750951,10.043523993792284,32.99667726514697,69.17020694264774,0.01964437064387841,1.5271855785144275e+17,10.588333976656777,7.9750310827509505,1.0,0.9999999999999999,1.008313251537672e-11,0.9999999999899168,0,0,1.1881597352849284e+16,1.524057445177524e+16,3106648404536096.5,2854319710146237.0,0.07780061257785795,4.905793146569818,4.905793146569818,1.2133926047239144e+16,87346008441615.69,31066484045047.715,-0.2601960642297789,118412492486663.14,1.0,3.3281434779313964e-12,0.9999999999966719,0,0,1.1881597352849284e+16,1.524057445177524e+16,3106648404536096.5,2854319710146237.0,0.0,4.905793146569818,4.905793146569818,1.2133926047239144e+16,29603146190736.23,29603146190736.23,1.0,4.6198348948821713e-10,0.9999999995380165,0,0,8.2895241972066e+16,1.0704877622217338e+17,2.1821647242686636e+16,1.94897602352659e+16,0.0,4.905623073805759,4.905623073805759,8.522712897948674e+16,4158383447490242.5,4158383447490242.5,6.286778541541869e-22,0.0,0.0,3106648404536096.5,5920629238166950.0,2854319710146237.0,3106648404536096.5,5920629238166950.0,2854319710146237.0,2.1821647242686636e+16,4.1583834494113464e+16,1.94897602352659e+16
7.437185929648241e-07,ignition,-67.16218134017599,25.979671733886782,55.13897898502236,243082176370424.75,2.7846800356151045,55.13192833482629,13560000.0,300.0,0.18377309444942097,48.538978069561786,51.73052735452042,1.0657522966467234,0.02098008843014977,0.3,75.76021746040367,0.007050650196068249,2000000.0,20.0,50.17469116240128,0.007484191202803477,125.87498166211746,6702.9081591490785,-67.16218134017599,25.979671733886786,69.05995503496268,1.8977736947866952,7.998433317026677,339.9342357133626,679377472669625.5,2.8010371735043527,38.5923498343784,349.9063894833379,7.997850142151334,1.6555340088771446e+21,0.10318616900540561,0.5,0.00047733472923698573,75.76021746040367,bohm,0.18,1.0,0.05555555555555556,0.0,0,0,0,0,97650410937357.86,2.746746517149814,16.546629150643955,339.9342357133626,7.998433317026677,1.7042242470271525e+21,0.10727120375433538,0.2,0.0012467845781060749,49.244141349262385,bohm,0.4814,1.0,0.06231823847112588,0.0,0,0,0,0,1.5342506962631747e+17,10.620711666809019,7.973757101937549,10.003179580182326,32.99655439961328,69.05995503496268,0.019565460350717472,1.5342506962631747e+17,10.620711666809019,7.973757101937549,1.0,1.0,1.0233946529031899e-11,0.9999999999897661,0,0,1.1983545010954776e+16,1.5359054638199116e+16,3130799519425989.5,2886089411607639.0,0.07810682465480988,4.905793086685759,4.905793086685759,1.2228255118773126e+16,88025032747611.19,31307995193939.492,-0.2680378070280247,119333027941550.4,1.0,3.3779227107024624e-12,0.999999999996622,0,0,1.1983545010954776e+16,1.5359054638199116e+16,3130799519425989.5,2886089411607639.0,0.0,4.905793086685759,4.905793086685759,1.2228255118773126e+16,29833280399504.96,29833280399504.96,1.0,4.689762409559568e-10,0.9999999995310238,0,0,8.361303959780538e+16,1.0788756733413418e+17,2.1992638680153304e+16,1.9710749623977812e+16,0.0,4.905621781141458,4.905621781141458,8.589492865398086e+16,4190965127401962.5,4190965127401962.5,6.380810383097772e-22,0.0,0.0,3130799519425989.5,5966656079921147.0,2886089411607639.0,3130799519425989.5,5966656079921147.0,2886089411607639.0,2.1992638680153304e+16,4.190965129367426e+16,1.9710749623977812e+16
7.487437185929648e-07,ignition,-67.05593349836658,25.922854930070297,55.14619421429495,244636533557336.28,2.7748173815091395,55.13913169646294,13560000.0,300.0,0.18379710565487647,48.39207784609264,51.655562657096176,1.0674384105055956,0.021113608384091636,0.3,75.67073180122907,0.007062517832011969,2000000.0,20.0,50.095316839782775,0.00750235566187048,125.4770384639112,6676.099259948677,-67.05593349836658,25.922854930070297,68.95070499228234,1.8947714939157547,7.9984227366629534,339.93379156786244,683733798986741.9,2.791053656197365,38.59739218752406,349.90575798706163,7.997835642375776,1.6555339952994695e+21,0.10378129306554426,0.5,0.00047496295338375323,75.67073180122907,bohm,0.18,1.0,0.05555555555555556,0.0,0,0,0,0,98270778414201.1,2.7371619361735915,16.548802026770893,339.93379156786244,7.9984227366629534,1.7042242193479555e+21,0.10787022924347044,0.2,0.0012406726712212398,49.185975670798896,bohm,0.4814,1.0,0.06231823847112588,0.0,0,0,0,0,1.5413015127957987e+17,10.652866546054796,7.972457467761472,9.963300706020776,32.99642848757785,68.95070499228234,0.01948746061484168,1.5413015127957987e+17,10.652866546054796,7.972457467761472,1.0,1.0,1.0385928764922923e-11,0.9999999999896141,0,0,1.2085652619929692e+16,1.5477601567734536e+16,3154964239867338.5,2917979531929831.5,0.07841199479527712,4.905793026796825,4.905793026796825,1.2322637327867198e+16,88704439516544.38,31549642398345.715,-0.27605806769835195,120254081914889.81,1.0,3.4280875388505626e-12,0.999999999996572,0,0,1.2085652619929692e+16,1.5477601567734536e+16,3154964239867338.5,2917979531929831.5,0.0,4.905793026796825,4.905793026796825,1.2322637327867198e+16,30063544240559.547,30063544240559.547,1.0,4.76023584280763e-10,0.9999999995239764,0,0,8.433195614862115e+16,1.0872683747551334e+17,2.2163727856904204e+16,1.99325743869162e+16,0.0,4.905620488461463,4.905620488461463,8.656310961860914e+16,4223565388469557.5,4223565388469557.5,6.475570608681205e-22,0.0,0.0,3154964239867338.5,6012708848132521.0,2917979531929831.5,3154964239867338.5,6012708848132521.0,2917979531929831.5,2.2163727856904204e+16,4.223565390480074e+16,1.99325743869162e+16
7.537688442211055e-07,ignition,-66.95064530803019,25.866674620103776,55.153400437585304,246189093329539.25,2.7650845985768244,55.14632612534199,13560000.0,300.0,0.1838210870844733,48.24674050770053,51.58129977542637,1.069114705628531,0.021246962858507475,0.3,75.58226259717205,0.007074312243316303,2000000.0,20.0,50.016659441708995,0.007520425751050091,125.08331108539487,6649.5986368463045,-66.95064530803019,25.866674620103776,68.84244171754568,1.891796409515502,7.998412156365711,339.93334742502606,688085143010384.9,2.7812009802121738,38.60242828773939,349.90512650345175,7.997821142914142,1.6555339817267975e+21,0.10437522990165354,0.5,0.000472622360126579,75.58226259717205,bohm,0.18,1.0,0.05555555555555556,0.0,0,0,0,0,98890410102590.69,2.7277050294461596,16.55097214984591,339.93334742502606,7.998412156365711,1.7042241916694967e+21,0.10846824314881914,0.2,0.001234641245646546,49.12847068816183,bohm,0.4814,1.0,0.06231823847112588,0.0,0,0,0,0,1.5483382500702797e+17,10.684800913433111,7.97113288566719,9.923879104791954,32.996299497597676,68.84244171754568,0.019410355267617495,1.5483382500702797e+17,10.684800913433111,7.97113288566719,1.0,1.0,1.0539079885043843e-11,0.9999999999894609,0,0,1.2187919731671964e+16,1.5596214793611476e+16,3179142474790761.5,2949989887642009.0,0.07871613151143653,4.905792966903113,4.905792966903113,1.2417072318820714e+16,89384226187865.5,31791424747572.562,-0.28425960827896485,121175650935437.78,1.0,3.478638180936055e-12,0.9999999999965213,0,0,1.2187919731671964e+16,1.5596214793611476e+16,3179142474790761.5,2949989887642009.0,0.0,4.905792966903113,4.905792966903113,1.2417072318820714e+16,30293936846090.582,30293936846090.582,1.0,4.831255508928106e-10,0.9999999995168745,0,0,8.505198725890795e+16,1.0956658183046685e+17,2.2334913791330092e+16,2.015523301110128e+16,0.0,4.905619195763277,4.905619195763277,8.723166803913675e+16,4256184043591386.5,4256184043591386.5,6.571059631159911e-22,0.0,0.0,3179142474790761.5,6058787369239193.0,2949989887642009.0,3179142474790761.5,6058787369239193.0,2949989887642009.0,2.2334913791330092e+16,4.256184045647658e+16,2.015523301110128e+16
7.587939698492462e-07,ignition,-66.84630212164095,25.811119769474253,55.16059764111637,247739853106071.1,2.755479459974151,55.15351160682784,13560000.0,300.0,0.18384503868942614,48.10293970744,51.507727997620236,1.0707812934279695,0.021380151581963474,0.3,75.49479581566148,0.007086034288529427,2000000.0,20.0,49.93870802548766,0.007538402465413617,124.69372796274526,6623.400751803123,-66.84630212164095,25.811119769474256,68.73515014933785,1.888848027696919,7.9984015761349,339.93290328485153,692431494411476.8,2.7714769881194776,38.607458124779484,349.9044950324942,7.997806643766058,1.655533968159118e+21,0.10496800950764199,0.5,0.00047031236835069334,75.49479581566148,bohm,0.18,1.0,0.05555555555555556,0.0,0,0,0,0,99509306004269.23,2.7183734084051876,16.55313951633688,339.93290328485153,7.9984015761349,1.704224163991775e+21,0.10906527017803573,0.2,0.0012286887333879083,49.071617280179964,bohm,0.4814,1.0,0.06231823847112588,0.0,0,0,0,0,1.5553610413168243e+17,10.716517151358902,7.969784046324428,9.884906579586445,32.99616739830033,68.73515014933785,0.019334128276554882,1.5553610413168243e+17,10.716517151358902,7.969784046324428,1.0,1.0,1.0693400531590508e-11,0.9999999999893066,0,0,1.2290346050999586e+16,1.5714894097269036e+16,3203334179645078.5,2982120313020708.0,0.07901924842218074,4.905792907004853,4.905792907004853,1.2511559917623958e+16,90064391508933.19,32033341796108.24,-0.2926452127744044,122097733305041.14,1.0,3.5295748489276914e-12,0.9999999999964704,0,0,1.2290346050999586e+16,1.5714894097269036e+16,3203334179645078.5,2982120313020708.0,0.0,4.905792907004853,4.905792907004853,1.2511559917623958e+16,30524457791561.254,30524457791561.254,1.0,4.902821707346287e-10,0.9999999995097179,0,0,8.577313026888634e+16,1.1040679777138358e+17,2.2506195947869144e+16,2.0378724393241056e+16,0.0,4.90561790304846,4.90561790304846,8.790060182351443e+16,4288820990674882.0,4288820990674882.0,6.667277851065708e-22,0.0,0.0,3203334179645078.5,6104891558333799.0,2982120313020708.0,3203334179645078.5,6104891558333799.0,2982120313020708.0,2.2506195947869144e+16,4.288820992777614e+16,2.0378724393241056e+16
7.638190954773869e-07,ignition,-66.74288965786633,25.75617981041856,55.16778581240403,249288810302952.0,2.7459998120272564,55.16068812760688,13560000.0,300.0,0.18386896042535628,47.96064969304976,51.43483683376203,1.0724382835292519,0.021513174307527895,0.3,75.40831772905133,0.007097684797143592,2000000.0,20.0,49.86145192199761,0.007556286770465219,124.30821938848393,6597.5002179669455,-66.74288965786633,25.75617981041856,68.6288156027847,1.885925944918361,7.998390995970463,339.93245914733683,696772843658602.6,2.7618795739540793,38.61248168932482,349.9038635741751,7.9977921449311475,1.6555339545964184e+21,0.10555966052744571,0.5,0.00046803241142647856,75.40831772905133,bohm,0.18,1.0,0.05555555555555556,0.0,0,0,0,0,100127465851068.47,2.7091648078309314,16.55530412307921,339.93245914733683,7.998390995970463,1.7042241363147888e+21,0.10966133473215302,0.2,0.0012228136231688625,49.01540652388337,bohm,0.4814,1.0,0.06231823847112588,0.0,0,0,0,0,1.5623700313383712e+17,10.748017585867762,7.968411621556214,9.84637515557994,32.99603215887668,68.6288156027847,0.019258764043544423,1.5623700313383712e+17,10.748017585867762,7.968411621556214,1.0,1.0,1.0848891348170504e-11,0.9999999999891511,0,0,1.2392931264898176e+16,1.5833639229919912e+16,3227539303717754.0,3014370642413773.0,0.07932135804142398,4.905792847102243,4.905792847102243,1.2606099926202158e+16,90744934053873.08,32275393036827.387,-0.30121768829012613,123020327090700.16,1.0,3.5808977552988266e-12,0.9999999999964191,0,0,1.2392931264898176e+16,1.5833639229919912e+16,3227539303717754.0,3014370642413773.0,0.0,4.905792847102243,4.905792847102243,1.2606099926202158e+16,30755106593723.117,30755106593723.117,1.0,4.974934738353691e-10,0.9999999995025065,0,0,8.649538238950219e+16,1.1124748259276851e+17,2.267757377508384e+16,2.060304734690137e+16,0.0,4.905616610318236,4.905616610318236,8.856990881768467e+16,4321476124601793.0,4321476124601793.0,6.764225669820979e-22,0.0,0.0,3227539303717754.0,6151021318766649.0,3014370642413773.0,3227539303717754.0,6151021318766649.0,3014370642413773.0,2.267757377508384e+16,4.3214761267516984e+16,2.060304734690137e+16
7.688442211055276e-07,ignition,-66.64039388351775,25.701844150969908,55.174964946275814,250835963724948.03,2.7366434238623407,55.167855681674524,13560000.0,300.0,0.1838928522722484,47.819845172422454,51.36261594965955,1.0740857851894552,0.021646030923741125,0.3,75.32281357208706,0.007109264601296307,2000000.0,20.0,49.784880647498,0.0075740796314920965,123.92671705428106,6571.891759209709,-66.64039388351775,25.701844150969908,68.52342364816764,1.8830297646498804,7.99838041587235,339.93201501248,701109185640549.2,2.752406534120296,38.61749897717216,349.90323212848034,7.9977776464090375,1.6555339410386882e+21,0.10615021051299736,0.5,0.00046578192306701043,75.32281357208706,bohm,0.18,1.0,0.05555555555555556,0.0,0,0,0,0,100744889753080.97,2.70007693258851,16.557465969103653,339.93201501248,7.99838041587235,1.7042241086385367e+21,0.11025646031639448,0.2,0.0012170144208904583,48.95982882185659,bohm,0.4814,1.0,0.06231823847112588,0.0,0,0,0,0,1.569365343428482e+17,10.779304532740994,7.96701626626499,9.80827702334757,32.99589374891228,68.52342364816764,0.019184247293984446,1.569365343428482e+17,10.779304532740994,7.96701626626499,1.0,1.0,1.1005552972852229e-11,0.9999999999889945,0,0,1.2495675098479654e+16,1.595244999724444e+16,3251757807398948.0,3046740716033109.5,0.07962247382869583,4.905792787195509,4.905792787195509,1.2700692189845492e+16,91425852708974.77,32517578073631.61,-0.30997986468633415,123943430782606.06,1.0,3.6326071107018537e-12,0.9999999999963674,0,0,1.2495675098479654e+16,1.595244999724444e+16,3251757807398948.0,3046740716033109.5,0.0,4.905792787195509,4.905792787195509,1.2700692189845492e+16,30985882875125.414,30985882875125.414,1.0,5.047594897948885e-10,0.9999999994952405,0,0,8.721874130382144e+16,1.1208863425388858e+17,2.284904685704118e+16,2.0828200764015216e+16,0.0,4.905615317574933,4.905615317574933,8.92395873968474e+16,4354149366078706.0,4354149366078706.0,6.861903485404105e-22,0.0,0.0,3251757807398948.0,6197176575047595.0,3046740716033109.5,3251757807398948.0,6197176575047595.0,3046740716033109.5,2.284904685704118e+16,4.354149368276504e+16,2.0828200764015216e+16
7.738693467336683e-07,ignition,-66.53880166119481,25.648105151909327,55.18213498012679,252381300812974.4,2.72740925358737,55.17501420578426,13560000.0,300.0,0.18391671401928086,47.68050255279761,51.29105580595452,1.0757238925734658,0.02177872025817211,0.3,75.2382802967905,0.0071207743425366525,2000000.0,20.0,49.708984387462344,0.00759178183603646,123.54915644164875,6546.570424643967,-66.53880166119481,25.648105151909327,68.41896077686825,1.880159115673444,7.998369835840502,339.9315708802791,705440480611813.6,2.7430569764635093,38.62250994404898,349.9026006953969,7.997763148199298,1.6555339274859006e+21,0.10673968800677415,0.5,0.0004635604690621077,75.2382802967905,bohm,0.18,1.0,0.05555555555555556,0.0,0,0,0,0,101361574213361.36,2.6911083929246344,16.55962503607781,339.9315708802791,7.998369835840502,1.7042240809630163e+21,0.11085067273418209,0.2,0.0012112898833386836,48.90488219291383,bohm,0.4814,1.0,0.06231823847112588,0.0,0,0,0,0,1.576347290864919e+17,10.810380021152108,7.965598610888234,9.770604836733968,32.99575213953534,68.41896077686825,0.019110563659392392,1.576347290864919e+17,10.810380021152108,7.965598610888234,1.0,1.0,1.1163386086082576e-11,0.9999999999888366,0,0,1.2598576937182364e+16,1.6071325707315992e+16,3275989549646494.0,3079230329159359.5,0.07992259707104078,4.9057927272845605,4.9057927272845605,1.2795336157669498e+16,92107143508651.14,32759895496099.23,-0.3189345973426658,124867039004750.05,1.0,3.684703139552386e-12,0.9999999999963153,0,0,1.2598576937182364e+16,1.6071325707315992e+16,3275989549646494.0,3079230329159359.5,0.0,4.9057927272845605,4.9057927272845605,1.2795336157669498e+16,31216785291767.52,31216785291767.52,1.0,5.120802517171953e-10,0.9999999994879197,0,0,8.794320048595763e+16,1.1293024502728938e+17,2.3020613618631212e+16,2.105418269593068e+16,0.0,4.905614024810001,4.905614024810001,8.990963140865816e+16,4386840414893161.0,4386840414893161.0,6.960311721622466e-22,0.0,0.0,3275989549646494.0,6243357058376509.0,3079230329159359.5,3275989549646494.0,6243357058376509.0,3079230329159359.5,2.3020613618631212e+16,4.386840417139575e+16,2.105418269593068e+16
7.78894472361809e-07,ignition,-66.43809931494397,25.594951638655118,55.18929593391651,253924825217456.53,2.7182946952077374,55.18216371902468,13560000.0,300.0,0.18394054573008226,47.54259719314745,51.22014625066885,1.0773527168190016,0.021911242664457955,0.3,75.15469889170868,0.007132214891831349,2000000.0,20.0,49.63375292502856,0.007609394379819541,123.17547147113905,6521.531109322375,-66.43809931494397,25.594951638655118,68.31541292649732,1.8773136115533475,7.99835925587487,339.9311267507321,709766738635293.1,2.733828257696468,38.62751460331727,349.9019692749104,7.9977486503015855,1.655533913938052e+21,0.10732811814804709,0.5,0.00046136745974626966,75.15469889170868,bohm,0.18,1.0,0.05555555555555556,0.0,0,0,0,0,101977520744844.33,2.682256668047484,16.561781330599235,339.9311267507321,7.99835925587487,1.704224053288227e+21,0.11144399324842964,0.2,0.001205638506274477,48.85055427961064,bohm,0.4814,1.0,0.06231823847112588,0.0,0,0,0,0,1.5833159203065286e+17,10.841246395414329,7.964159279776526,9.733351046191286,32.99560730098666,68.31541292649732,0.019037698373464456,1.5833159203065286e+17,10.841246395414329,7.964159279776526,1.0,1.0,1.1322391307080506e-11,0.9999999999886776,0,0,1.2701636643641266e+16,1.6190266364283968e+16,3300234531306533.5,3111839341970366.0,0.08022174526725051,4.905792667369729,4.905792667369729,1.2890031832977434e+16,92788806476654.67,33002345312691.668,-0.3280847613421715,125791151789346.02,1.0,3.737186046333515e-12,0.9999999999962628,0,0,1.2701636643641266e+16,1.6190266364283968e+16,3300234531306533.5,3111839341970366.0,0.0,4.905792667369729,4.905792667369729,1.2890031832977434e+16,31447813851704.312,31447813851704.312,1.0,5.194557877056454e-10,0.9999999994805442,0,0,8.866875932238067e+16,1.1377231523182797e+17,2.3192274124897904e+16,2.1280992340348496e+16,0.0,4.905612732029952,4.905612732029952,9.058004110693006e+16,4419549283417666.5,4419549283417666.5,7.059450764819047e-22,0.0,0.0,3300234531306533.5,6289562770364367.0,3111839341970366.0,3300234531306533.5,6289562770364367.0,3111839341970366.0,2.3192274124897904e+16,4.4195492857134264e+16,2.1280992340348496e+16
7.839195979899497e-07,ignition,-66.33827364920283,25.542373556725572,55.196447810060064,255466537083307.03,2.709297557309319,55.18930422301122,13560000.0,300.0,0.1839643474100374,47.40610535892834,51.14987752362677,1.0789723630817805,0.02204359817237405,0.3,75.07205425626363,0.007143587048851532,2000000.0,20.0,49.55917640221919,0.007626918190601685,122.80559828331396,6496.768893567298,-66.33827364920283,25.542373556725572,68.21276652863092,1.8744928794280975,7.998348675975403,339.9306826238371,714087959205548.4,2.7247181851820783,38.63251295610785,349.90133786700676,7.99773415271553,1.655533900395133e+21,0.10791552582652393,0.5,0.0004592023565754481,75.07205425626363,bohm,0.18,1.0,0.05555555555555556,0.0,0,0,0,0,102592729709226.53,2.673519568236938,16.563934853952215,339.9306826238371,7.998348675975403,1.704224025614168e+21,0.11203644349699274,0.2,0.00120005889127385,48.79683526657136,bohm,0.4814,1.0,0.06231823847112588,0.0,0,0,0,0,1.5902713376185366e+17,10.871905883946294,7.962698878494334,9.696508370232815,32.995459204323,68.21276652863092,0.018965637194203168,1.5902713376185366e+17,10.871905883946294,7.962698878494333,1.0,1.0,1.1482569267915907e-11,0.9999999999885174,0,0,1.2804853973623308e+16,1.6309271814886886e+16,3324492721138534.0,3144567601013491.0,0.08051993185514388,4.905792607451243,4.905792607451243,1.2984779093748352e+16,93470840734587.14,33244927211003.598,-0.3374332556308441,126715767945590.4,1.0,3.7900560396883486e-12,0.9999999999962099,0,0,1.2804853973623308e+16,1.6309271814886886e+16,3324492721138534.0,3144567601013491.0,0.0,4.905792607451243,4.905792607451243,1.2984779093748352e+16,31678968257236.35,31678968257236.35,1.0,5.268861269438979e-10,0.9999999994731139,0,0,8.93954158751488e+16,1.146148434135106e+17,2.3364028079508636e+16,2.1508628620655492e+16,0.0,4.905611439237794,4.905611439237794,9.125081533400195e+16,4452275915152626.0,4452275915152626.0,7.159321009127377e-22,0.0,0.0,3324492721138534.0,6335793651471284.0,3144567601013491.0,3324492721138534.0,6335793651471284.0,3144567601013491.0,2.3364028079508636e+16,4.452275917498468e+16,2.1508628620655492e+16
7.889447236180904e-07,ignition,-66.23931172886218,25.4956762091134,55.203590614165705,257006437134162.16,2.7004156528213623,55.196435722561105,13560000.0,300.0,0.18398811907520368,47.27100380031012,51.080240042552255,1.0805829353303715,0.022175786871040097,0.3,74.99033108569783,0.007154891604606744,2000000.0,20.0,49.48524515563294,0.007644354185758575,122.43947440565465,6472.278968560921,-66.23931172886218,25.4956762091134,68.11100828265789,1.8716965537957175,7.998338096142045,339.93023849959195,718404143756669.8,2.7157245608654543,38.63750500579277,349.9007064716718,7.997719655440776,1.6555338868571368e+21,0.108501935054594,0.5,0.00045706462904902736,74.99033108569783,bohm,0.18,1.0,0.05555555555555556,0.0,0,0,0,0,103207201593326.3,2.664894930735186,16.566085608372937,339.93023849959195,7.998338096142045,1.7042239979408374e+21,0.11262804449516088,0.2,0.0011945496686088543,48.743715205703595,bohm,0.4814,1.0,0.06231823847112588,0.0,0,0,0,0,1.5972136403281642e+17,10.902360689219023,7.961217997000936,9.660069691676314,32.99530782106314,68.11100828265789,0.01889436620097727,1.5972136403281642e+17,10.902360689219023,7.961217997000936,1.0,1.0,1.1643920598163137e-11,0.9999999999883561,0,0,1.2908228697024328e+16,1.6428341925263784e+16,3348764091856570.5,3177414955473685.5,0.08081717042168635,4.9057925475293285,4.9057925475293285,1.3079577833407214e+16,94153245515238.31,33487640918175.773,-0.34698300218995287,127640886433413.73,1.0,3.843313327428916e-12,0.9999999999961567,0,0,1.2908228697024328e+16,1.6428341925263784e+16,3348764091856570.5,3177414955473685.5,0.0,4.9057925475293285,4.9057925475293285,1.3079577833407214e+16,31910248248347.723,31910248248347.723,1.0,5.343712984361631e-10,0.9999999994656287,0,0,9.012316838110317e+16,1.154578283796648e+17,2.3535875239398296e+16,2.173709048023495e+16,0.0,4.90561014643688,4.90561014643688,9.19219531402665e+16,4485020263750325.0,4485020263750325.0,7.25992284709635e-22,0.0,0.0,3348764091856570.5,6382049649694072.0,3177414955473685.5,3348764091856570.5,6382049649694072.0,3177414955473685.5,2.3535875239398296e+16,4.485020266146991e+16,2.173709048023495e+16
7.939698492462311e-07,ignition,-66.14120104530298,25.46976240192844,55.21072433231296,258544522427430.12,2.6916471962258464,55.203558203023874,13560000.0,300.0,0.18401186067674624,47.13727016260765,51.011224617266066,1.0821845312911542,0.02230780848874485,0.3,74.90951806407551,0.007166129289088258,2000000.0,20.0,49.41194984048554,0.007661703224398242,122.07703935193292,6448.056690519884,-66.14120104530298,25.46976240192844,68.01012532650837,1.8689242812053872,7.998327516374744,339.92979437799477,722715281941831.2,2.7068456410726722,38.642490742116706,349.9000750888919,7.99770515847695,1.65553387332405e+21,0.10908737027919974,0.5,0.0004549537974426862,74.90951806407551,bohm,0.18,1.0,0.05555555555555556,0.0,0,0,0,0,103820935922629.77,2.6563808720336595,16.56823359019625,339.92979437799477,7.998327516374744,1.704223970268234e+21,0.11321881740180227,0.2,0.0011891095592669661,48.691186741649084,bohm,0.4814,1.0,0.06231823847112588,0.0,0,0,0,0,1.6041429772460262e+17,10.932612913909232,7.9597172081203045,9.624028132551059,32.995153123533925,68.01012532650837,0.018823871941034246,1.6041429772460262e+17,10.932612913909232,7.9597172081203045,1.0,1.0,1.1806445938744018e-11,0.9999999999881936,0,0,1.3011760487570448e+16,1.6547476423688016e+16,3373048588072142.0,3210381240026716.0,0.08111347100686053,4.905792487604125,4.905792487604125,1.3174427835615874e+16,94836019261264.45,33730485880323.184,-0.3567369469010979,128566505141587.28,1.0,3.8969581210862564e-12,0.999999999996103,0,0,1.3011760487570448e+16,1.6547476423688016e+16,3373048588072142.0,3210381240026716.0,0.0,4.905792487604125,4.905792487604125,1.3174427835615874e+16,32141653297232.69,32141653297232.69,1.0,5.419113321753151e-10,0.9999999994580887,0,0,9.085201384293014e+16,1.1630126718793984e+17,2.3707815004848532e+16,2.1966376664687376e+16,0.0,4.905608853627162,4.905608853627162,9.259345218309131e+16,4517782214891187.0,4517782214891187.0,7.361256678355773e-22,0.0,0.0,3373048588072142.0,6428330659471590.0,3210381240026716.0,3373048588072142.0,6428330659471590.0,3210381240026716.0,2.3707815004848532e+16,4.517782217339423e+16,2.1966376664687376e+16
7.989949748743719e-07,ignition,-66.04392954525328,25.444070246849737,55.21784892564585,260080785337318.84,2.682990885811661,55.2106716248862,13560000.0,300.0,0.184035572082954,47.00488305478064,50.94282248858687,1.0837772413818552,0.02243966229294675,0.3,74.82960876730584,0.00717730075964785,2000000.0,20.0,49.33928145216776,0.007678966096676437,121.71823471081127,6424.097588808923,-66.04392954525328,25.444070246849737,67.91010526632611,1.866175721072836,7.998316936673445,339.9293502590436,727021348361794.5,2.698080231546583,38.64747013742034,349.8994437186536,7.997690661823641,1.6555338597958526e+21,0.10967185671588611,0.5,0.0004528694410982422,74.82960876730584,bohm,0.18,1.0,0.05555555555555556,0.0,0,0,0,0,104433930995826.94,2.6479758404858975,16.570378788225508,339.9293502590436,7.998316936673445,1.704223942596356e+21,0.11380878373059254,0.2,0.0011837373868629794,48.6392456987488,bohm,0.4814,1.0,0.06231823847112588,0.0,0,0,0,0,1.6110595636008714e+17,10.962664545093467,7.958197067858919,9.58837706504702,32.994995084994954,67.91010526632611,0.01875414145091615,1.6110595636008714e+17,10.962664545093467,7.95819706785892,1.0,1.0,1.1970145945289696e-11,0.9999999999880299,0,0,1.311544889606048e+16,1.6666674862319468e+16,3397346118497735.5,3243466270736483.0,0.08140883920359968,4.905792427675655,4.905792427675655,1.3269328743821732e+16,95519159405983.27,33973461184570.69,-0.36669805983791864,129492620590553.6,1.0,3.950990637014245e-12,0.999999999996049,0,0,1.311544889606048e+16,1.6666674862319468e+16,3397346118497735.5,3243466270736483.0,0.0,4.905792427675655,4.905792427675655,1.3269328743821732e+16,32373182534003.406,32373182534003.406,1.0,5.495062594257852e-10,0.9999999994504938,0,0,9.15819476884058e+16,1.1714515466230902e+17,2.387984632083006e+16,2.219648566775689e+16,0.0,4.905607560804314,4.905607560804314,9.326530834147896e+16,4550561567481323.0,4550561567481323.0,7.463322911715657e-22,0.0,0.0,3397346118497735.5,6474636506826262.0,3243466270736483.0,3397346118497735.5,6474636506826262.0,3243466270736483.0,2.387984632083006e+16,4.550561569981885e+16,2.219648566775689e+16
8.040201005025126e-07,ignition,-65.9474848903833,25.418596484975343,55.224964424804654,261615231281866.06,2.6744442450268253,55.21777601798005,13560000.0,300.0,0.18405925339326684,46.873820284645376,50.87502441851599,1.0853611698294048,0.02257134883641004,0.3,74.75058422181846,0.007188406824605218,2000000.0,20.0,49.2672307731129,0.007696143728716444,121.36300140255815,6400.397119815254,-65.9474848903833,25.418596484975343,67.81093541514234,1.863450524759036,7.9983063570381,339.9289061427364,731322359590970.2,2.6894257759606766,38.652443212586036,349.89881236094243,7.997676165480515,1.6555338462725428e+21,0.11025541518044255,0.5,0.0004508110198546927,74.75058422181846,bohm,0.18,1.0,0.05555555555555556,0.0,0,0,0,0,105046188512164.66,2.6396775431660835,16.572521212218618,339.9289061427364,7.9983063570381,1.704223914925203e+21,0.11439796211297516,0.2,0.0011784318106781667,48.587879744182,bohm,0.4814,1.0,0.06231823847112588,0.0,0,0,0,0,1.6179634272759133e+17,10.992517770389293,7.9566581239602465,9.553109769527053,32.994833678138306,67.81093541514234,0.018685161587557255,1.6179634272759133e+17,10.992517770389293,7.9566581239602465,1.0,1.0,1.2135021229539542e-11,0.9999999999878649,0,0,1.3219293816788304e+16,1.678593728391702e+16,3421656691849656.0,3276669916570597.0,0.08170329189112135,4.905792367744232,4.905792367744232,1.3364280592067364e+16,96202666194425.3,34216566918081.344,-0.3768693317219061,130419233112506.27,1.0,4.005411077148615e-12,0.9999999999959945,0,0,1.3219293816788304e+16,1.678593728391702e+16,3421656691849656.0,3276669916570597.0,0.0,4.905792367744232,4.905792367744232,1.3364280592067364e+16,32604836041709.664,32604836041709.664,1.0,5.571561077923925e-10,0.9999999994428439,0,0,9.231296971026762e+16,1.1798949182985656e+17,2.4051969396751172e+16,2.242741667391341e+16,0.0,4.905606267975463,4.905606267975463,9.393752243310539e+16,4583358361406658.0,4583358361406658.0,7.566121928573104e-22,0.0,0.0,3421656691849656.0,6520967208368052.0,3276669916570597.0,3421656691849656.0,6520967208368052.0,3276669916570597.0,2.4051969396751172e+16,4.583358363960304e+16,2.242741667391341e+16
8.090452261306532e-07,ignition,-65.85185518836502,25.393337975204975,55.23207083582052,263147861059559.56,2.66600528630133,55.22487138760048,13560000.0,300.0,0.18408290462533494,46.744060610043945,50.80782159593027,1.0869364135860533,0.022702868217111313,0.3,74.67243037621951,0.0071994482200473785,2000000.0,20.0,49.19578891894773,0.007713236978236201,121.01128236788301,6376.950908855408,-65.85185518836502,25.393337975204975,67.71260354459245,1.8607483562274427,7.998295777468653,339.9284620290713,735618317356112.9,2.6808802739351405,38.657409971320334,349.89818101574446,7.99766166944722,1.655533832754114e+21,0.11083806725593541,0.5,0.0004487780531346997,74.67243037621951,bohm,0.18,1.0,0.05555555555555556,0.0,0,0,0,0,105657708960708.47,2.6314840211028905,16.57466086450019,339.9284620290713,7.998295777468653,1.7042238872547733e+21,0.11498637154595952,0.2,0.0011731915924662192,48.53707974454268,bohm,0.4814,1.0,0.06231823847112588,0.0,0,0,0,0,1.6248546610089843e+17,11.02217466221771,7.955100907828421,9.518219770134408,32.99466887654223,67.71260354459245,0.018616919684707054,1.6248546610089843e+17,11.02217466221771,7.95510090782842,1.0,1.0,1.2301072417731839e-11,0.999999999987699,0,0,1.3323295022794784e+16,1.6905263557519348e+16,3445980281433038.0,3309992028141511.5,0.08199684157918119,4.905792307810061,4.905792307810061,1.345928327608631e+16,96886538875998.98,34459802813906.49,-0.3872537774565722,131346341689905.08,1.0,4.060219648178849e-12,0.9999999999959398,0,0,1.3323295022794784e+16,1.6905263557519348e+16,3445980281433038.0,3309992028141511.5,0.0,4.905792307810061,4.905792307810061,1.345928327608631e+16,32836613565967.844,32836613565967.844,1.0,5.648609061338078e-10,0.9999999994351391,0,0,9.3045078147663e+16,1.1883427751427326e+17,2.4224183992881988e+16,2.2659168619153732e+16,0.0,4.905604975143493,4.905604975143493,9.461009352139128e+16,4616172550955234.0,4616172550955234.0,7.6696541193740275e-22,0.0,0.0,3445980281433038.0,6567322713220233.0,3309992028141511.5,3445980281433038.0,6567322713220233.0,3309992028141511.5,2.4224183992881988e+16,4.61617255356273e+16,2.2659168619153732e+16
8.140703517587939e-07,ignition,-65.75702877035796,25.368291635467745,55.23916816765957,264678676019330.94,2.657672022520617,55.23195774198403,13560000.0,300.0,0.18410652580661344,46.61558320906486,50.741205365274986,1.0885030685491426,0.0228342205875469,0.3,74.5951329793061,0.007210425675543341,2000000.0,20.0,49.12494717225934,0.007730246694771051,120.6630217338636,6353.754675474762,-65.75702877035796,25.368291635467745,67.61509765611447,1.858068885756507,7.998285197965058,339.9280179180461,739909225167667.8,2.6724417181913718,38.66237041938882,349.8975496830456,7.997647173723393,1.6555338192405578e+21,0.1114198338032079,0.5,0.00044677006709618503,74.5951329793061,bohm,0.18,1.0,0.05555555555555556,0.0,0,0,0,0,106268492969885.39,2.6233933328409837,16.57679774827075,339.9280179180461,7.998285197965058,1.7042238595850667e+21,0.11557403046099572,0.2,0.0011680155171615609,48.48683643654897,bohm,0.4814,1.0,0.06231823847112588,0.0,0,0,0,0,1.6317333485821152e+17,11.05163727097979,7.953525937418363,9.483700730812375,32.994500654245556,67.61509765611447,0.018549403349552532,1.6317333485821152e+17,11.05163727097979,7.953525937418363,1.0,1.0,1.2468300133513081e-11,0.9999999999875318,0,0,1.3427452301897474e+16,1.7024653572888232e+16,3470316864777220.0,3343432458563682.5,0.0822895009994444,4.905792247873349,4.905792247873349,1.3554336708111012e+16,97570776818880.48,34703168647339.516,-0.3978544351342107,132273945466219.61,1.0,4.115416555936652e-12,0.9999999999958846,0,0,1.3427452301897474e+16,1.7024653572888232e+16,3470316864777220.0,3343432458563682.5,0.0,4.905792247873349,4.905792247873349,1.3554336708111012e+16,33068514892646.766,33068514892646.766,1.0,5.726206831244047e-10,0.9999999994273793,0,0,9.377827141848314e+16,1.196795107964032e+17,2.4396489921910508e+16,2.289174046590096e+16,0.0,4.905603682311648,4.905603682311648,9.528302087449269e+16,4649004100405052.0,4649004100405052.0,7.773919872940975e-22,0.0,0.0,3470316864777220.0,6613702978556571.0,3343432458563682.5,3470316864777220.0,6613702978556571.0,3343432458563682.5,2.4396489921910508e+16,4.649004103067167e+16,2.289174046590096e+16
8.190954773869346e-07,ignition,-65.66299444738483,25.343454510438196,55.246256393524675,266207670934378.6,2.649443105237701,55.23903505369213,13560000.0,300.0,0.18413011684564043,46.48836835997142,50.6751675816214,1.0900612211043958,0.02296540543897858,0.3,74.51868443445247,0.007221339832553442,2000000.0,20.0,49.054697174125046,0.007747173645101072,120.31816574225557,6330.804317213692,-65.66299444738483,25.343454510438196,67.51840624456881,1.8554117971839725,7.998274618527256,339.9275738096591,744195064935667.8,2.664108840347225,38.667324537584484,349.8969183628323,7.9976326783086495,1.6555338057318586e+21,0.11200073754975948,0.5,0.0004447866636905619,74.51868443445247,bohm,0.18,1.0,0.05555555555555556,0.0,0,0,0,0,106878539600615.6,2.6154039434847234,16.57893185594019,339.9275738096591,7.998274618527256,1.7042238319160805e+21,0.11616095783291164,0.2,0.0011629024881160044,48.43714488239411,bohm,0.4814,1.0,0.06231823847112588,0.0,0,0,0,0,1.6385996606607197e+17,11.08090751102751,7.951933714973484,9.44954657123379,32.99432898635547,67.51840624456881,0.018482600689467624,1.6385996606607197e+17,11.08090751102751,7.951933714973484,1.0,1.0,1.2636705020263234e-11,0.9999999999873633,0,0,1.353176527736203e+16,1.7144106987807892e+16,3494666372125177.5,3376991033804494.5,0.08258127718582416,4.905792187934155,4.905792187934155,1.3649440615682714e+16,98255378061740.08,34946663720810.164,-0.4086743675043671,133202041782549.83,1.0,4.171002012805321e-12,0.999999999995829,0,0,1.353176527736203e+16,1.7144106987807892e+16,3494666372125177.5,3376991033804494.5,0.0,4.905792187934155,4.905792187934155,1.3649440615682714e+16,33300539357022.9,33300539357022.9,1.0,5.8043546911261e-10,0.9999999994195645,0,0,9.451254587274784e+16,1.2052518773140944e+17,2.4568886379771956e+16,2.31251309008823e+16,0.0,4.9056023894774565,4.9056023894774565,9.595630135163749e+16,4681852856491845.0,4681852856491845.0,7.878919590610952e-22,0.0,0.0,3494666372125177.5,6660107871432359.0,3376991033804494.5,3494666372125177.5,6660107871432359.0,3376991033804494.5,2.4568886379771956e+16,4.6818528592093576e+16,2.31251309008823e+16
8.241206030150753e-07,ignition,-65.56974101388023,25.318823640409487,55.253335522456,267734847185584.47,2.6413166316408287,55.24610333105918,13560000.0,300.0,0.18415367777019728,46.36239613320123,50.609699934403224,1.0916109639587932,0.023096422925716772,0.3,74.44307102807784,0.007232191396820908,2000000.0,20.0,48.98503055322975,0.007764018652587363,119.97666091504259,6308.095744744343,-65.56974101388023,25.318823640409487,67.42251778775909,1.8527767738788594,7.9982640391552,339.9271297039081,748475840230289.0,2.655879717400483,38.672272331741425,349.8962870550907,7.99761818320264,1.6555337922280104e+21,0.11258079835413873,0.5,0.00044282739074706927,74.44307102807784,bohm,0.18,1.0,0.05555555555555556,0.0,0,0,0,0,107487849504016.31,2.6075139959612286,16.581063190714573,339.9271297039081,7.9982640391552,1.704223804247815e+21,0.11674717117656228,0.2,0.0011578513467338238,48.387996168250595,bohm,0.4814,1.0,0.06231823847112588,0.0,0,0,0,0,1.6454536779372858e+17,11.10998737446274,7.950324732547912,9.415751237865775,32.99415384795298,67.42251778775909,0.01841649986423303,1.6454536779372858e+17,11.10998737446274,7.950324732547912,1.0,1.0,1.2806287699794038e-11,0.9999999999871937,0,0,1.3636233739660066e+16,1.7263623695581136e+16,3519028781728050.5,3410667607535031.5,0.08287218244122331,4.905792127992679,4.905792127992679,1.3744594913853086e+16,98940341993048.36,35190287816829.85,-0.4197166593935479,134130629809877.8,1.0,4.2269762240124195e-12,0.999999999995773,0,0,1.3636233739660066e+16,1.7263623695581136e+16,3519028781728050.5,3410667607535031.5,0.0,4.905792127992679,4.905792127992679,1.3744594913853086e+16,33532686751843.176,33532686751843.176,1.0,5.883052926829571e-10,0.9999999994116947,0,0,9.52478999488441e+16,1.213713074220183e+17,2.4741373183614668e+16,2.335933889405512e+16,0.0,4.90560109664399,4.90560109664399,9.662993423840363e+16,4714718784343736.0,4714718784343736.0,7.98465366008045e-22,0.0,0.0,3519028781728050.5,6706537350396984.0,3410667607535031.5,3519028781728050.5,6706537350396984.0,3410667607535031.5,2.4741373183614668e+16,4.71471878711743e+16,2.335933889405512e+16
8.291457286432161e-07,ignition,-65.47725746770094,25.294396119404336,55.26040556677212,269260206767776.56,2.6332906915720056,55.25316258570308,13560000.0,300.0,0.18417720861901027,46.23764697797562,50.54479425276583,1.0931523889362673,0.02322727326293071,0.3,74.3682787769111,0.0072429810690419205,2000000.0,20.0,48.91593909022847,0.007780782533876587,119.63845485394711,6285.624954135406,-65.47725746770094,25.294396119404336,67.32742097265914,1.8501635049582048,7.9982534598488355,339.92668560079125,752751556613776.9,2.6477524110173825,38.67721380999215,349.89565575980663,7.997603688405007,1.655533778729005e+21,0.11316003537568702,0.5,0.0004408918014499206,74.3682787769111,bohm,0.18,1.0,0.05555555555555556,0.0,0,0,0,0,108096423485776.45,2.599721644380073,16.583191756779964,339.92668560079125,7.9982534598488355,1.7042237765802682e+21,0.1173326874724998,0.2,0.001152860954446138,48.339381204992215,bohm,0.4814,1.0,0.06231823847112588,0.0,0,0,0,0,1.652295471251148e+17,11.138878833881765,7.948699469861954,9.382308803984182,32.99397521456936,67.32742097265914,0.01835108928165706,1.652295471251148e+17,11.138878833881765,7.948699469861955,1.0,1.0,1.2977048791126503e-11,0.9999999999870229,0,0,1.3740857495637826e+16,1.7383203612485608e+16,3543404076520176.5,3444462036192572.5,0.08316222936345034,4.905792068049123,4.905792068049123,1.3839799535965432e+16,99625668132948.95,35434040764741.94,-0.4309844188953191,135059708897690.45,1.0,4.283339393861706e-12,0.9999999999957166,0,0,1.3740857495637826e+16,1.7383203612485608e+16,3543404076520176.5,3444462036192572.5,0.0,4.905792068049123,4.905792068049123,1.3839799535965432e+16,33764956914480.758,33764956914480.758,1.0,5.962301822191219e-10,0.9999999994037698,0,0,9.598433228392125e+16,1.2221786925736118e+17,2.4913950208967504e+16,2.3594363444495076e+16,0.0,4.90559980381474,4.90559980381474,9.730391904839368e+16,4747601860215204.0,4747601860215204.0,8.091122467296611e-22,0.0,0.0,3543404076520176.5,6752991382925077.0,3444462036192572.5,3543404076520176.5,6752991382925077.0,3444462036192572.5,2.4913950208967504e+16,4.747601863045867e+16,2.3594363444495076e+16
8.341708542713568e-07,ignition,-65.38553306239106,25.27016910897971,55.26746653341585,270783750695797.06,2.6253635079018043,55.26021282388893,13560000.0,300.0,0.1842007094129631,46.11410186320094,50.480442580696305,1.094685585126395,0.023357956566577222,0.3,74.29429494403023,0.007253709526925263,2000000.0,20.0,48.847414756791956,0.007797466082521613,119.30349642110282,6263.388043328242,-65.38553306239106,25.27016910897971,67.23310474915495,1.8475716867638945,7.998242880608109,339.92624150030645,757022216410058.6,2.6397251317210717,38.682148976722246,349.8950244769662,7.997589193915399,1.655533765234836e+21,0.11373846766590529,0.5,0.00043897946934752806,74.29429494403023,bohm,0.18,1.0,0.05555555555555556,0.0,0,0,0,0,108704262124376.53,2.5920251392477467,16.585317556693603,339.92624150030645,7.998242880608109,1.7042237489134392e+21,0.11791752342602144,0.2,0.001147930213123111,48.29129171361965,bohm,0.4814,1.0,0.06231823847112588,0.0,0,0,0,0,1.6591251231035955e+17,11.167583817486483,7.9470583941031006,9.349213492292026,32.99379306232626,67.23310474915495,0.018286357641815517,1.6591251231035955e+17,11.167583817486483,7.9470583941031006,1.0,1.0,1.3148988915484458e-11,0.999999999986851,0,0,1.3845636328405302e+16,1.7502846621251574e+16,3567792232597586.0,3478374172348899.5,0.0834514295251304,4.905792008103666,4.905792008103666,1.3935054388653988e+16,100311355809319.44,35677922325506.73,-0.4424807777311252,135989278134825.72,1.0,4.340091727390408e-12,0.9999999999956599,0,0,1.3845636328405302e+16,1.7502846621251574e+16,3567792232597586.0,3478374172348899.5,0.0,4.905792008103666,4.905792008103666,1.3935054388653988e+16,33997349617146.53,33997349617146.53,1.0,6.04210166319585e-10,0.9999999993957899,0,0,9.672184121138504e+16,1.2306487217869507e+17,2.5086617240064884e+16,2.3830203512819724e+16,0.0,4.90559851099226,4.90559851099226,9.797825493863019e+16,4780502042961615.0,4780502042961615.0,8.19832639961946e-22,0.0,0.0,3567792232597586.0,6799469923458816.0,3478374172348899.5,3567792232597586.0,6799469923458816.0,3478374172348899.5,2.5086617240064884e+16,4.7805020458500424e+16,2.3830203512819724e+16
8.391959798994975e-07,ignition,-65.2945572764493,25.246139830109456,55.2745184277259,272305479693429.7,2.617533372017063,55.26725405029274,13560000.0,300.0,0.18422418016764247,45.9917421965984,50.4166371369112,1.096210639757849,0.02348847292315882,0.3,74.2211073491604,0.007264377433163488,2000000.0,20.0,48.77944969264723,0.007814070076303756,118.9717356158751,6241.381201281784,-65.2945572764493,25.246139830109456,67.13955829844356,1.8450010219942625,7.998232301432976,339.92579740245185,761287820983222.0,2.6317961630272695,38.68707783520492,349.8943932065556,7.99757469973346,1.6555337517454957e+21,0.1143161139453012,0.5,0.0004370899810805455,74.2211073491604,bohm,0.18,1.0,0.05555555555555556,0.0,0,0,0,0,109311365930165.58,2.584422789243094,16.587440592520984,339.92579740245185,7.998232301432976,1.7042237212473274e+21,0.11850169537603222,0.2,0.0011430580551088176,48.243719776954265,bohm,0.4814,1.0,0.06231823847112588,0.0,0,0,0,0,1.6659427188403856e+17,11.196104220469877,7.945401960549385,9.316459659634681,32.9936073678829,67.13955829844356,0.018222293907155827,1.6659427188403856e+17,11.196104220469877,7.945401960549385,1.0,1.0,1.3322108694228313e-11,0.9999999999866779,0,0,1.3950570013850718e+16,1.762255259441878e+16,3592193223979070.0,3512403867390077.5,0.08373979402822028,4.905791948156478,4.905791948156478,1.403035937043971e+16,100997404291633.53,35921932239312.14,-0.45420889115642404,136919336530945.22,1.0,4.397233429688234e-12,0.9999999999956027,0,0,1.3950570013850718e+16,1.762255259441878e+16,3592193223979070.0,3512403867390077.5,0.0,4.905791948156478,4.905791948156478,1.403035937043971e+16,34229864612257.336,34229864612257.336,1.0,6.122452736155321e-10,0.9999999993877547,0,0,9.746042498508891e+16,1.239123150040064e+17,2.5259374036013748e+16,2.4066858053110016e+16,0.0,4.905597218178782,4.905597218178782,9.865294096799266e+16,4813419286649521.0,4813419286649521.0,8.306265844510205e-22,0.0,0.0,3592193223979070.0,6845972922481570.0,3512403867390077.5,3592193223979070.0,6845972922481570.0,3512403867390077.5,2.5259374036013748e+16,4.8134192895965144e+16,2.4066858053110016e+16
8.442211055276381e-07,ignition,-65.20431987221396,25.22230557873748,55.28156124404161,273825392445569.56,2.6097987928483373,55.274286258626496,13560000.0,300.0,0.18424762086208832,45.870549973111174,50.35337039418889,1.0977276362220532,0.0236188222159608,0.3,74.14870596887816,0.0072749854151116546,2000000.0,20.0,48.71203624956871,0.007830595258664412,118.6431237789648,6219.6007265276385,-65.20431987221396,25.22230557873748,67.04677109358194,1.8424512213679802,7.998221722323381,339.9253533072254,765548365057226.2,2.6239640335867582,38.69200038103855,349.89376194856095,7.997560205858824,1.6555337382609732e+21,0.11489299328442354,0.5,0.00043522295203788454,74.14870596887816,bohm,0.18,1.0,0.05555555555555556,0.0,0,0,0,0,109917734908350.67,2.576913056690043,16.58956086300306,339.9253533072254,7.998221722323381,1.7042236935819315e+21,0.11908521958369132,0.2,0.0011382434660066397,48.19665887977081,bohm,0.4814,1.0,0.06231823847112588,0.0,0,0,0,0,1.6727483716170726e+17,11.224441877009555,7.943730612376802,9.28404182250174,32.99341810861274,67.04677109358194,0.018158887352376793,1.6727483716170726e+17,11.224441877009555,7.943730612376801,1.0,1.0,1.3496408754615639e-11,0.9999999999865036,0,0,1.4055658274112446e+16,1.7742321329035998e+16,3616607009295323.0,3546550963667094.5,0.08402733198015082,4.90579188820767,4.90579188820767,1.4125714319740676e+16,101683812416712.39,36166070092465.12,-0.4661719383953328,137849882509177.05,1.0,4.45476470782394e-12,0.9999999999955452,0,0,1.4055658274112446e+16,1.7742321329035998e+16,3616607009295323.0,3546550963667094.5,0.0,4.90579188820767,4.90579188820767,1.4125714319740676e+16,34462501505596.625,34462501505596.625,1.0,6.203355332190888e-10,0.9999999993796644,0,0,9.820008124996904e+16,1.2476019564522338e+17,2.543222017123073e+16,2.430432594720712e+16,0.0,4.905595925374765,4.905595925374765,9.932797547399264e+16,4846353510146754.0,4846353510146754.0,8.414941193169202e-22,0.0,0.0,3616607009295323.0,6892500301150030.0,3546550963667094.5,3616607009295323.0,6892500301150030.0,3546550963667094.5,2.543222017123073e+16,4.846353513153118e+16,2.430432594720712e+16
8.492462311557788e-07,ignition,-65.1148106750402,25.19866366745223,55.28859499678107,275343491378643.5,2.602157993700492,55.28130946264756,13560000.0,300.0,0.18427103154215854,45.75050722844915,50.29063479584436,1.0992366608030089,0.023749004699808698,0.3,74.07707757203175,0.007285534133515768,2000000.0,20.0,48.645166826408676,0.007847042401614261,118.31761277845654,6198.042954220075,-65.1148106750402,25.19866366745223,66.95473267242456,1.83992199738436,7.99821114327927,339.9249092146252,769803855501743.1,2.616226936747973,38.69691662385329,349.8931307029683,7.997545712291142,1.6555337247812627e+21,0.1154691229127573,0.5,0.0004333779725957089,74.07707757203175,bohm,0.18,1.0,0.05555555555555556,0.0,0,0,0,0,110523370004276.94,2.5694942333863713,16.591678372927785,339.9249092146252,7.99821114327927,1.70422366591725e+21,0.11966811133495574,0.2,0.001133485404975511,48.15010042182064,bohm,0.4814,1.0,0.06231823847112588,0.0,0,0,0,0,1.6795421401712554e+17,11.252598655950628,7.942044782870301,9.251954555683719,32.99322526203651,66.95473267242456,0.01809612736620874,1.6795421401712554e+17,11.252598655950628,7.942044782870302,1.0,1.0,1.367188971074977e-11,0.9999999999863282,0,0,1.4160900931456734e+16,1.7862152762622744e+16,3641033575810627.5,3580815320455246.5,0.08431405555571717,4.90579182825744,4.90579182825744,1.4221119186812116e+16,102370579826440.89,36410335757608.484,-0.47837312137595206,138780915584048.89,1.0,4.512685764473781e-12,0.9999999999954873,0,0,1.4160900931456734e+16,1.7862152762622744e+16,3641033575810627.5,3580815320455246.5,0.0,4.90579182825744,4.90579182825744,1.4221119186812116e+16,34695260175797.734,34695260175797.734,1.0,6.284809732409178e-10,0.9999999993715191,0,0,9.89408087927621e+16,1.2560851369705411e+17,2.560515556314904e+16,2.454260622200606e+16,0.0,4.905594632583681,4.905594632583681,1.0000335813390507e+17,4879304697694149.0,4879304697694149.0,8.52435282850445e-22,0.0,0.0,3641033575810627.5,6939052035190861.0,3580815320455246.5,3641033575810627.5,6939052035190861.0,3580815320455246.5,2.560515556314904e+16,4.8793047007606984e+16,2.454260622200606e+16
8.542713567839196e-07,ignition,-65.02601975282671,25.17521147290476,55.2956196939849,276859777740246.62,2.5946093409010444,55.28832366976061,13560000.0,300.0,0.18429441223253537,45.63159648829439,50.22842299149688,1.100737796986386,0.023879020511780844,0.3,74.00621029300957,0.007296024224291881,2000000.0,20.0,48.57883400321578,0.00786341225251868,117.99515565559969,6176.7043144229,-65.02601975282671,25.17521147290476,66.86343282222288,1.8374130693961648,7.998200564300597,339.9244651246492,774054295341422.9,2.608583225362149,38.70182656883242,349.8924994697638,7.997531219030066,1.6555337113063572e+21,0.11604452010596049,0.5,0.00043155465368446366,74.00621029300957,bohm,0.18,1.0,0.05555555555555556,0.0,0,0,0,0,111128271873187.88,2.5621647160022736,16.593793125152473,339.9244651246492,7.998200564300597,1.7042236382532828e+21,0.12025038572380563,0.2,0.001128782871695115,48.104036690456226,bohm,0.4814,1.0,0.06231823847112588,0.0,0,0,0,0,1.6863240987202157e+17,11.280576379960353,7.940344894063177,9.220192572877579,32.993028806293694,66.86343282222288,0.01803400360907185,1.6863240987202157e+17,11.280576379960353,7.940344894063177,1.0,0.9999999999999999,1.3848552179796576e-11,0.9999999999861514,0,0,1.4266297777295036e+16,1.7982046789339928e+16,3665472901951038.5,3615196791857185.0,0.08459997569934515,4.90579176830595,4.90579176830595,1.431657388738889e+16,103057705914207.8,36654729019002.77,-0.4908156658544843,139712434933210.08,1.0,4.570996803345049e-12,0.999999999995429,0,0,1.4266297777295036e+16,1.7982046789339928e+16,3665472901951038.5,3615196791857185.0,0.0,4.90579176830595,4.90579176830595,1.431657388738889e+16,34928140417274.406,34928140417274.406,1.0,6.366816220520577e-10,0.9999999993633184,0,0,9.96826060517717e+16,1.2645726823333427e+17,2.5778180023027584e+16,2.4781697864492588e+16,0.0,4.905593339807942,4.905593339807942,1.0067908821030669e+17,4912272813297599.0,4912272813297599.0,8.634501135372952e-22,0.0,0.0,3665472901951038.5,6985628083486812.0,3615196791857185.0,3665472901951038.5,6985628083486812.0,3615196791857185.0,2.5778180023027584e+16,4.912272816425153e+16,2.4781697864492588e+16
8.592964824120603e-07,ignition,-64.93793736034868,25.151946421105496,55.30263534458637,278374252951278.22,2.587151224762313,55.29532888827155,13560000.0,300.0,0.18431776296090516,45.513800632078365,50.16672776757514,1.102231127062093,0.02400886980566089,0.3,73.93609236777796,0.0073064563148242025,2000000.0,20.0,48.51303049964812,0.007879705549035929,117.6757064129894,6155.581313271318,-64.93793736034868,25.151946421105496,66.77286152238534,1.8349241620366492,7.998189985387311,339.92402103729546,778299688150212.5,2.6010312745863553,38.70673022179008,349.8918682489335,7.997516726075245,1.6555336978362506e+21,0.11661920168275154,0.5,0.00042975261393916436,73.93609236777796,bohm,0.18,1.0,0.05555555555555556,0.0,0,0,0,0,111732441218300.1,2.554922929107175,16.59590512279629,339.92402103729546,7.998189985387311,1.7042236105900286e+21,0.12083205745102894,0.2,0.0011241348870935559,48.058460039055674,bohm,0.4814,1.0,0.06231823847112588,0.0,0,0,0,0,1.6930943177644928e+17,11.30837684836267,7.938631357496496,9.188750700372443,32.99282872001057,66.77286152238534,0.01797250596160746,1.6930943177644928e+17,11.30837684836267,7.9386313574964955,1.0,0.9999999999999999,1.4026396777528039e-11,0.9999999999859736,0,0,1.4371848608178568e+16,1.8102003310506892e+16,3689924967601785.5,3649695232875245.0,0.08488510331281894,4.905791708353363,4.905791708353363,1.4412078342905106e+16,103745190114428.22,36899249675500.29,-0.5035028211473948,140644439789928.0,1.0,4.629698027685667e-12,0.9999999999953703,0,0,1.4371848608178568e+16,1.8102003310506892e+16,3689924967601785.5,3649695232875245.0,0.0,4.905791708353363,4.905791708353363,1.4412078342905106e+16,35161142038344.89,35161142038344.89,1.0,6.449375079371649e-10,0.9999999993550625,0,0,1.0042547152639034e+17,1.273064584125993e+17,2.5951293379390316e+16,2.502159987257167e+16,0.0,4.905592047050033,4.905592047050033,1.0135516503320898e+17,4945257824253453.0,4945257824253453.0,8.745386497766346e-22,0.0,0.0,3689924967601785.5,7032228407701536.0,3649695232875245.0,3689924967601785.5,7032228407701536.0,3649695232875245.0,2.5951293379390316e+16,4.945257827442835e+16,2.502159987257167e+16
8.64321608040201e-07,ignition,-64.85055398869383,25.128866000481683,55.309641952786265,279886917475009.84,2.5797821574963336,55.30232512177932,13560000.0,300.0,0.1843410837392644,45.397102976811965,50.10554209277205,1.1037167309633187,0.02413855264798857,0.3,73.86671312488762,0.007316831006942932,2000000.0,20.0,48.447749211905176,0.007895923003455686,117.35922018498295,6134.6705483557835,-64.85055398869383,25.128866000481683,66.68300899531027,1.8324550066164522,7.998179406539357,339.92357695256203,782540034652522.9,2.5935695880101637,38.71162758524552,349.89123704046375,7.997502233426323,1.6555336843709335e+21,0.11719318429509609,0.5,0.00042797148922237634,73.86671312488762,bohm,0.18,1.0,0.05555555555555556,0.0,0,0,0,0,112335878415838.9,2.54776740404976,16.59801436754074,339.92357695256203,7.998179406539357,1.704223582927486e+21,0.1214131411194207,0.2,0.0011195405121177783,48.01336353117696,bohm,0.4814,1.0,0.06231823847112588,0.0,0,0,0,0,1.6998528850080614e+17,11.336001813583014,7.936904574146089,9.157623898210069,32.992624982458224,66.68300899531027,0.017911624566066344,1.6998528850080614e+17,11.336001813583014,7.93690457414609,1.0,1.0,1.4205424122979585e-11,0.9999999999857946,0,0,1.4477553188828336e+16,1.822202218127189e+16,3714389743236572.5,3684310494029591.0,0.08516944799466972,4.905791648399809,4.905791648399809,1.4507632438035316e+16,104433031596902.27,37143897431838.08,-0.5164378605011994,141576929028739.8,1.0,4.688789641817815e-12,0.9999999999953112,0,0,1.4477553188828336e+16,1.822202218127189e+16,3714389743236572.5,3684310494029591.0,0.0,4.905791648399809,4.905791648399809,1.4507632438035316e+16,35394264757644.91,35394264757644.91,1.0,6.532486594228909e-10,0.9999999993467513,0,0,1.0116940340456842e+17,1.2815608295838203e+17,2.612449537209059e+16,2.5262311190367564e+16,0.0,4.9055907543115325,4.9055907543115325,1.0203158758629144e+17,4978259680958983.0,4978259680958983.0,8.857009301651253e-22,0.0,0.0,3714389743236572.5,7078852951562171.0,3684310494029591.0,3714389743236572.5,7078852951562171.0,3684310494029591.0,2.612449537209059e+16,4.978259684211026e+16,2.5262311190367564e+16
8.693467336683417e-07,ignition,-64.76386027203394,25.105967737253124,55.31663952714676,281397772645091.78,2.5725006111586044,55.30931237824159,13560000.0,300.0,0.18436437459413865,45.28148711493551,50.04485903458306,1.1051946882300254,0.02426806918609335,0.3,73.79806135941331,0.007327148905169396,2000000.0,20.0,48.38298314307994,0.007912065328752516,117.04565289117787,6113.9686779832355,-64.76386027203394,25.105967737253124,66.59386561052321,1.8300053384892794,7.998168827756687,339.9231328704469,786775338217006.1,2.5861966222855926,38.71651866476911,349.89060584434054,7.997487741082946,1.6555336709103993e+21,0.11776648399216127,0.5,0.0004262109164282317,73.79806135941331,bohm,0.18,1.0,0.05555555555555556,0.0,0,0,0,0,112938584121120.33,2.5406966477611066,16.600120862377647,339.9231328704469,7.998168827756687,1.7042235552656544e+21,0.12199365078469519,0.2,0.0011149988153392517,47.96873988361865,bohm,0.4814,1.0,0.06231823847112588,0.0,0,0,0,0,1.7065998716646218e+17,11.363453020727123,7.9351649353420335,9.126807217342654,32.99241757329991,66.59386561052321,0.01785134974251264,1.7065998716646218e+17,11.363453020727123,7.9351649353420335,1.0,1.0,1.4385634830922088e-11,0.9999999999856144,0,0,1.45834113118924e+16,1.834210329681247e+16,3738867207488685.0,3719042430057299.5,0.08545302008998573,4.905791588445437,4.905791588445437,1.4603236089323788e+16,105121229760845.33,37388672074348.99,-0.5296240805901459,142509901835193.78,1.0,4.7482718486590164e-12,0.9999999999952517,0,0,1.45834113118924e+16,1.834210329681247e+16,3738867207488685.0,3719042430057299.5,0.0,4.905791588445437,4.905791588445437,1.4603236089323788e+16,35627508371562.91,35627508371562.91,1.0,6.616151047471023e-10,0.9999999993383849,0,0,1.0191440016496326e+17,1.290061409992456e+17,2.6297785823542744e+16,2.5503830812803136e+16,0.0,4.905589461594693,4.905589461594693,1.0270835517570285e+17,5011278349546202.0,5011278349546202.0,8.969369930378228e-22,0.0,0.0,3738867207488685.0,7125501674346414.0,3719042430057299.5,3738867207488685.0,7125501674346414.0,3719042430057299.5,2.6297785823542744e+16,5.0112783528617384e+16,2.5503830812803136e+16
8.743718592964824e-07,ignition,-64.67784698786367,25.083249195495245,55.323628080221766,282906820591588.7,2.5653050251122402,55.31629066960615,13560000.0,300.0,0.1843876355653538,45.166936913962004,49.984671760335544,1.1066650779429827,0.024397419641260607,0.3,73.73012540728467,0.007337410615622992,2000000.0,20.0,48.31872540333728,0.007928133237623617,116.73496123015558,6093.472420819787,-64.67784698786367,25.083249195495245,66.50542188492233,1.8275748970586512,7.998158249039247,339.9226887909482,791005604634270.0,2.5789107953145787,38.7214034687243,349.8899746605501,7.9974732490447735,1.6555336574546427e+21,0.11833911624628454,0.5,0.0004244705341282952,73.73012540728467,bohm,0.18,1.0,0.05555555555555556,0.0,0,0,0,0,113540559244028.27,2.5337091485459786,16.602224611497466,339.9226887909482,7.998158249039247,1.7042235276045323e+21,0.12257359998250442,0.2,0.0011105088740710955,47.92458151473504,bohm,0.4814,1.0,0.06231823847112588,0.0,0,0,0,0,1.7133353337130454e+17,11.390732206110798,7.933412822954039,9.096295798965823,32.99220647258912,66.50542188492233,0.01779167198751922,1.7133353337130454e+17,11.390732206110798,7.93341282295404,1.0,1.0,1.4567029512166478e-11,0.999999999985433,0,0,1.468942279552792e+16,1.8462246588847584e+16,3763357346440015.0,3753890899560367.5,0.08573583061346092,4.905791528490412,4.905791528490412,1.4698889242407568e+16,105809784214898.36,37633573463851.945,-0.5430648015566154,143443357678749.75,1.0,4.8081448498224326e-12,0.9999999999951918,0,0,1.468942279552792e+16,1.8462246588847584e+16,3763357346440015.0,3753890899560367.5,0.0,4.905791528490412,4.905791528490412,1.4698889242407568e+16,35860872747465.27,35860872747465.27,1.0,6.700368718803572e-10,0.9999999993299631,0,0,1.0266046055257416e+17,1.2985663203479296e+17,2.6471164631793496e+16,2.574615778136818e+16,0.0,4.9055881689023675,4.9055881689023675,1.0338546740299946e+17,5044313810561373.0,5044313810561373.0,9.082468764867515e-22,0.0,0.0,3763357346440015.0,7172174549527538.0,3753890899560367.5,3763357346440015.0,7172174549527538.0,3753890899560367.5,2.6471164631793496e+16,5.044313813941249e+16,2.574615778136818e+16
8.79396984924623e-07,ignition,-64.5925051066939,25.060707990264508,55.330607622939546,284414063111649.6,2.558193903749233,55.32326000621053,13560000.0,300.0,0.18441086668736845,45.05343660086822,49.92497358279876,1.1081279775633512,0.024526604204931406,0.3,73.66289413430101,0.007347616729018474,2000000.0,20.0,48.25496924703819,0.007944127426842322,116.42710285163008,6073.178571415442,-64.5925051066939,25.060707990264508,66.41766853387597,1.8251634271820654,7.99814767038699,339.9222447140639,795230838722856.4,2.571710592154474,38.72628200434737,349.8893434890785,7.997458757311456,1.6555336440036569e+21,0.11891109624180851,0.5,0.00042274999208652604,73.66289413430101,bohm,0.18,1.0,0.05555555555555556,0.0,0,0,0,0,114141804574580.73,2.526803454832588,16.604325618592178,339.9222447140639,7.99814767038699,1.7042234999441195e+21,0.12315300202226988,0.2,0.0011060697931410215,47.88088118729566,bohm,0.4814,1.0,0.06231823847112588,0.0,0,0,0,0,1.72005933279626e+17,11.41784107373264,7.9316486092969685,9.06608489589176,32.99199166092736,66.41766853387597,0.017732582015971957,1.72005933279626e+17,11.41784107373264,7.931648609296968,1.0,1.0,1.4749608778214465e-11,0.9999999999852504,0,0,1.4795587446483532e+16,1.858245197238355e+16,3787860142765749.0,3788855759631479.5,0.08601788999005455,4.905791468534887,4.905791468534887,1.4794591829617804e+16,106498694471919.12,37878601427098.79,-0.55676336738118,144377295899017.34,1.0,4.868408847148329e-12,0.9999999999951316,0,0,1.4795587446483532e+16,1.858245197238355e+16,3787860142765749.0,3788855759631479.5,0.0,4.905791468534887,4.905791468534887,1.4794591829617804e+16,36094357720255.8,36094357720255.8,1.0,6.785139888538172e-10,0.999999999321486,0,0,1.0340758320673882e+17,1.3070755541670014e+17,2.6644631664736216e+16,2.5989291119511096e+16,0.0,4.9055868762370505,4.9055868762370505,1.0406292375196394e+17,5077366038804086.0,5077366038804086.0,9.196306186445368e-22,0.0,0.0,3787860142765749.0,7218871544086303.0,3788855759631479.5,3787860142765749.0,7218871544086303.0,3788855759631479.5,2.6644631664736216e+16,5.07736604224915e+16,2.5989291119511096e+16
8.844221105527638e-07,ignition,-64.50782576488898,25.03834178042398,55.3375781669769,285919502146798.06,2.5511657739252547,55.33022039914874,13560000.0,300.0,0.18443406799716247,44.94097071419007,49.86575793636176,1.109583463461253,0.02465562308256678,0.3,73.59635651073152,0.007357767828155799,2000000.0,20.0,48.191708052447474,0.007960048584189503,116.12203625061656,6053.083990935426,-64.50782576488898,25.03834178042398,66.33059644329245,1.822770678403474,7.998137091799866,339.921800639792,799451045763660.5,2.564594519022636,38.731154279404116,349.88871232991204,7.997444265882649,1.6555336305574355e+21,0.11948243876794702,0.5,0.0004210489469202377,73.59635651073152,bohm,0.18,1.0,0.05555555555555556,0.0,0,0,0,0,114742320941177.23,2.51997814055878,16.60642388757278,339.921800639792,7.998137091799866,1.7042234722844148e+21,0.12373186987613491,0.2,0.001101680696104307,47.83763173197549,bohm,0.4814,1.0,0.06231823847112588,0.0,0,0,0,0,1.726771927409444e+17,11.444781305858804,7.929872657542484,9.036169859521785,32.99177311939429,66.33059644329245,0.01767407073558906,1.726771927409444e+17,11.444781305858804,7.929872657542485,1.0,1.0,1.4933373239293014e-11,0.9999999999850666,0,0,1.490190507570188e+16,1.8702719368220868e+16,3812375580322157.5,3823936868125327.0,0.08629920859356438,4.905791408579013,4.905791408579013,1.489034378789871e+16,107187960077973.1,38123755802652.26,-0.570723145772548,145311715880624.78,1.0,4.929064042056829e-12,0.9999999999950709,0,0,1.490190507570188e+16,1.8702719368220868e+16,3812375580322157.5,3823936868125327.0,0.0,4.905791408579013,4.905791408579013,1.489034378789871e+16,36327963136092.92,36327963136092.92,1.0,6.870464836206622e-10,0.9999999993129535,0,0,1.0415576681835338e+17,1.3155891056804752e+17,2.6818186804819228e+16,2.62332298599443e+16,0.0,4.905585583601289,4.905585583601289,1.0474072376322829e+17,5110435011847878.0,5110435011847878.0,9.310882575645345e-22,0.0,0.0,3812375580322157.5,7265592627254396.0,3823936868125327.0,3812375580322157.5,7265592627254396.0,3823936868125327.0,2.6818186804819228e+16,5.110435015358984e+16,2.62332298599443e+16
8.894472361809045e-07,ignition,-64.42380026062271,25.016148267575183,55.34453972475893,287423139782931.8,2.544219184290382,55.33717186027082,13560000.0,300.0,0.18445723953423607,44.8295240960149,49.80701837407383,1.1110316109401082,0.024784476493642116,0.3,73.53050160770351,0.007367864488108293,2000000.0,20.0,48.128935318712536,0.007975897388655067,115.81972074564077,6033.185605384652,-64.42380026062271,25.016148267575183,66.24419666546171,1.8203964048390102,7.998126513277824,339.92135656813065,803666231499931.1,2.5575611026618326,38.73602030218957,349.8880811830368,7.997429774758008,1.6555336171159736e+21,0.12005315822849451,0.5,0.0004193670619092341,73.53050160770351,bohm,0.18,1.0,0.05555555555555556,0.0,0,0,0,0,115342109210598.72,2.5132318044226483,16.608519422569355,339.92135656813065,7.998126513277824,1.7042234446254176e+21,0.12431021618765042,0.2,0.0010973407247155554,47.794826045007284,bohm,0.4814,1.0,0.06231823847112588,0.0,0,0,0,0,1.7334731729019792e+17,11.471554563425432,7.928085321963583,9.006546137222909,32.99155082954405,66.24419666546171,0.01761612924178988,1.7334731729019792e+17,11.471554563425432,7.928085321963583,1.0,1.0,1.5118323504354324e-11,0.9999999999848816,0,0,1.5008375498319598e+16,1.8823048702954184e+16,3836903644146593.5,3859134083658598.5,0.08657979675101819,4.905791348622938,4.905791348622938,1.498614505880759e+16,107877580612332.88,38369036440885.86,-0.5849475281986121,146246617053218.16,1.0,4.990110635547914e-12,0.9999999999950099,0,0,1.5008375498319598e+16,1.8823048702954184e+16,3836903644146593.5,3859134083658598.5,0.0,4.905791348622938,4.905791348622938,1.498614505880759e+16,36561688852389.586,36561688852389.586,1.0,6.956343840560892e-10,0.9999999993043656,0,0,1.0490501012987221e+17,1.3241069698331942e+17,2.6991829949045724e+16,2.6477973044644224e+16,0.0,4.90558429099768,4.90558429099768,1.054188670342737e+17,5143520710040216.0,5143520710040216.0,9.426198312208287e-22,0.0,0.0,3836903644146593.5,7312337770514406.0,3859134083658598.5,3836903644146593.5,7312337770514406.0,3859134083658598.5,2.6991829949045724e+16,5.143520713618226e+16,2.6477973044644224e+16
8.944723618090452e-07,ignition,-64.34042015654151,24.99412522317433,55.35149229600724,288924975640029.2,2.537352925710055,55.34411438876548,13560000.0,300.0,0.18448038129588495,44.7190820968238,49.74874867699901,1.112472491481046,0.02491316442295514,0.3,73.46532092554577,0.007377907241758687,2000000.0,20.0,48.066644742559674,0.007991674478630462,115.52011684037198,6013.480437938183,-64.34042015654151,24.99412522317433,66.15846052461941,1.8180403680778991,7.998115934820811,339.9209124990778,807876394000913.1,2.5506091380134,38.74088007213584,349.8874500484392,7.997415283937173,1.65553360367926e+21,0.12062326931316418,0.5,0.00041770402924522416,73.46532092554577,bohm,0.18,1.0,0.05555555555555556,0.0,0,0,0,0,115941169519734.56,2.5065632271123426,16.610612223871403,339.9209124990778,7.998115934820811,1.7042234169671263e+21,0.12488805387033376,0.2,0.0010930490764796208,47.75245860160475,bohm,0.4814,1.0,0.06231823847112588,0.0,0,0,0,0,1.7401631647773475e+17,11.498162438549963,7.9262869476621445,8.977209317021813,32.99132477377036,66.15846052461941,0.01755874890511295,1.7401631647773475e+17,11.498162438549963,7.9262869476621445,1.0,1.0,1.5304460190719154e-11,0.9999999999846956,0,0,1.5114998458090686e+16,1.894343979989443e+16,3861444298223031.0,3894447254642315.5,0.08685966215142037,4.905791288666749,4.905791288666749,1.50819955016714e+16,108567555062333.25,38614442981639.336,-0.5994399306742867,147181998043972.0,1.0,5.051548831360763e-12,0.9999999999949485,0,0,1.5114998458090686e+16,1.894343979989443e+16,3861444298223031.0,3894447254642315.5,0.0,4.905791288666749,4.905791288666749,1.50819955016714e+16,36795534525940.82,36795534525940.82,1.0,7.042777187542301e-10,0.9999999992957223,0,0,1.0565531102762544e+17,1.332629129659728e+17,2.7165560751640724e+16,2.672351956493407e+16,0.0,4.905582998426568,4.905582998426568,1.0609735221433208e+17,5176623067459284.0,5176623067459284.0,9.542253780993458e-22,0.0,0.0,3861444298223031.0,7359106905225339.0,3894447254642315.5,3861444298223031.0,7359106905225339.0,3894447254642315.5,2.7165560751640724e+16,5.176623071105063e+16,2.672351956493407e+16
8.994974874371859e-07,ignition,-64.25767706561686,24.972270431969903,55.35843589402706,290425011972385.4,2.5305655950334534,55.35104799737907,13560000.0,300.0,0.1845034933245969,44.609630147552345,49.6909426298445,1.113906178228446,0.025041687106594223,0.3,73.40080380504895,0.007387896647995355,2000000.0,20.0,48.004830058311406,0.008007380514899042,115.2231854463679,5993.965539914242,-64.25767706561686,24.972270431969903,66.07337939674824,1.8157023311313798,7.998105356428779,339.92046843263165,812081539559422.6,2.5437371983730905,38.745733598165344,349.8868189261054,7.997400793419805,1.6555335902472912e+21,0.12119278572016604,0.5,0.00041605952554715217,73.40080380504895,bohm,0.18,1.0,0.05555555555555556,0.0,0,0,0,0,116539502776706.23,2.499971059379127,16.612702295861716,339.92046843263165,7.998105356428779,1.70422338930954e+21,0.1254653949649938,0.2,0.0010888049289928103,47.71052247328182,bohm,0.4814,1.0,0.06231823847112588,0.0,0,0,0,0,1.746841954314965e+17,11.524606549101074,7.9244778719003035,8.948155031690664,32.99109493460239,66.07337939674824,0.017501921183615054,1.746841954314965e+17,11.524606549101074,7.9244778719003035,1.0,0.9999999999999999,1.5491783905234805e-11,0.9999999999845082,0,0,1.5221773775055296e+16,1.906389259219552e+16,3885997528925863.0,3929876240711505.0,0.08713881491943333,4.905791228710588,4.905791228710588,1.5177895063269656e+16,109257883044839.42,38859975288656.62,-0.6142037923417097,148117858333495.44,1.0,5.11337882980074e-12,0.9999999999948866,0,0,1.5221773775055296e+16,1.906389259219552e+16,3885997528925863.0,3929876240711505.0,0.0,4.905791228710588,4.905791228710588,1.5177895063269656e+16,37029500026900.305,37029500026900.305,1.0,7.129765154710608e-10,0.9999999992870234,0,0,1.0640666831533558e+17,1.3411555809509613e+17,2.7339379126852948e+16,2.6969868473945356e+16,0.0,4.905581705890563,4.905581705890563,1.0677617896824318e+17,5209742067739303.0,5209742067739303.0,9.659049360428836e-22,0.0,0.0,3885997528925863.0,7405900005417930.0,3929876240711505.0,3885997528925863.0,7405900005417930.0,3929876240711505.0,2.7339379126852948e+16,5.209742071453727e+16,2.6969868473945356e+16
9.045226130653266e-07,ignition,-64.17556274308086,24.950581716285463,55.36537053390081,291923251378411.4,2.523855792162129,55.35797270063965,13560000.0,300.0,0.18452657566879882,44.50115394394811,49.633594119064576,1.1153327435414615,0.025170044813672427,0.3,73.33693949959256,0.0073978332611622085,2000000.0,20.0,47.94348510656863,0.008023016152472853,114.92888820818837,5974.638019888642,-64.17556274308086,24.950581716285463,65.98894480411136,1.8133820610304918,7.998094778101677,339.92002436879005,816281675553229.0,2.5369438568404514,38.75058089044775,349.88618781602156,7.9973863032055625,1.6555335768200608e+21,0.12176172073871319,0.5,0.00041443323185202203,73.33693949959256,bohm,0.18,1.0,0.05555555555555556,0.0,0,0,0,0,117137109986805.5,2.4934539625837444,16.614789643453058,339.92002436879005,7.998094778101677,1.7042233616526583e+21,0.12604225116296774,0.2,0.0010846074736704536,47.66901067473517,bohm,0.4814,1.0,0.06231823847112588,0.0,0,0,0,0,1.753509586339097e+17,11.550888496428707,7.922658423766593,8.919378998997871,32.990861295004265,65.98894480411136,0.017445637701598706,1.753509586339097e+17,11.550888496428707,7.922658423766594,1.0,0.9999999999999999,1.568029525273591e-11,0.9999999999843197,0,0,1.5328701279230708e+16,1.918440702715216e+16,3910563325511947.0,3965420903102441.5,0.08741726534403112,4.905791168754607,4.905791168754607,1.5273843701640212e+16,109948564257760.05,39105633254506.28,-0.6292425761375002,149054197512265.7,1.0,5.175600830511316e-12,0.9999999999948244,0,0,1.5328701279230708e+16,1.918440702715216e+16,3910563325511947.0,3965420903102441.5,0.0,4.905791168754607,4.905791168754607,1.5273843701640212e+16,37263585252888.734,37263585252888.734,1.0,7.217308018235939e-10,0.9999999992782692,0,0,1.071590809177394e+17,1.3496863211778317e+17,2.7513285023177132e+16,2.721701884631048e+16,0.0,4.905580413392507,4.905580413392507,1.0745534709460603e+17,5242877701041233.0,5242877701041233.0,9.776585427697372e-22,0.0,0.0,3910563325511947.0,7452717050616319.0,3965420903102441.5,3910563325511947.0,7452717050616319.0,3965420903102441.5,2.7513285023177132e+16,5.2428777048251784e+16,2.721701884631048e+16
9.095477386934673e-07,ignition,-64.09406911838218,24.929056944460065,55.37229622794953,293419695919795.7,2.5172221933147703,55.36488851032993,13560000.0,300.0,0.18454962836776645,44.39363951022328,49.57669716763401,1.116752258084565,0.025298237762417998,0.3,73.27371795288117,0.007407717619601436,2000000.0,20.0,47.8826038580837,0.00803858203002901,114.63718761150858,5955.495053454219,-64.09406911838218,24.929056944460065,65.90514844811122,1.8110793297290373,7.998084199839454,339.9195803075512,820476807699456.5,2.5302277687038783,38.75542195723095,349.8855567181741,7.997371813294099,1.6555335633975624e+21,0.12233008748226244,0.5,0.000412824840921663,73.27371795288117,bohm,0.18,1.0,0.05555555555555556,0.0,0,0,0,0,117733991993242.11,2.487010660811446,16.61687427071858,339.9195803075512,7.998084199839454,1.7042233339964796e+21,0.12661863401331358,0.2,0.0010804559279665085,47.627916669372766,bohm,0.4814,1.0,0.06231823847112588,0.0,0,0,0,0,1.7601661138762835e+17,11.577009849702264,7.920828924241499,8.890877035103491,32.990623838499545,65.90514844811122,0.017389890275812597,1.7601661138762835e+17,11.577009849702264,7.920828924241499,1.0,1.0,1.5869994839298552e-11,0.99999999998413,0,0,1.5435780785108154e+16,1.93049830293918e+16,3935141672617638.0,4001081100951632.0,0.08769502300618137,4.90579110879894,4.90579110879894,1.5369841356774162e+16,110639598269093.62,39351416725551.875,-0.6445597690847031,149991014994644.84,1.0,5.238215033540175e-12,0.9999999999947617,0,0,1.5435780785108154e+16,1.93049830293918e+16,3935141672617638.0,4001081100951632.0,0.0,4.90579110879894,4.90579110879894,1.5369841356774162e+16,37497790057497.99,37497790057497.99,1.0,7.305406055587977e-10,0.9999999992694594,0,0,1.0791254757429226e+17,1.3582213452312835e+17,2.7687278336517548e+16,2.746496972419899e+16,0.0,4.905579120934709,4.905579120934709,1.081348561866108e+17,5276029947503218.0,5276029947503218.0,9.894862360731684e-22,0.0,0.0,3935141672617638.0,7499558011538884.0,4001081100951632.0,3935141672617638.0,7499558011538884.0,4001081100951632.0,2.7687278336517548e+16,5.276029951357572e+16,2.746496972419899e+16
9.14572864321608e-07,ignition,-64.01318826589359,24.907694023111336,55.37921298896316,294914347748274.9,2.51066349699466,55.37179543870899,13560000.0,300.0,0.18457265146236332,44.287073140636465,49.520245905310944,1.1181647915195525,0.025426266179888763,0.3,73.21112923287997,0.007417550254170785,2000000.0,20.0,47.82218039187713,0.008054078777799168,114.3480468716619,5936.533873447974,-64.01318826589359,24.907694023111336,65.82198217916947,1.80879391327588,7.998073621642063,339.9191362489131,824666942008246.2,2.523587610852687,38.76025680709629,349.884925632549,7.997357323685075,1.6555335499797915e+21,0.12289789873845403,0.5,0.0004112340516451693,73.21112923287997,bohm,0.18,1.0,0.05555555555555556,0.0,0,0,0,0,118330149661617.7,2.480639902038955,16.618956181866867,339.9191362489131,7.998073621642063,1.7042233063410038e+21,0.1271945547886514,0.2,0.001076349525705211,47.58723400137198,bohm,0.4814,1.0,0.06231823847112588,0.0,0,0,0,0,1.766811587783837e+17,11.602972157833333,7.918989686539585,8.86264504086436,32.99038254908052,65.82198217916947,0.017334670888665422,1.766811587783837e+17,11.602972157833333,7.918989686539585,1.0,1.0,1.606088326992475e-11,0.9999999999839391,0,0,1.5543012109799922e+16,1.9425620527065844e+16,3959732555597618.0,4036856693929314.5,0.08797209740567738,4.9057910488437155,4.9057910488437155,1.5465887971468226e+16,111330984667035.08,39597325555340.21,-0.6601588821449291,150928310222374.62,1.0,5.301221638580616e-12,0.9999999999946988,0,0,1.5543012109799922e+16,1.9425620527065844e+16,3959732555597618.0,4036856693929314.5,0.0,4.9057910488437155,4.9057910488437155,1.5465887971468226e+16,37732114301164.93,37732114301164.93,1.0,7.394059543622432e-10,0.999999999260594,0,0,1.0866706705711648e+17,1.3667606484535546e+17,2.7861358971977564e+16,2.771372015571614e+16,0.0,4.905577828519481,4.905577828519481,1.0881470587337789e+17,5309198789016625.0,5309198789016625.0,1.0013880536794704e-21,0.0,0.0,3959732555597618.0,7546422860272991.0,4036856693929314.5,3959732555597618.0,7546422860272991.0,4036856693929314.5,2.7861358971977564e+16,5.3091987929422776e+16,2.771372015571614e+16
9.195979899497487e-07,ignition,-63.93291240148211,24.886490896229542,55.386120830200475,296407209105633.56,2.5041784233529722,55.378693498512064,13560000.0,300.0,0.18459564499504022,44.18144139273755,49.46423456610732,1.1195704125270605,0.02555413030196866,0.3,73.14916352810873,0.007427331688411348,2000000.0,20.0,47.76220889267523,0.008069507017748398,114.06142991537725,5917.751768468847,-63.93291240148211,24.886490896229542,65.73943799320014,1.806525591718027,7.998063043509455,339.91869219287383,828852084782756.5,2.5170220811569535,38.765085448958445,349.88429455913285,7.997342834378154,1.655533536566742e+21,0.1234651669771648,0.5,0.00040966056887152547,73.14916352810873,bohm,0.18,1.0,0.05555555555555556,0.0,0,0,0,0,118925583879925.92,2.4743404574593466,16.62103538124203,339.91869219287383,7.998063043509455,1.70422327868623e+21,0.1277700244922791,0.2,0.0010722875166309456,47.546956293270675,bohm,0.4814,1.0,0.06231823847112588,0.0,0,0,0,0,1.7734460567571206e+17,11.628776949842681,7.917141016314341,8.834678999644934,32.99013741120451,65.73943799320014,0.01727997168394411,1.7734460567571206e+17,11.628776949842681,7.917141016314342,1.0,0.9999999999999999,1.6252961148542476e-11,0.999999999983747,0,0,1.565039507303935e+16,1.954631945184967e+16,3984335960524892.0,4072747542239462.0,0.08824849796478881,4.9057909888890645,4.9057909888890645,1.556198349132478e+16,112022723059975.98,39843359604601.34,-0.6760434502499446,151866082664576.66,1.0,5.364620844971551e-12,0.9999999999946354,0,0,1.565039507303935e+16,1.954631945184967e+16,3984335960524892.0,4072747542239462.0,0.0,4.9057909888890645,4.9057909888890645,1.556198349132478e+16,37966557851171.3,37966557851171.3,1.0,7.48326875858106e-10,0.9999999992516732,0,0,1.0942263817100118e+17,1.3753042266381752e+17,2.8035526843859588e+16,2.796326919490284e+16,0.0,4.905576536149161,4.905576536149161,1.0949489581995794e+17,5342384209226026.0,5342384209226026.0,1.0133640332479696e-21,0.0,0.0,3984335960524892.0,7593311570274995.0,4072747542239462.0,3984335960524892.0,7593311570274995.0,4072747542239462.0,2.8035526843859588e+16,5.342384213223875e+16,2.796326919490284e+16
9.246231155778894e-07,ignition,-63.85323395208896,24.8654455635556,55.3930197545524,297898280274170.2,2.497765879839124,55.385582692137994,13560000.0,300.0,0.1846186089737933,44.07673124453428,49.408657572770544,1.1209691866362583,0.025681830172956274,0.3,73.08781294945825,0.0074370624144056005,2000000.0,20.0,47.70268370289095,0.00808486734130665,113.77730162290287,5899.146104556754,-63.85323395208896,24.8654455635556,65.65750810315568,1.80427415106672,7.998052465441572,339.9182481394314,833032236058701.6,2.510530088585749,38.7699078844966,349.88366349791187,7.997328345372976,1.655533523158405e+21,0.12403190497530063,0.5,0.0004081041203559714,73.08781294945825,bohm,0.18,1.0,0.05555555555555556,0.0,0,0,0,0,119520295012659.77,2.468111230385113,16.623111870055805,339.9182481394314,7.998052465441572,1.7042232510321561e+21,0.12834505426789242,0.2,0.0010682691921219765,47.507078417147866,bohm,0.4814,1.0,0.06231823847112588,0.0,0,0,0,0,1.7800695987137098e+17,11.654425701978976,7.915283211622141,8.80697500723623,32.98988841008142,65.65750810315568,0.017225785025333038,1.7800695987137098e+17,11.654425701978976,7.915283211622141,1.0,1.0,1.644622908507215e-11,0.9999999999835538,0,0,1.5757929441984446e+16,1.9667079659988264e+16,4008951858096718.5,4108753498189619.5,0.08852423216132241,4.905790928935067,4.905790928935067,1.5658127801891546e+16,112714812624002.38,40089518580307.87,-0.6922170329293603,152804331204309.56,1.0,5.428412854010149e-12,0.9999999999945716,0,0,1.5757929441984446e+16,1.9667079659988264e+16,4008951858096718.5,4108753498189619.5,0.0,4.905790928935067,4.905790928935067,1.5658127801891546e+16,38201120428283.164,38201120428283.164,1.0,7.573033981948603e-10,0.9999999992426966,0,0,1.1017925906217264e+17,1.3838520662528194e+17,2.8209781676368452e+16,2.8213615789627616e+16,0.0,4.905575243824318,4.905575243824318,1.1017542494891349e+17,5375586155546708.0,5375586155546708.0,1.0254142128096205e-21,0.0,0.0,4008951858096718.5,7640224085698107.0,4108753498189619.5,4008951858096718.5,7640224085698107.0,4108753498189619.5,2.8209781676368452e+16,5.375586159617658e+16,2.8213615789627616e+16
9.296482412060301e-07,ignition,-63.77414541213369,24.844556042653377,55.399909775200044,299387563483141.1,2.491424641006267,55.392463032260565,13560000.0,300.0,0.18464154344086856,43.97292977230924,49.35350936694198,1.1223611804465439,0.025809366027597078,0.3,73.02706806337848,0.007446742939483001,2000000.0,20.0,47.643599215348154,0.008100160352498208,113.49562730963613,5880.714279189294,-63.77414541213369,24.844556042653377,65.57618479137359,1.8020393792399088,7.99804188743837,339.917804088584,837207402108690.9,2.504110386017218,38.77472412258239,349.88303244887237,7.997313856669206,1.6555335097547754e+21,0.12459812465249501,0.5,0.00040656442364133435,73.02706806337848,bohm,0.18,1.0,0.05555555555555556,0.0,0,0,0,0,120114283941291.16,2.4619510450387736,16.625185652617652,339.917804088584,7.99804188743837,1.704223223378782e+21,0.12891965464032612,0.2,0.0010642938343924649,47.46759424119601,bohm,0.4814,1.0,0.06231823847112588,0.0,0,0,0,0,1.7866822611477184e+17,11.679919901857147,7.91341656363181,8.779529207958207,32.98963553112934,65.57618479137359,0.01717210337143505,1.7866822611477184e+17,11.679919901857147,7.91341656363181,1.0,1.0,1.6640687681957766e-11,0.9999999999833593,0,0,1.5865615036423096e+16,1.978790108278452e+16,4033580234310177.0,4144874422258928.5,0.08879930909613126,4.905790868981846,4.905790868981846,1.5754320848474344e+16,113407252965371.16,40335802342430.555,-0.7086832132275427,153743055307801.0,1.0,5.4925978645438965e-12,0.9999999999945074,0,0,1.5865615036423096e+16,1.978790108278452e+16,4033580234310177.0,4144874422258928.5,0.0,4.905790868981846,4.905790868981846,1.5754320848474344e+16,38435801899058.836,38435801899058.836,1.0,7.663355489289346e-10,0.9999999992336644,0,0,1.1093692853579008e+17,1.392404163074721e+17,2.8384123383474268e+16,2.846475899526651e+16,0.0,4.905573951547163,4.905573951547163,1.1085629292399782e+17,5408804611559971.0,5408804611559971.0,1.037538629931034e-21,0.0,0.0,4033580234310177.0,7687160379853990.0,4144874422258928.5,4033580234310177.0,7687160379853990.0,4144874422258928.5,2.8384123383474268e+16,5.40880461570493e+16,2.846475899526651e+16
9.346733668341708e-07,ignition,-63.69563942010872,24.823820389140455,55.40679090392527,300875060698420.4,2.485153529378134,55.399334530165284,13560000.0,300.0,0.18466444843388427,43.870024324031604,49.298784501988635,1.1237464592647424,0.025936738074904753,0.3,72.96691985306268,0.007456373759988909,2000000.0,20.0,47.584949930502866,0.008115386643759352,113.21637299442322,5862.453745303923,-63.69563942010872,24.823820389140455,65.49546048833527,1.7998210682265499,7.998031309499802,339.9173600403295,841377588367037.5,2.497761777811497,38.7795341711157,349.88240141200083,7.997299368266505,1.6555334963558471e+21,0.12516383774048367,0.5,0.000405041204637588,72.96691985306268,bohm,0.18,1.0,0.05555555555555556,0.0,0,0,0,0,120707551475548.05,2.4558587654888333,16.627256732809574,339.9173600403295,7.998031309499802,1.704223195726107e+21,0.1294938359549257,0.2,0.0010603607447115066,47.42849790449074,bohm,0.4814,1.0,0.06231823847112588,0.0,0,0,0,0,1.7932840948556627e+17,11.70526101261376,7.9115413565022115,8.752337827838831,32.98937876027322,65.49546048833527,0.017118919340667272,1.7932840948556627e+17,11.70526101261376,7.911541356502211,1.0,1.0,1.683633754178784e-11,0.9999999999831637,0,0,1.5973451669245944e+16,1.9908783641450104e+16,4058221073105345.5,4181110174006531.0,0.08907373748012642,4.905790809029516,4.905790809029516,1.5850562568344758e+16,114100043632504.52,40582210730370.2,-0.7254455983614759,154682254362874.0,1.0,5.557176075464694e-12,0.9999999999944428,0,0,1.5973451669245944e+16,1.9908783641450104e+16,4058221073105345.5,4181110174006531.0,0.0,4.905790809029516,4.905790809029516,1.5850562568344758e+16,38670602110455.43,38670602110455.43,1.0,7.754233556563602e-10,0.9999999992245766,0,0,1.1169564531048109e+17,1.400960511646396e+17,2.8558551853978692e+16,2.871669785379888e+16,0.0,4.905572659319623,4.905572659319623,1.1153749931066091e+17,5442039556050467.0,5442039556050467.0,1.0497373221874862e-21,0.0,0.0,4058221073105345.5,7734120422134066.0,4181110174006531.0,4058221073105345.5,7734120422134066.0,4181110174006531.0,2.8558551853978692e+16,5.442039560270352e+16,2.871669785379888e+16
9.396984924623115e-07,ignition,-63.61770875301617,24.803236695218747,55.413663151434925,302360773683684.25,2.4789514092794436,55.40619719607271,13560000.0,300.0,0.18468732398690904,43.76800250758641,49.24447763773657,1.1251250871958554,0.02606394650415474,0.3,72.90735965591537,0.007465955362214253,2000000.0,20.0,47.52673045228723,0.008130546796814112,112.93950537421833,5844.362009168552,-63.61770875301617,24.803236695218747,65.41532776694558,1.79761901392941,7.998020731625812,339.91691599466617,845542799625605.2,2.491483112828028,38.7843380372509,349.88177038728344,7.997284880164523,1.6555334829616134e+21,0.12572905577273483,0.5,0.00040353419687959893,72.90735965591537,bohm,0.18,1.0,0.05555555555555556,0.0,0,0,0,0,121300098369710.56,2.4498332913637366,16.629325114184027,339.91691599466617,7.998020731625812,1.7042231680741299e+21,0.13006760837220474,0.2,0.0010564692420995225,47.38978377634499,bohm,0.4814,1.0,0.06231823847112588,0.0,0,0,0,0,1.7998751530433802e+17,11.730450474339222,7.9096578675868585,8.725397171542117,32.98911808393574,65.41532776694558,0.017066225705252593,1.7998751530433802e+17,11.730450474339222,7.9096578675868585,1.0,1.0,1.703317926708445e-11,0.9999999999829668,0,0,1.6081439148094144e+16,2.002972724946242e+16,4082874356845753.5,4217460612323231.0,0.0893475256931143,4.90579074907818,4.90579074907818,1.5946852892616666e+16,114793184129498.12,40828743567762.09,-0.7425078197397935,155621927697259.47,1.0,5.622147685639821e-12,0.9999999999943778,0,0,1.6081439148094144e+16,2.002972724946242e+16,4082874356845753.5,4217460612323231.0,0.0,4.90579074907818,4.90579074907818,1.5946852892616666e+16,38905520894407.07,38905520894407.07,1.0,7.845668459952875e-10,0.9999999992154331,0,0,1.124554080389768e+17,1.4095211055675171e+17,2.873306695746449e+16,2.8969431397154068e+16,0.0,4.905571367143393,4.905571367143393,1.1221904359928723e+17,5475290964140093.0,5475290964140093.0,1.0620103271498258e-21,0.0,0.0,4082874356845753.5,7781104178925161.0,4217460612323231.0,4082874356845753.5,7781104178925161.0,4217460612323231.0,2.873306695746449e+16,5.475290968435825e+16,2.8969431397154068e+16
9.447236180904523e-07,ignition,-63.540328189950074,24.78279829933346,55.42052653288724,303844808437414.56,2.4728112045462236,55.41305103966814,13560000.0,300.0,0.18471017013222712,43.66685217639548,49.19058353376433,1.1264971272730018,0.026190991494701207,0.3,72.84837907571557,0.007475493219102617,2000000.0,20.0,47.46892193897899,0.008145646429693863,112.66492750244403,5826.431355618679,-63.54032818995007,24.78279829933346,65.33576069364196,1.7954325036918877,7.99801015381636,339.91647195159203,849703040355030.1,2.4852732748424087,38.78913572776769,349.8811393747068,7.9972703923629265,1.6555334695720685e+21,0.12629379005291483,0.5,0.00040204314055508123,72.84837907571557,bohm,0.18,1.0,0.05555555555555556,0.0,0,0,0,0,121892064464876.05,2.4438537301164915,16.631390805119544,339.91647195159203,7.99801015381636,1.7042231404228507e+21,0.13064067800300314,0.2,0.0010526137921635008,47.35144639921512,bohm,0.4814,1.0,0.06231823847112588,0.0,0,0,0,0,1.8064502256964758e+17,11.755497323416673,7.9077662648492435,8.698696186730041,32.98885341446347,65.33576069364196,0.01701400084766624,1.8064502256964758e+17,11.755497323416673,7.9077662648492435,1.0,1.0,1.7231213549617076e-11,0.9999999999827688,0,0,1.6189578444906924e+16,2.0150740635852756e+16,4107541864860013.0,4253921538774193.0,0.08962094949870562,4.905790689132636,4.905790689132636,1.6043198770992744e+16,115486724483968.44,41075418647892.35,-0.7598735408745894,156562143131860.03,1.0,5.687512923418332e-12,0.9999999999943124,0,0,1.6189578444906924e+16,2.0150740635852756e+16,4107541864860013.0,4253921538774193.0,0.0,4.905790689132636,4.905790689132636,1.6043198770992744e+16,39140575206140.97,39140575206140.97,1.0,7.937660475948182e-10,0.999999999206234,0,0,1.132162153293472e+17,1.4180859378127757e+17,2.890766855077471e+16,2.9222958649619036e+16,0.0,4.905570075020012,4.905570075020012,1.1290092523050285e+17,5508558808522838.0,5508558808522838.0,1.0743576879530248e-21,0.0,0.0,4107541864860013.0,7828115041272717.0,4253921538774193.0,4107541864860013.0,7828115041272717.0,4253921538774193.0,2.890766855077471e+16,5.508558812895345e+16,2.9222958649619036e+16
9.497487437185929e-07,ignition,-63.46347563020529,24.76249936406312,55.427381062686365,305327256152110.2,2.4667268302498053,55.41989607065671,13560000.0,300.0,0.18473298690218903,43.566561415207644,49.137097042730254,1.1278626415895683,0.02631787322626683,0.3,72.78996987746373,0.00748499202964926,2000000.0,20.0,47.41150787985689,0.00816069038394189,112.3925539720866,5808.655021876498,-63.463475630205295,24.76249936406312,65.2567365432289,1.793260913023593,7.997999576071394,339.91602791110506,853858315041517.5,2.479131171222623,38.7939272494597,349.88050837425715,7.997255904861369,1.6555334561872056e+21,0.1268580516401874,0.5,0.00040056778140118714,72.78996987746373,bohm,0.18,1.0,0.05555555555555556,0.0,0,0,0,0,122483569855641.11,2.4379024208623967,16.633453813226662,339.91602791110506,7.997999576071394,1.7042231127722689e+21,0.13121279702372635,0.2,0.0010487896903396286,47.313480420351425,bohm,0.4814,1.0,0.06231823847112588,0.0,0,0,0,0,1.813004814979733e+17,11.780409370787654,7.905866707058342,8.672225168127033,32.98858467058276,65.2567365432289,0.01696222578513576,1.813004814979733e+17,11.780409370787654,7.905866707058341,1.0,1.0,1.7430441067653824e-11,0.9999999999825696,0,0,1.6297870366287448e+16,2.0271831278002324e+16,4132225121340021.5,4290489330965167.0,0.08989424755868415,4.905790629197003,4.905790629197003,1.6139606156662302e+16,116180707550100.7,41322251212679.95,-0.7775464487081807,157502958762779.88,1.0,5.753272012688537e-12,0.9999999999942467,0,0,1.6297870366287448e+16,2.0271831278002324e+16,4132225121340021.5,4290489330965167.0,0.0,4.905790629197003,4.905790629197003,1.6139606156662302e+16,39375779569684.76,39375779569684.76,1.0,8.030209880621027e-10,0.999999999196979,0,0,1.139780657948866e+17,1.4266550014175107e+17,2.908235649198859e+16,2.9477278637112708e+16,0.0,4.905568782950982,4.905568782950982,1.1358314364976248e+17,5541843062128315.0,5541843062128315.0,1.0867794468901978e-21,0.0,0.0,4132225121340021.5,7875155913982261.0,4290489330965167.0,4132225121340021.5,7875155913982261.0,4290489330965167.0,2.908235649198859e+16,5.5418430665785304e+16,2.9477278637112708e+16
9.547738693467337e-07,ignition,-63.38713731579603,24.742336255534443,55.43422675400889,306808162421073.4,2.460695110639593,55.42673229985308,13560000.0,300.0,0.1847557743328436,43.46711851867338,49.08401309979142,1.129221691534603,0.02644459189913904,0.3,72.73212379767796,0.007494454155810447,2000000.0,20.0,47.35447799677518,0.008175681190809159,112.12232931735323,5791.028742603247,-63.38713731579603,24.742336255534443,65.1782411689669,1.791103853170869,7.997988998390845,339.9155838732035,858008628848372.1,2.4730557128282804,38.79871260989715,349.8798773859211,7.997241417659514,1.6555334428070188e+21,0.12742185130800363,0.5,0.0003991078688310335,72.73212379767796,bohm,0.18,1.0,0.05555555555555556,0.0,0,0,0,0,123074673611973.78,2.431971347457434,16.635514144111735,339.9155838732035,7.997988998390845,1.7042230851223783e+21,0.13178383453295925,0.2,0.0010449946058874921,47.275880468490676,bohm,0.4814,1.0,0.06231823847112588,0.0,0,0,0,0,1.819536961919675e+17,11.805190922546263,7.903959368473974,8.64597792277688,32.98831180148687,65.1782411689669,0.016910888404722404,1.819536961919675e+17,11.805190922546263,7.903959368473974,1.0,1.0,1.7630862559682152e-11,0.9999999999823691,0,0,1.6406314024395552e+16,2.0393001748241084e+16,4156924650630646.0,4327161577415760.5,0.0901675226596459,4.905790569272711,4.905790569272711,1.6236077097610438e+16,116875148070346.64,41569246505573.555,-0.7955302602395772,158444394575919.4,1.0,5.819425197201409e-12,0.9999999999941805,0,0,1.6406314024395552e+16,2.0393001748241084e+16,4156924650630646.0,4327161577415760.5,0.0,4.905790569272711,4.905790569272711,1.6236077097610438e+16,39611138981515.22,39611138981515.22,1.0,8.123316948767475e-10,0.9999999991876684,0,0,1.1474095813634136e+17,1.4352282906049408e+17,2.9257130663399024e+16,2.9732390402645324e+16,0.0,4.9055674909379485,4.9055674909379485,1.1426569839709506e+17,5575143702500834.0,5575143702500834.0,1.0992756500101447e-21,0.0,0.0,4156924650630646.0,7922227796349146.0,4327161577415760.5,4156924650630646.0,7922227796349146.0,4327161577415760.5,2.9257130663399024e+16,5.5751437070297e+16,2.9732390402645324e+16
9.597989949748744e-07,ignition,-63.31130264571025,24.722306173720234,55.441063619941175,308287556131746.5,2.4547140445824,55.4335597388948,13560000.0,300.0,0.18477853246298268,43.3685119905648,49.03132672298344,1.1305743377511,0.026571147728858248,0.3,72.67483259337875,0.007503881046377073,2000000.0,20.0,47.29782437006099,0.008190620499071447,111.85420950705675,5773.549221551954,-63.31130264571024,24.722306173720234,65.10026367029559,1.7889610245853484,7.997978420774617,339.9151398378853,862153987442301.5,2.467045819054539,38.80349181722636,349.8792464096848,7.997226930757016,1.6555334294315016e+21,0.12798519956158128,0.5,0.0003976631563015252,72.67483259337875,bohm,0.18,1.0,0.05555555555555556,0.0,0,0,0,0,123665412361561.47,2.42605637242664,16.637571802714817,339.9151398378853,7.997978420774617,1.704223057473169e+21,0.13235369445663994,0.2,0.0010412271578579097,47.23864118569619,bohm,0.4814,1.0,0.06231823847112588,0.0,0,0,0,0,1.82604575979775e+17,11.829844949445079,7.902044419373945,8.619949617410962,32.98803476773165,65.10026367029559,0.016859979252934292,1.82604575979775e+17,11.829844949445079,7.902044419373945,1.0,1.0,1.7832478833292017e-11,0.9999999999821675,0,0,1.651490734939661e+16,2.051425232530705e+16,4181640509550349.5,4363936043190258.5,0.09044081869682047,4.905790509359911,4.905790509359911,1.6332611815756698e+16,117570047642166.75,41816405094757.805,-0.813828723686982,159386452736923.75,1.0,5.88597274350986e-12,0.999999999994114,0,0,1.651490734939661e+16,2.051425232530705e+16,4181640509550349.5,4363936043190258.5,0.0,4.905790509359911,4.905790509359911,1.6332611815756698e+16,39846653983045.47,39846653983045.47,1.0,8.216981954191913e-10,0.9999999991783018,0,0,1.155048911187039e+17,1.443805800467687e+17,2.9431990965020692e+16,2.9988293001976584e+16,0.0,4.905566198982665,4.905566198982665,1.1494858908174802e+17,5608460710562201.0,5608460710562201.0,1.1118463476709642e-21,0.0,0.0,4181640509550349.5,7969330796656002.0,4363936043190258.5,4181640509550349.5,7969330796656002.0,4363936043190258.5,2.9431990965020692e+16,5.608460715170662e+16,2.9988293001976584e+16
9.64824120603015e-07,ignition,-63.23595765212603,24.702405429323573,55.44789167381646,309765487134646.06,2.448780423207046,55.44037839864882,13560000.0,300.0,0.1848012613288294,43.2707305616336,48.97903302355962,1.1319206398374828,0.02669754091668173,0.3,72.61808831106937,0.007513275167644029,2000000.0,20.0,47.24153656480682,0.008205510968150745,111.58813885019902,5756.212190567112,-63.23595765212604,24.702405429323573,65.02278968471016,1.7868320325841247,7.997967843222624,339.91469580514865,866294396026044.0,2.4611004458497563,38.80826487905417,349.878615445535,7.9972124441535435,1.6555334160606487e+21,0.12854810671269767,0.5,0.000396233403709397,72.61808831106937,bohm,0.18,1.0,0.05555555555555556,0.0,0,0,0,0,124255850837513.48,2.420149265526186,16.639626794762286,339.91469580514865,7.997967843222624,1.704223029824632e+21,0.1329222280049952,0.2,0.0010374849860149053,47.20175740219509,bohm,0.4814,1.0,0.06231823847112588,0.0,0,0,0,0,1.8325291271909392e+17,11.854375913771257,7.900122001673958,8.594134057444,32.98775351279052,65.02278968471016,0.016809486213644927,1.8325291271909392e+17,11.854375913771257,7.900122001673958,1.0,1.0,1.8035290667843488e-11,0.9999999999819648,0,0,1.6623648959008742e+16,2.0635585465304212e+16,4206373198752486.5,4400809891209504.5,0.09071424138557035,4.905790449459942,4.905790449459942,1.6429212266551726e+16,118265420341898.92,42063731986766.234,-0.832445609905307,160329152328664.3,1.0,5.952914908859614e-12,0.9999999999940471,0,0,1.6623648959008742e+16,2.0635585465304212e+16,4206373198752486.5,4400809891209504.5,0.0,4.905790449459942,4.905790449459942,1.6429212266551726e+16,40082329344995.15,40082329344995.15,1.0,8.311205171010724e-10,0.9999999991688795,0,0,1.1626986344936226e+17,1.452387525298703e+17,2.9606937280567824e+16,3.0244985480627596e+16,0.0,4.905564907086695,4.905564907086695,1.1563181524930248e+17,5641794064127672.0,5641794064127672.0,1.1244915884698095e-21,0.0,0.0,4206373198752486.5,8016465869046751.0,4400809891209504.5,4206373198752486.5,8016465869046751.0,4400809891209504.5,2.9606937280567824e+16,5.641794068816683e+16,3.0244985480627596e+16
9.698492462311556e-07,ignition,-63.16110679905025,24.68263520141495,55.45471092431839,311241897775953.0,2.4428972920367937,55.447188290534676,13560000.0,300.0,0.1848239609684489,43.17376316526564,48.927127193770886,1.1332606566280043,0.02682377167410973,0.3,72.56188305641909,0.007522633783711799,2000000.0,20.0,47.185617915927665,0.008220350040788953,111.3241269053957,5739.018757613447,-63.16110679905025,24.68263520141495,64.94582380235502,1.7847170033047735,7.997957265734757,339.9142517749916,870429860141690.8,2.455218561373094,38.81303180337427,349.877984493458,7.997197957848752,1.6555334026944536e+21,0.12911058282707524,0.5,0.0003948183751509499,72.56188305641909,bohm,0.18,1.0,0.05555555555555556,0.0,0,0,0,0,124845910320707.06,2.414262524806228,16.641679120944115,339.9142517749916,7.997957265734757,1.7042230021767535e+21,0.13348958005378922,0.2,0.001033770784704343,47.16522398667241,bohm,0.4814,1.0,0.06231823847112588,0.0,0,0,0,0,1.8389906853008042e+17,11.87878045606131,7.898192361913332,8.56853261768091,32.987468061905986,64.94582380235502,0.01675941197589083,1.8389906853008042e+17,11.87878045606131,7.898192361913333,1.0,1.0,1.8239298823034527e-11,0.9999999999817607,0,0,1.6732535133911528e+16,2.0756993535542452e+16,4231121162387706.5,4437783923144489.0,0.09098760133836449,4.905790389568723,4.905790389568723,1.6525872373154746e+16,118961222425188.36,42311211623105.336,-0.8513847130896256,161272434048292.84,1.0,6.02025194399535e-12,0.9999999999939797,0,0,1.6732535133911528e+16,2.0756993535542452e+16,4231121162387706.5,4437783923144489.0,0.0,4.905790389568723,4.905790389568723,1.6525872373154746e+16,40318150241653.93,40318150241653.93,1.0,8.405986872506452e-10,0.9999999991594013,0,0,1.1703587388047827e+17,1.4609734599988314e+17,2.978196950614579e+16,3.050246689288673e+16,0.0,4.905563615251657,4.905563615251657,1.1631537649373734e+17,5675143743374057.0,5675143743374057.0,1.137211419778217e-21,0.0,0.0,4231121162387706.5,8063630048379332.0,4437783923144489.0,4231121162387706.5,8063630048379332.0,4437783923144489.0,2.978196950614579e+16,5.675143748144574e+16,3.050246689288673e+16
9.748743718592964e-07,ignition,-63.08674497673434,24.662994140365218,55.461521502200966,312716804770480.8,2.43706351758707,55.4539895453724,13560000.0,300.0,0.184846631817908,43.077597258285984,48.87560360753363,1.1345944694752537,0.026949842425742613,0.3,72.5061952617464,0.007531956828572233,2000000.0,20.0,47.1300646060958,0.008235137858507047,111.06214948873821,5721.967262688831,-63.08674497673434,24.662994140365218,64.86936076909761,1.7826157923632653,7.997946688310902,339.91380774741225,874560457848780.5,2.4493977129279094,38.81779268176068,349.87735355344046,7.997183471842318,1.6555333893329118e+21,0.1296726158258924,0.5,0.0003934177075202977,72.5061952617464,bohm,0.18,1.0,0.05555555555555556,0.0,0,0,0,0,125435587077714.23,2.4083980758896315,16.64372882044029,339.91380774741225,7.997946688310902,1.7042229745295187e+21,0.1340557319270331,0.2,0.0010300846617815704,47.12902692013516,bohm,0.4814,1.0,0.06231823847112588,0.0,0,0,0,0,1.845431226895337e+17,11.903059276105246,7.896255682330513,8.54314277426175,32.987178399440666,64.86936076909761,0.016709751603210327,1.845431226895337e+17,11.903059276105246,7.896255682330513,1.0,1.0,1.8444504121825576e-11,0.9999999999815555,0,0,1.6841562715986222e+16,2.0878473598130776e+16,4255883801595896.0,4474856721047236.0,0.09126085258847409,4.905790329684669,4.905790329684669,1.662258979653488e+16,119657437054415.61,42558838015173.984,-0.8706498585473575,162216275069588.72,1.0,6.08798412054528e-12,0.999999999993912,0,0,1.6841562715986222e+16,2.0878473598130776e+16,4255883801595896.0,4474856721047236.0,0.0,4.905790329684669,4.905790329684669,1.662258979653488e+16,40554110966468.555,40554110966468.555,1.0,8.501327334572679e-10,0.9999999991498673,0,0,1.1780292181307954e+17,1.4695636463836717e+17,2.9957088494172184e+16,3.0760734163056716e+16,0.0,4.905562323486673,4.905562323486673,1.1699927614419498e+17,5708509910732073.0,5708509910732073.0,1.1500058929124348e-21,0.0,0.0,4255883801595896.0,8110822193343090.0,4474856721047236.0,4255883801595896.0,8110822193343090.0,4474856721047236.0,2.9957088494172184e+16,5.708509915585063e+16,3.0760734163056716e+16
9.79899497487437e-07,ignition,-63.012869603469696,24.643481564272093,55.46832520654566,314190463555185.5,2.431264513688286,55.460783962853306,13560000.0,300.0,0.18486927987617768,42.982197195630256,48.8244442151225,1.1359224842066982,0.027075786528891158,0.3,72.4508114591021,0.007541243692359682,2000000.0,20.0,47.07487470660034,0.00824987394202458,110.80219143210601,5705.056722446047,-63.012869603469696,24.643481564272093,64.79339793027904,1.7805283268093386,7.997936110950996,339.91336372240914,878687280858294.8,2.4436154599101405,38.82254877399731,349.8767226254717,7.997168986133995,1.6555333759760233e+21,0.13023388725331775,0.5,0.0003920292124755498,72.4508114591021,bohm,0.18,1.0,0.05555555555555556,0.0,0,0,0,0,126024857787482.4,2.402559543514838,16.64577643254835,339.91336372240914,7.997936110950996,1.7042229468829214e+21,0.13462073325725793,0.2,0.0010264271710451283,47.093027448416365,bohm,0.4814,1.0,0.06231823847112588,0.0,0,0,0,0,1.8518519297776486e+17,11.927212116569923,7.894312178204867,8.517962977518238,32.98688452134528,64.79339793027904,0.016660502064587784,1.8518519297776486e+17,11.927212116569923,7.894312178204867,1.0,1.0,1.8650907177315407e-11,0.9999999999813491,0,0,1.6950730105261488e+16,2.100002298042752e+16,4280660571585332.0,4512028268004629.0,0.09153393871667027,4.905790269806469,4.905790269806469,1.6719362408842188e+16,120354048912162.3,42806605715054.945,-0.8902448770052054,163160654627216.34,1.0,6.1561116408737695e-12,0.9999999999938439,0,0,1.6950730105261488e+16,2.100002298042752e+16,4280660571585332.0,4512028268004629.0,0.0,4.905790269806469,4.905790269806469,1.6719362408842188e+16,40790206328106.516,40790206328106.516,1.0,8.597226877187403e-10,0.9999999991402773,0,0,1.1857101538685104e+17,1.4781587791461664e+17,3.0132308405342692e+16,3.101975428291978e+16,0.0,4.905561031905798,4.905561031905798,1.1768356950927395e+17,5741895264922420.0,5741895264922420.0,1.1628750461026287e-21,0.0,0.0,4280660571585332.0,8158041265671526.0,4512028268004629.0,4280660571585332.0,8158041265671526.0,4512028268004629.0,3.0132308405342692e+16,5.741895269858857e+16,3.101975428291978e+16
9.849246231155778e-07,ignition,-62.93948377773171,24.624098291530586,55.47512295234678,315662961523986.3,2.4254955133838805,55.467572460320945,13560000.0,300.0,0.18489190820106982,42.887540478289466,48.77363795252994,1.137244929613535,0.027201620986494666,0.3,72.3956226480521,0.007550492025837624,2000000.0,20.0,47.020050532211904,0.008264556117357439,110.54425760258806,5688.287841946421,-62.93948377773171,24.624098291530586,64.71793847192703,1.778454694195318,7.997925533654925,339.9129196999806,882810885320795.1,2.4378603429837282,38.827300722224656,349.87609170953976,7.9971545007235,1.6555333626237863e+21,0.1307942433413071,0.5,0.0003906517189784602,72.3956226480521,bohm,0.18,1.0,0.05555555555555556,0.0,0,0,0,0,126613653591716.75,2.3967576802033665,16.64782223012212,339.9129196999806,7.997925533654925,1.7042229192369465e+21,0.13518470438636865,0.2,0.0010228005700246051,47.057154721233864,bohm,0.4814,1.0,0.06231823847112588,0.0,0,0,0,0,1.8582561014971862e+17,11.951236224613474,7.8923620903355935,8.492994042618768,32.98658645320951,64.71793847192703,0.016611664954452172,1.8582561014971862e+17,11.951236224613474,7.8923620903355935,1.0,1.0,1.885850873663365e-11,0.9999999999811415,0,0,1.7060033570130326e+16,2.112163459044865e+16,4305450026724338.5,4549299033130356.0,0.09180668669073738,4.905790209930355,4.905790209930355,1.681618456372431e+16,121051017352958.14,43054500266431.445,-0.910173636740342,164105517619388.7,1.0,6.224634751577583e-12,0.9999999999937753,0,0,1.7060033570130326e+16,2.112163459044865e+16,4305450026724338.5,4549299033130356.0,0.0,4.905790209930355,4.905790209930355,1.681618456372431e+16,41026422551122.77,41026422551122.77,1.0,8.693685796177745e-10,0.9999999991306314,0,0,1.1934015815561376e+17,1.4867592083130637e+17,3.0307636374663296e+16,3.1279510073633984e+16,0.0,4.905559740567466,4.905559740567466,1.1836828445664307e+17,5775301165710784.0,5775301165710784.0,1.1758189259366758e-21,0.0,0.0,4305450026724338.5,8205284510275631.0,4549299033130356.0,4305450026724338.5,8205284510275631.0,4549299033130356.0,3.0307636374663296e+16,5.775301170731649e+16,3.1279510073633984e+16
9.899497487437185e-07,ignition,-62.86658089482703,24.60484257765433,55.48191525162959,317134382708791.3,2.4197524264738743,55.47435554920582,13560000.0,300.0,0.18491451849735271,42.79361073183202,48.723176999985945,1.1385619527483157,0.027327355277868445,0.3,72.34057883051986,0.007559702423777348,2000000.0,20.0,46.96558714877794,0.00827918509275167,110.28831881147279,5671.658458800677,-62.866580894827024,24.60484257765433,64.64297560272217,1.7763947078951432,7.997914956422659,339.91247568012557,886931581006386.8,2.432127091535597,38.83204888444407,349.8754608056375,7.997140015610342,1.6555333492761328e+21,0.13135357559698158,0.5,0.0003892846158940729,72.34057883051986,bohm,0.18,1.0,0.05555555555555556,0.0,0,0,0,0,127201983276259.5,2.3909911316027053,16.64986636718552,339.91247568012557,7.997914956422659,1.7042228915915918e+21,0.13574763494191272,0.2,0.0010192042110506035,47.02137623983791,bohm,0.4814,1.0,0.06231823847112588,0.0,0,0,0,0,1.8646435698905014e+17,11.975133118049431,7.890405609546219,8.468232770567228,32.98628417472638,64.64297560272217,0.016563234015824966,1.8646435698905014e+17,11.975133118049431,7.890405609546219,1.0,1.0,1.906730934921233e-11,0.9999999999809327,0,0,1.7169472444038912e+16,2.124330837163803e+16,4330252155484790.0,4586668383370459.0,0.09207911217609897,4.9057901500564585,4.9057901500564585,1.6913056216153242e+16,121748342052644.58,43302521554022.234,-0.9304400119575649,165050863606665.88,1.0,6.293553634011618e-12,0.9999999999937065,0,0,1.7169472444038912e+16,2.124330837163803e+16,4330252155484790.0,4586668383370459.0,0.0,4.9057901500564585,4.9057901500564585,1.6913056216153242e+16,41262759525658.625,41262759525658.625,1.0,8.790704461410821e-10,0.9999999991209295,0,0,1.2011033713496392e+17,1.4953649988194234e+17,3.0483073725835196e+16,3.1539984704691948e+16,0.0,4.905558449481631,4.905558449481631,1.1905342615610714e+17,5808727865337396.0,5808727865337396.0,1.188837566675444e-21,0.0,0.0,4330252155484790.0,8252551905183662.0,4586668383370459.0,4330252155484790.0,8252551905183662.0,4586668383370459.0,3.0483073725835196e+16,5.808727870443677e+16,3.1539984704691948e+16
9.949748743718592e-07,ignition,-62.794159162895696,24.585713949362415,55.488702969161956,318604836281059.94,2.4140295633258355,55.48113409512726,13560000.0,300.0,0.1849371136504242,42.70038708339656,48.67305108258332,1.139873767128194,0.027453005447274532,0.3,72.28558328350277,0.007568874034704136,2000000.0,20.0,46.91148321765791,0.008293760159212538,110.03436288402999,5655.167836977831,-62.7941591628957,24.585713949362415,64.56850748017268,1.7743483172769763,7.997904379254109,339.9120316628426,891049892980815.1,2.4264056070519535,38.836793866589076,349.87482991375475,7.997125530794171,1.655533335933038e+21,0.13191173184920832,0.5,0.00038792686554245767,72.28558328350277,bohm,0.18,1.0,0.05555555555555556,0.0,0,0,0,0,127789817381141.58,2.385264432520477,16.65190910257288,339.9120316628426,7.997904379254109,1.7042228639468463e+21,0.13630957745265262,0.2,0.0010156388603356342,46.985629134276806,bohm,0.4814,1.0,0.06231823847112588,0.0,0,0,0,0,1.8710159001471827e+17,11.998902220186704,7.88844294859729,8.443677962924687,32.985977690142064,64.56850748017268,0.016515206904668542,1.8710159001471827e+17,11.998902220186704,7.888442948597291,1.0,1.0,1.9277309674045578e-11,0.9999999999807226,0,0,1.7279044492880736e+16,2.136504075165134e+16,4355066229679334.5,4624136200588067.0,0.09235113657517013,4.9057900901829585,4.9057900901829585,1.7009974521972006e+16,122446002537443.38,43550662295953.81,-0.9510479120914712,165996664833396.25,1.0,6.362868505687423e-12,0.9999999999936371,0,0,1.7279044492880736e+16,2.136504075165134e+16,4355066229679334.5,4624136200588067.0,0.0,4.9057900901829585,4.9057900901829585,1.7009974521972006e+16,41499210312802.62,41499210312802.62,1.0,8.888283196892402e-10,0.9999999991111717,0,0,1.2088155062277131e+17,1.5039764369259373e+17,3.0658626294059948e+16,3.180115951829747e+16,0.0,4.90555715869543,4.90555715869543,1.1973901739853378e+17,5842176475848698.0,5842176475848698.0,1.2019310094112226e-21,0.0,0.0,4355066229679334.5,8299842062613336.0,4624136200588067.0,4355066229679334.5,8299842062613336.0,4624136200588067.0,3.0658626294059948e+16,5.8421764810413896e+16,3.180115951829747e+16
1e-06,ignition,-62.722215231823135,24.566711521794797,55.49548660535368,320074385631984.4,2.4083241689741204,55.487908598829115,13560000.0,300.0,0.18495969532943038,42.60785410479142,48.62325281343189,1.1411805131947261,0.027578580775980546,0.3,72.23058858315066,0.007578006524567824,2000000.0,20.0,46.857736236089636,0.008308281099476192,109.78237225854738,5638.8147714714205,-62.722215231823135,24.566711521794797,64.49453065950117,1.7723154276780286,7.997893802149233,339.91158764813065,895166124806570.9,2.420690952292771,38.84153601918038,349.87419903388417,7.997111046274509,1.655533322594439e+21,0.13246860988897743,0.5,0.0003865778995274821,72.23058858315066,bohm,0.18,1.0,0.05555555555555556,0.0,0,0,0,0,128377139240455.55,2.3795798884758503,16.653950586173302,339.91158764813065,7.997893802149233,1.7042228363027059e+21,0.13687056819780924,0.2,0.0010121047570865976,46.94988257904793,bohm,0.4814,1.0,0.06231823847112588,0.0,0,0,0,0,1.8773740089415267e+17,12.02254367714685,7.886474313576441,8.419327770605364,32.985666996779784,64.49453065950117,0.01646758000432817,1.8773740089415267e+17,12.02254367714685,7.886474313576441,1.0,1.0,1.9488510282948445e-11,0.9999999999805115,0,0,1.7388748359009698e+16,2.1486829641833416e+16,4379891823556205.5,4661702364288690.0,0.09262271809554648,4.90579003030888,4.90579003030888,1.710693781827721e+16,123143986836869.98,43798918234708.48,-0.9720012628062213,166942905071577.5,1.0,6.432579555347255e-12,0.9999999999935674,0,0,1.7388748359009698e+16,2.1486829641833416e+16,4379891823556205.5,4661702364288690.0,0.0,4.90579003030888,4.90579003030888,1.710693781827721e+16,41735770855555.54,41735770855555.54,1.0,8.986422363970513e-10,0.9999999991013577,0,0,1.2165378645349565e+17,1.5125935912098086e+17,3.08342954772791e+16,3.2063018287072996e+16,0.0,4.905555868219513,4.905555868219513,1.2042506364370176e+17,5875647263634251.0,5875647263634251.0,1.2150992898015903e-21,0.0,0.0,4379891823556205.5,8347154171164802.0,4661702364288690.0,4379891823556205.5,8347154171164802.0,4661702364288690.0,3.08342954772791e+16,5.875647268914356e+16,3.2063018287072996e+16
