time_s,step_id,self_bias_V,plasma_potential_V,total_absorbed_power_W,electron_density_m3,mean_electron_energy_eV,port_dc_series_drive_absorbed_power_W,port_dc_series_drive_source_voltage_V,port_dc_series_drive_gap_voltage_V,port_dc_series_drive_current_A,port_dc_series_drive_delivered_power_W,port_dc_series_drive_ballast_resistance_ohm,port_dc_series_drive_plasma_resistance_ohm,port_dc_series_drive_plasma_conductance_S,port_dc_series_drive_conductance_multiplier,port_dc_series_drive_electron_mobility_m2_V_s,port_dc_series_drive_electric_field_V_m,port_dc_series_drive_reduced_field_Td,port_dc_series_drive_gap_m,port_dc_series_drive_electrode_area_m2,port_dc_series_drive_waveform_multiplier,ne_plasma_m3,mean_energy_plasma_eV,pabs_plasma_W,Tg_plasma_K,pressure_plasma_Pa,total_density_plasma_m3,electronegativity_plasma,residence_time_plasma_s,debye_length_plasma_m,EoverN_plasma_Td,ion_loss_family_plasma,ion_loss_area_plasma_m2,ion_loss_h_factor_plasma,ion_loss_characteristic_length_plasma_m,ambipolar_loss_rate_plasma_s,warning_high_electronegativity_plasma,warning_ion_ion_afterglow_plasma,warning_pressure_deviation_plasma,warning_debye_ratio_plasma,film_wall_m
0.0,dc_series_circuit,0.0,49.9909415459916,0.0018113625793235067,2000000000000.0002,3.0,0.0018113625793235067,1000.0,999.8188309198321,1.8116908016795956e-06,0.0018113625793235067,100000.0,551870567.534434,1.8120190835102019e-09,1.0,0.45,249954.707729958,38.82691120185857,0.004,5.0265482457e-05,1.0,2000000000000.0,3.0,0.0018113625793235067,300.0,26664.473680008283,6.437666556334081e+24,0.0,inf,0.009104682332231951,38.82691120185857,ambipolar_diffusion,0.0,0.0,0.0,3230.0,0,0,0,1,0.0
5.025125628140704e-06,dc_series_circuit,0.0,5.593802116742889,0.9935979348634689,8.762009494232482e+16,0.8651387262455209,0.9935979348634689,1000.0,111.87604233485779,0.008881239576651422,0.9935979348634689,100000.0,12596.894990759778,7.938464206723416e-05,1.0,0.45,27969.010583714447,4.344588327063762,0.004,5.0265482457e-05,1.0,8.762009494232483e+16,0.8651387262455209,0.9935979348634689,300.0,26664.473307757005,6.437666466460581e+24,0.0,inf,2.3359319388782502e-05,4.344588327063762,ambipolar_diffusion,0.0,0.0,0.0,3230.0,0,0,0,0,0.0
1.0050251256281408e-05,dc_series_circuit,0.0,5.343140817183268,0.954431548267654,9.224838747378672e+16,0.8475560688024899,0.954431548267654,1000.0,106.86281634366534,0.008931371836563347,0.954431548267654,100000.0,11964.882696540433,8.35779192627725e-05,1.0,0.45,26715.704085916335,4.1499049782692605,0.004,5.0265482457e-05,1.0,9.224838747378672e+16,0.84755606880249,0.954431548267654,300.0,26664.47327613226,6.437666458825344e+24,0.0,inf,2.2533258316122154e-05,4.1499049782692605,ambipolar_diffusion,0.0,0.0,0.0,3230.0,0,0,0,0,0.0
1.5075376884422112e-05,dc_series_circuit,0.0,5.250610236439076,0.9398464158678199,9.406857494105107e+16,0.838367955152928,0.9398464158678199,1000.0,105.01220472878153,0.008949877952712184,0.9398464158678199,100000.0,11733.367235131791,8.522702647589704e-05,1.0,0.45,26253.05118219538,4.0780384274330785,0.004,5.0265482457e-05,1.0,9.406857494105107e+16,0.838367955152928,0.9398464158678199,300.0,26664.473255929137,6.437666453947657e+24,0.0,inf,2.2192908399226033e-05,4.0780384274330785,ambipolar_diffusion,0.0,0.0,0.0,3230.0,0,0,0,0,0.0
2.0100502512562815e-05,dc_series_circuit,0.0,5.215364186215373,0.9342727428636428,9.477889367228026e+16,0.8348464004630961,0.9342727428636428,1000.0,104.30728372430745,0.008956927162756926,0.9342727428636428,100000.0,11645.431723283307,8.587058202407807e-05,1.0,0.45,26076.82093107686,4.050663564656572,0.004,5.0265482457e-05,1.0,9.477889367228026e+16,0.8348464004630962,0.9342727428636428,300.0,26664.47324024264,6.437666450160429e+24,0.0,inf,2.206310541872951e-05,4.050663564656572,ambipolar_diffusion,0.0,0.0,0.0,3230.0,0,0,0,0,0.0
2.5125628140703518e-05,dc_series_circuit,0.0,5.201779040130911,0.9321217872968011,9.50552471949433e+16,0.8334882986788573,0.9321217872968011,1000.0,104.03558080261821,0.008959644191973818,0.9321217872968011,100000.0,11611.575032836106,8.612096095250843e-05,1.0,0.45,26008.89520065455,4.040112269809236,0.004,5.0265482457e-05,1.0,9.50552471949433e+16,0.8334882986788573,0.9321217872968011,300.0,26664.473226322538,6.437666446799666e+24,0.0,inf,2.2013083140477898e-05,4.040112269809236,ambipolar_diffusion,0.0,0.0,0.0,3230.0,0,0,0,0,0.0
3.0150753768844224e-05,dc_series_circuit,0.0,5.196519067469943,0.9312885718196737,9.516263532846768e+16,0.8329623678228274,0.9312885718196737,1000.0,103.93038134939886,0.008960696186506011,0.9312885718196737,100000.0,11598.471724318531,8.621825562615277e-05,1.0,0.45,25982.595337349714,4.036026961782133,0.004,5.0265482457e-05,1.0,9.516263532846768e+16,0.8329623678228274,0.9312885718196737,300.0,26664.473213090238,6.43766644360496e+24,0.0,inf,2.1993716787926537e-05,4.036026961782133,ambipolar_diffusion,0.0,0.0,0.0,3230.0,0,0,0,0,0.0
3.517587939698493e-05,dc_series_circuit,0.0,5.194478906121708,0.9309653367997681,9.520434600519414e+16,0.8327583638122111,0.9309653367997681,1000.0,103.88957812243414,0.00896110421877566,0.9309653367997681,100000.0,11593.39023250735,8.625604589726001e-05,1.0,0.45,25972.394530608537,4.034442413374399,0.004,5.0265482457e-05,1.0,9.520434600519416e+16,0.8327583638122111,0.9309653367997681,300.0,26664.473200125285,6.437666440474802e+24,0.0,inf,2.1986205487904818e-05,4.034442413374399,ambipolar_diffusion,0.0,0.0,0.0,3230.0,0,0,0,0,0.0
4.020100502512563e-05,dc_series_circuit,0.0,5.193687060454167,0.930839870963117,9.522054395364482e+16,0.8326791820416722,0.930839870963117,1000.0,103.87374120908332,0.008961262587909167,0.930839870963117,100000.0,11591.4180831207,8.627072139311319e-05,1.0,0.45,25968.43530227083,4.033827405459816,0.004,5.0265482457e-05,1.0,9.522054395364482e+16,0.8326791820416722,0.930839870963117,300.0,26664.4731872642,6.43766643736972e+24,0.0,inf,2.1983290172634208e-05,4.033827405459816,ambipolar_diffusion,0.0,0.0,0.0,3230.0,0,0,0,0,0.0
4.522613065326633e-05,dc_series_circuit,0.0,5.193379639570316,0.9307911595912491,9.522683386826747e+16,0.8326484408805591,0.9307911595912491,1000.0,103.86759279140631,0.008961324072085938,0.9307911595912491,100000.0,11590.65244777259,8.627642011577812e-05,1.0,0.45,25966.898197851577,4.033588640070392,0.004,5.0265482457e-05,1.0,9.522683386826746e+16,0.8326484408805591,0.9307911595912491,300.0,26664.473174443443,6.437666434274374e+24,0.0,inf,2.1982158357448405e-05,4.033588640070392,ambipolar_diffusion,0.0,0.0,0.0,3230.0,0,0,0,0,0.0
5.0251256281407036e-05,dc_series_circuit,0.0,5.1932602754487505,0.930772245935534,9.522927629125642e+16,0.832636504936049,0.930772245935534,1000.0,103.86520550897501,0.00896134794491025,0.930772245935534,100000.0,11590.355172847296,8.627863297431111e-05,1.0,0.45,25966.30137724375,4.033495934406917,0.004,5.0265482457e-05,1.0,9.52292762912564e+16,0.832636504936049,0.930772245935534,300.0,26664.473161638354,6.437666431182811e+24,0.0,inf,2.198171890373226e-05,4.033495934406917,ambipolar_diffusion,0.0,0.0,0.0,3230.0,0,0,0,0,0.0
5.527638190954774e-05,dc_series_circuit,0.0,5.19321392639796,0.9307649017382571,9.523022471359614e+16,0.8326318703603267,0.9307649017382571,1000.0,103.8642785279592,0.008961357214720408,0.9307649017382571,100000.0,11590.239741514393,8.627949225400052e-05,1.0,0.45,25966.069631989798,4.033459938010916,0.004,5.0265482457e-05,1.0,9.523022471359614e+16,0.8326318703603268,0.9307649017382571,300.0,26664.473148839345,6.437666428092716e+24,0.0,inf,2.198154826615858e-05,4.033459938010916,ambipolar_diffusion,0.0,0.0,0.0,3230.0,0,0,0,0,0.0
6.030150753768845e-05,dc_series_circuit,0.0,5.193195928503194,0.9307620498933501,9.523059300197912e+16,0.8326300708546973,0.9307620498933501,1000.0,103.86391857006387,0.00896136081429936,0.9307620498933501,100000.0,11590.194918201652,8.62798259267896e-05,1.0,0.45,25965.97964251597,4.03344596136062,0.004,5.0265482457e-05,1.0,9.52305930019791e+16,0.8326300708546973,0.9307620498933501,300.0,26664.473136042685,6.437666425003189e+24,0.0,inf,2.1981482007624178e-05,4.03344596136062,ambipolar_diffusion,0.0,0.0,0.0,3230.0,0,0,0,0,0.0
6.532663316582915e-05,dc_series_circuit,0.0,5.193188938645121,0.93076094231916,9.523073603514752e+16,0.8326293721332557,0.93076094231916,1000.0,103.8637787729024,0.008961362212270976,0.93076094231916,100000.0,11590.177510142334,8.627995551620498e-05,1.0,0.45,25965.9446932256,4.033440534420555,0.004,5.0265482457e-05,1.0,9.523073603514752e+16,0.8326293721332557,0.93076094231916,300.0,26664.47312324696,6.437666421913886e+24,0.0,inf,2.198145627677882e-05,4.033440534420555,ambipolar_diffusion,0.0,0.0,0.0,3230.0,0,0,0,0,0.0
7.035175879396985e-05,dc_series_circuit,0.0,5.1931862229309385,0.9307605120020288,9.523079160679518e+16,0.8326291008190072,0.9307605120020288,1000.0,103.86372445861876,0.008961362755413812,0.9307605120020288,100000.0,11590.170746728421,8.628000586464801e-05,1.0,0.45,25965.93111465469,4.033438427118023,0.004,5.0265482457e-05,1.0,9.523079160679518e+16,0.8326291008190071,0.9307605120020288,300.0,26664.47311045159,6.43766641882467e+24,0.0,inf,2.1981446281816903e-05,4.033438427118023,ambipolar_diffusion,0.0,0.0,0.0,3230.0,0,0,0,0,0.0
7.537688442211056e-05,dc_series_circuit,0.0,5.193185168253401,0.9307603448836118,9.523081318867278e+16,0.8326289956067425,0.9307603448836118,1000.0,103.86370336506802,0.00896136296634932,0.9307603448836118,100000.0,11590.168120082297,8.628002541803505e-05,1.0,0.45,25965.925841267006,4.0334376099076685,0.004,5.0265482457e-05,1.0,9.523081318867278e+16,0.8326289956067424,0.9307603448836118,300.0,26664.473097656355,6.437666415735487e+24,0.0,inf,2.198144240221749e-05,4.0334376099076685,ambipolar_diffusion,0.0,0.0,0.0,3230.0,0,0,0,0,0.0
8.040201005025126e-05,dc_series_circuit,0.0,5.193184758856653,0.9307602800128463,9.523082156616514e+16,0.8326289549239537,0.9307602800128463,1000.0,103.86369517713304,0.00896136304822867,0.9307602800128463,100000.0,11590.167100490708,8.628003300812304e-05,1.0,0.45,25965.92379428326,4.033437293873312,0.004,5.0265482457e-05,1.0,9.523082156616514e+16,0.8326289549239537,0.9307602800128463,300.0,26664.473084861165,6.437666412646314e+24,0.0,inf,2.198144089834576e-05,4.033437293873312,ambipolar_diffusion,0.0,0.0,0.0,3230.0,0,0,0,0,0.0
8.542713567839196e-05,dc_series_circuit,0.0,5.193184597326096,0.930760254417599,9.52308248715679e+16,0.8326289390232763,0.930760254417599,1000.0,103.86369194652191,0.00896136308053478,0.930760254417599,100000.0,11590.166698203207,8.62800360028495e-05,1.0,0.45,25965.922986630478,4.033437170351408,0.004,5.0265482457e-05,1.0,9.52308248715679e+16,0.8326289390232763,0.930760254417599,300.0,26664.47307206599,6.437666409557145e+24,0.0,inf,2.198144030697539e-05,4.033437170351408,ambipolar_diffusion,0.0,0.0,0.0,3230.0,0,0,0,0,0.0
9.045226130653267e-05,dc_series_circuit,0.0,5.193184532420518,0.9307602441330167,9.5230826199732e+16,0.8326289327857587,0.9307602441330167,1000.0,103.86369064841035,0.008961363093515896,0.9307602441330167,100000.0,11590.166536557614,8.628003720617885e-05,1.0,0.45,25965.92266210259,4.033437121876087,0.004,5.0265482457e-05,1.0,9.5230826199732e+16,0.8326289327857586,0.9307602441330167,300.0,26664.47305927084,6.437666406467982e+24,0.0,inf,2.1981440071354786e-05,4.033437121876087,ambipolar_diffusion,0.0,0.0,0.0,3230.0,0,0,0,0,0.0
9.547738693467337e-05,dc_series_circuit,0.0,5.1931845055450125,0.9307602398744713,9.523082674968602e+16,0.8326289303516003,0.9307602398744713,1000.0,103.86369011090025,0.008961363098890998,0.9307602398744713,100000.0,11590.166469624892,8.628003770444243e-05,1.0,0.45,25965.922527725063,4.033437102937922,0.004,5.0265482457e-05,1.0,9.523082674968602e+16,0.8326289303516003,0.9307602398744713,300.0,26664.4730464757,6.437666403378821e+24,0.0,inf,2.1981439975752898e-05,4.033437102937922,ambipolar_diffusion,0.0,0.0,0.0,3230.0,0,0,0,0,0.0
0.00010050251256281407,dc_series_circuit,0.0,5.193184493637218,0.9307602379876273,9.523082699335547e+16,0.832628929414353,0.9307602379876273,1000.0,103.86368987274435,0.008961363101272556,0.9307602379876273,100000.0,11590.166439968849,8.628003792520927e-05,1.0,0.45,25965.922468186087,4.033437095624863,0.004,5.0265482457e-05,1.0,9.523082699335547e+16,0.832628929414353,0.9307602379876273,300.0,26664.473033680555,6.437666400289659e+24,0.0,inf,2.1981439935258984e-05,4.033437095624863,ambipolar_diffusion,0.0,0.0,0.0,3230.0,0,0,0,0,0.0
0.00010552763819095478,dc_series_circuit,0.0,5.193184487620222,0.9307602370342071,9.523082711648136e+16,0.8326289290662401,0.9307602370342071,1000.0,103.86368975240444,0.008961363102475955,0.9307602370342071,100000.0,11590.166424983685,8.628003803676251e-05,1.0,0.45,25965.922438101108,4.033437092887063,0.004,5.0265482457e-05,1.0,9.523082711648134e+16,0.8326289290662402,0.9307602370342071,300.0,26664.47302088542,6.4376663972005e+24,0.0,inf,2.198143991645376e-05,4.033437092887063,ambipolar_diffusion,0.0,0.0,0.0,3230.0,0,0,0,0,0.0
0.00011055276381909548,dc_series_circuit,0.0,5.193184483921784,0.9307602364481729,9.523082719216258e+16,0.8326289289500046,0.9307602364481729,1000.0,103.86368967843568,0.008961363103215643,0.9307602364481729,100000.0,11590.166415772825,8.628003810533041e-05,1.0,0.45,25965.92241960892,4.033437091950037,0.004,5.0265482457e-05,1.0,9.523082719216258e+16,0.8326289289500047,0.9307602364481729,300.0,26664.47300809028,6.437666394111339e+24,0.0,inf,2.198143990618498e-05,4.033437091950037,ambipolar_diffusion,0.0,0.0,0.0,3230.0,0,0,0,0,0.0
0.00011557788944723618,dc_series_circuit,0.0,5.193184481135533,0.9307602360066788,9.52308272491777e+16,0.8326289289249967,0.9307602360066788,1000.0,103.86368962271065,0.008961363103772893,0.9307602360066788,100000.0,11590.16640883374,8.628003815698665e-05,1.0,0.45,25965.922405677662,4.033437091721488,0.004,5.0265482457e-05,1.0,9.52308272491777e+16,0.8326289289249967,0.9307602360066788,300.0,26664.472995295142,6.437666391022178e+24,0.0,inf,2.198143989927468e-05,4.033437091721488,ambipolar_diffusion,0.0,0.0,0.0,3230.0,0,0,0,0,0.0
0.0001206030150753769,dc_series_circuit,0.0,5.193184478708312,0.9307602356220744,9.523082729884594e+16,0.8326289289358951,0.9307602356220744,1000.0,103.86368957416623,0.008961363104258336,0.9307602356220744,100000.0,11590.166402788813,8.628003820198657e-05,1.0,0.45,25965.922393541558,4.033437091771791,0.004,5.0265482457e-05,1.0,9.523082729884594e+16,0.8326289289358954,0.9307602356220744,300.0,26664.4729825,6.437666387933018e+24,0.0,inf,2.198143989368626e-05,4.033437091771791,ambipolar_diffusion,0.0,0.0,0.0,3230.0,0,0,0,0,0.0
0.0001256281407035176,dc_series_circuit,0.0,5.193184476422412,0.9307602352598634,9.523082734562237e+16,0.832628928960927,0.9307602352598634,1000.0,103.86368952844823,0.008961363104715517,0.9307602352598634,100000.0,11590.16639709584,8.628003824436645e-05,1.0,0.45,25965.922382112058,4.033437091931854,0.004,5.0265482457e-05,1.0,9.523082734562235e+16,0.832628928960927,0.9307602352598634,300.0,26664.472969704864,6.437666384843857e+24,0.0,inf,2.198143988861815e-05,4.033437091931854,ambipolar_diffusion,0.0,0.0,0.0,3230.0,0,0,0,0,0.0
0.0001306532663316583,dc_series_circuit,0.0,5.193184474192138,0.9307602349064664,9.523082739126053e+16,0.8326289289915216,0.9307602349064664,1000.0,103.86368948384275,0.008961363105161572,0.9307602349064664,100000.0,11590.166391541401,8.628003828571506e-05,1.0,0.45,25965.922370960685,4.033437092135121,0.004,5.0265482457e-05,1.0,9.523082739126053e+16,0.8326289289915216,0.9307602349064664,300.0,26664.47295690972,6.437666381754697e+24,0.0,inf,2.1981439883754837e-05,4.033437092135121,ambipolar_diffusion,0.0,0.0,0.0,3230.0,0,0,0,0,0.0
0.000135678391959799,dc_series_circuit,0.0,5.193184471983756,0.9307602345565381,9.523082743645069e+16,0.8326289290243056,0.9307602345565381,1000.0,103.8636894396751,0.008961363105603248,0.9307602345565381,100000.0,11590.166386041485,8.628003832665779e-05,1.0,0.45,25965.922359918775,4.033437092355391,0.004,5.0265482457e-05,1.0,9.523082743645069e+16,0.8326289290243059,0.9307602345565381,300.0,26664.472944114583,6.437666378665536e+24,0.0,inf,2.198143987897213e-05,4.033437092355391,ambipolar_diffusion,0.0,0.0,0.0,3230.0,0,0,0,0,0.0
0.0001407035175879397,dc_series_circuit,0.0,5.19318446978399,0.9307602342079755,9.523082748146454e+16,0.8326289290579519,0.9307602342079755,1000.0,103.8636893956798,0.008961363106043202,0.9307602342079755,100000.0,11590.166380563029,8.628003836744076e-05,1.0,0.45,25965.92234891995,4.0334370925823535,0.004,5.0265482457e-05,1.0,9.523082748146454e+16,0.8326289290579518,0.9307602342079755,300.0,26664.47293131944,6.437666375576374e+24,0.0,inf,2.198143987422115e-05,4.0334370925823535,ambipolar_diffusion,0.0,0.0,0.0,3230.0,0,0,0,0,0.0
0.0001457286432160804,dc_series_circuit,0.0,5.193184467587619,0.9307602338599504,9.523082752640891e+16,0.8326289290919375,0.9307602338599504,1000.0,103.86368935175237,0.008961363106482476,0.9307602338599504,100000.0,11590.166375093026,8.628003840816079e-05,1.0,0.45,25965.922337938093,4.033437092811953,0.004,5.0265482457e-05,1.0,9.523082752640891e+16,0.8326289290919375,0.9307602338599504,300.0,26664.472918524294,6.437666372487213e+24,0.0,inf,2.198143986948267e-05,4.033437092811953,ambipolar_diffusion,0.0,0.0,0.0,3230.0,0,0,0,0,0.0
0.00015075376884422112,dc_series_circuit,0.0,5.193184465392584,0.9307602335121372,9.523082757132598e+16,0.8326289291260565,0.9307602335121372,1000.0,103.86368930785166,0.008961363106921484,0.9307602335121372,100000.0,11590.166369626348,8.628003844885609e-05,1.0,0.45,25965.922326962915,4.033437093042591,0.004,5.0265482457e-05,1.0,9.523082757132598e+16,0.8326289291260565,0.9307602335121372,300.0,26664.47290572914,6.437666369398049e+24,0.0,inf,2.1981439864749098e-05,4.033437093042591,ambipolar_diffusion,0.0,0.0,0.0,3230.0,0,0,0,0,0.0
0.00015577889447236182,dc_series_circuit,0.0,5.193184463198067,0.9307602331644061,9.52308276162324e+16,0.832628929160228,0.9307602331644061,1000.0,103.86368926396133,0.008961363107360386,0.9307602331644061,100000.0,11590.166364160965,8.628003848954173e-05,1.0,0.45,25965.922315990334,4.033437093273633,0.004,5.0265482457e-05,1.0,9.523082761623242e+16,0.8326289291602279,0.9307602331644061,300.0,26664.47289293398,6.437666366308883e+24,0.0,inf,2.198143986001745e-05,4.033437093273633,ambipolar_diffusion,0.0,0.0,0.0,3230.0,0,0,0,0,0.0
0.00016080402010050252,dc_series_circuit,0.0,5.19318446100376,0.9307602328167083,9.523082766113458e+16,0.8326289291944198,0.9307602328167083,1000.0,103.86368922007519,0.008961363107799249,0.9307602328167083,100000.0,11590.1663586961,8.628003853022352e-05,1.0,0.45,25965.922305018797,4.033437093504835,0.004,5.0265482457e-05,1.0,9.523082766113458e+16,0.8326289291944199,0.9307602328167083,300.0,26664.47288013884,6.437666363219722e+24,0.0,inf,2.1981439855286564e-05,4.033437093504835,ambipolar_diffusion,0.0,0.0,0.0,3230.0,0,0,0,0,0.0
0.00016582914572864322,dc_series_circuit,0.0,5.193184458809535,0.9307602324690235,9.523082770603506e+16,0.8326289292286198,0.9307602324690235,1000.0,103.86368917619069,0.008961363108238094,0.9307602324690235,100000.0,11590.166353231441,8.628003857090379e-05,1.0,0.45,25965.922294047672,4.0334370937361,0.004,5.0265482457e-05,1.0,9.523082770603506e+16,0.8326289292286198,0.9307602324690235,300.0,26664.472867343702,6.437666360130562e+24,0.0,inf,2.1981439850555977e-05,4.0334370937361,ambipolar_diffusion,0.0,0.0,0.0,3230.0,0,0,0,0,0.0
0.00017085427135678393,dc_series_circuit,0.0,5.193184456615341,0.9307602321213434,9.523082775093488e+16,0.832628929262823,0.9307602321213434,1000.0,103.8636891323068,0.008961363108676932,0.9307602321213434,100000.0,11590.16634776686,8.628003861158346e-05,1.0,0.45,25965.9222830767,4.03343709396739,0.004,5.0265482457e-05,1.0,9.523082775093488e+16,0.832628929262823,0.9307602321213434,300.0,26664.47285454856,6.437666357041401e+24,0.0,inf,2.198143984582551e-05,4.03343709396739,ambipolar_diffusion,0.0,0.0,0.0,3230.0,0,0,0,0,0.0
0.00017587939698492463,dc_series_circuit,0.0,5.193184454421161,0.9307602317736656,9.523082779583443e+16,0.8326289292970276,0.9307602317736656,1000.0,103.8636890884232,0.008961363109115768,0.9307602317736656,100000.0,11590.166342302315,8.628003865226288e-05,1.0,0.45,25965.9222721058,4.033437094198691,0.004,5.0265482457e-05,1.0,9.523082779583443e+16,0.8326289292970276,0.9307602317736656,300.0,26664.472841753424,6.43766635395224e+24,0.0,inf,2.1981439841095093e-05,4.033437094198691,ambipolar_diffusion,0.0,0.0,0.0,3230.0,0,0,0,0,0.0
0.00018090452261306533,dc_series_circuit,0.0,5.193184452226987,0.9307602314259888,9.523082784073387e+16,0.8326289293312329,0.9307602314259888,1000.0,103.86368904453973,0.008961363109554603,0.9307602314259888,100000.0,11590.166336837783,8.62800386929422e-05,1.0,0.45,25965.922261134932,4.0334370944299955,0.004,5.0265482457e-05,1.0,9.523082784073387e+16,0.8326289293312329,0.9307602314259888,300.0,26664.47282895828,6.43766635086308e+24,0.0,inf,2.1981439836364695e-05,4.0334370944299955,ambipolar_diffusion,0.0,0.0,0.0,3230.0,0,0,0,0,0.0
0.00018592964824120604,dc_series_circuit,0.0,5.193184450032812,0.930760231078312,9.52308278856333e+16,0.832628929365438,0.930760231078312,1000.0,103.86368900065624,0.008961363109993438,0.930760231078312,100000.0,11590.166331373252,8.62800387336215e-05,1.0,0.45,25965.922250164058,4.0334370946613,0.004,5.0265482457e-05,1.0,9.52308278856333e+16,0.8326289293654381,0.930760231078312,300.0,26664.472816163143,6.437666347773919e+24,0.0,inf,2.1981439831634304e-05,4.0334370946613,ambipolar_diffusion,0.0,0.0,0.0,3230.0,0,0,0,0,0.0
0.00019095477386934674,dc_series_circuit,0.0,5.19318444783864,0.9307602307306356,9.523082793053269e+16,0.8326289293996433,0.9307602307306356,1000.0,103.8636889567728,0.008961363110432273,0.9307602307306356,100000.0,11590.166325908725,8.628003877430078e-05,1.0,0.45,25965.9222391932,4.033437094892608,0.004,5.0265482457e-05,1.0,9.523082793053269e+16,0.8326289293996433,0.9307602307306356,300.0,26664.472803368004,6.437666344684759e+24,0.0,inf,2.1981439826903917e-05,4.033437094892608,ambipolar_diffusion,0.0,0.0,0.0,3230.0,0,0,0,0,0.0
0.00019597989949748744,dc_series_circuit,0.0,5.193184445644469,0.9307602303829591,9.523082797543203e+16,0.8326289294338487,0.9307602303829591,1000.0,103.86368891288937,0.008961363110871106,0.9307602303829591,100000.0,11590.166320444203,8.628003881498002e-05,1.0,0.45,25965.92222822234,4.033437095123913,0.004,5.0265482457e-05,1.0,9.523082797543203e+16,0.8326289294338488,0.9307602303829591,300.0,26664.47279057287,6.437666341595599e+24,0.0,inf,2.1981439822173532e-05,4.033437095123913,ambipolar_diffusion,0.0,0.0,0.0,3230.0,0,0,0,0,0.0
0.00020100502512562814,dc_series_circuit,0.0,5.193184443450298,0.9307602300352829,9.523082802033141e+16,0.8326289294680541,0.9307602300352829,1000.0,103.86368886900595,0.00896136311130994,0.9307602300352829,100000.0,11590.166314979679,8.628003885565928e-05,1.0,0.45,25965.92221725149,4.033437095355222,0.004,5.0265482457e-05,1.0,9.523082802033141e+16,0.8326289294680541,0.9307602300352829,300.0,26664.472777777726,6.437666338506439e+24,0.0,inf,2.1981439817443145e-05,4.033437095355222,ambipolar_diffusion,0.0,0.0,0.0,3230.0,0,0,0,0,0.0
0.00020603015075376885,dc_series_circuit,0.0,5.193184441256126,0.9307602296876063,9.523082806523078e+16,0.8326289295022596,0.9307602296876063,1000.0,103.86368882512252,0.008961363111748773,0.9307602296876063,100000.0,11590.166309515154,8.628003889633854e-05,1.0,0.45,25965.92220628063,4.033437095586528,0.004,5.0265482457e-05,1.0,9.523082806523078e+16,0.8326289295022598,0.9307602296876063,300.0,26664.47276498259,6.437666335417278e+24,0.0,inf,2.1981439812712764e-05,4.033437095586528,ambipolar_diffusion,0.0,0.0,0.0,3230.0,0,0,0,0,0.0
0.00021105527638190955,dc_series_circuit,0.0,5.193184439061955,0.9307602293399302,9.523082811013018e+16,0.832628929536465,0.9307602293399302,1000.0,103.8636887812391,0.00896136311218761,0.9307602293399302,100000.0,11590.166304050628,8.628003893701782e-05,1.0,0.45,25965.922195309777,4.033437095817836,0.004,5.0265482457e-05,1.0,9.523082811013018e+16,0.832628929536465,0.9307602293399302,300.0,26664.47275218745,6.437666332328117e+24,0.0,inf,2.1981439807982373e-05,4.033437095817836,ambipolar_diffusion,0.0,0.0,0.0,3230.0,0,0,0,0,0.0
0.00021608040201005025,dc_series_circuit,0.0,5.193184436867782,0.9307602289922534,9.523082815502955e+16,0.8326289295706705,0.9307602289922534,1000.0,103.86368873735564,0.008961363112626443,0.9307602289922534,100000.0,11590.166298586102,8.628003897769708e-05,1.0,0.45,25965.92218433891,4.033437096049141,0.004,5.0265482457e-05,1.0,9.523082815502955e+16,0.8326289295706704,0.9307602289922534,300.0,26664.47273939231,6.437666329238957e+24,0.0,inf,2.1981439803251985e-05,4.033437096049141,ambipolar_diffusion,0.0,0.0,0.0,3230.0,0,0,0,0,0.0
0.00022110552763819096,dc_series_circuit,0.0,5.193184434673611,0.9307602286445772,9.523082819992891e+16,0.8326289296048756,0.9307602286445772,1000.0,103.86368869347223,0.008961363113065278,0.9307602286445772,100000.0,11590.166293121578,8.628003901837633e-05,1.0,0.45,25965.922173368057,4.033437096280448,0.004,5.0265482457e-05,1.0,9.523082819992891e+16,0.8326289296048756,0.9307602286445772,300.0,26664.472726597178,6.437666326149797e+24,0.0,inf,2.19814397985216e-05,4.033437096280448,ambipolar_diffusion,0.0,0.0,0.0,3230.0,0,0,0,0,0.0
0.00022613065326633166,dc_series_circuit,0.0,5.193184432479441,0.9307602282969009,9.523082824482826e+16,0.8326289296390813,0.9307602282969009,1000.0,103.86368864958882,0.00896136311350411,0.9307602282969009,100000.0,11590.166287657057,8.628003905905557e-05,1.0,0.45,25965.922162397204,4.033437096511756,0.004,5.0265482457e-05,1.0,9.523082824482827e+16,0.8326289296390813,0.9307602282969009,300.0,26664.472713802035,6.437666323060637e+24,0.0,inf,2.198143979379122e-05,4.033437096511756,ambipolar_diffusion,0.0,0.0,0.0,3230.0,0,0,0,0,0.0
0.00023115577889447236,dc_series_circuit,0.0,5.19318443028527,0.9307602279492246,9.523082828972766e+16,0.8326289296732866,0.9307602279492246,1000.0,103.86368860570539,0.008961363113942947,0.9307602279492246,100000.0,11590.16628219253,8.628003909973485e-05,1.0,0.45,25965.922151426348,4.033437096743063,0.004,5.0265482457e-05,1.0,9.523082828972766e+16,0.8326289296732866,0.9307602279492246,300.0,26664.4727010069,6.437666319971476e+24,0.0,inf,2.198143978906083e-05,4.033437096743063,ambipolar_diffusion,0.0,0.0,0.0,3230.0,0,0,0,0,0.0
0.00023618090452261307,dc_series_circuit,0.0,5.193184428091098,0.9307602276015481,9.523082833462704e+16,0.8326289297074921,0.9307602276015481,1000.0,103.86368856182196,0.00896136311438178,0.9307602276015481,100000.0,11590.166276728005,8.628003914041412e-05,1.0,0.45,25965.92214045549,4.03343709697437,0.004,5.0265482457e-05,1.0,9.523082833462704e+16,0.832628929707492,0.9307602276015481,300.0,26664.472688211757,6.437666316882315e+24,0.0,inf,2.198143978433044e-05,4.03343709697437,ambipolar_diffusion,0.0,0.0,0.0,3230.0,0,0,0,0,0.0
0.0002412060301507538,dc_series_circuit,0.0,5.193184425896926,0.9307602272538716,9.523082837952642e+16,0.8326289297416974,0.9307602272538716,1000.0,103.86368851793851,0.008961363114820615,0.9307602272538716,100000.0,11590.166271263479,8.628003918109338e-05,1.0,0.45,25965.92212948463,4.033437097205677,0.004,5.0265482457e-05,1.0,9.523082837952642e+16,0.8326289297416974,0.9307602272538716,300.0,26664.47267541662,6.437666313793155e+24,0.0,inf,2.198143977960006e-05,4.033437097205677,ambipolar_diffusion,0.0,0.0,0.0,3230.0,0,0,0,0,0.0
0.00024623115577889447,dc_series_circuit,0.0,5.193184423702756,0.9307602269061953,9.523082842442578e+16,0.832628929775903,0.9307602269061953,1000.0,103.86368847405511,0.008961363115259448,0.9307602269061953,100000.0,11590.166265798958,8.628003922177262e-05,1.0,0.45,25965.922118513776,4.033437097436985,0.004,5.0265482457e-05,1.0,9.523082842442578e+16,0.8326289297759027,0.9307602269061953,300.0,26664.47266262148,6.437666310703994e+24,0.0,inf,2.1981439774869673e-05,4.033437097436985,ambipolar_diffusion,0.0,0.0,0.0,3230.0,0,0,0,0,0.0
0.0002512562814070352,dc_series_circuit,0.0,5.193184421508583,0.9307602265585186,9.523082846932515e+16,0.8326289298101083,0.9307602265585186,1000.0,103.86368843017165,0.008961363115698283,0.9307602265585186,100000.0,11590.166260334428,8.628003926245191e-05,1.0,0.45,25965.922107542912,4.0334370976682905,0.004,5.0265482457e-05,1.0,9.523082846932517e+16,0.8326289298101082,0.9307602265585186,300.0,26664.47264982634,6.437666307614834e+24,0.0,inf,2.1981439770139285e-05,4.0334370976682905,ambipolar_diffusion,0.0,0.0,0.0,3230.0,0,0,0,0,0.0
0.0002562814070351759,dc_series_circuit,0.0,5.193184419314413,0.9307602262108425,9.523082851422453e+16,0.8326289298443137,0.9307602262108425,1000.0,103.86368838628825,0.008961363116137117,0.9307602262108425,100000.0,11590.166254869906,8.628003930313116e-05,1.0,0.45,25965.92209657206,4.033437097899598,0.004,5.0265482457e-05,1.0,9.523082851422453e+16,0.8326289298443137,0.9307602262108425,300.0,26664.4726370312,6.437666304525673e+24,0.0,inf,2.19814397654089e-05,4.033437097899598,ambipolar_diffusion,0.0,0.0,0.0,3230.0,0,0,0,0,0.0
0.0002613065326633166,dc_series_circuit,0.0,5.193184417120241,0.9307602258631662,9.523082855912392e+16,0.8326289298785191,0.9307602258631662,1000.0,103.86368834240481,0.008961363116575952,0.9307602258631662,100000.0,11590.16624940538,8.628003934381043e-05,1.0,0.45,25965.922085601203,4.033437098130905,0.004,5.0265482457e-05,1.0,9.523082855912392e+16,0.8326289298785191,0.9307602258631662,300.0,26664.472624236063,6.437666301436512e+24,0.0,inf,2.1981439760678514e-05,4.033437098130905,ambipolar_diffusion,0.0,0.0,0.0,3230.0,0,0,0,0,0.0
0.0002663316582914573,dc_series_circuit,0.0,5.193184414926071,0.9307602255154901,9.523082860402328e+16,0.8326289299127244,0.9307602255154901,1000.0,103.86368829852141,0.008961363117014787,0.9307602255154901,100000.0,11590.166243940857,8.628003938448968e-05,1.0,0.45,25965.92207463035,4.033437098362214,0.004,5.0265482457e-05,1.0,9.523082860402328e+16,0.8326289299127246,0.9307602255154901,300.0,26664.47261144092,6.437666298347352e+24,0.0,inf,2.1981439755948133e-05,4.033437098362214,ambipolar_diffusion,0.0,0.0,0.0,3230.0,0,0,0,0,0.0
0.000271356783919598,dc_series_circuit,0.0,5.193184412731899,0.9307602251678133,9.523082864892266e+16,0.8326289299469298,0.9307602251678133,1000.0,103.86368825463796,0.00896136311745362,0.9307602251678133,100000.0,11590.166238476333,8.628003942516893e-05,1.0,0.45,25965.92206365949,4.03343709859352,0.004,5.0265482457e-05,1.0,9.523082864892266e+16,0.8326289299469298,0.9307602251678133,300.0,26664.47259864578,6.437666295258191e+24,0.0,inf,2.1981439751217742e-05,4.03343709859352,ambipolar_diffusion,0.0,0.0,0.0,3230.0,0,0,0,0,0.0
0.0002763819095477387,dc_series_circuit,0.0,5.193184410537728,0.9307602248201371,9.523082869382203e+16,0.8326289299811354,0.9307602248201371,1000.0,103.86368821075455,0.008961363117892454,0.9307602248201371,100000.0,11590.166233011809,8.62800394658482e-05,1.0,0.45,25965.922052688635,4.033437098824827,0.004,5.0265482457e-05,1.0,9.523082869382203e+16,0.8326289299811354,0.9307602248201371,300.0,26664.472585850643,6.437666292169031e+24,0.0,inf,2.1981439746487357e-05,4.033437098824827,ambipolar_diffusion,0.0,0.0,0.0,3230.0,0,0,0,0,0.0
0.0002814070351758794,dc_series_circuit,0.0,5.193184408343555,0.9307602244724607,9.52308287387214e+16,0.8326289300153409,0.9307602244724607,1000.0,103.8636881668711,0.00896136311833129,0.9307602244724607,100000.0,11590.16622754728,8.628003950652748e-05,1.0,0.45,25965.922041717775,4.033437099056133,0.004,5.0265482457e-05,1.0,9.52308287387214e+16,0.8326289300153409,0.9307602244724607,300.0,26664.472573055504,6.43766628907987e+24,0.0,inf,2.1981439741756973e-05,4.033437099056133,ambipolar_diffusion,0.0,0.0,0.0,3230.0,0,0,0,0,0.0
0.0002864321608040201,dc_series_circuit,0.0,5.193184406149385,0.9307602241247845,9.523082878362078e+16,0.8326289300495463,0.9307602241247845,1000.0,103.8636881229877,0.008961363118770124,0.9307602241247845,100000.0,11590.166222082758,8.628003954720673e-05,1.0,0.45,25965.922030746922,4.0334370992874415,0.004,5.0265482457e-05,1.0,9.523082878362078e+16,0.8326289300495463,0.9307602241247845,300.0,26664.47256026036,6.43766628599071e+24,0.0,inf,2.1981439737026586e-05,4.0334370992874415,ambipolar_diffusion,0.0,0.0,0.0,3230.0,0,0,0,0,0.0
0.0002914572864321608,dc_series_circuit,0.0,5.193184403955212,0.9307602237771077,9.523082882852016e+16,0.8326289300837516,0.9307602237771077,1000.0,103.86368807910424,0.008961363119208957,0.9307602237771077,100000.0,11590.166216618232,8.6280039587886e-05,1.0,0.45,25965.92201977606,4.033437099518748,0.004,5.0265482457e-05,1.0,9.523082882852016e+16,0.8326289300837515,0.9307602237771077,300.0,26664.472547465226,6.437666282901549e+24,0.0,inf,2.1981439732296198e-05,4.033437099518748,ambipolar_diffusion,0.0,0.0,0.0,3230.0,0,0,0,0,0.0
0.0002964824120603015,dc_series_circuit,0.0,5.193184401761041,0.9307602234294313,9.523082887341955e+16,0.832628930117957,0.9307602234294313,1000.0,103.8636880352208,0.008961363119647792,0.9307602234294313,100000.0,11590.166211153706,8.628003962856528e-05,1.0,0.45,25965.9220088052,4.0334370997500555,0.004,5.0265482457e-05,1.0,9.523082887341955e+16,0.832628930117957,0.9307602234294313,300.0,26664.47253467008,6.437666279812387e+24,0.0,inf,2.198143972756581e-05,4.0334370997500555,ambipolar_diffusion,0.0,0.0,0.0,3230.0,0,0,0,0,0.0
0.00030150753768844223,dc_series_circuit,0.0,5.193184399566869,0.930760223081755,9.523082891831893e+16,0.8326289301521622,0.930760223081755,1000.0,103.86368799133737,0.008961363120086626,0.930760223081755,100000.0,11590.16620568918,8.628003966924454e-05,1.0,0.45,25965.921997834343,4.033437099981362,0.004,5.0265482457e-05,1.0,9.523082891831893e+16,0.8326289301521622,0.930760223081755,300.0,26664.472521874937,6.437666276723227e+24,0.0,inf,2.1981439722835423e-05,4.033437099981362,ambipolar_diffusion,0.0,0.0,0.0,3230.0,0,0,0,0,0.0
0.0003065326633165829,dc_series_circuit,0.0,5.193184397372699,0.9307602227340788,9.523082896321829e+16,0.832628930186368,0.9307602227340788,1000.0,103.86368794745397,0.008961363120525461,0.9307602227340788,100000.0,11590.166200224658,8.628003970992379e-05,1.0,0.45,25965.92198686349,4.03343710021267,0.004,5.0265482457e-05,1.0,9.523082896321829e+16,0.8326289301863677,0.9307602227340788,300.0,26664.472509079802,6.437666273634066e+24,0.0,inf,2.198143971810504e-05,4.03343710021267,ambipolar_diffusion,0.0,0.0,0.0,3230.0,0,0,0,0,0.0
0.00031155778894472364,dc_series_circuit,0.0,5.193184395178527,0.9307602223864023,9.52308290081177e+16,0.832628930220573,0.9307602223864023,1000.0,103.86368790357052,0.008961363120964296,0.9307602223864023,100000.0,11590.166194760131,8.628003975060306e-05,1.0,0.45,25965.92197589263,4.033437100443976,0.004,5.0265482457e-05,1.0,9.523082900811768e+16,0.8326289302205732,0.9307602223864023,300.0,26664.472496284667,6.437666270544907e+24,0.0,inf,2.198143971337465e-05,4.033437100443976,ambipolar_diffusion,0.0,0.0,0.0,3230.0,0,0,0,0,0.0
0.0003165829145728643,dc_series_circuit,0.0,5.193184392984356,0.9307602220387259,9.523082905301704e+16,0.8326289302547787,0.9307602220387259,1000.0,103.8636878596871,0.008961363121403129,0.9307602220387259,100000.0,11590.166189295609,8.628003979128231e-05,1.0,0.45,25965.921964921774,4.033437100675283,0.004,5.0265482457e-05,1.0,9.523082905301704e+16,0.8326289302547787,0.9307602220387259,300.0,26664.472483489524,6.437666267455746e+24,0.0,inf,2.1981439708644267e-05,4.033437100675283,ambipolar_diffusion,0.0,0.0,0.0,3230.0,0,0,0,0,0.0
0.00032160804020100504,dc_series_circuit,0.0,5.193184390790185,0.9307602216910497,9.523082909791642e+16,0.8326289302889838,0.9307602216910497,1000.0,103.86368781580369,0.008961363121841964,0.9307602216910497,100000.0,11590.166183831085,8.628003983196158e-05,1.0,0.45,25965.92195395092,4.033437100906591,0.004,5.0265482457e-05,1.0,9.523082909791642e+16,0.8326289302889839,0.9307602216910497,300.0,26664.47247069439,6.437666264366585e+24,0.0,inf,2.1981439703913882e-05,4.033437100906591,ambipolar_diffusion,0.0,0.0,0.0,3230.0,0,0,0,0,0.0
0.00032663316582914577,dc_series_circuit,0.0,5.193184388596012,0.9307602213433728,9.523082914281579e+16,0.8326289303231896,0.9307602213433728,1000.0,103.86368777192023,0.008961363122280797,0.9307602213433728,100000.0,11590.166178366559,8.628003987264084e-05,1.0,0.45,25965.921942980054,4.033437101137896,0.004,5.0265482457e-05,1.0,9.523082914281579e+16,0.8326289303231896,0.9307602213433728,300.0,26664.472457899246,6.437666261277425e+24,0.0,inf,2.1981439699183498e-05,4.033437101137896,ambipolar_diffusion,0.0,0.0,0.0,3230.0,0,0,0,0,0.0
0.00033165829145728645,dc_series_circuit,0.0,5.193184386401842,0.9307602209956969,9.523082918771518e+16,0.8326289303573948,0.9307602209956969,1000.0,103.86368772803682,0.008961363122719633,0.9307602209956969,100000.0,11590.166172902032,8.628003991332012e-05,1.0,0.45,25965.921932009205,4.033437101369205,0.004,5.0265482457e-05,1.0,9.523082918771518e+16,0.8326289303573947,0.9307602209956969,300.0,26664.472445104107,6.437666258188264e+24,0.0,inf,2.1981439694453107e-05,4.033437101369205,ambipolar_diffusion,0.0,0.0,0.0,3230.0,0,0,0,0,0.0
0.0003366834170854272,dc_series_circuit,0.0,5.193184384207669,0.9307602206480201,9.523082923261456e+16,0.8326289303916004,0.9307602206480201,1000.0,103.86368768415336,0.008961363123158466,0.9307602206480201,100000.0,11590.166167437506,8.628003995399939e-05,1.0,0.45,25965.92192103834,4.033437101600511,0.004,5.0265482457e-05,1.0,9.523082923261456e+16,0.8326289303916004,0.9307602206480201,300.0,26664.47243230897,6.437666255099104e+24,0.0,inf,2.1981439689722723e-05,4.033437101600511,ambipolar_diffusion,0.0,0.0,0.0,3230.0,0,0,0,0,0.0
0.00034170854271356785,dc_series_circuit,0.0,5.193184382013498,0.9307602203003438,9.523082927751394e+16,0.8326289304258058,0.9307602203003438,1000.0,103.86368764026994,0.0089613631235973,0.9307602203003438,100000.0,11590.166161972982,8.628003999467865e-05,1.0,0.45,25965.921910067485,4.033437101831818,0.004,5.0265482457e-05,1.0,9.523082927751394e+16,0.8326289304258058,0.9307602203003438,300.0,26664.472419513833,6.437666252009944e+24,0.0,inf,2.198143968499234e-05,4.033437101831818,ambipolar_diffusion,0.0,0.0,0.0,3230.0,0,0,0,0,0.0
0.0003467336683417086,dc_series_circuit,0.0,5.193184379819328,0.9307602199526676,9.523082932241328e+16,0.8326289304600111,0.9307602199526676,1000.0,103.86368759638654,0.008961363124036134,0.9307602199526676,100000.0,11590.166156508461,8.628004003535788e-05,1.0,0.45,25965.921899096633,4.033437102063125,0.004,5.0265482457e-05,1.0,9.523082932241328e+16,0.8326289304600111,0.9307602199526676,300.0,26664.472406718694,6.437666248920783e+24,0.0,inf,2.1981439680261954e-05,4.033437102063125,ambipolar_diffusion,0.0,0.0,0.0,3230.0,0,0,0,0,0.0
0.00035175879396984926,dc_series_circuit,0.0,5.193184377625157,0.9307602196049916,9.523082936731266e+16,0.8326289304942166,0.9307602196049916,1000.0,103.86368755250314,0.00896136312447497,0.9307602196049916,100000.0,11590.166151043937,8.628004007603714e-05,1.0,0.45,25965.921888125784,4.0334371022944335,0.004,5.0265482457e-05,1.0,9.523082936731266e+16,0.8326289304942166,0.9307602196049916,300.0,26664.472393923556,6.437666245831623e+24,0.0,inf,2.1981439675531567e-05,4.0334371022944335,ambipolar_diffusion,0.0,0.0,0.0,3230.0,0,0,0,0,0.0
0.00035678391959799,dc_series_circuit,0.0,5.1931843754309845,0.9307602192573148,9.523082941221203e+16,0.832628930528422,0.9307602192573148,1000.0,103.86368750861968,0.008961363124913803,0.9307602192573148,100000.0,11590.166145579411,8.628004011671641e-05,1.0,0.45,25965.92187715492,4.03343710252574,0.004,5.0265482457e-05,1.0,9.523082941221203e+16,0.832628930528422,0.9307602192573148,300.0,26664.472381128413,6.437666242742462e+24,0.0,inf,2.1981439670801182e-05,4.03343710252574,ambipolar_diffusion,0.0,0.0,0.0,3230.0,0,0,0,0,0.0
0.00036180904522613067,dc_series_circuit,0.0,5.193184373236813,0.9307602189096384,9.523082945711142e+16,0.8326289305626272,0.9307602189096384,1000.0,103.86368746473624,0.008961363125352638,0.9307602189096384,100000.0,11590.166140114885,8.628004015739569e-05,1.0,0.45,25965.92186618406,4.033437102757047,0.004,5.0265482457e-05,1.0,9.523082945711142e+16,0.8326289305626272,0.9307602189096384,300.0,26664.472368333278,6.437666239653302e+24,0.0,inf,2.198143966607079e-05,4.033437102757047,ambipolar_diffusion,0.0,0.0,0.0,3230.0,0,0,0,0,0.0
0.0003668341708542714,dc_series_circuit,0.0,5.1931843710426415,0.9307602185619621,9.52308295020108e+16,0.8326289305968327,0.9307602185619621,1000.0,103.86368742085283,0.008961363125791473,0.9307602185619621,100000.0,11590.16613465036,8.628004019807494e-05,1.0,0.45,25965.921855213208,4.033437102988354,0.004,5.0265482457e-05,1.0,9.523082950201078e+16,0.8326289305968327,0.9307602185619621,300.0,26664.472355538135,6.437666236564141e+24,0.0,inf,2.198143966134041e-05,4.033437102988354,ambipolar_diffusion,0.0,0.0,0.0,3230.0,0,0,0,0,0.0
0.00037185929648241207,dc_series_circuit,0.0,5.1931843688484705,0.9307602182142857,9.523082954691016e+16,0.8326289306310382,0.9307602182142857,1000.0,103.86368737696941,0.008961363126230306,0.9307602182142857,100000.0,11590.166129185838,8.628004023875419e-05,1.0,0.45,25965.92184424235,4.033437103219661,0.004,5.0265482457e-05,1.0,9.523082954691016e+16,0.8326289306310382,0.9307602182142857,300.0,26664.472342742996,6.43766623347498e+24,0.0,inf,2.1981439656610023e-05,4.033437103219661,ambipolar_diffusion,0.0,0.0,0.0,3230.0,0,0,0,0,0.0
0.0003768844221105528,dc_series_circuit,0.0,5.1931843666543,0.9307602178666095,9.523082959180952e+16,0.8326289306652437,0.9307602178666095,1000.0,103.86368733308599,0.00896136312666914,0.9307602178666095,100000.0,11590.166123721314,8.628004027943346e-05,1.0,0.45,25965.9218332715,4.03343710345097,0.004,5.0265482457e-05,1.0,9.523082959180954e+16,0.8326289306652437,0.9307602178666095,300.0,26664.472329947857,6.43766623038582e+24,0.0,inf,2.198143965187964e-05,4.03343710345097,ambipolar_diffusion,0.0,0.0,0.0,3230.0,0,0,0,0,0.0
0.0003819095477386935,dc_series_circuit,0.0,5.1931843644601265,0.9307602175189327,9.523082963670893e+16,0.8326289306994488,0.9307602175189327,1000.0,103.86368728920252,0.008961363127107975,0.9307602175189327,100000.0,11590.166118256784,8.628004032011275e-05,1.0,0.45,25965.92182230063,4.0334371036822745,0.004,5.0265482457e-05,1.0,9.523082963670893e+16,0.8326289306994488,0.9307602175189327,300.0,26664.47231715272,6.437666227296659e+24,0.0,inf,2.1981439647149248e-05,4.0334371036822745,ambipolar_diffusion,0.0,0.0,0.0,3230.0,0,0,0,0,0.0
0.0003869346733668342,dc_series_circuit,0.0,5.1931843622659555,0.9307602171712565,9.523082968160832e+16,0.8326289307336543,0.9307602171712565,1000.0,103.8636872453191,0.00896136312754681,0.9307602171712565,100000.0,11590.16611279226,8.628004036079201e-05,1.0,0.45,25965.921811329776,4.033437103913582,0.004,5.0265482457e-05,1.0,9.523082968160832e+16,0.8326289307336543,0.9307602171712565,300.0,26664.472304357576,6.437666224207499e+24,0.0,inf,2.198143964241886e-05,4.033437103913582,ambipolar_diffusion,0.0,0.0,0.0,3230.0,0,0,0,0,0.0
0.0003919597989949749,dc_series_circuit,0.0,5.193184360071783,0.9307602168235798,9.52308297265077e+16,0.8326289307678597,0.9307602168235798,1000.0,103.86368720143565,0.008961363127985643,0.9307602168235798,100000.0,11590.166107327736,8.628004040147127e-05,1.0,0.45,25965.921800358912,4.033437104144888,0.004,5.0265482457e-05,1.0,9.523082972650768e+16,0.8326289307678598,0.9307602168235798,300.0,26664.47229156244,6.437666221118338e+24,0.0,inf,2.198143963768848e-05,4.033437104144888,ambipolar_diffusion,0.0,0.0,0.0,3230.0,0,0,0,0,0.0
0.0003969849246231156,dc_series_circuit,0.0,5.1931843578776125,0.9307602164759036,9.523082977140706e+16,0.8326289308020652,0.9307602164759036,1000.0,103.86368715755223,0.008961363128424478,0.9307602164759036,100000.0,11590.166101863211,8.628004044215053e-05,1.0,0.45,25965.92178938806,4.033437104376196,0.004,5.0265482457e-05,1.0,9.523082977140706e+16,0.8326289308020652,0.9307602164759036,300.0,26664.472278767298,6.437666218029177e+24,0.0,inf,2.198143963295809e-05,4.033437104376196,ambipolar_diffusion,0.0,0.0,0.0,3230.0,0,0,0,0,0.0
0.0004020100502512563,dc_series_circuit,0.0,5.1931843556834405,0.9307602161282271,9.523082981630643e+16,0.8326289308362709,0.9307602161282271,1000.0,103.8636871136688,0.008961363128863312,0.9307602161282271,100000.0,11590.166096398685,8.62800404828298e-05,1.0,0.45,25965.9217784172,4.033437104607502,0.004,5.0265482457e-05,1.0,9.523082981630643e+16,0.8326289308362708,0.9307602161282271,300.0,26664.47226597216,6.437666214940017e+24,0.0,inf,2.1981439628227707e-05,4.033437104607502,ambipolar_diffusion,0.0,0.0,0.0,3230.0,0,0,0,0,0.0
0.000407035175879397,dc_series_circuit,0.0,5.193184353489269,0.9307602157805509,9.523082986120581e+16,0.8326289308704761,0.9307602157805509,1000.0,103.86368706978539,0.008961363129302147,0.9307602157805509,100000.0,11590.16609093416,8.628004052350906e-05,1.0,0.45,25965.921767446347,4.033437104838811,0.004,5.0265482457e-05,1.0,9.523082986120581e+16,0.8326289308704761,0.9307602157805509,300.0,26664.47225317702,6.437666211850856e+24,0.0,inf,2.198143962349732e-05,4.033437104838811,ambipolar_diffusion,0.0,0.0,0.0,3230.0,0,0,0,0,0.0
0.0004120603015075377,dc_series_circuit,0.0,5.193184351295097,0.9307602154328741,9.52308299061052e+16,0.8326289309046814,0.9307602154328741,1000.0,103.86368702590192,0.00896136312974098,0.9307602154328741,100000.0,11590.166085469635,8.628004056418833e-05,1.0,0.45,25965.92175647548,4.033437105070116,0.004,5.0265482457e-05,1.0,9.52308299061052e+16,0.8326289309046814,0.9307602154328741,300.0,26664.47224038188,6.437666208761696e+24,0.0,inf,2.1981439618766932e-05,4.033437105070116,ambipolar_diffusion,0.0,0.0,0.0,3230.0,0,0,0,0,0.0
0.0004170854271356784,dc_series_circuit,0.0,5.1931843491009255,0.9307602150851978,9.523082995100459e+16,0.832628930938887,0.9307602150851978,1000.0,103.8636869820185,0.008961363130179815,0.9307602150851978,100000.0,11590.16608000511,8.628004060486759e-05,1.0,0.45,25965.921745504627,4.033437105301424,0.004,5.0265482457e-05,1.0,9.523082995100458e+16,0.832628930938887,0.9307602150851978,300.0,26664.47222758674,6.437666205672535e+24,0.0,inf,2.1981439614036548e-05,4.033437105301424,ambipolar_diffusion,0.0,0.0,0.0,3230.0,0,0,0,0,0.0
0.0004221105527638191,dc_series_circuit,0.0,5.193184346906755,0.9307602147375217,9.523082999590395e+16,0.8326289309730924,0.9307602147375217,1000.0,103.8636869381351,0.00896136313061865,0.9307602147375217,100000.0,11590.166074540588,8.628004064554685e-05,1.0,0.45,25965.921734533775,4.033437105532731,0.004,5.0265482457e-05,1.0,9.523082999590395e+16,0.8326289309730924,0.9307602147375217,300.0,26664.472214791607,6.437666202583376e+24,0.0,inf,2.198143960930616e-05,4.033437105532731,ambipolar_diffusion,0.0,0.0,0.0,3230.0,0,0,0,0,0.0
0.00042713567839195983,dc_series_circuit,0.0,5.193184344712584,0.9307602143898451,9.523083004080333e+16,0.8326289310072977,0.9307602143898451,1000.0,103.86368689425167,0.008961363131057483,0.9307602143898451,100000.0,11590.166069076064,8.62800406862261e-05,1.0,0.45,25965.92172356292,4.033437105764039,0.004,5.0265482457e-05,1.0,9.523083004080331e+16,0.8326289310072977,0.9307602143898451,300.0,26664.472201996465,6.437666199494215e+24,0.0,inf,2.198143960457578e-05,4.033437105764039,ambipolar_diffusion,0.0,0.0,0.0,3230.0,0,0,0,0,0.0
0.0004321608040201005,dc_series_circuit,0.0,5.1931843425184105,0.9307602140421686,9.52308300857027e+16,0.832628931041503,0.9307602140421686,1000.0,103.86368685036821,0.008961363131496317,0.9307602140421686,100000.0,11590.166063611536,8.628004072690539e-05,1.0,0.45,25965.92171259205,4.033437105995343,0.004,5.0265482457e-05,1.0,9.52308300857027e+16,0.832628931041503,0.9307602140421686,300.0,26664.47218920133,6.437666196405054e+24,0.0,inf,2.1981439599845385e-05,4.033437105995343,ambipolar_diffusion,0.0,0.0,0.0,3230.0,0,0,0,0,0.0
0.00043718592964824124,dc_series_circuit,0.0,5.193184340324242,0.9307602136944927,9.523083013060206e+16,0.8326289310757086,0.9307602136944927,1000.0,103.86368680648484,0.008961363131935152,0.9307602136944927,100000.0,11590.166058147015,8.628004076758461e-05,1.0,0.45,25965.92170162121,4.0334371062266525,0.004,5.0265482457e-05,1.0,9.523083013060206e+16,0.8326289310757086,0.9307602136944927,300.0,26664.472176406187,6.437666193315894e+24,0.0,inf,2.1981439595115004e-05,4.0334371062266525,ambipolar_diffusion,0.0,0.0,0.0,3230.0,0,0,0,0,0.0
0.0004422110552763819,dc_series_circuit,0.0,5.19318433813007,0.9307602133468161,9.523083017550144e+16,0.8326289311099139,0.9307602133468161,1000.0,103.86368676260139,0.008961363132373987,0.9307602133468161,100000.0,11590.166052682489,8.62800408082639e-05,1.0,0.45,25965.921690650346,4.033437106457959,0.004,5.0265482457e-05,1.0,9.523083017550144e+16,0.8326289311099139,0.9307602133468161,300.0,26664.472163611048,6.437666190226733e+24,0.0,inf,2.1981439590384616e-05,4.033437106457959,ambipolar_diffusion,0.0,0.0,0.0,3230.0,0,0,0,0,0.0
0.00044723618090452264,dc_series_circuit,0.0,5.193184335935899,0.9307602129991397,9.523083022040082e+16,0.8326289311441193,0.9307602129991397,1000.0,103.86368671871797,0.00896136313281282,0.9307602129991397,100000.0,11590.166047217966,8.628004084894315e-05,1.0,0.45,25965.921679679494,4.033437106689267,0.004,5.0265482457e-05,1.0,9.523083022040082e+16,0.8326289311441193,0.9307602129991397,300.0,26664.47215081591,6.437666187137573e+24,0.0,inf,2.1981439585654232e-05,4.033437106689267,ambipolar_diffusion,0.0,0.0,0.0,3230.0,0,0,0,0,0.0
0.0004522613065326633,dc_series_circuit,0.0,5.193184333741726,0.9307602126514632,9.523083026530022e+16,0.8326289311783247,0.9307602126514632,1000.0,103.86368667483453,0.008961363133251654,0.9307602126514632,100000.0,11590.166041753439,8.628004088962242e-05,1.0,0.45,25965.92166870863,4.033437106920573,0.004,5.0265482457e-05,1.0,9.523083026530021e+16,0.8326289311783248,0.9307602126514632,300.0,26664.47213802077,6.437666184048412e+24,0.0,inf,2.1981439580923845e-05,4.033437106920573,ambipolar_diffusion,0.0,0.0,0.0,3230.0,0,0,0,0,0.0
0.00045728643216080405,dc_series_circuit,0.0,5.193184331547554,0.9307602123037867,9.523083031019958e+16,0.83262893121253,0.9307602123037867,1000.0,103.86368663095108,0.00896136313369049,0.9307602123037867,100000.0,11590.166036288912,8.62800409303017e-05,1.0,0.45,25965.92165773777,4.03343710715188,0.004,5.0265482457e-05,1.0,9.523083031019958e+16,0.83262893121253,0.9307602123037867,300.0,26664.472125225628,6.437666180959251e+24,0.0,inf,2.1981439576193457e-05,4.03343710715188,ambipolar_diffusion,0.0,0.0,0.0,3230.0,0,0,0,0,0.0
0.0004623115577889447,dc_series_circuit,0.0,5.193184329353386,0.9307602119561109,9.523083035509896e+16,0.8326289312467354,0.9307602119561109,1000.0,103.8636865870677,0.008961363134129324,0.9307602119561109,100000.0,11590.166030824392,8.628004097098093e-05,1.0,0.45,25965.921646766925,4.033437107383188,0.004,5.0265482457e-05,1.0,9.523083035509894e+16,0.8326289312467355,0.9307602119561109,300.0,26664.472112430496,6.437666177870092e+24,0.0,inf,2.1981439571463076e-05,4.033437107383188,ambipolar_diffusion,0.0,0.0,0.0,3230.0,0,0,0,0,0.0
0.00046733668341708545,dc_series_circuit,0.0,5.193184327159214,0.9307602116084344,9.52308303999983e+16,0.8326289312809411,0.9307602116084344,1000.0,103.86368654318427,0.008961363134568157,0.9307602116084344,100000.0,11590.16602535987,8.628004101166018e-05,1.0,0.45,25965.92163579607,4.033437107614495,0.004,5.0265482457e-05,1.0,9.52308303999983e+16,0.832628931280941,0.9307602116084344,300.0,26664.472099635357,6.437666174780931e+24,0.0,inf,2.1981439566732692e-05,4.033437107614495,ambipolar_diffusion,0.0,0.0,0.0,3230.0,0,0,0,0,0.0
0.00047236180904522613,dc_series_circuit,0.0,5.193184324965042,0.9307602112607578,9.52308304448977e+16,0.8326289313151464,0.9307602112607578,1000.0,103.86368649930083,0.008961363135006992,0.9307602112607578,100000.0,11590.166019895341,8.628004105233947e-05,1.0,0.45,25965.921624825205,4.033437107845802,0.004,5.0265482457e-05,1.0,9.52308304448977e+16,0.8326289313151464,0.9307602112607578,300.0,26664.472086840215,6.437666171691771e+24,0.0,inf,2.1981439562002304e-05,4.033437107845802,ambipolar_diffusion,0.0,0.0,0.0,3230.0,0,0,0,0,0.0
0.00047738693467336686,dc_series_circuit,0.0,5.193184322770872,0.9307602109130817,9.523083048979706e+16,0.8326289313493519,0.9307602109130817,1000.0,103.86368645541742,0.008961363135445826,0.9307602109130817,100000.0,11590.166014430819,8.628004109301871e-05,1.0,0.45,25965.921613854356,4.033437108077109,0.004,5.0265482457e-05,1.0,9.523083048979706e+16,0.8326289313493519,0.9307602109130817,300.0,26664.47207404508,6.43766616860261e+24,0.0,inf,2.198143955727192e-05,4.033437108077109,ambipolar_diffusion,0.0,0.0,0.0,3230.0,0,0,0,0,0.0
0.0004824120603015076,dc_series_circuit,0.0,5.1931843205767,0.9307602105654053,9.523083053469645e+16,0.8326289313835572,0.9307602105654053,1000.0,103.86368641153399,0.008961363135884661,0.9307602105654053,100000.0,11590.166008966293,8.628004113369799e-05,1.0,0.45,25965.921602883496,4.033437108308416,0.004,5.0265482457e-05,1.0,9.523083053469645e+16,0.8326289313835571,0.9307602105654053,300.0,26664.472061249937,6.437666165513449e+24,0.0,inf,2.198143955254153e-05,4.033437108308416,ambipolar_diffusion,0.0,0.0,0.0,3230.0,0,0,0,0,0.0
0.00048743718592964827,dc_series_circuit,0.0,5.193184318382528,0.9307602102177287,9.52308305795958e+16,0.8326289314177627,0.9307602102177287,1000.0,103.86368636765056,0.008961363136323494,0.9307602102177287,100000.0,11590.16600350177,8.628004117437724e-05,1.0,0.45,25965.92159191264,4.033437108539724,0.004,5.0265482457e-05,1.0,9.52308305795958e+16,0.8326289314177627,0.9307602102177287,300.0,26664.472048454794,6.437666162424289e+24,0.0,inf,2.198143954781115e-05,4.033437108539724,ambipolar_diffusion,0.0,0.0,0.0,3230.0,0,0,0,0,0.0
0.0004924623115577889,dc_series_circuit,0.0,5.193184316188356,0.9307602098700523,9.52308306244952e+16,0.8326289314519681,0.9307602098700523,1000.0,103.86368632376711,0.008961363136762329,0.9307602098700523,100000.0,11590.165998037242,8.628004121505652e-05,1.0,0.45,25965.921580941776,4.033437108771031,0.004,5.0265482457e-05,1.0,9.52308306244952e+16,0.8326289314519681,0.9307602098700523,300.0,26664.472035659655,6.437666159335127e+24,0.0,inf,2.198143954308076e-05,4.033437108771031,ambipolar_diffusion,0.0,0.0,0.0,3230.0,0,0,0,0,0.0
0.0004974874371859297,dc_series_circuit,0.0,5.193184313994185,0.930760209522376,9.52308306693946e+16,0.8326289314861736,0.930760209522376,1000.0,103.8636862798837,0.008961363137201164,0.930760209522376,100000.0,11590.165992572718,8.628004125573579e-05,1.0,0.45,25965.921569970924,4.033437109002338,0.004,5.0265482457e-05,1.0,9.523083066939458e+16,0.8326289314861736,0.930760209522376,300.0,26664.472022864513,6.437666156245967e+24,0.0,inf,2.1981439538350373e-05,4.033437109002338,ambipolar_diffusion,0.0,0.0,0.0,3230.0,0,0,0,0,0.0
0.0005025125628140704,dc_series_circuit,0.0,5.193184311800011,0.930760209174699,9.523083071429397e+16,0.8326289315203789,0.930760209174699,1000.0,103.86368623600022,0.008961363137639997,0.930760209174699,100000.0,11590.16598710819,8.628004129641507e-05,1.0,0.45,25965.921559000053,4.033437109233644,0.004,5.0265482457e-05,1.0,9.523083071429397e+16,0.8326289315203789,0.930760209174699,300.0,26664.472010069374,6.437666153156806e+24,0.0,inf,2.1981439533619985e-05,4.033437109233644,ambipolar_diffusion,0.0,0.0,0.0,3230.0,0,0,0,0,0.0
0.0005075376884422111,dc_series_circuit,0.0,5.193184309605842,0.930760208827023,9.523083075919333e+16,0.8326289315545846,0.930760208827023,1000.0,103.86368619211683,0.008961363138078831,0.930760208827023,100000.0,11590.16598164367,8.62800413370943e-05,1.0,0.45,25965.921548029208,4.033437109464952,0.004,5.0265482457e-05,1.0,9.523083075919333e+16,0.8326289315545846,0.930760208827023,300.0,26664.471997274235,6.437666150067645e+24,0.0,inf,2.1981439528889608e-05,4.033437109464952,ambipolar_diffusion,0.0,0.0,0.0,3230.0,0,0,0,0,0.0
0.0005125628140703518,dc_series_circuit,0.0,5.193184307411671,0.9307602084793468,9.52308308040927e+16,0.8326289315887898,0.9307602084793468,1000.0,103.86368614823341,0.008961363138517666,0.9307602084793468,100000.0,11590.165976179145,8.628004137777357e-05,1.0,0.45,25965.92153705835,4.033437109696259,0.004,5.0265482457e-05,1.0,9.52308308040927e+16,0.8326289315887898,0.9307602084793468,300.0,26664.471984479096,6.437666146978485e+24,0.0,inf,2.1981439524159217e-05,4.033437109696259,ambipolar_diffusion,0.0,0.0,0.0,3230.0,0,0,0,0,0.0
0.0005175879396984925,dc_series_circuit,0.0,5.193184305217499,0.9307602081316703,9.52308308489921e+16,0.8326289316229952,0.9307602081316703,1000.0,103.86368610434997,0.0089613631389565,0.9307602081316703,100000.0,11590.165970714617,8.628004141845285e-05,1.0,0.45,25965.92152608749,4.033437109927566,0.004,5.0265482457e-05,1.0,9.52308308489921e+16,0.8326289316229952,0.9307602081316703,300.0,26664.471971683954,6.437666143889324e+24,0.0,inf,2.198143951942883e-05,4.033437109927566,ambipolar_diffusion,0.0,0.0,0.0,3230.0,0,0,0,0,0.0
0.0005226130653266332,dc_series_circuit,0.0,5.193184303023326,0.9307602077839936,9.523083089389146e+16,0.8326289316572008,0.9307602077839936,1000.0,103.86368606046652,0.008961363139395334,0.9307602077839936,100000.0,11590.165965250093,8.628004145913211e-05,1.0,0.45,25965.921515116628,4.033437110158872,0.004,5.0265482457e-05,1.0,9.523083089389147e+16,0.8326289316572008,0.9307602077839936,300.0,26664.47195888882,6.437666140800164e+24,0.0,inf,2.1981439514698445e-05,4.033437110158872,ambipolar_diffusion,0.0,0.0,0.0,3230.0,0,0,0,0,0.0
0.0005276381909547739,dc_series_circuit,0.0,5.193184300829157,0.9307602074363176,9.523083093879083e+16,0.8326289316914061,0.9307602074363176,1000.0,103.86368601658313,0.008961363139834169,0.9307602074363176,100000.0,11590.165959785572,8.628004149981135e-05,1.0,0.45,25965.921504145783,4.033437110390181,0.004,5.0265482457e-05,1.0,9.523083093879083e+16,0.8326289316914061,0.9307602074363176,300.0,26664.471946093676,6.437666137711003e+24,0.0,inf,2.198143950996806e-05,4.033437110390181,ambipolar_diffusion,0.0,0.0,0.0,3230.0,0,0,0,0,0.0
0.0005326633165829146,dc_series_circuit,0.0,5.193184298634984,0.930760207088641,9.523083098369022e+16,0.8326289317256115,0.930760207088641,1000.0,103.86368597269967,0.008961363140273003,0.930760207088641,100000.0,11590.165954321043,8.628004154049065e-05,1.0,0.45,25965.921493174916,4.033437110621486,0.004,5.0265482457e-05,1.0,9.523083098369022e+16,0.8326289317256115,0.930760207088641,300.0,26664.471933298537,6.437666134621842e+24,0.0,inf,2.1981439505237673e-05,4.033437110621486,ambipolar_diffusion,0.0,0.0,0.0,3230.0,0,0,0,0,0.0
0.0005376884422110554,dc_series_circuit,0.0,5.193184296440814,0.9307602067409648,9.52308310285896e+16,0.8326289317598169,0.9307602067409648,1000.0,103.86368592881627,0.008961363140711838,0.9307602067409648,100000.0,11590.16594885652,8.62800415811699e-05,1.0,0.45,25965.921482204067,4.033437110852795,0.004,5.0265482457e-05,1.0,9.52308310285896e+16,0.8326289317598169,0.9307602067409648,300.0,26664.471920503405,6.437666131532683e+24,0.0,inf,2.1981439500507285e-05,4.033437110852795,ambipolar_diffusion,0.0,0.0,0.0,3230.0,0,0,0,0,0.0
0.000542713567839196,dc_series_circuit,0.0,5.193184294246642,0.9307602063932882,9.523083107348898e+16,0.8326289317940222,0.9307602063932882,1000.0,103.86368588493282,0.008961363141150671,0.9307602063932882,100000.0,11590.165943391996,8.628004162184916e-05,1.0,0.45,25965.921471233203,4.0334371110841,0.004,5.0265482457e-05,1.0,9.523083107348898e+16,0.8326289317940222,0.9307602063932882,300.0,26664.471907708263,6.437666128443522e+24,0.0,inf,2.1981439495776898e-05,4.0334371110841,ambipolar_diffusion,0.0,0.0,0.0,3230.0,0,0,0,0,0.0
0.0005477386934673367,dc_series_circuit,0.0,5.19318429205247,0.9307602060456118,9.523083111838835e+16,0.8326289318282275,0.9307602060456118,1000.0,103.86368584104939,0.008961363141589506,0.9307602060456118,100000.0,11590.16593792747,8.628004166252843e-05,1.0,0.45,25965.921460262347,4.033437111315407,0.004,5.0265482457e-05,1.0,9.523083111838835e+16,0.8326289318282276,0.9307602060456118,300.0,26664.47189491313,6.437666125354363e+24,0.0,inf,2.1981439491046513e-05,4.033437111315407,ambipolar_diffusion,0.0,0.0,0.0,3230.0,0,0,0,0,0.0
0.0005527638190954774,dc_series_circuit,0.0,5.193184289858299,0.9307602056979356,9.523083116328773e+16,0.832628931862433,0.9307602056979356,1000.0,103.86368579716597,0.00896136314202834,0.9307602056979356,100000.0,11590.165932462945,8.62800417032077e-05,1.0,0.45,25965.92144929149,4.033437111546714,0.004,5.0265482457e-05,1.0,9.523083116328773e+16,0.832628931862433,0.9307602056979356,300.0,26664.471882117985,6.437666122265201e+24,0.0,inf,2.1981439486316126e-05,4.033437111546714,ambipolar_diffusion,0.0,0.0,0.0,3230.0,0,0,0,0,0.0
0.0005577889447236182,dc_series_circuit,0.0,5.193184287664128,0.9307602053502593,9.523083120818709e+16,0.8326289318966387,0.9307602053502593,1000.0,103.86368575328255,0.008961363142467175,0.9307602053502593,100000.0,11590.165926998421,8.628004174388696e-05,1.0,0.45,25965.921438320638,4.0334371117780226,0.004,5.0265482457e-05,1.0,9.52308312081871e+16,0.8326289318966386,0.9307602053502593,300.0,26664.471869322842,6.43766611917604e+24,0.0,inf,2.198143948158574e-05,4.0334371117780226,ambipolar_diffusion,0.0,0.0,0.0,3230.0,0,0,0,0,0.0
0.0005628140703517588,dc_series_circuit,0.0,5.193184285469956,0.9307602050025826,9.523083125308646e+16,0.8326289319308438,0.9307602050025826,1000.0,103.8636857093991,0.008961363142906008,0.9307602050025826,100000.0,11590.165921533897,8.628004178456621e-05,1.0,0.45,25965.921427349775,4.033437112009329,0.004,5.0265482457e-05,1.0,9.523083125308646e+16,0.8326289319308438,0.9307602050025826,300.0,26664.471856527707,6.43766611608688e+24,0.0,inf,2.1981439476855354e-05,4.033437112009329,ambipolar_diffusion,0.0,0.0,0.0,3230.0,0,0,0,0,0.0
0.0005678391959798995,dc_series_circuit,0.0,5.193184283275785,0.9307602046549064,9.523083129798586e+16,0.8326289319650493,0.9307602046549064,1000.0,103.86368566551569,0.008961363143344843,0.9307602046549064,100000.0,11590.165916069373,8.628004182524548e-05,1.0,0.45,25965.921416378922,4.0334371122406365,0.004,5.0265482457e-05,1.0,9.523083129798586e+16,0.8326289319650493,0.9307602046549064,300.0,26664.47184373257,6.437666112997719e+24,0.0,inf,2.198143947212497e-05,4.0334371122406365,ambipolar_diffusion,0.0,0.0,0.0,3230.0,0,0,0,0,0.0
0.0005728643216080402,dc_series_circuit,0.0,5.193184281081613,0.9307602043072298,9.523083134288525e+16,0.8326289319992547,0.9307602043072298,1000.0,103.86368562163224,0.008961363143783678,0.9307602043072298,100000.0,11590.165910604845,8.628004186592477e-05,1.0,0.45,25965.92140540806,4.033437112471942,0.004,5.0265482457e-05,1.0,9.523083134288525e+16,0.8326289319992547,0.9307602043072298,300.0,26664.471830937426,6.437666109908559e+24,0.0,inf,2.1981439467394582e-05,4.033437112471942,ambipolar_diffusion,0.0,0.0,0.0,3230.0,0,0,0,0,0.0
0.000577889447236181,dc_series_circuit,0.0,5.19318427888744,0.9307602039595532,9.523083138778462e+16,0.83262893203346,0.9307602039595532,1000.0,103.8636855777488,0.00896136314422251,0.9307602039595532,100000.0,11590.16590514032,8.628004190660402e-05,1.0,0.45,25965.9213944372,4.033437112703249,0.004,5.0265482457e-05,1.0,9.523083138778462e+16,0.83262893203346,0.9307602039595532,300.0,26664.47181814229,6.437666106819398e+24,0.0,inf,2.1981439462664194e-05,4.033437112703249,ambipolar_diffusion,0.0,0.0,0.0,3230.0,0,0,0,0,0.0
0.0005829145728643216,dc_series_circuit,0.0,5.1931842766932705,0.9307602036118774,9.523083143268398e+16,0.8326289320676655,0.9307602036118774,1000.0,103.86368553386541,0.008961363144661347,0.9307602036118774,100000.0,11590.165899675796,8.628004194728329e-05,1.0,0.45,25965.92138346635,4.033437112934557,0.004,5.0265482457e-05,1.0,9.5230831432684e+16,0.8326289320676654,0.9307602036118774,300.0,26664.47180534715,6.437666103730239e+24,0.0,inf,2.198143945793381e-05,4.033437112934557,ambipolar_diffusion,0.0,0.0,0.0,3230.0,0,0,0,0,0.0
0.0005879396984924623,dc_series_circuit,0.0,5.1931842744990995,0.930760203264201,9.523083147758336e+16,0.8326289321018709,0.930760203264201,1000.0,103.86368548998199,0.00896136314510018,0.930760203264201,100000.0,11590.165894211275,8.628004198796253e-05,1.0,0.45,25965.921372495497,4.033437113165865,0.004,5.0265482457e-05,1.0,9.523083147758336e+16,0.8326289321018709,0.930760203264201,300.0,26664.471792552013,6.437666100641078e+24,0.0,inf,2.1981439453203426e-05,4.033437113165865,ambipolar_diffusion,0.0,0.0,0.0,3230.0,0,0,0,0,0.0
0.000592964824120603,dc_series_circuit,0.0,5.1931842723049275,0.9307602029165244,9.523083152248275e+16,0.8326289321360765,0.9307602029165244,1000.0,103.86368544609854,0.008961363145539015,0.9307602029165244,100000.0,11590.165888746747,8.62800420286418e-05,1.0,0.45,25965.921361524634,4.033437113397171,0.004,5.0265482457e-05,1.0,9.523083152248275e+16,0.8326289321360764,0.9307602029165244,300.0,26664.471779756874,6.437666097551917e+24,0.0,inf,2.198143944847304e-05,4.033437113397171,ambipolar_diffusion,0.0,0.0,0.0,3230.0,0,0,0,0,0.0
0.0005979899497487438,dc_series_circuit,0.0,5.193184270110756,0.9307602025688478,9.523083156738211e+16,0.8326289321702817,0.9307602025688478,1000.0,103.86368540221511,0.008961363145977848,0.9307602025688478,100000.0,11590.165883282223,8.628004206932107e-05,1.0,0.45,25965.921350553777,4.033437113628478,0.004,5.0265482457e-05,1.0,9.523083156738211e+16,0.8326289321702817,0.9307602025688478,300.0,26664.471766961735,6.437666094462757e+24,0.0,inf,2.1981439443742654e-05,4.033437113628478,ambipolar_diffusion,0.0,0.0,0.0,3230.0,0,0,0,0,0.0
0.0006030150753768845,dc_series_circuit,0.0,5.193184267916586,0.9307602022211721,9.52308316122815e+16,0.8326289322044872,0.9307602022211721,1000.0,103.86368535833172,0.008961363146416684,0.9307602022211721,100000.0,11590.1658778177,8.628004211000032e-05,1.0,0.45,25965.92133958293,4.033437113859787,0.004,5.0265482457e-05,1.0,9.52308316122815e+16,0.8326289322044872,0.9307602022211721,300.0,26664.471754166592,6.437666091373596e+24,0.0,inf,2.1981439439012266e-05,4.033437113859787,ambipolar_diffusion,0.0,0.0,0.0,3230.0,0,0,0,0,0.0
0.0006080402010050251,dc_series_circuit,0.0,5.1931842657224125,0.9307602018734952,9.523083165718086e+16,0.8326289322386926,0.9307602018734952,1000.0,103.86368531444825,0.008961363146855517,0.9307602018734952,100000.0,11590.165872353173,8.62800421506796e-05,1.0,0.45,25965.92132861206,4.033437114091092,0.004,5.0265482457e-05,1.0,9.523083165718086e+16,0.8326289322386927,0.9307602018734952,300.0,26664.471741371457,6.437666088284436e+24,0.0,inf,2.1981439434281886e-05,4.033437114091092,ambipolar_diffusion,0.0,0.0,0.0,3230.0,0,0,0,0,0.0
0.0006130653266331658,dc_series_circuit,0.0,5.193184263528242,0.930760201525819,9.523083170208026e+16,0.8326289322728981,0.930760201525819,1000.0,103.86368527056484,0.008961363147294352,0.930760201525819,100000.0,11590.16586688865,8.628004219135885e-05,1.0,0.45,25965.92131764121,4.0334371143224,0.004,5.0265482457e-05,1.0,9.523083170208026e+16,0.8326289322728981,0.930760201525819,300.0,26664.471728576314,6.437666085195275e+24,0.0,inf,2.1981439429551495e-05,4.0334371143224,ambipolar_diffusion,0.0,0.0,0.0,3230.0,0,0,0,0,0.0
0.0006180904522613066,dc_series_circuit,0.0,5.193184261334071,0.9307602011781424,9.523083174697962e+16,0.8326289323071037,0.9307602011781424,1000.0,103.86368522668141,0.008961363147733185,0.9307602011781424,100000.0,11590.165861424126,8.628004223203812e-05,1.0,0.45,25965.921306670352,4.033437114553707,0.004,5.0265482457e-05,1.0,9.523083174697962e+16,0.8326289323071037,0.9307602011781424,300.0,26664.471715781176,6.437666082106114e+24,0.0,inf,2.1981439424821114e-05,4.033437114553707,ambipolar_diffusion,0.0,0.0,0.0,3230.0,0,0,0,0,0.0
0.0006231155778894473,dc_series_circuit,0.0,5.193184259139898,0.9307602008304658,9.5230831791879e+16,0.8326289323413087,0.9307602008304658,1000.0,103.86368518279795,0.00896136314817202,0.9307602008304658,100000.0,11590.165855959598,8.62800422727174e-05,1.0,0.45,25965.92129569949,4.033437114785013,0.004,5.0265482457e-05,1.0,9.5230831791879e+16,0.8326289323413089,0.9307602008304658,300.0,26664.471702986037,6.437666079016954e+24,0.0,inf,2.1981439420090723e-05,4.033437114785013,ambipolar_diffusion,0.0,0.0,0.0,3230.0,0,0,0,0,0.0
0.000628140703517588,dc_series_circuit,0.0,5.193184256945727,0.9307602004827897,9.523083183677838e+16,0.8326289323755144,0.9307602004827897,1000.0,103.86368513891455,0.008961363148610854,0.9307602004827897,100000.0,11590.165850495076,8.628004231339665e-05,1.0,0.45,25965.921284728636,4.033437115016321,0.004,5.0265482457e-05,1.0,9.523083183677838e+16,0.8326289323755144,0.9307602004827897,300.0,26664.471690190898,6.437666075927793e+24,0.0,inf,2.1981439415360342e-05,4.033437115016321,ambipolar_diffusion,0.0,0.0,0.0,3230.0,0,0,0,0,0.0
0.0006331658291457286,dc_series_circuit,0.0,5.193184254751557,0.9307602001351134,9.523083188167776e+16,0.8326289324097197,0.9307602001351134,1000.0,103.86368509503113,0.00896136314904969,0.9307602001351134,100000.0,11590.165845030551,8.628004235407592e-05,1.0,0.45,25965.921273757784,4.0334371152476285,0.004,5.0265482457e-05,1.0,9.523083188167776e+16,0.8326289324097197,0.9307602001351134,300.0,26664.47167739576,6.437666072838633e+24,0.0,inf,2.198143941062995e-05,4.0334371152476285,ambipolar_diffusion,0.0,0.0,0.0,3230.0,0,0,0,0,0.0
0.0006381909547738694,dc_series_circuit,0.0,5.193184252557385,0.9307601997874371,9.523083192657714e+16,0.8326289324439252,0.9307601997874371,1000.0,103.8636850511477,0.008961363149488524,0.9307601997874371,100000.0,11590.165839566025,8.628004239475518e-05,1.0,0.45,25965.921262786924,4.033437115478935,0.004,5.0265482457e-05,1.0,9.523083192657714e+16,0.8326289324439252,0.9307601997874371,300.0,26664.47166460062,6.437666069749472e+24,0.0,inf,2.198143940589957e-05,4.033437115478935,ambipolar_diffusion,0.0,0.0,0.0,3230.0,0,0,0,0,0.0
0.0006432160804020101,dc_series_circuit,0.0,5.193184250363213,0.9307601994397604,9.523083197147653e+16,0.8326289324781305,0.9307601994397604,1000.0,103.86368500726425,0.008961363149927357,0.9307601994397604,100000.0,11590.1658341015,8.628004243543445e-05,1.0,0.45,25965.921251816064,4.033437115710242,0.004,5.0265482457e-05,1.0,9.523083197147653e+16,0.8326289324781304,0.9307601994397604,300.0,26664.471651805477,6.437666066660311e+24,0.0,inf,2.1981439401169176e-05,4.033437115710242,ambipolar_diffusion,0.0,0.0,0.0,3230.0,0,0,0,0,0.0
0.0006482412060301508,dc_series_circuit,0.0,5.193184248169041,0.930760199092084,9.52308320163759e+16,0.8326289325123359,0.930760199092084,1000.0,103.86368496338082,0.008961363150366192,0.930760199092084,100000.0,11590.165828636975,8.628004247611373e-05,1.0,0.45,25965.921240845204,4.033437115941548,0.004,5.0265482457e-05,1.0,9.52308320163759e+16,0.8326289325123359,0.930760199092084,300.0,26664.471639010346,6.437666063571152e+24,0.0,inf,2.1981439396438795e-05,4.033437115941548,ambipolar_diffusion,0.0,0.0,0.0,3230.0,0,0,0,0,0.0
0.0006532663316582915,dc_series_circuit,0.0,5.19318424597487,0.9307601987444075,9.523083206127528e+16,0.8326289325465414,0.9307601987444075,1000.0,103.8636849194974,0.008961363150805025,0.9307601987444075,100000.0,11590.165823172452,8.628004251679298e-05,1.0,0.45,25965.92122987435,4.033437116172856,0.004,5.0265482457e-05,1.0,9.523083206127528e+16,0.8326289325465414,0.9307601987444075,300.0,26664.471626215203,6.437666060481991e+24,0.0,inf,2.1981439391708407e-05,4.033437116172856,ambipolar_diffusion,0.0,0.0,0.0,3230.0,0,0,0,0,0.0
0.0006582914572864322,dc_series_circuit,0.0,5.193184243780699,0.9307601983967315,9.523083210617466e+16,0.8326289325807467,0.9307601983967315,1000.0,103.86368487561398,0.008961363151243861,0.9307601983967315,100000.0,11590.165817707926,8.628004255747224e-05,1.0,0.45,25965.921218903495,4.033437116404164,0.004,5.0265482457e-05,1.0,9.523083210617466e+16,0.8326289325807469,0.9307601983967315,300.0,26664.471613420064,6.437666057392831e+24,0.0,inf,2.1981439386978023e-05,4.033437116404164,ambipolar_diffusion,0.0,0.0,0.0,3230.0,0,0,0,0,0.0
0.0006633165829145729,dc_series_circuit,0.0,5.193184241586529,0.9307601980490551,9.523083215107403e+16,0.8326289326149522,0.9307601980490551,1000.0,103.86368483173057,0.008961363151682694,0.9307601980490551,100000.0,11590.165812243404,8.62800425981515e-05,1.0,0.45,25965.921207932643,4.033437116635471,0.004,5.0265482457e-05,1.0,9.523083215107403e+16,0.8326289326149522,0.9307601980490551,300.0,26664.471600624925,6.43766605430367e+24,0.0,inf,2.1981439382247635e-05,4.033437116635471,ambipolar_diffusion,0.0,0.0,0.0,3230.0,0,0,0,0,0.0
0.0006683417085427136,dc_series_circuit,0.0,5.193184239392355,0.9307601977013784,9.523083219597342e+16,0.8326289326491575,0.9307601977013784,1000.0,103.8636847878471,0.008961363152121529,0.9307601977013784,100000.0,11590.165806778876,8.628004263883079e-05,1.0,0.45,25965.921196961775,4.033437116866776,0.004,5.0265482457e-05,1.0,9.523083219597342e+16,0.8326289326491575,0.9307601977013784,300.0,26664.471587829787,6.43766605121451e+24,0.0,inf,2.1981439377517244e-05,4.033437116866776,ambipolar_diffusion,0.0,0.0,0.0,3230.0,0,0,0,0,0.0
0.0006733668341708544,dc_series_circuit,0.0,5.193184237198183,0.930760197353702,9.523083224087282e+16,0.8326289326833628,0.930760197353702,1000.0,103.86368474396366,0.008961363152560364,0.930760197353702,100000.0,11590.165801314348,8.628004267951008e-05,1.0,0.45,25965.921185990916,4.033437117098083,0.004,5.0265482457e-05,1.0,9.523083224087282e+16,0.8326289326833628,0.930760197353702,300.0,26664.471575034644,6.437666048125349e+24,0.0,inf,2.1981439372786857e-05,4.033437117098083,ambipolar_diffusion,0.0,0.0,0.0,3230.0,0,0,0,0,0.0
0.000678391959798995,dc_series_circuit,0.0,5.193184235004014,0.930760197006026,9.523083228577218e+16,0.8326289327175683,0.930760197006026,1000.0,103.86368470008027,0.008961363152999198,0.930760197006026,100000.0,11590.165795849827,8.62800427201893e-05,1.0,0.45,25965.921175020067,4.033437117329392,0.004,5.0265482457e-05,1.0,9.523083228577218e+16,0.8326289327175682,0.930760197006026,300.0,26664.47156223951,6.437666045036188e+24,0.0,inf,2.1981439368056476e-05,4.033437117329392,ambipolar_diffusion,0.0,0.0,0.0,3230.0,0,0,0,0,0.0
0.0006834170854271357,dc_series_circuit,0.0,5.19318423280984,0.930760196658349,9.523083233067158e+16,0.8326289327517734,0.930760196658349,1000.0,103.8636846561968,0.008961363153438031,0.930760196658349,100000.0,11590.1657903853,8.62800427608686e-05,1.0,0.45,25965.9211640492,4.033437117560697,0.004,5.0265482457e-05,1.0,9.523083233067157e+16,0.8326289327517736,0.930760196658349,300.0,26664.471549444366,6.437666041947028e+24,0.0,inf,2.1981439363326085e-05,4.033437117560697,ambipolar_diffusion,0.0,0.0,0.0,3230.0,0,0,0,0,0.0
0.0006884422110552764,dc_series_circuit,0.0,5.193184230615671,0.930760196310673,9.523083237557093e+16,0.8326289327859793,0.930760196310673,1000.0,103.8636846123134,0.008961363153876866,0.930760196310673,100000.0,11590.165784920779,8.628004280154784e-05,1.0,0.45,25965.92115307835,4.033437117792006,0.004,5.0265482457e-05,1.0,9.523083237557093e+16,0.8326289327859793,0.930760196310673,300.0,26664.471536649227,6.437666038857867e+24,0.0,inf,2.1981439358595704e-05,4.033437117792006,ambipolar_diffusion,0.0,0.0,0.0,3230.0,0,0,0,0,0.0
0.0006934673366834172,dc_series_circuit,0.0,5.193184228421497,0.9307601959629963,9.523083242047034e+16,0.8326289328201845,0.9307601959629963,1000.0,103.86368456842995,0.0089613631543157,0.9307601959629963,100000.0,11590.165779456249,8.628004284222713e-05,1.0,0.45,25965.921142107487,4.033437118023312,0.004,5.0265482457e-05,1.0,9.523083242047034e+16,0.8326289328201845,0.9307601959629963,300.0,26664.471523854085,6.437666035768705e+24,0.0,inf,2.1981439353865313e-05,4.033437118023312,ambipolar_diffusion,0.0,0.0,0.0,3230.0,0,0,0,0,0.0
0.0006984924623115578,dc_series_circuit,0.0,5.193184226227325,0.9307601956153196,9.52308324653697e+16,0.8326289328543899,0.9307601956153196,1000.0,103.8636845245465,0.008961363154754534,0.9307601956153196,100000.0,11590.165773991725,8.62800428829064e-05,1.0,0.45,25965.921131136623,4.033437118254619,0.004,5.0265482457e-05,1.0,9.52308324653697e+16,0.8326289328543899,0.9307601956153196,300.0,26664.471511058946,6.437666032679545e+24,0.0,inf,2.198143934913493e-05,4.033437118254619,ambipolar_diffusion,0.0,0.0,0.0,3230.0,0,0,0,0,0.0
0.0007035175879396985,dc_series_circuit,0.0,5.193184224033155,0.9307601952676435,9.523083251026907e+16,0.8326289328885953,0.9307601952676435,1000.0,103.8636844806631,0.008961363155193369,0.9307601952676435,100000.0,11590.165768527202,8.628004292358565e-05,1.0,0.45,25965.921120165774,4.033437118485926,0.004,5.0265482457e-05,1.0,9.523083251026907e+16,0.8326289328885953,0.9307601952676435,300.0,26664.471498263807,6.437666029590385e+24,0.0,inf,2.1981439344404544e-05,4.033437118485926,ambipolar_diffusion,0.0,0.0,0.0,3230.0,0,0,0,0,0.0
0.0007085427135678392,dc_series_circuit,0.0,5.193184221838985,0.9307601949199674,9.523083255516843e+16,0.8326289329228008,0.9307601949199674,1000.0,103.86368443677969,0.008961363155632203,0.9307601949199674,100000.0,11590.16576306268,8.62800429642649e-05,1.0,0.45,25965.921109194922,4.0334371187172335,0.004,5.0265482457e-05,1.0,9.523083255516843e+16,0.8326289329228008,0.9307601949199674,300.0,26664.47148546867,6.437666026501225e+24,0.0,inf,2.198143933967416e-05,4.0334371187172335,ambipolar_diffusion,0.0,0.0,0.0,3230.0,0,0,0,0,0.0
0.00071356783919598,dc_series_circuit,0.0,5.193184219644813,0.9307601945722911,9.523083260006782e+16,0.8326289329570064,0.9307601945722911,1000.0,103.86368439289626,0.008961363156071038,0.9307601945722911,100000.0,11590.165757598154,8.628004300494416e-05,1.0,0.45,25965.921098224066,4.033437118948541,0.004,5.0265482457e-05,1.0,9.523083260006782e+16,0.8326289329570061,0.9307601945722911,300.0,26664.47147267353,6.437666023412064e+24,0.0,inf,2.1981439334943772e-05,4.033437118948541,ambipolar_diffusion,0.0,0.0,0.0,3230.0,0,0,0,0,0.0
0.0007185929648241207,dc_series_circuit,0.0,5.193184217450643,0.9307601942246146,9.523083264496718e+16,0.8326289329912119,0.9307601942246146,1000.0,103.86368434901284,0.008961363156509871,0.9307601942246146,100000.0,11590.165752133631,8.628004304562342e-05,1.0,0.45,25965.92108725321,4.033437119179848,0.004,5.0265482457e-05,1.0,9.523083264496718e+16,0.8326289329912119,0.9307601942246146,300.0,26664.47145987839,6.437666020322904e+24,0.0,inf,2.198143933021339e-05,4.033437119179848,ambipolar_diffusion,0.0,0.0,0.0,3230.0,0,0,0,0,0.0
0.0007236180904522613,dc_series_circuit,0.0,5.193184215256469,0.930760193876938,9.52308326898666e+16,0.832628933025417,0.930760193876938,1000.0,103.86368430512938,0.008961363156948706,0.930760193876938,100000.0,11590.165746669103,8.628004308630271e-05,1.0,0.45,25965.921076282346,4.033437119411155,0.004,5.0265482457e-05,1.0,9.52308326898666e+16,0.832628933025417,0.930760193876938,300.0,26664.47144708325,6.437666017233743e+24,0.0,inf,2.1981439325482997e-05,4.033437119411155,ambipolar_diffusion,0.0,0.0,0.0,3230.0,0,0,0,0,0.0
0.000728643216080402,dc_series_circuit,0.0,5.193184213062301,0.9307601935292621,9.523083273476595e+16,0.8326289330596226,0.9307601935292621,1000.0,103.86368426124601,0.00896136315738754,0.9307601935292621,100000.0,11590.165741204582,8.628004312698195e-05,1.0,0.45,25965.9210653115,4.033437119642463,0.004,5.0265482457e-05,1.0,9.523083273476595e+16,0.8326289330596225,0.9307601935292621,300.0,26664.471434288113,6.437666014144582e+24,0.0,inf,2.1981439320752613e-05,4.033437119642463,ambipolar_diffusion,0.0,0.0,0.0,3230.0,0,0,0,0,0.0
0.0007336683417085428,dc_series_circuit,0.0,5.193184210868127,0.9307601931815853,9.523083277966534e+16,0.8326289330938278,0.9307601931815853,1000.0,103.86368421736253,0.008961363157826375,0.9307601931815853,100000.0,11590.165735740053,8.628004316766124e-05,1.0,0.45,25965.921054340633,4.033437119873769,0.004,5.0265482457e-05,1.0,9.523083277966534e+16,0.8326289330938278,0.9307601931815853,300.0,26664.471421492974,6.437666011055422e+24,0.0,inf,2.1981439316022225e-05,4.033437119873769,ambipolar_diffusion,0.0,0.0,0.0,3230.0,0,0,0,0,0.0
0.0007386934673366835,dc_series_circuit,0.0,5.193184208673956,0.9307601928339089,9.523083282456472e+16,0.8326289331280332,0.9307601928339089,1000.0,103.86368417347911,0.008961363158265208,0.9307601928339089,100000.0,11590.16573027553,8.628004320834049e-05,1.0,0.45,25965.921043369777,4.033437120105076,0.004,5.0265482457e-05,1.0,9.523083282456472e+16,0.8326289331280332,0.9307601928339089,300.0,26664.471408697835,6.437666007966261e+24,0.0,inf,2.198143931129184e-05,4.033437120105076,ambipolar_diffusion,0.0,0.0,0.0,3230.0,0,0,0,0,0.0
0.0007437185929648241,dc_series_circuit,0.0,5.193184206479783,0.9307601924862323,9.523083286946411e+16,0.8326289331622387,0.9307601924862323,1000.0,103.86368412959565,0.008961363158704043,0.9307601924862323,100000.0,11590.165724811002,8.628004324901978e-05,1.0,0.45,25965.921032398914,4.033437120336383,0.004,5.0265482457e-05,1.0,9.523083286946411e+16,0.8326289331622387,0.9307601924862323,300.0,26664.471395902692,6.437666004877101e+24,0.0,inf,2.1981439306561453e-05,4.033437120336383,ambipolar_diffusion,0.0,0.0,0.0,3230.0,0,0,0,0,0.0
0.0007487437185929648,dc_series_circuit,0.0,5.193184204285612,0.930760192138556,9.523083291436349e+16,0.8326289331964442,0.930760192138556,1000.0,103.86368408571224,0.008961363159142878,0.930760192138556,100000.0,11590.165719346478,8.628004328969905e-05,1.0,0.45,25965.921021428057,4.033437120567689,0.004,5.0265482457e-05,1.0,9.523083291436349e+16,0.8326289331964442,0.930760192138556,300.0,26664.47138310756,6.437666001787941e+24,0.0,inf,2.198143930183107e-05,4.033437120567689,ambipolar_diffusion,0.0,0.0,0.0,3230.0,0,0,0,0,0.0
0.0007537688442211056,dc_series_circuit,0.0,5.193184202091443,0.93076019179088,9.523083295926285e+16,0.8326289332306498,0.93076019179088,1000.0,103.86368404182885,0.008961363159581712,0.93076019179088,100000.0,11590.165713881957,8.628004333037829e-05,1.0,0.45,25965.921010457212,4.0334371207989985,0.004,5.0265482457e-05,1.0,9.523083295926285e+16,0.8326289332306497,0.93076019179088,300.0,26664.471370312414,6.437665998698779e+24,0.0,inf,2.1981439297100685e-05,4.0334371207989985,ambipolar_diffusion,0.0,0.0,0.0,3230.0,0,0,0,0,0.0
0.0007587939698492463,dc_series_circuit,0.0,5.193184199897271,0.9307601914432033,9.523083300416222e+16,0.832628933264855,0.9307601914432033,1000.0,103.8636839979454,0.008961363160020545,0.9307601914432033,100000.0,11590.165708417431,8.628004337105755e-05,1.0,0.45,25965.92099948635,4.033437121030305,0.004,5.0265482457e-05,1.0,9.523083300416222e+16,0.832628933264855,0.9307601914432033,300.0,26664.471357517275,6.437665995609619e+24,0.0,inf,2.19814392923703e-05,4.033437121030305,ambipolar_diffusion,0.0,0.0,0.0,3230.0,0,0,0,0,0.0
0.000763819095477387,dc_series_circuit,0.0,5.193184197703101,0.9307601910955272,9.52308330490616e+16,0.8326289332990607,0.9307601910955272,1000.0,103.863683954062,0.00896136316045938,0.9307601910955272,100000.0,11590.165702952909,8.62800434117368e-05,1.0,0.45,25965.9209885155,4.0334371212616125,0.004,5.0265482457e-05,1.0,9.52308330490616e+16,0.8326289332990607,0.9307601910955272,300.0,26664.471344722144,6.437665992520459e+24,0.0,inf,2.198143928763992e-05,4.0334371212616125,ambipolar_diffusion,0.0,0.0,0.0,3230.0,0,0,0,0,0.0
0.0007688442211055276,dc_series_circuit,0.0,5.193184195508929,0.9307601907478509,9.523083309396098e+16,0.8326289333332658,0.9307601907478509,1000.0,103.86368391017857,0.008961363160898215,0.9307601907478509,100000.0,11590.165697488384,8.628004345241607e-05,1.0,0.45,25965.92097754464,4.033437121492919,0.004,5.0265482457e-05,1.0,9.523083309396098e+16,0.8326289333332659,0.9307601907478509,300.0,26664.471331927,6.437665989431299e+24,0.0,inf,2.1981439282909532e-05,4.033437121492919,ambipolar_diffusion,0.0,0.0,0.0,3230.0,0,0,0,0,0.0
0.0007738693467336684,dc_series_circuit,0.0,5.193184193314757,0.9307601904001743,9.523083313886035e+16,0.8326289333674713,0.9307601904001743,1000.0,103.86368386629513,0.008961363161337048,0.9307601904001743,100000.0,11590.16569202386,8.628004349309534e-05,1.0,0.45,25965.920966573784,4.033437121724226,0.004,5.0265482457e-05,1.0,9.523083313886035e+16,0.8326289333674713,0.9307601904001743,300.0,26664.47131913186,6.437665986342138e+24,0.0,inf,2.1981439278179145e-05,4.033437121724226,ambipolar_diffusion,0.0,0.0,0.0,3230.0,0,0,0,0,0.0
0.0007788944723618091,dc_series_circuit,0.0,5.193184191120585,0.9307601900524978,9.523083318375974e+16,0.8326289334016769,0.9307601900524978,1000.0,103.86368382241169,0.008961363161775883,0.9307601900524978,100000.0,11590.165686559332,8.628004353377462e-05,1.0,0.45,25965.92095560292,4.033437121955532,0.004,5.0265482457e-05,1.0,9.523083318375974e+16,0.8326289334016767,0.9307601900524978,300.0,26664.471306336724,6.437665983252977e+24,0.0,inf,2.1981439273448757e-05,4.033437121955532,ambipolar_diffusion,0.0,0.0,0.0,3230.0,0,0,0,0,0.0
0.0007839195979899498,dc_series_circuit,0.0,5.1931841889264145,0.9307601897048217,9.52308332286591e+16,0.8326289334358822,0.9307601897048217,1000.0,103.86368377852828,0.008961363162214717,0.9307601897048217,100000.0,11590.16568109481,8.628004357445387e-05,1.0,0.45,25965.92094463207,4.033437122186841,0.004,5.0265482457e-05,1.0,9.52308332286591e+16,0.8326289334358822,0.9307601897048217,300.0,26664.47129354158,6.437665980163817e+24,0.0,inf,2.1981439268718373e-05,4.033437122186841,ambipolar_diffusion,0.0,0.0,0.0,3230.0,0,0,0,0,0.0
0.0007889447236180904,dc_series_circuit,0.0,5.193184186732242,0.930760189357145,9.523083327355851e+16,0.8326289334700875,0.930760189357145,1000.0,103.86368373464482,0.008961363162653552,0.930760189357145,100000.0,11590.165675630282,8.628004361513316e-05,1.0,0.45,25965.920933661204,4.033437122418147,0.004,5.0265482457e-05,1.0,9.523083327355851e+16,0.8326289334700875,0.930760189357145,300.0,26664.471280746442,6.437665977074656e+24,0.0,inf,2.1981439263987982e-05,4.033437122418147,ambipolar_diffusion,0.0,0.0,0.0,3230.0,0,0,0,0,0.0
0.0007939698492462312,dc_series_circuit,0.0,5.193184184538071,0.9307601890094686,9.523083331845789e+16,0.8326289335042928,0.9307601890094686,1000.0,103.8636836907614,0.008961363163092385,0.9307601890094686,100000.0,11590.16567016576,8.628004365581241e-05,1.0,0.45,25965.92092269035,4.033437122649454,0.004,5.0265482457e-05,1.0,9.523083331845787e+16,0.8326289335042928,0.9307601890094686,300.0,26664.471267951303,6.437665973985496e+24,0.0,inf,2.1981439259257597e-05,4.033437122649454,ambipolar_diffusion,0.0,0.0,0.0,3230.0,0,0,0,0,0.0
0.0007989949748743719,dc_series_circuit,0.0,5.1931841823439,0.9307601886617926,9.523083336335726e+16,0.8326289335384982,0.9307601886617926,1000.0,103.86368364687799,0.008961363163531222,0.9307601886617926,100000.0,11590.165664701233,8.628004369649169e-05,1.0,0.45,25965.920911719495,4.033437122880761,0.004,5.0265482457e-05,1.0,9.523083336335726e+16,0.8326289335384982,0.9307601886617926,300.0,26664.471255156164,6.437665970896335e+24,0.0,inf,2.198143925452721e-05,4.033437122880761,ambipolar_diffusion,0.0,0.0,0.0,3230.0,0,0,0,0,0.0
0.0008040201005025126,dc_series_circuit,0.0,5.193184180149727,0.9307601883141157,9.523083340825664e+16,0.8326289335727037,0.9307601883141157,1000.0,103.86368360299453,0.008961363163970055,0.9307601883141157,100000.0,11590.165659236707,8.628004373717096e-05,1.0,0.45,25965.92090074863,4.033437123112067,0.004,5.0265482457e-05,1.0,9.523083340825664e+16,0.8326289335727037,0.9307601883141157,300.0,26664.47124236102,6.437665967807175e+24,0.0,inf,2.1981439249796826e-05,4.033437123112067,ambipolar_diffusion,0.0,0.0,0.0,3230.0,0,0,0,0,0.0
0.0008090452261306534,dc_series_circuit,0.0,5.193184177955556,0.9307601879664394,9.523083345315602e+16,0.8326289336069093,0.9307601879664394,1000.0,103.86368355911111,0.00896136316440889,0.9307601879664394,100000.0,11590.165653772183,8.628004377785022e-05,1.0,0.45,25965.920889777775,4.033437123343375,0.004,5.0265482457e-05,1.0,9.523083345315602e+16,0.8326289336069093,0.9307601879664394,300.0,26664.471229565886,6.437665964718014e+24,0.0,inf,2.198143924506644e-05,4.033437123343375,ambipolar_diffusion,0.0,0.0,0.0,3230.0,0,0,0,0,0.0
0.000814070351758794,dc_series_circuit,0.0,5.193184175761385,0.9307601876187632,9.523083349805541e+16,0.8326289336411145,0.9307601876187632,1000.0,103.86368351522769,0.008961363164847724,0.9307601876187632,100000.0,11590.165648307659,8.628004381852949e-05,1.0,0.45,25965.920878806923,4.033437123574683,0.004,5.0265482457e-05,1.0,9.523083349805541e+16,0.8326289336411145,0.9307601876187632,300.0,26664.471216770744,6.437665961628853e+24,0.0,inf,2.198143924033605e-05,4.033437123574683,ambipolar_diffusion,0.0,0.0,0.0,3230.0,0,0,0,0,0.0
0.0008190954773869347,dc_series_circuit,0.0,5.193184173567213,0.9307601872710866,9.523083354295478e+16,0.8326289336753202,0.9307601872710866,1000.0,103.86368347134425,0.008961363165286557,0.9307601872710866,100000.0,11590.165642843134,8.628004385920875e-05,1.0,0.45,25965.92086783606,4.033437123805989,0.004,5.0265482457e-05,1.0,9.523083354295478e+16,0.83262893367532,0.9307601872710866,300.0,26664.471203975605,6.437665958539693e+24,0.0,inf,2.1981439235605666e-05,4.033437123805989,ambipolar_diffusion,0.0,0.0,0.0,3230.0,0,0,0,0,0.0
0.0008241206030150754,dc_series_circuit,0.0,5.193184171373041,0.9307601869234101,9.523083358785418e+16,0.8326289337095253,0.9307601869234101,1000.0,103.86368342746081,0.008961363165725392,0.9307601869234101,100000.0,11590.165637378608,8.628004389988803e-05,1.0,0.45,25965.920856865203,4.033437124037295,0.004,5.0265482457e-05,1.0,9.523083358785418e+16,0.8326289337095254,0.9307601869234101,300.0,26664.471191180473,6.437665955450533e+24,0.0,inf,2.198143923087528e-05,4.033437124037295,ambipolar_diffusion,0.0,0.0,0.0,3230.0,0,0,0,0,0.0
0.0008291457286432162,dc_series_circuit,0.0,5.1931841691788705,0.930760186575734,9.523083363275354e+16,0.8326289337437309,0.930760186575734,1000.0,103.86368338357741,0.008961363166164226,0.930760186575734,100000.0,11590.165631914086,8.628004394056727e-05,1.0,0.45,25965.92084589435,4.033437124268603,0.004,5.0265482457e-05,1.0,9.523083363275354e+16,0.8326289337437309,0.930760186575734,300.0,26664.47117838533,6.437665952361373e+24,0.0,inf,2.1981439226144898e-05,4.033437124268603,ambipolar_diffusion,0.0,0.0,0.0,3230.0,0,0,0,0,0.0
0.0008341708542713569,dc_series_circuit,0.0,5.193184166984699,0.9307601862280575,9.523083367765291e+16,0.8326289337779363,0.9307601862280575,1000.0,103.86368333969398,0.00896136316660306,0.9307601862280575,100000.0,11590.165626449561,8.628004398124654e-05,1.0,0.45,25965.920834923494,4.033437124499911,0.004,5.0265482457e-05,1.0,9.523083367765291e+16,0.8326289337779363,0.9307601862280575,300.0,26664.471165590196,6.437665949272212e+24,0.0,inf,2.198143922141451e-05,4.033437124499911,ambipolar_diffusion,0.0,0.0,0.0,3230.0,0,0,0,0,0.0
0.0008391959798994975,dc_series_circuit,0.0,5.193184164790528,0.9307601858803812,9.523083372255229e+16,0.8326289338121416,0.9307601858803812,1000.0,103.86368329581056,0.008961363167041894,0.9307601858803812,100000.0,11590.165620985037,8.62800440219258e-05,1.0,0.45,25965.920823952638,4.0334371247312175,0.004,5.0265482457e-05,1.0,9.523083372255229e+16,0.8326289338121416,0.9307601858803812,300.0,26664.471152795053,6.437665946183051e+24,0.0,inf,2.1981439216684126e-05,4.0334371247312175,ambipolar_diffusion,0.0,0.0,0.0,3230.0,0,0,0,0,0.0
0.0008442211055276382,dc_series_circuit,0.0,5.193184162596356,0.9307601855327048,9.523083376745168e+16,0.8326289338463472,0.9307601855327048,1000.0,103.86368325192713,0.008961363167480729,0.9307601855327048,100000.0,11590.165615520513,8.628004406260507e-05,1.0,0.45,25965.92081298178,4.033437124962525,0.004,5.0265482457e-05,1.0,9.523083376745166e+16,0.8326289338463472,0.9307601855327048,300.0,26664.471139999914,6.437665943093891e+24,0.0,inf,2.1981439211953738e-05,4.033437124962525,ambipolar_diffusion,0.0,0.0,0.0,3230.0,0,0,0,0,0.0
0.000849246231155779,dc_series_circuit,0.0,5.193184160402185,0.9307601851850282,9.523083381235104e+16,0.8326289338805526,0.9307601851850282,1000.0,103.8636832080437,0.008961363167919562,0.9307601851850282,100000.0,11590.165610055989,8.628004410328433e-05,1.0,0.45,25965.92080201092,4.0334371251938315,0.004,5.0265482457e-05,1.0,9.523083381235104e+16,0.8326289338805526,0.9307601851850282,300.0,26664.471127204775,6.43766594000473e+24,0.0,inf,2.1981439207223354e-05,4.0334371251938315,ambipolar_diffusion,0.0,0.0,0.0,3230.0,0,0,0,0,0.0
0.0008542713567839197,dc_series_circuit,0.0,5.193184158208014,0.9307601848373522,9.523083385725043e+16,0.8326289339147578,0.9307601848373522,1000.0,103.86368316416028,0.008961363168358398,0.9307601848373522,100000.0,11590.165604591462,8.628004414396361e-05,1.0,0.45,25965.92079104007,4.03343712542514,0.004,5.0265482457e-05,1.0,9.523083385725043e+16,0.8326289339147578,0.9307601848373522,300.0,26664.471114409636,6.43766593691557e+24,0.0,inf,2.1981439202492963e-05,4.03343712542514,ambipolar_diffusion,0.0,0.0,0.0,3230.0,0,0,0,0,0.0
0.0008592964824120603,dc_series_circuit,0.0,5.193184156013841,0.9307601844896753,9.523083390214981e+16,0.8326289339489632,0.9307601844896753,1000.0,103.86368312027682,0.008961363168797231,0.9307601844896753,100000.0,11590.165599126936,8.628004418464288e-05,1.0,0.45,25965.920780069206,4.033437125656445,0.004,5.0265482457e-05,1.0,9.523083390214981e+16,0.8326289339489633,0.9307601844896753,300.0,26664.471101614494,6.437665933826409e+24,0.0,inf,2.198143919776258e-05,4.033437125656445,ambipolar_diffusion,0.0,0.0,0.0,3230.0,0,0,0,0,0.0
0.000864321608040201,dc_series_circuit,0.0,5.19318415381967,0.9307601841419991,9.52308339470492e+16,0.8326289339831686,0.9307601841419991,1000.0,103.8636830763934,0.008961363169236066,0.9307601841419991,100000.0,11590.165593662412,8.628004422532214e-05,1.0,0.45,25965.92076909835,4.033437125887752,0.004,5.0265482457e-05,1.0,9.52308339470492e+16,0.8326289339831686,0.9307601841419991,300.0,26664.47108881936,6.437665930737248e+24,0.0,inf,2.198143919303219e-05,4.033437125887752,ambipolar_diffusion,0.0,0.0,0.0,3230.0,0,0,0,0,0.0
0.0008693467336683418,dc_series_circuit,0.0,5.193184151625499,0.9307601837943229,9.523083399194858e+16,0.8326289340173743,0.9307601837943229,1000.0,103.86368303250998,0.0089613631696749,0.9307601837943229,100000.0,11590.165588197888,8.628004426600141e-05,1.0,0.45,25965.920758127497,4.03343712611906,0.004,5.0265482457e-05,1.0,9.523083399194858e+16,0.8326289340173741,0.9307601837943229,300.0,26664.471076024216,6.437665927648088e+24,0.0,inf,2.1981439188301807e-05,4.03343712611906,ambipolar_diffusion,0.0,0.0,0.0,3230.0,0,0,0,0,0.0
0.0008743718592964825,dc_series_circuit,0.0,5.193184149431328,0.9307601834466465,9.523083403684795e+16,0.8326289340515797,0.9307601834466465,1000.0,103.86368298862655,0.008961363170113736,0.9307601834466465,100000.0,11590.165582733362,8.628004430668069e-05,1.0,0.45,25965.920747156637,4.033437126350368,0.004,5.0265482457e-05,1.0,9.523083403684795e+16,0.8326289340515797,0.9307601834466465,300.0,26664.471063229073,6.437665924558927e+24,0.0,inf,2.1981439183571422e-05,4.033437126350368,ambipolar_diffusion,0.0,0.0,0.0,3230.0,0,0,0,0,0.0
0.0008793969849246232,dc_series_circuit,0.0,5.193184147237156,0.9307601830989699,9.523083408174733e+16,0.832628934085785,0.9307601830989699,1000.0,103.86368294474312,0.008961363170552569,0.9307601830989699,100000.0,11590.16557726884,8.628004434735994e-05,1.0,0.45,25965.92073618578,4.033437126581674,0.004,5.0265482457e-05,1.0,9.523083408174733e+16,0.832628934085785,0.9307601830989699,300.0,26664.471050433942,6.437665921469768e+24,0.0,inf,2.1981439178841035e-05,4.033437126581674,ambipolar_diffusion,0.0,0.0,0.0,3230.0,0,0,0,0,0.0
0.0008844221105527638,dc_series_circuit,0.0,5.193184145042984,0.9307601827512936,9.52308341266467e+16,0.8326289341199904,0.9307601827512936,1000.0,103.86368290085969,0.008961363170991403,0.9307601827512936,100000.0,11590.165571804313,8.628004438803922e-05,1.0,0.45,25965.92072521492,4.033437126812981,0.004,5.0265482457e-05,1.0,9.523083412664672e+16,0.8326289341199904,0.9307601827512936,300.0,26664.471037638803,6.437665918380607e+24,0.0,inf,2.1981439174110647e-05,4.033437126812981,ambipolar_diffusion,0.0,0.0,0.0,3230.0,0,0,0,0,0.0
0.0008894472361809046,dc_series_circuit,0.0,5.193184142848814,0.9307601824036174,9.523083417154608e+16,0.8326289341541958,0.9307601824036174,1000.0,103.86368285697627,0.008961363171430238,0.9307601824036174,100000.0,11590.165566339789,8.628004442871847e-05,1.0,0.45,25965.92071424407,4.033437127044288,0.004,5.0265482457e-05,1.0,9.523083417154608e+16,0.8326289341541959,0.9307601824036174,300.0,26664.47102484366,6.437665915291447e+24,0.0,inf,2.1981439169380266e-05,4.033437127044288,ambipolar_diffusion,0.0,0.0,0.0,3230.0,0,0,0,0,0.0
0.0008944723618090453,dc_series_circuit,0.0,5.193184140654642,0.9307601820559407,9.523083421644547e+16,0.8326289341884013,0.9307601820559407,1000.0,103.86368281309284,0.008961363171869071,0.9307601820559407,100000.0,11590.165560875264,8.628004446939774e-05,1.0,0.45,25965.92070327321,4.033437127275596,0.004,5.0265482457e-05,1.0,9.523083421644547e+16,0.8326289341884013,0.9307601820559407,300.0,26664.47101204852,6.437665912202285e+24,0.0,inf,2.198143916464988e-05,4.033437127275596,ambipolar_diffusion,0.0,0.0,0.0,3230.0,0,0,0,0,0.0
0.000899497487437186,dc_series_circuit,0.0,5.19318413846047,0.9307601817082642,9.523083426134485e+16,0.8326289342226066,0.9307601817082642,1000.0,103.86368276920939,0.008961363172307906,0.9307601817082642,100000.0,11590.165555410738,8.628004451007701e-05,1.0,0.45,25965.92069230235,4.033437127506902,0.004,5.0265482457e-05,1.0,9.523083426134485e+16,0.8326289342226066,0.9307601817082642,300.0,26664.47099925338,6.437665909113124e+24,0.0,inf,2.198143915991949e-05,4.033437127506902,ambipolar_diffusion,0.0,0.0,0.0,3230.0,0,0,0,0,0.0
0.0009045226130653266,dc_series_circuit,0.0,5.1931841362663,0.9307601813605881,9.523083430624422e+16,0.8326289342568122,0.9307601813605881,1000.0,103.86368272532599,0.00896136317274674,0.9307601813605881,100000.0,11590.165549946216,8.628004455075627e-05,1.0,0.45,25965.920681331496,4.0334371277382095,0.004,5.0265482457e-05,1.0,9.523083430624422e+16,0.8326289342568121,0.9307601813605881,300.0,26664.470986458236,6.437665906023964e+24,0.0,inf,2.1981439155189107e-05,4.0334371277382095,ambipolar_diffusion,0.0,0.0,0.0,3230.0,0,0,0,0,0.0
0.0009095477386934674,dc_series_circuit,0.0,5.193184134072129,0.9307601810129118,9.523083435114358e+16,0.8326289342910177,0.9307601810129118,1000.0,103.86368268144257,0.008961363173185575,0.9307601810129118,100000.0,11590.165544481692,8.628004459143553e-05,1.0,0.45,25965.920670360643,4.033437127969518,0.004,5.0265482457e-05,1.0,9.523083435114358e+16,0.8326289342910177,0.9307601810129118,300.0,26664.4709736631,6.437665902934803e+24,0.0,inf,2.1981439150458726e-05,4.033437127969518,ambipolar_diffusion,0.0,0.0,0.0,3230.0,0,0,0,0,0.0
0.0009145728643216081,dc_series_circuit,0.0,5.193184131877957,0.9307601806652352,9.523083439604299e+16,0.8326289343252228,0.9307601806652352,1000.0,103.86368263755914,0.008961363173624408,0.9307601806652352,100000.0,11590.165539017167,8.62800446321148e-05,1.0,0.45,25965.920659389783,4.033437128200824,0.004,5.0265482457e-05,1.0,9.523083439604299e+16,0.832628934325223,0.9307601806652352,300.0,26664.470960867962,6.437665899845642e+24,0.0,inf,2.1981439145728335e-05,4.033437128200824,ambipolar_diffusion,0.0,0.0,0.0,3230.0,0,0,0,0,0.0
0.0009195979899497488,dc_series_circuit,0.0,5.193184129683786,0.930760180317559,9.523083444094234e+16,0.8326289343594285,0.930760180317559,1000.0,103.86368259367572,0.008961363174063243,0.930760180317559,100000.0,11590.165533552643,8.628004467279406e-05,1.0,0.45,25965.92064841893,4.033437128432133,0.004,5.0265482457e-05,1.0,9.523083444094235e+16,0.8326289343594285,0.930760180317559,300.0,26664.47094807282,6.437665896756482e+24,0.0,inf,2.198143914099795e-05,4.033437128432133,ambipolar_diffusion,0.0,0.0,0.0,3230.0,0,0,0,0,0.0
0.0009246231155778894,dc_series_circuit,0.0,5.193184127489614,0.9307601799698826,9.523083448584174e+16,0.8326289343936336,0.9307601799698826,1000.0,103.86368254979227,0.008961363174502078,0.9307601799698826,100000.0,11590.165528088117,8.628004471347333e-05,1.0,0.45,25965.920637448067,4.033437128663438,0.004,5.0265482457e-05,1.0,9.523083448584174e+16,0.8326289343936337,0.9307601799698826,300.0,26664.470935277684,6.437665893667321e+24,0.0,inf,2.1981439136267563e-05,4.033437128663438,ambipolar_diffusion,0.0,0.0,0.0,3230.0,0,0,0,0,0.0
0.0009296482412060302,dc_series_circuit,0.0,5.193184125295442,0.9307601796222061,9.523083453074114e+16,0.8326289344278395,0.9307601796222061,1000.0,103.86368250590884,0.008961363174940912,0.9307601796222061,100000.0,11590.16552262359,8.628004475415261e-05,1.0,0.45,25965.92062647721,4.033437128894746,0.004,5.0265482457e-05,1.0,9.523083453074114e+16,0.8326289344278393,0.9307601796222061,300.0,26664.470922482542,6.437665890578161e+24,0.0,inf,2.1981439131537175e-05,4.033437128894746,ambipolar_diffusion,0.0,0.0,0.0,3230.0,0,0,0,0,0.0
0.0009346733668341709,dc_series_circuit,0.0,5.19318412310127,0.9307601792745295,9.52308345756405e+16,0.8326289344620447,0.9307601792745295,1000.0,103.8636824620254,0.008961363175379745,0.9307601792745295,100000.0,11590.165517159066,8.628004479483187e-05,1.0,0.45,25965.920615506348,4.033437129126051,0.004,5.0265482457e-05,1.0,9.523083457564051e+16,0.8326289344620444,0.9307601792745295,300.0,26664.470909687407,6.437665887489e+24,0.0,inf,2.1981439126806788e-05,4.033437129126051,ambipolar_diffusion,0.0,0.0,0.0,3230.0,0,0,0,0,0.0
0.0009396984924623116,dc_series_circuit,0.0,5.1931841209071,0.9307601789268534,9.523083462053989e+16,0.83262893449625,0.9307601789268534,1000.0,103.86368241814199,0.00896136317581858,0.9307601789268534,100000.0,11590.165511694544,8.628004483551112e-05,1.0,0.45,25965.9206045355,4.0334371293573605,0.004,5.0265482457e-05,1.0,9.523083462053989e+16,0.8326289344962502,0.9307601789268534,300.0,26664.470896892264,6.43766588439984e+24,0.0,inf,2.1981439122076407e-05,4.0334371293573605,ambipolar_diffusion,0.0,0.0,0.0,3230.0,0,0,0,0,0.0
0.0009447236180904523,dc_series_circuit,0.0,5.193184118712929,0.9307601785791769,9.523083466543923e+16,0.8326289345304555,0.9307601785791769,1000.0,103.86368237425857,0.008961363176257413,0.9307601785791769,100000.0,11590.165506230021,8.628004487619038e-05,1.0,0.45,25965.920593564642,4.033437129588666,0.004,5.0265482457e-05,1.0,9.523083466543925e+16,0.8326289345304555,0.9307601785791769,300.0,26664.470884097133,6.437665881310681e+24,0.0,inf,2.1981439117346023e-05,4.033437129588666,ambipolar_diffusion,0.0,0.0,0.0,3230.0,0,0,0,0,0.0
0.000949748743718593,dc_series_circuit,0.0,5.193184116518758,0.9307601782315007,9.523083471033864e+16,0.8326289345646608,0.9307601782315007,1000.0,103.86368233037514,0.00896136317669625,0.9307601782315007,100000.0,11590.165500765494,8.628004491686967e-05,1.0,0.45,25965.920582593786,4.033437129819974,0.004,5.0265482457e-05,1.0,9.523083471033864e+16,0.8326289345646609,0.9307601782315007,300.0,26664.470871301994,6.43766587822152e+24,0.0,inf,2.1981439112615635e-05,4.033437129819974,ambipolar_diffusion,0.0,0.0,0.0,3230.0,0,0,0,0,0.0
0.0009547738693467337,dc_series_circuit,0.0,5.193184114324588,0.9307601778838244,9.5230834755238e+16,0.8326289345988664,0.9307601778838244,1000.0,103.86368228649174,0.008961363177135083,0.9307601778838244,100000.0,11590.165495300973,8.628004495754891e-05,1.0,0.45,25965.920571622933,4.033437130051282,0.004,5.0265482457e-05,1.0,9.5230834755238e+16,0.8326289345988664,0.9307601778838244,300.0,26664.47085850685,6.437665875132359e+24,0.0,inf,2.198143910788525e-05,4.033437130051282,ambipolar_diffusion,0.0,0.0,0.0,3230.0,0,0,0,0,0.0
0.0009597989949748744,dc_series_circuit,0.0,5.193184112130416,0.930760177536148,9.52308348001374e+16,0.8326289346330719,0.930760177536148,1000.0,103.8636822426083,0.008961363177573917,0.930760177536148,100000.0,11590.165489836447,8.628004499822819e-05,1.0,0.45,25965.920560652077,4.033437130282589,0.004,5.0265482457e-05,1.0,9.523083480013739e+16,0.8326289346330719,0.930760177536148,300.0,26664.47084571171,6.437665872043198e+24,0.0,inf,2.1981439103154863e-05,4.033437130282589,ambipolar_diffusion,0.0,0.0,0.0,3230.0,0,0,0,0,0.0
0.0009648241206030152,dc_series_circuit,0.0,5.193184109936243,0.9307601771884714,9.523083484503678e+16,0.8326289346672773,0.9307601771884714,1000.0,103.86368219872485,0.008961363178012752,0.9307601771884714,100000.0,11590.165484371919,8.628004503890747e-05,1.0,0.45,25965.92054968121,4.033437130513895,0.004,5.0265482457e-05,1.0,9.523083484503678e+16,0.832628934667277,0.9307601771884714,300.0,26664.470832916573,6.437665868954038e+24,0.0,inf,2.1981439098424476e-05,4.033437130513895,ambipolar_diffusion,0.0,0.0,0.0,3230.0,0,0,0,0,0.0
0.0009698492462311559,dc_series_circuit,0.0,5.193184107742071,0.9307601768407948,9.523083488993616e+16,0.8326289347014826,0.9307601768407948,1000.0,103.86368215484141,0.008961363178451585,0.9307601768407948,100000.0,11590.165478907395,8.628004507958673e-05,1.0,0.45,25965.920538710354,4.033437130745202,0.004,5.0265482457e-05,1.0,9.523083488993616e+16,0.8326289347014826,0.9307601768407948,300.0,26664.47082012143,6.437665865864877e+24,0.0,inf,2.198143909369409e-05,4.033437130745202,ambipolar_diffusion,0.0,0.0,0.0,3230.0,0,0,0,0,0.0
0.0009748743718592965,dc_series_circuit,0.0,5.1931841055479,0.9307601764931185,9.523083493483554e+16,0.8326289347356878,0.9307601764931185,1000.0,103.86368211095798,0.00896136317889042,0.9307601764931185,100000.0,11590.16547344287,8.6280045120266e-05,1.0,0.45,25965.920527739494,4.033437130976508,0.004,5.0265482457e-05,1.0,9.523083493483554e+16,0.832628934735688,0.9307601764931185,300.0,26664.470807326292,6.437665862775716e+24,0.0,inf,2.1981439088963704e-05,4.033437130976508,ambipolar_diffusion,0.0,0.0,0.0,3230.0,0,0,0,0,0.0
0.0009798994974874373,dc_series_circuit,0.0,5.193184103353727,0.9307601761454419,9.523083497973494e+16,0.8326289347698932,0.9307601761454419,1000.0,103.86368206707454,0.008961363179329255,0.9307601761454419,100000.0,11590.165467978342,8.628004516094529e-05,1.0,0.45,25965.920516768634,4.033437131207815,0.004,5.0265482457e-05,1.0,9.523083497973494e+16,0.8326289347698932,0.9307601761454419,300.0,26664.470794531153,6.437665859686556e+24,0.0,inf,2.1981439084233313e-05,4.033437131207815,ambipolar_diffusion,0.0,0.0,0.0,3230.0,0,0,0,0,0.0
0.0009849246231155779,dc_series_circuit,0.0,5.193184101159557,0.9307601757977658,9.52308350246343e+16,0.832628934804099,0.9307601757977658,1000.0,103.86368202319113,0.00896136317976809,0.9307601757977658,100000.0,11590.16546251382,8.628004520162454e-05,1.0,0.45,25965.92050579778,4.033437131439124,0.004,5.0265482457e-05,1.0,9.52308350246343e+16,0.8326289348040989,0.9307601757977658,300.0,26664.470781736014,6.437665856597395e+24,0.0,inf,2.1981439079502932e-05,4.033437131439124,ambipolar_diffusion,0.0,0.0,0.0,3230.0,0,0,0,0,0.0
0.0009899497487437187,dc_series_circuit,0.0,5.193184098965386,0.9307601754500894,9.523083506953368e+16,0.8326289348383042,0.9307601754500894,1000.0,103.86368197930771,0.008961363180206922,0.9307601754500894,100000.0,11590.165457049297,8.62800452423038e-05,1.0,0.45,25965.92049482693,4.033437131670431,0.004,5.0265482457e-05,1.0,9.523083506953368e+16,0.8326289348383042,0.9307601754500894,300.0,26664.470768940875,6.437665853508236e+24,0.0,inf,2.1981439074772544e-05,4.033437131670431,ambipolar_diffusion,0.0,0.0,0.0,3230.0,0,0,0,0,0.0
0.0009949748743718595,dc_series_circuit,0.0,5.1931840967712155,0.9307601751024133,9.523083511443304e+16,0.83262893487251,0.9307601751024133,1000.0,103.86368193542431,0.008961363180645757,0.9307601751024133,100000.0,11590.165451584775,8.628004528298305e-05,1.0,0.45,25965.920483856076,4.033437131901738,0.004,5.0265482457e-05,1.0,9.523083511443304e+16,0.8326289348725098,0.9307601751024133,300.0,26664.47075614574,6.437665850419075e+24,0.0,inf,2.1981439070042167e-05,4.033437131901738,ambipolar_diffusion,0.0,0.0,0.0,3230.0,0,0,0,0,0.0
0.001,dc_series_circuit,0.0,5.193184094577043,0.9307601747547366,9.523083515933243e+16,0.832628934906715,0.9307601747547366,1000.0,103.86368189154085,0.008961363181084592,0.9307601747547366,100000.0,11590.165446120247,8.628004532366234e-05,1.0,0.45,25965.920472885213,4.033437132133044,0.004,5.0265482457e-05,1.0,9.523083515933243e+16,0.832628934906715,0.9307601747547366,300.0,26664.470743350597,6.437665847329914e+24,0.0,inf,2.1981439065311772e-05,4.033437132133044,ambipolar_diffusion,0.0,0.0,0.0,3230.0,0,0,0,0,0.0
