time_s,step_id,self_bias_V,plasma_potential_V,total_absorbed_power_W,electron_density_m3,mean_electron_energy_eV,port_dc_series_drive_absorbed_power_W,port_dc_series_drive_source_voltage_V,port_dc_series_drive_gap_voltage_V,port_dc_series_drive_current_A,port_dc_series_drive_delivered_power_W,port_dc_series_drive_ballast_resistance_ohm,port_dc_series_drive_plasma_resistance_ohm,port_dc_series_drive_plasma_conductance_S,port_dc_series_drive_conductance_multiplier,port_dc_series_drive_electron_mobility_m2_V_s,port_dc_series_drive_electric_field_V_m,port_dc_series_drive_reduced_field_Td,port_dc_series_drive_gap_m,port_dc_series_drive_electrode_area_m2,port_dc_series_drive_waveform_multiplier,ne_plasma_m3,mean_energy_plasma_eV,pabs_plasma_W,Tg_plasma_K,pressure_plasma_Pa,total_density_plasma_m3,electronegativity_plasma,residence_time_plasma_s,debye_length_plasma_m,EoverN_plasma_Td,ion_loss_family_plasma,ion_loss_area_plasma_m2,ion_loss_h_factor_plasma,ion_loss_characteristic_length_plasma_m,ambipolar_loss_rate_plasma_s,warning_high_electronegativity_plasma,warning_ion_ion_afterglow_plasma,warning_pressure_deviation_plasma,warning_debye_ratio_plasma,film_wall_m
0.0,dc_series_circuit,0.0,24.9954707729958,0.00045284064483087666,2000000000000.0002,3.0,0.00045284064483087666,500.0,499.90941545991603,9.058454008397978e-07,0.00045284064483087666,100000.0,551870567.534434,1.8120190835102019e-09,1.0,0.45,124977.353864979,38.82691120184649,0.004,5.0265482457e-05,1.0,2000000000000.0,3.0,0.00045284064483087666,300.0,13332.236840008285,3.2188332781680413e+24,0.0,inf,0.009104682332231951,38.82691120184649,ambipolar_diffusion,0.0,0.0,0.0,3230.0,0,0,0,1,0.0
5.025125628140704e-06,dc_series_circuit,0.0,2.998897320241332,0.2639161914747306,8.097483658616683e+16,0.9075891990016928,0.2639161914747306,500.0,59.97794640482664,0.004400220535951733,0.2639161914747306,100000.0,13630.668261915622,7.336397458912718e-05,1.0,0.45,14994.48660120666,4.658360867927306,0.004,5.0265482457e-05,1.0,8.097483658616683e+16,0.9075891990016928,0.2639161914747306,300.0,13332.236500183759,3.218833196123407e+24,0.0,inf,2.488793061649742e-05,4.658360867927306,ambipolar_diffusion,0.0,0.0,0.0,3230.0,0,0,0,0,0.0
1.0050251256281408e-05,dc_series_circuit,0.0,2.8499976152235487,0.2525098158952352,8.578206747739208e+16,0.8879202317916789,0.2525098158952352,500.0,56.99995230447097,0.00443000047695529,0.2525098158952352,100000.0,12866.805003968455,7.771937164599713e-05,1.0,0.45,14249.988076117743,4.427066344610108,0.004,5.0265482457e-05,1.0,8.578206747739208e+16,0.8879202317916789,0.2525098158952352,300.0,13332.236467106706,3.2188331881375366e+24,0.0,inf,2.3917065305130066e-05,4.427066344610108,ambipolar_diffusion,0.0,0.0,0.0,3230.0,0,0,0,0,0.0
1.5075376884422112e-05,dc_series_circuit,0.0,2.8051692218988364,0.24904102473592954,8.732930450128218e+16,0.8797012974250715,0.24904102473592954,500.0,56.10338443797673,0.004438966155620233,0.24904102473592954,100000.0,12638.840322524988,7.912118315299833e-05,1.0,0.45,14025.846109494181,4.357431811222576,0.004,5.0265482457e-05,1.0,8.732930450128218e+16,0.8797012974250715,0.24904102473592954,300.0,13332.23644855648,3.2188331836589116e+24,0.0,inf,2.359428296672476e-05,4.357431811222576,ambipolar_diffusion,0.0,0.0,0.0,3230.0,0,0,0,0,0.0
2.0100502512562815e-05,dc_series_circuit,0.0,2.782725930385413,0.24729833862398382,8.812265351743126e+16,0.8749196050715057,0.24729833862398382,500.0,55.654518607708255,0.004443454813922917,0.24729833862398382,100000.0,12525.055601628477,7.983996493157143e-05,1.0,0.45,13913.629651927064,4.3225693516488874,0.004,5.0265482457e-05,1.0,8.812265351743128e+16,0.8749196050715057,0.24729833862398382,300.0,13332.236433390479,3.2188331799973484e+24,0.0,inf,2.34239136934555e-05,4.3225693516488874,ambipolar_diffusion,0.0,0.0,0.0,3230.0,0,0,0,0,0.0
2.5125628140703518e-05,dc_series_circuit,0.0,2.7698021373510566,0.24629299821480774,8.858533066622376e+16,0.8721472539886035,0.24629299821480774,500.0,55.39604274702113,0.004446039572529789,0.24629299821480774,100000.0,12459.637806485127,8.025915484312948e-05,1.0,0.45,13849.010686755282,4.30249407989977,0.004,5.0265482457e-05,1.0,8.858533066622376e+16,0.8721472539886036,0.24629299821480774,300.0,13332.23641955837,3.21883317665783e+24,0.0,inf,2.3325618679552133e-05,4.30249407989977,ambipolar_diffusion,0.0,0.0,0.0,3230.0,0,0,0,0,0.0
3.0150753768844224e-05,dc_series_circuit,0.0,2.7623191592095284,0.2457102873716087,8.885520346438552e+16,0.870541346225971,0.2457102873716087,500.0,55.24638318419056,0.004447536168158094,0.2457102873716087,100000.0,12421.795145753775,8.050366217332417e-05,1.0,0.45,13811.59579604764,4.290870340758765,0.004,5.0265482457e-05,1.0,8.885520346438552e+16,0.8705413462259711,0.2457102873716087,300.0,13332.236406503978,3.2188331735060776e+24,0.0,inf,2.3268716943304076e-05,4.290870340758765,ambipolar_diffusion,0.0,0.0,0.0,3230.0,0,0,0,0,0.0
3.517587939698493e-05,dc_series_circuit,0.0,2.7579723927653585,0.2453715923995123,8.90126415399941e+16,0.8696082921029965,0.2453715923995123,500.0,55.159447855307164,0.004448405521446928,0.2453715923995123,100000.0,12399.824519003274,8.06463025720611e-05,1.0,0.45,13789.86196382679,4.284118260729774,0.004,5.0265482457e-05,1.0,8.90126415399941e+16,0.8696082921029967,0.2453715923995123,300.0,13332.236393903133,3.218833170463826e+24,0.0,inf,2.323566784258191e-05,4.284118260729774,ambipolar_diffusion,0.0,0.0,0.0,3230.0,0,0,0,0,0.0
4.020100502512563e-05,dc_series_circuit,0.0,2.7554425599979178,0.24517440119400027,8.910449970675886e+16,0.8690651796954701,0.24517440119400027,500.0,55.10885119995835,0.004448911488000417,0.24517440119400027,100000.0,12387.041492868017,8.072952694763812e-05,1.0,0.45,13777.212799989587,4.280188528923468,0.004,5.0265482457e-05,1.0,8.910449970675886e+16,0.8690651796954701,0.24517440119400027,300.0,13332.236381566834,3.218833167485444e+24,0.0,inf,2.321643459473867e-05,4.280188528923468,ambipolar_diffusion,0.0,0.0,0.0,3230.0,0,0,0,0,0.0
4.522613065326633e-05,dc_series_circuit,0.0,2.7539684284143164,0.24505947442262038,8.915810320940213e+16,0.8687486820633505,0.24505947442262038,500.0,55.07936856828633,0.004449206314317137,0.24505947442262038,100000.0,12379.59417414427,8.077809223250441e-05,1.0,0.45,13769.842142071582,4.2778986788589695,0.004,5.0265482457e-05,1.0,8.915810320940213e+16,0.8687486820633505,0.24505947442262038,300.0,13332.236369384853,3.21883316454432e+24,0.0,inf,2.320522785613149e-05,4.2778986788589695,ambipolar_diffusion,0.0,0.0,0.0,3230.0,0,0,0,0,0.0
5.0251256281407036e-05,dc_series_circuit,0.0,2.753108826774907,0.24499244982922702,8.91893871992465e+16,0.8685641147287515,0.24499244982922702,500.0,55.06217653549813,0.004449378234645018,0.24499244982922702,100000.0,12375.251918741658,8.080643582580758e-05,1.0,0.45,13765.544133874533,4.276563413720209,0.004,5.0265482457e-05,1.0,8.918938719924651e+16,0.8685641147287514,0.24499244982922702,300.0,13332.23635729291,3.218833161624933e+24,0.0,inf,2.3198693080397063e-05,4.276563413720209,ambipolar_diffusion,0.0,0.0,0.0,3230.0,0,0,0,0,0.0
5.527638190954774e-05,dc_series_circuit,0.0,2.7526073402264166,0.24495334534476823,8.920764711977221e+16,0.8684564354214265,0.24495334534476823,500.0,55.05214680452833,0.004449478531954716,0.24495334534476823,100000.0,12372.718827422497,8.082297948803557e-05,1.0,0.45,13763.036701132081,4.275784429477125,0.004,5.0265482457e-05,1.0,8.920764711977221e+16,0.8684564354214265,0.24495334534476823,300.0,13332.236345253501,3.218833158718231e+24,0.0,inf,2.3194880773733395e-05,4.275784429477125,ambipolar_diffusion,0.0,0.0,0.0,3230.0,0,0,0,0,0.0
6.030150753768845e-05,dc_series_circuit,0.0,2.7523146870251773,0.24493052415685973,8.92183061615628e+16,0.8683935954210614,0.24493052415685973,500.0,55.04629374050354,0.004449537062594965,0.24493052415685973,100000.0,12371.240640571406,8.08326366816038e-05,1.0,0.45,13761.573435125885,4.27532983815829,0.004,5.0265482457e-05,1.0,8.92183061615628e+16,0.8683935954210614,0.24493052415685973,300.0,13332.236333244753,3.218833155818931e+24,0.0,inf,2.3192656033439853e-05,4.27532983815829,ambipolar_diffusion,0.0,0.0,0.0,3230.0,0,0,0,0,0.0
6.532663316582915e-05,dc_series_circuit,0.0,2.752143867729206,0.24491720329820274,8.922452880540181e+16,0.868356915739312,0.24491720329820274,500.0,55.04287735458412,0.0044495712264541595,0.24491720329820274,100000.0,12370.377852889773,8.083827445629688e-05,1.0,0.45,13760.71933864603,4.275064498495657,0.004,5.0265482457e-05,1.0,8.922452880540181e+16,0.868356915739312,0.24491720329820274,300.0,13332.236321253906,3.218833152923952e+24,0.0,inf,2.3191357475038972e-05,4.275064498495657,ambipolar_diffusion,0.0,0.0,0.0,3230.0,0,0,0,0,0.0
7.035175879396985e-05,dc_series_circuit,0.0,2.752044147319177,0.2449094267767427,8.922816180009499e+16,0.8683355028906791,0.2449094267767427,500.0,55.04088294638353,0.004449591170536164,0.2449094267767427,100000.0,12369.874183239008,8.084156598415406e-05,1.0,0.45,13760.220736595884,4.274909600847514,0.004,5.0265482457e-05,1.0,8.922816180009499e+16,0.8683355028906791,0.2449094267767427,300.0,13332.236309273503,3.218833150031495e+24,0.0,inf,2.3190599408808426e-05,4.274909600847514,ambipolar_diffusion,0.0,0.0,0.0,3230.0,0,0,0,0,0.0
7.537688442211056e-05,dc_series_circuit,0.0,2.7519859264823125,0.24490488649000441,8.923028301209731e+16,0.8683230012815933,0.24490488649000441,500.0,55.03971852964625,0.004449602814703538,0.24490488649000441,100000.0,12369.580122470632,8.084348782246826e-05,1.0,0.45,13759.929632411562,4.2748191668882765,0.004,5.0265482457e-05,1.0,8.923028301209733e+16,0.8683230012815931,0.24490488649000441,300.0,13332.236297299194,3.21883314714051e+24,0.0,inf,2.3190156821256173e-05,4.2748191668882765,ambipolar_diffusion,0.0,0.0,0.0,3230.0,0,0,0,0,0.0
8.040201005025126e-05,dc_series_circuit,0.0,2.7519519318429313,0.2449022354435969,8.923152161080685e+16,0.8683157018605618,0.2449022354435969,500.0,55.03903863685862,0.004449609613631413,0.2449022354435969,100000.0,12369.408423661731,8.084461000471749e-05,1.0,0.45,13759.759659214655,4.274766364883782,0.004,5.0265482457e-05,1.0,8.923152161080685e+16,0.868315701860562,0.2449022354435969,300.0,13332.236285328452,3.2188331442503855e+24,0.0,inf,2.3189898400803113e-05,4.274766364883782,ambipolar_diffusion,0.0,0.0,0.0,3230.0,0,0,0,0,0.0
8.542713567839196e-05,dc_series_circuit,0.0,2.751932081032571,0.24490068738879206,8.923224489158366e+16,0.8683114396285218,0.24490068738879206,500.0,55.03864162065142,0.004449613583793486,0.24490068738879206,100000.0,12369.308162199699,8.084526530400265e-05,1.0,0.45,13759.660405162855,4.274735533307561,0.004,5.0265482457e-05,1.0,8.923224489158366e+16,0.8683114396285218,0.24490068738879206,300.0,13332.236273359791,3.218833141360763e+24,0.0,inf,2.3189747501564723e-05,4.274735533307561,ambipolar_diffusion,0.0,0.0,0.0,3230.0,0,0,0,0,0.0
9.045226130653267e-05,dc_series_circuit,0.0,2.7519204885398216,0.24489978335300114,8.923266727851955e+16,0.868308950781913,0.24489978335300114,500.0,55.03840977079643,0.004449615902292036,0.24489978335300114,100000.0,12369.249611510437,8.084564799059688e-05,1.0,0.45,13759.602442699106,4.274717529854096,0.004,5.0265482457e-05,1.0,8.923266727851955e+16,0.8683089507819128,0.24489978335300114,300.0,13332.236261392336,3.2188331384714324e+24,0.0,inf,2.31896593822258e-05,4.274717529854096,ambipolar_diffusion,0.0,0.0,0.0,3230.0,0,0,0,0,0.0
9.547738693467337e-05,dc_series_circuit,0.0,2.7519137185806675,0.24489925540001686,8.923291395207334e+16,0.8683074975444529,0.24489925540001686,500.0,55.03827437161335,0.004449617256283867,0.24489925540001686,100000.0,12369.21541822206,8.084587147919031e-05,1.0,0.45,13759.568592903337,4.274707017521208,0.004,5.0265482457e-05,1.0,8.923291395207334e+16,0.8683074975444529,0.24489925540001686,300.0,13332.236249425592,3.2188331355822734e+24,0.0,inf,2.3189607924141448e-05,4.274707017521208,ambipolar_diffusion,0.0,0.0,0.0,3230.0,0,0,0,0,0.0
0.00010050251256281407,dc_series_circuit,0.0,2.7519097640593913,0.2448989470078375,8.923305804151256e+16,0.8683066488576615,0.2448989470078375,500.0,55.038195281187825,0.004449618047188122,0.2448989470078375,100000.0,12369.195444981731,8.084600202559714e-05,1.0,0.45,13759.548820296955,4.274700878570948,0.004,5.0265482457e-05,1.0,8.923305804151258e+16,0.8683066488576614,0.2448989470078375,300.0,13332.23623745926,3.2188331326932137e+24,0.0,inf,2.3189577868581926e-05,4.274700878570948,ambipolar_diffusion,0.0,0.0,0.0,3230.0,0,0,0,0,0.0
0.00010552763819095478,dc_series_circuit,0.0,2.7519074539271204,0.2448987668527934,8.923314221514525e+16,0.8683061533164138,0.2448987668527934,500.0,55.0381490785424,0.004449618509214576,0.2448987668527934,100000.0,12369.183777118336,8.08460782877115e-05,1.0,0.45,13759.5372696356,4.274697293945318,0.004,5.0265482457e-05,1.0,8.923314221514525e+16,0.868306153316414,0.2448987668527934,300.0,13332.236225493167,3.218833129804212e+24,0.0,inf,2.3189560314087948e-05,4.274697293945318,ambipolar_diffusion,0.0,0.0,0.0,3230.0,0,0,0,0,0.0
0.00011055276381909548,dc_series_circuit,0.0,2.75190610395069,0.2448986615752247,8.923319140391803e+16,0.8683058639515634,0.2448986615752247,500.0,55.03812207901379,0.004449618779209862,0.2448986615752247,100000.0,12369.176958747721,8.084612285320897e-05,1.0,0.45,13759.530519753447,4.2746952007853345,0.004,5.0265482457e-05,1.0,8.923319140391803e+16,0.8683058639515632,0.2448986615752247,300.0,13332.236213527218,3.2188331269152447e+24,0.0,inf,2.3189550058613442e-05,4.2746952007853345,ambipolar_diffusion,0.0,0.0,0.0,3230.0,0,0,0,0,0.0
0.00011557788944723618,dc_series_circuit,0.0,2.751905314676828,0.24489860002389652,8.92332201625259e+16,0.8683056949950383,0.24489860002389652,500.0,55.03810629353656,0.004449618937064635,0.24489860002389652,100000.0,12369.172972336502,8.084614890878212e-05,1.0,0.45,13759.526573384139,4.274693978597111,0.004,5.0265482457e-05,1.0,8.92332201625259e+16,0.8683056949950383,0.24489860002389652,300.0,13332.23620156135,3.218833124026297e+24,0.0,inf,2.3189544065648705e-05,4.274693978597111,ambipolar_diffusion,0.0,0.0,0.0,3230.0,0,0,0,0,0.0
0.0001206030150753769,dc_series_circuit,0.0,2.751904853133305,0.24489856403053595,8.923323697969907e+16,0.8683055964041915,0.24489856403053595,500.0,55.0380970626661,0.004449619029373339,0.24489856403053595,100000.0,12369.17064120372,8.084616414530148e-05,1.0,0.45,13759.524265666523,4.274693265491393,0.004,5.0265482457e-05,1.0,8.923323697969907e+16,0.8683055964041915,0.24489856403053595,300.0,13332.236189595535,3.218833121137362e+24,0.0,inf,2.3189540563945854e-05,4.274693265491393,ambipolar_diffusion,0.0,0.0,0.0,3230.0,0,0,0,0,0.0
0.0001256281407035176,dc_series_circuit,0.0,2.7519045880809383,0.24489854336049013,8.923324663736413e+16,0.8683055401342163,0.24489854336049013,500.0,55.03809176161876,0.004449619082383813,0.24489854336049013,100000.0,12369.16930249521,8.084617289523816e-05,1.0,0.45,13759.52294040469,4.274692857606765,0.004,5.0265482457e-05,1.0,8.923324663736411e+16,0.8683055401342165,0.24489854336049013,300.0,13332.236177629746,3.2188331182484334e+24,0.0,inf,2.318953855765877e-05,4.274692857606765,ambipolar_diffusion,0.0,0.0,0.0,3230.0,0,0,0,0,0.0
0.0001306532663316583,dc_series_circuit,0.0,2.751904430489702,0.24489853107077478,8.92332523794883e+16,0.8683055067906602,0.24489853107077478,500.0,55.03808860979403,0.00444961911390206,0.24489853107077478,100000.0,12369.168506544102,8.084617809765745e-05,1.0,0.45,13759.522152448508,4.274692616647731,0.004,5.0265482457e-05,1.0,8.923325237948829e+16,0.8683055067906603,0.24489853107077478,300.0,13332.236165663973,3.218833115359509e+24,0.0,inf,2.318953736629253e-05,4.274692616647731,ambipolar_diffusion,0.0,0.0,0.0,3230.0,0,0,0,0,0.0
0.000135678391959799,dc_series_circuit,0.0,2.751904336130847,0.24489852371222165,8.923325581762563e+16,0.8683054870404544,0.24489852371222165,500.0,55.03808672261693,0.004449619132773831,0.24489852371222165,100000.0,12369.168029962813,8.084618121264267e-05,1.0,0.45,13759.521680654232,4.274692473911216,0.004,5.0265482457e-05,1.0,8.923325581762562e+16,0.8683054870404544,0.24489852371222165,300.0,13332.236153698212,3.218833112470587e+24,0.0,inf,2.3189536655817703e-05,4.274692473911216,ambipolar_diffusion,0.0,0.0,0.0,3230.0,0,0,0,0,0.0
0.0001407035175879397,dc_series_circuit,0.0,2.7519042793081656,0.24489851928091813,8.923325788806397e+16,0.8683054753609453,0.24489851928091813,500.0,55.038085586163305,0.004449619144138366,0.24489851928091813,100000.0,12369.167742966683,8.084618308847956e-05,1.0,0.45,13759.521396540826,4.274692389481814,0.004,5.0265482457e-05,1.0,8.923325788806395e+16,0.8683054753609455,0.24489851928091813,300.0,13332.236141732452,3.2188331095816656e+24,0.0,inf,2.31895362308293e-05,4.274692389481814,ambipolar_diffusion,0.0,0.0,0.0,3230.0,0,0,0,0,0.0
0.0001457286432160804,dc_series_circuit,0.0,2.751904244767668,0.24489851658728554,8.92332591466102e+16,0.8683054684723733,0.24489851658728554,500.0,55.03808489535336,0.004449619151046466,0.24489851658728554,100000.0,12369.16756851189,8.084618422873449e-05,1.0,0.45,13759.52122383834,4.274692339664617,0.004,5.0265482457e-05,1.0,8.92332591466102e+16,0.8683054684723734,0.24489851658728554,300.0,13332.236129766696,3.218833106692745e+24,0.0,inf,2.3189535975311277e-05,4.274692339664617,ambipolar_diffusion,0.0,0.0,0.0,3230.0,0,0,0,0,0.0
0.00015075376884422112,dc_series_circuit,0.0,2.751904223454192,0.24489851492515913,8.923325992320574e+16,0.8683054644277689,0.24489851492515913,500.0,55.03808446908384,0.0044496191553091615,0.24489851492515913,100000.0,12369.167460863237,8.084618493233745e-05,1.0,0.45,13759.52111727096,4.274692310393719,0.004,5.0265482457e-05,1.0,8.923325992320574e+16,0.8683054644277689,0.24489851492515913,300.0,13332.236117800945,3.218833103803826e+24,0.0,inf,2.3189535820393274e-05,4.274692310393719,ambipolar_diffusion,0.0,0.0,0.0,3230.0,0,0,0,0,0.0
0.00015577889447236182,dc_series_circuit,0.0,2.7519042099924027,0.24489851387534464,8.923326041371072e+16,0.8683054620713714,0.24489851387534464,500.0,55.03808419984805,0.00444961915800152,0.24489851387534464,100000.0,12369.167392871344,8.084618537673964e-05,1.0,0.45,13759.521049962012,4.274692293319299,0.004,5.0265482457e-05,1.0,8.923326041371072e+16,0.8683054620713715,0.24489851387534464,300.0,13332.236105835196,3.218833100914907e+24,0.0,inf,2.3189535725192423e-05,4.274692293319299,ambipolar_diffusion,0.0,0.0,0.0,3230.0,0,0,0,0,0.0
0.00016080402010050252,dc_series_circuit,0.0,2.751904201193427,0.24489851318915853,8.92332607343175e+16,0.8683054607175349,0.24489851318915853,500.0,55.038084023868535,0.0044496191597613146,0.24489851318915853,100000.0,12369.167348430079,8.084618566721244e-05,1.0,0.45,13759.521005967134,4.274692283487899,0.004,5.0265482457e-05,1.0,8.923326073431752e+16,0.8683054607175349,0.24489851318915853,300.0,13332.236093869444,3.218833098025987e+24,0.0,inf,2.3189535665455275e-05,4.274692283487899,ambipolar_diffusion,0.0,0.0,0.0,3230.0,0,0,0,0,0.0
0.00016582914572864322,dc_series_circuit,0.0,2.7519041951598795,0.24489851271863375,8.923326095416086e+16,0.8683054599582984,0.24489851271863375,500.0,55.03808390319759,0.004449619160968024,0.24489851271863375,100000.0,12369.16731795625,8.084618586639262e-05,1.0,0.45,13759.520975799396,4.274692277952199,0.004,5.0265482457e-05,1.0,8.923326095416086e+16,0.8683054599582984,0.24489851271863375,300.0,13332.236081903693,3.218833095137068e+24,0.0,inf,2.3189535626750995e-05,4.274692277952199,ambipolar_diffusion,0.0,0.0,0.0,3230.0,0,0,0,0,0.0
0.00017085427135678393,dc_series_circuit,0.0,2.7519041907676343,0.24489851237610555,8.923326111420035e+16,0.8683054595519616,0.24489851237610555,500.0,55.038083815352685,0.004449619161846473,0.24489851237610555,100000.0,12369.167295772197,8.084618601138993e-05,1.0,0.45,13759.520953838171,4.2746922749660285,0.004,5.0265482457e-05,1.0,8.923326111420035e+16,0.8683054595519616,0.24489851237610555,300.0,13332.236069937942,3.218833092248148e+24,0.0,inf,2.3189535600529878e-05,4.2746922749660285,ambipolar_diffusion,0.0,0.0,0.0,3230.0,0,0,0,0,0.0
0.00017587939698492463,dc_series_circuit,0.0,2.751904187349915,0.24489851210957553,8.923326123873125e+16,0.8683054593551591,0.24489851210957553,500.0,55.038083746998296,0.004449619162530017,0.24489851210957553,100000.0,12369.167278510211,8.08461861242161e-05,1.0,0.45,13759.520936749574,4.274692273493645,0.004,5.0265482457e-05,1.0,8.923326123873125e+16,0.8683054593551591,0.24489851210957553,300.0,13332.236057972192,3.218833089359229e+24,0.0,inf,2.3189535581720647e-05,4.274692273493645,ambipolar_diffusion,0.0,0.0,0.0,3230.0,0,0,0,0,0.0
0.00018090452261306533,dc_series_circuit,0.0,2.7519041845108148,0.24489851188816888,8.923326134217907e+16,0.8683054592827665,0.24489851188816888,500.0,55.03808369021629,0.004449619163097837,0.24489851188816888,100000.0,12369.167264170677,8.084618621794081e-05,1.0,0.45,13759.520922554073,4.2746922729200625,0.004,5.0265482457e-05,1.0,8.923326134217907e+16,0.8683054592827666,0.24489851188816888,300.0,13332.236046006446,3.218833086470311e+24,0.0,inf,2.318953556731219e-05,4.2746922729200625,ambipolar_diffusion,0.0,0.0,0.0,3230.0,0,0,0,0,0.0
0.00018592964824120604,dc_series_circuit,0.0,2.7519041820152674,0.24489851169355428,8.923326143310891e+16,0.8683054592842421,0.24489851169355428,500.0,55.038083640305345,0.004449619163596947,0.24489851169355428,100000.0,12369.167251566336,8.084618630032412e-05,1.0,0.45,13759.520910076337,4.2746922728801415,0.004,5.0265482457e-05,1.0,8.923326143310891e+16,0.8683054592842421,0.24489851169355428,300.0,13332.236034040698,3.2188330835813923e+24,0.0,inf,2.3189535555516673e-05,4.2746922728801415,ambipolar_diffusion,0.0,0.0,0.0,3230.0,0,0,0,0,0.0
0.00019095477386934674,dc_series_circuit,0.0,2.7519041797236987,0.24489851151484682,8.923326151660638e+16,0.8683054593295757,0.24489851151484682,500.0,55.038083594473974,0.00444961916405526,0.24489851151484682,100000.0,12369.167239992239,8.084618637597363e-05,1.0,0.45,13759.520898618493,4.274692273157074,0.004,5.0265482457e-05,1.0,8.923326151660638e+16,0.8683054593295757,0.24489851151484682,300.0,13332.236022074949,3.218833080692473e+24,0.0,inf,2.3189535545272555e-05,4.274692273157074,ambipolar_diffusion,0.0,0.0,0.0,3230.0,0,0,0,0,0.0
0.00019597989949748744,dc_series_circuit,0.0,2.751904177553241,0.24489851134558416,8.9233261595691e+16,0.8683054594009489,0.24489851134558416,500.0,55.038083551064815,0.004449619164489352,0.24489851134558416,100000.0,12369.167229029837,8.084618644762506e-05,1.0,0.45,13759.520887766204,4.274692273622134,0.004,5.0265482457e-05,1.0,8.9233261595691e+16,0.8683054594009492,0.24489851134558416,300.0,13332.2360101092,3.218833077803555e+24,0.0,inf,2.3189535535949555e-05,4.274692273622134,ambipolar_diffusion,0.0,0.0,0.0,3230.0,0,0,0,0,0.0
0.00020100502512562814,dc_series_circuit,0.0,2.751904175454691,0.24489851118192926,8.923326167215552e+16,0.868305459487784,0.24489851118192926,500.0,55.038083509093816,0.004449619164909062,0.24489851118192926,100000.0,12369.167218430623,8.084618651690265e-05,1.0,0.45,13759.520877273453,4.27469227419889,0.004,5.0265482457e-05,1.0,8.923326167215552e+16,0.8683054594877839,0.24489851118192926,300.0,13332.235998143457,3.218833074914637e+24,0.0,inf,2.318953552717346e-05,4.27469227419889,ambipolar_diffusion,0.0,0.0,0.0,3230.0,0,0,0,0,0.0
0.00020603015075376885,dc_series_circuit,0.0,2.7519041733988336,0.24489851102160368,8.923326174706445e+16,0.8683054595837978,0.24489851102160368,500.0,55.03808346797667,0.004449619165320233,0.24489851102160368,100000.0,12369.16720804704,8.084618658477085e-05,1.0,0.45,13759.520866994168,4.274692274841965,0.004,5.0265482457e-05,1.0,8.923326174706445e+16,0.8683054595837979,0.24489851102160368,300.0,13332.23598617771,3.2188330720257183e+24,0.0,inf,2.3189535518722074e-05,4.274692274841965,ambipolar_diffusion,0.0,0.0,0.0,3230.0,0,0,0,0,0.0
0.00021105527638190955,dc_series_circuit,0.0,2.751904171368324,0.2448985108632549,8.92332618210498e+16,0.8683054596852621,0.2448985108632549,500.0,55.03808342736648,0.004449619165726336,0.2448985108632549,100000.0,12369.16719779148,8.084618665180227e-05,1.0,0.45,13759.52085684162,4.274692275524414,0.004,5.0265482457e-05,1.0,8.92332618210498e+16,0.8683054596852621,0.2448985108632549,300.0,13332.235974211962,3.2188330691368004e+24,0.0,inf,2.3189535510463465e-05,4.274692275524414,ambipolar_diffusion,0.0,0.0,0.0,3230.0,0,0,0,0,0.0
0.00021608040201005025,dc_series_circuit,0.0,2.7519041693528656,0.24489851070607985,8.923326189448672e+16,0.8683054597899621,0.24489851070607985,500.0,55.03808338705731,0.004449619166129427,0.24489851070607985,100000.0,12369.16718761194,8.084618671833681e-05,1.0,0.45,13759.520846764328,4.274692276230242,0.004,5.0265482457e-05,1.0,8.923326189448672e+16,0.8683054597899621,0.24489851070607985,300.0,13332.235962246219,3.2188330662478824e+24,0.0,inf,2.3189535502319335e-05,4.274692276230242,ambipolar_diffusion,0.0,0.0,0.0,3230.0,0,0,0,0,0.0
0.00022110552763819096,dc_series_circuit,0.0,2.751904167346341,0.24489851054960143,8.923326196759811e+16,0.8683054598965834,0.24489851054960143,500.0,55.03808334692682,0.004449619166530731,0.24489851054960143,100000.0,12369.167177477524,8.084618678457643e-05,1.0,0.45,13759.520836731705,4.274692276949947,0.004,5.0265482457e-05,1.0,8.923326196759811e+16,0.8683054598965834,0.24489851054960143,300.0,13332.235950280474,3.2188330633589645e+24,0.0,inf,2.3189535494243157e-05,4.274692276949947,ambipolar_diffusion,0.0,0.0,0.0,3230.0,0,0,0,0,0.0
0.00022613065326633166,dc_series_circuit,0.0,2.751904165345121,0.24489851039353674,8.923326204051622e+16,0.8683054600043452,0.24489851039353674,500.0,55.038083306902415,0.004449619166930975,0.24489851039353674,100000.0,12369.167167369898,8.084618685064095e-05,1.0,0.45,13759.520826725604,4.274692277677894,0.004,5.0265482457e-05,1.0,8.923326204051622e+16,0.8683054600043452,0.24489851039353674,300.0,13332.235938314723,3.2188330604700455e+24,0.0,inf,2.3189535486207318e-05,4.274692277677894,ambipolar_diffusion,0.0,0.0,0.0,3230.0,0,0,0,0,0.0
0.00023115577889447236,dc_series_circuit,0.0,2.751904163347052,0.24489851023771783,8.923326211331955e+16,0.8683054601127843,0.24489851023771783,500.0,55.03808326694104,0.00444961916733059,0.24489851023771783,100000.0,12369.167157278185,8.084618691660145e-05,1.0,0.45,13759.52081673526,4.274692278410734,0.004,5.0265482457e-05,1.0,8.923326211331955e+16,0.8683054601127843,0.24489851023771783,300.0,13332.23592634898,3.2188330575811275e+24,0.0,inf,2.3189535478195443e-05,4.274692278410734,ambipolar_diffusion,0.0,0.0,0.0,3230.0,0,0,0,0,0.0
0.00023618090452261307,dc_series_circuit,0.0,2.751904161350853,0.2448985100820447,8.923326218605472e+16,0.8683054602216258,0.2448985100820447,500.0,55.038083227017054,0.004449619167729829,0.2448985100820447,100000.0,12369.16714719592,8.084618698250021e-05,1.0,0.45,13759.520806754263,4.27469227914648,0.004,5.0265482457e-05,1.0,8.923326218605472e+16,0.8683054602216257,0.2448985100820447,300.0,13332.235914383233,3.218833054692209e+24,0.0,inf,2.3189535470197796e-05,4.27469227914648,ambipolar_diffusion,0.0,0.0,0.0,3230.0,0,0,0,0,0.0
0.0002412060301507538,dc_series_circuit,0.0,2.751904159355764,0.24489850992645817,8.923326225874949e+16,0.8683054603307054,0.24489850992645817,500.0,55.03808318711527,0.004449619168128848,0.24489850992645817,100000.0,12369.167137119257,8.084618704836235e-05,1.0,0.45,13759.520796778817,4.274692279883949,0.004,5.0265482457e-05,1.0,8.923326225874947e+16,0.8683054603307054,0.24489850992645817,300.0,13332.235902417486,3.218833051803291e+24,0.0,inf,2.3189535462208584e-05,4.274692279883949,ambipolar_diffusion,0.0,0.0,0.0,3230.0,0,0,0,0,0.0
0.00024623115577889447,dc_series_circuit,0.0,2.751904157361332,0.24489850977092284,8.923326233142022e+16,0.8683054604399267,0.24489850977092284,500.0,55.03808314722664,0.004449619168527734,0.24489850977092284,100000.0,12369.16712704592,8.084618711420274e-05,1.0,0.45,13759.520786806659,4.27469228062244,0.004,5.0265482457e-05,1.0,8.923326233142022e+16,0.8683054604399267,0.24489850977092284,300.0,13332.23589045174,3.2188330489143726e+24,0.0,inf,2.3189535454224377e-05,4.27469228062244,ambipolar_diffusion,0.0,0.0,0.0,3230.0,0,0,0,0,0.0
0.0002512562814070352,dc_series_circuit,0.0,2.7519041553672934,0.2448985096154182,8.923326240407669e+16,0.8683054605492326,0.2448985096154182,500.0,55.03808310734586,0.004449619168926541,0.2448985096154182,100000.0,12369.167116974564,8.084618718003019e-05,1.0,0.45,13759.520776836465,4.27469228136154,0.004,5.0265482457e-05,1.0,8.923326240407669e+16,0.8683054605492326,0.2448985096154182,300.0,13332.235878485995,3.2188330460254547e+24,0.0,inf,2.3189535446243158e-05,4.27469228136154,ambipolar_diffusion,0.0,0.0,0.0,3230.0,0,0,0,0,0.0
0.0002562814070351759,dc_series_circuit,0.0,2.751904153373486,0.24489850945993163,8.92332624767247e+16,0.868305460658588,0.24489850945993163,500.0,55.03808306746972,0.004449619169325303,0.24489850945993163,100000.0,12369.167106904379,8.084618724584999e-05,1.0,0.45,13759.52076686743,4.274692282101001,0.004,5.0265482457e-05,1.0,8.92332624767247e+16,0.8683054606585882,0.24489850945993163,300.0,13332.235866520246,3.218833043136536e+24,0.0,inf,2.3189535438263698e-05,4.274692282101001,ambipolar_diffusion,0.0,0.0,0.0,3230.0,0,0,0,0,0.0
0.0002613065326633166,dc_series_circuit,0.0,2.751904151379817,0.24489850930445578,8.923326254936768e+16,0.8683054607679734,0.24489850930445578,500.0,55.038083027596336,0.004449619169724036,0.24489850930445578,100000.0,12369.167096834892,8.084618731166522e-05,1.0,0.45,13759.520756899085,4.274692282840676,0.004,5.0265482457e-05,1.0,8.923326254936768e+16,0.8683054607679734,0.24489850930445578,300.0,13332.235854554501,3.218833040247618e+24,0.0,inf,2.3189535430285295e-05,4.274692282840676,ambipolar_diffusion,0.0,0.0,0.0,3230.0,0,0,0,0,0.0
0.0002663316582914573,dc_series_circuit,0.0,2.7519041493862306,0.24489850914898648,8.923326262200768e+16,0.8683054608773763,0.24489850914898648,500.0,55.03808298772461,0.004449619170122755,0.24489850914898648,100000.0,12369.167086765818,8.084618737747776e-05,1.0,0.45,13759.520746931152,4.27469228358048,0.004,5.0265482457e-05,1.0,8.923326262200768e+16,0.8683054608773764,0.24489850914898648,300.0,13332.235842588756,3.2188330373587e+24,0.0,inf,2.318953542230751e-05,4.27469228358048,ambipolar_diffusion,0.0,0.0,0.0,3230.0,0,0,0,0,0.0
0.000271356783919598,dc_series_circuit,0.0,2.7519041473926924,0.24489850899352084,8.923326269464589e+16,0.8683054609867901,0.24489850899352084,500.0,55.038082947853844,0.004449619170521462,0.24489850899352084,100000.0,12369.167076696993,8.084618744328867e-05,1.0,0.45,13759.52073696346,4.274692284320358,0.004,5.0265482457e-05,1.0,8.923326269464589e+16,0.8683054609867901,0.24489850899352084,300.0,13332.23583062301,3.218833034469782e+24,0.0,inf,2.31895354143301e-05,4.274692284320358,ambipolar_diffusion,0.0,0.0,0.0,3230.0,0,0,0,0,0.0
0.0002763819095477387,dc_series_circuit,0.0,2.751904145399184,0.24489850883805753,8.923326276728306e+16,0.8683054610962097,0.24489850883805753,500.0,55.03808290798367,0.004449619170920164,0.24489850883805753,100000.0,12369.167066628313,8.084618750909863e-05,1.0,0.45,13759.520726995917,4.274692285060283,0.004,5.0265482457e-05,1.0,8.923326276728306e+16,0.8683054610962097,0.24489850883805753,300.0,13332.235818657262,3.2188330315808633e+24,0.0,inf,2.3189535406352907e-05,4.274692285060283,ambipolar_diffusion,0.0,0.0,0.0,3230.0,0,0,0,0,0.0
0.0002814070351758794,dc_series_circuit,0.0,2.7519041434056906,0.2448985086825954,8.923326283991963e+16,0.8683054612056325,0.2448985086825954,500.0,55.038082868113804,0.004449619171318862,0.2448985086825954,100000.0,12369.167056559714,8.084618757490806e-05,1.0,0.45,13759.52071702845,4.2746922858002305,0.004,5.0265482457e-05,1.0,8.923326283991963e+16,0.8683054612056325,0.2448985086825954,300.0,13332.235806691519,3.2188330286919454e+24,0.0,inf,2.3189535398375836e-05,4.2746922858002305,ambipolar_diffusion,0.0,0.0,0.0,3230.0,0,0,0,0,0.0
0.0002864321608040201,dc_series_circuit,0.0,2.751904141412208,0.24489850852713413,8.923326291255582e+16,0.8683054613150579,0.24489850852713413,500.0,55.03808282824415,0.004449619171717559,0.24489850852713413,100000.0,12369.167046491168,8.084618764071714e-05,1.0,0.45,13759.520707061038,4.274692286540197,0.004,5.0265482457e-05,1.0,8.923326291255582e+16,0.868305461315058,0.24489850852713413,300.0,13332.235794725766,3.218833025803026e+24,0.0,inf,2.318953539039885e-05,4.274692286540197,ambipolar_diffusion,0.0,0.0,0.0,3230.0,0,0,0,0,0.0
0.0002914572864321608,dc_series_circuit,0.0,2.751904139418732,0.24489850837167335,8.92332629851918e+16,0.8683054614244847,0.24489850837167335,500.0,55.03808278837463,0.004449619172116254,0.24489850837167335,100000.0,12369.167036422656,8.0846187706526e-05,1.0,0.45,13759.520697093658,4.274692287280172,0.004,5.0265482457e-05,1.0,8.923326298519179e+16,0.8683054614244847,0.24489850837167335,300.0,13332.235782760023,3.2188330229141084e+24,0.0,inf,2.318953538242191e-05,4.274692287280172,ambipolar_diffusion,0.0,0.0,0.0,3230.0,0,0,0,0,0.0
0.0002964824120603015,dc_series_circuit,0.0,2.7519041374252584,0.24489850821621276,8.923326305782762e+16,0.8683054615339123,0.24489850821621276,500.0,55.03808274850516,0.004449619172514948,0.24489850821621276,100000.0,12369.167026354156,8.084618777233478e-05,1.0,0.45,13759.52068712629,4.274692288020151,0.004,5.0265482457e-05,1.0,8.923326305782762e+16,0.8683054615339123,0.24489850821621276,300.0,13332.235770794277,3.21883302002519e+24,0.0,inf,2.3189535374444993e-05,4.274692288020151,ambipolar_diffusion,0.0,0.0,0.0,3230.0,0,0,0,0,0.0
0.00030150753768844223,dc_series_circuit,0.0,2.7519041354317877,0.24489850806075242,8.923326313046338e+16,0.8683054616433402,0.24489850806075242,500.0,55.03808270863575,0.004449619172913642,0.24489850806075242,100000.0,12369.167016285672,8.084618783814347e-05,1.0,0.45,13759.520677158936,4.274692288760134,0.004,5.0265482457e-05,1.0,8.923326313046338e+16,0.8683054616433402,0.24489850806075242,300.0,13332.235758828532,3.218833017136272e+24,0.0,inf,2.3189535366468098e-05,4.274692288760134,ambipolar_diffusion,0.0,0.0,0.0,3230.0,0,0,0,0,0.0
0.0003065326633165829,dc_series_circuit,0.0,2.75190413343832,0.24489850790529236,8.923326320309906e+16,0.8683054617527686,0.24489850790529236,500.0,55.0380826687664,0.004449619173312336,0.24489850790529236,100000.0,12369.1670062172,8.084618790395207e-05,1.0,0.45,13759.5206671916,4.2746922895001225,0.004,5.0265482457e-05,1.0,8.923326320309906e+16,0.8683054617527688,0.24489850790529236,300.0,13332.235746862783,3.2188330142473535e+24,0.0,inf,2.3189535358491216e-05,4.2746922895001225,ambipolar_diffusion,0.0,0.0,0.0,3230.0,0,0,0,0,0.0
0.00031155778894472364,dc_series_circuit,0.0,2.751904131444851,0.24489850774983216,8.923326327573475e+16,0.868305461862197,0.24489850774983216,500.0,55.03808262889702,0.00444961917371103,0.24489850774983216,100000.0,12369.166996148722,8.08461879697607e-05,1.0,0.45,13759.520657224255,4.274692290240108,0.004,5.0265482457e-05,1.0,8.923326327573475e+16,0.868305461862197,0.24489850774983216,300.0,13332.23573489704,3.2188330113584356e+24,0.0,inf,2.318953535051433e-05,4.274692290240108,ambipolar_diffusion,0.0,0.0,0.0,3230.0,0,0,0,0,0.0
0.0003165829145728643,dc_series_circuit,0.0,2.7519041294513817,0.24489850759437187,8.923326334837043e+16,0.8683054619716253,0.24489850759437187,500.0,55.03808258902763,0.004449619174109723,0.24489850759437187,100000.0,12369.166986080245,8.084618803556934e-05,1.0,0.45,13759.520647256908,4.274692290980094,0.004,5.0265482457e-05,1.0,8.923326334837043e+16,0.8683054619716253,0.24489850759437187,300.0,13332.235722931293,3.218833008469517e+24,0.0,inf,2.318953534253745e-05,4.274692290980094,ambipolar_diffusion,0.0,0.0,0.0,3230.0,0,0,0,0,0.0
0.00032160804020100504,dc_series_circuit,0.0,2.751904127457914,0.2448985074389118,8.92332634210061e+16,0.868305462081054,0.2448985074389118,500.0,55.03808254915828,0.004449619174508417,0.2448985074389118,100000.0,12369.166976011773,8.084618810137794e-05,1.0,0.45,13759.52063728957,4.274692291720084,0.004,5.0265482457e-05,1.0,8.92332634210061e+16,0.868305462081054,0.2448985074389118,300.0,13332.235710965542,3.218833005580598e+24,0.0,inf,2.318953533456057e-05,4.274692291720084,ambipolar_diffusion,0.0,0.0,0.0,3230.0,0,0,0,0,0.0
0.00032663316582914577,dc_series_circuit,0.0,2.7519041254644465,0.24489850728345167,8.923326349364174e+16,0.8683054621904825,0.24489850728345167,500.0,55.03808250928893,0.004449619174907111,0.24489850728345167,100000.0,12369.166965943303,8.084618816718654e-05,1.0,0.45,13759.520627322232,4.274692292460072,0.004,5.0265482457e-05,1.0,8.923326349364174e+16,0.8683054621904824,0.24489850728345167,300.0,13332.235698999793,3.2188330026916796e+24,0.0,inf,2.3189535326583695e-05,4.274692292460072,ambipolar_diffusion,0.0,0.0,0.0,3230.0,0,0,0,0,0.0
0.00033165829145728645,dc_series_circuit,0.0,2.751904123470979,0.24489850712799158,8.923326356627739e+16,0.868305462299911,0.24489850712799158,500.0,55.03808246941958,0.004449619175305804,0.24489850712799158,100000.0,12369.166955874834,8.084618823299511e-05,1.0,0.45,13759.520617354894,4.274692293200059,0.004,5.0265482457e-05,1.0,8.923326356627739e+16,0.868305462299911,0.24489850712799158,300.0,13332.235687034054,3.218832999802762e+24,0.0,inf,2.318953531860682e-05,4.274692293200059,ambipolar_diffusion,0.0,0.0,0.0,3230.0,0,0,0,0,0.0
0.0003366834170854272,dc_series_circuit,0.0,2.7519041214775117,0.24489850697253146,8.923326363891304e+16,0.8683054624093397,0.24489850697253146,500.0,55.03808242955023,0.004449619175704497,0.24489850697253146,100000.0,12369.166945806364,8.08461882988037e-05,1.0,0.45,13759.520607387558,4.274692293940049,0.004,5.0265482457e-05,1.0,8.923326363891304e+16,0.8683054624093397,0.24489850697253146,300.0,13332.235675068305,3.2188329969138437e+24,0.0,inf,2.3189535310629944e-05,4.274692293940049,ambipolar_diffusion,0.0,0.0,0.0,3230.0,0,0,0,0,0.0
0.00034170854271356785,dc_series_circuit,0.0,2.7519041194840437,0.24489850681707137,8.923326371154867e+16,0.8683054625187685,0.24489850681707137,500.0,55.03808238968087,0.004449619176103191,0.24489850681707137,100000.0,12369.166935737892,8.08461883646123e-05,1.0,0.45,13759.520597420218,4.274692294680036,0.004,5.0265482457e-05,1.0,8.923326371154867e+16,0.8683054625187683,0.24489850681707137,300.0,13332.23566310256,3.2188329940249257e+24,0.0,inf,2.3189535302653073e-05,4.274692294680036,ambipolar_diffusion,0.0,0.0,0.0,3230.0,0,0,0,0,0.0
0.0003467336683417086,dc_series_circuit,0.0,2.751904117490578,0.2448985066616114,8.923326378418432e+16,0.8683054626281971,0.2448985066616114,500.0,55.03808234981155,0.004449619176501884,0.2448985066616114,100000.0,12369.16692566943,8.084618843042085e-05,1.0,0.45,13759.520587452887,4.274692295420027,0.004,5.0265482457e-05,1.0,8.92332637841843e+16,0.8683054626281972,0.2448985066616114,300.0,13332.235651136814,3.218832991136007e+24,0.0,inf,2.31895352946762e-05,4.274692295420027,ambipolar_diffusion,0.0,0.0,0.0,3230.0,0,0,0,0,0.0
0.00035175879396984926,dc_series_circuit,0.0,2.7519041154971093,0.2448985065061512,8.923326385681995e+16,0.8683054627376258,0.2448985065061512,500.0,55.03808230994218,0.004449619176900578,0.2448985065061512,100000.0,12369.166915600956,8.084618849622945e-05,1.0,0.45,13759.520577485546,4.274692296160014,0.004,5.0265482457e-05,1.0,8.923326385681995e+16,0.8683054627376259,0.2448985065061512,300.0,13332.235639171065,3.218832988247089e+24,0.0,inf,2.318953528669933e-05,4.274692296160014,ambipolar_diffusion,0.0,0.0,0.0,3230.0,0,0,0,0,0.0
0.00035678391959799,dc_series_circuit,0.0,2.7519041135036426,0.2448985063506912,8.92332639294556e+16,0.8683054628470541,0.2448985063506912,500.0,55.03808227007285,0.004449619177299272,0.2448985063506912,100000.0,12369.166905532487,8.084618856203803e-05,1.0,0.45,13759.520567518211,4.274692296900004,0.004,5.0265482457e-05,1.0,8.92332639294556e+16,0.8683054628470541,0.2448985063506912,300.0,13332.235627205318,3.2188329853581703e+24,0.0,inf,2.318953527872245e-05,4.274692296900004,ambipolar_diffusion,0.0,0.0,0.0,3230.0,0,0,0,0,0.0
0.00036180904522613067,dc_series_circuit,0.0,2.751904111510175,0.24489850619523104,8.923326400209125e+16,0.8683054629564827,0.24489850619523104,500.0,55.03808223020349,0.004449619177697965,0.24489850619523104,100000.0,12369.166895464017,8.084618862784662e-05,1.0,0.45,13759.520557550873,4.274692297639991,0.004,5.0265482457e-05,1.0,8.923326400209125e+16,0.8683054629564827,0.24489850619523104,300.0,13332.235615239573,3.2188329824692523e+24,0.0,inf,2.3189535270745575e-05,4.274692297639991,ambipolar_diffusion,0.0,0.0,0.0,3230.0,0,0,0,0,0.0
0.0003668341708542714,dc_series_circuit,0.0,2.751904109516708,0.24489850603977098,8.923326407472686e+16,0.8683054630659117,0.24489850603977098,500.0,55.03808219033415,0.004449619178096658,0.24489850603977098,100000.0,12369.16688539555,8.084618869365519e-05,1.0,0.45,13759.520547583537,4.27469229837998,0.004,5.0265482457e-05,1.0,8.923326407472686e+16,0.8683054630659116,0.24489850603977098,300.0,13332.235603273828,3.2188329795803344e+24,0.0,inf,2.3189535262768707e-05,4.27469229837998,ambipolar_diffusion,0.0,0.0,0.0,3230.0,0,0,0,0,0.0
0.00037185929648241207,dc_series_circuit,0.0,2.75190410752324,0.24489850588431092,8.923326414736253e+16,0.8683054631753401,0.24489850588431092,500.0,55.0380821504648,0.004449619178495352,0.24489850588431092,100000.0,12369.166875327079,8.08461887594638e-05,1.0,0.45,13759.520537616201,4.274692299119968,0.004,5.0265482457e-05,1.0,8.923326414736253e+16,0.8683054631753401,0.24489850588431092,300.0,13332.235591308083,3.2188329766914164e+24,0.0,inf,2.3189535254791828e-05,4.274692299119968,ambipolar_diffusion,0.0,0.0,0.0,3230.0,0,0,0,0,0.0
0.0003768844221105528,dc_series_circuit,0.0,2.751904105529772,0.24489850572885075,8.923326421999818e+16,0.8683054632847688,0.24489850572885075,500.0,55.03808211059544,0.0044496191788940456,0.24489850572885075,100000.0,12369.166865258607,8.08461888252724e-05,1.0,0.45,13759.52052764886,4.2746922998599555,0.004,5.0265482457e-05,1.0,8.923326421999818e+16,0.8683054632847688,0.24489850572885075,300.0,13332.235579342334,3.218832973802498e+24,0.0,inf,2.3189535246814953e-05,4.2746922998599555,ambipolar_diffusion,0.0,0.0,0.0,3230.0,0,0,0,0,0.0
0.0003819095477386935,dc_series_circuit,0.0,2.751904103536305,0.24489850557339066,8.923326429263381e+16,0.8683054633941977,0.24489850557339066,500.0,55.0380820707261,0.004449619179292739,0.24489850557339066,100000.0,12369.16685519014,8.084618889108096e-05,1.0,0.45,13759.520517681523,4.274692300599944,0.004,5.0265482457e-05,1.0,8.923326429263381e+16,0.8683054633941977,0.24489850557339066,300.0,13332.23556737659,3.21883297091358e+24,0.0,inf,2.3189535238838085e-05,4.274692300599944,ambipolar_diffusion,0.0,0.0,0.0,3230.0,0,0,0,0,0.0
0.0003869346733668342,dc_series_circuit,0.0,2.751904101542838,0.2448985054179306,8.923326436526947e+16,0.8683054635036259,0.2448985054179306,500.0,55.03808203085675,0.004449619179691433,0.2448985054179306,100000.0,12369.166845121668,8.084618895688957e-05,1.0,0.45,13759.520507714187,4.274692301339934,0.004,5.0265482457e-05,1.0,8.923326436526947e+16,0.868305463503626,0.2448985054179306,300.0,13332.235555410842,3.218832968024661e+24,0.0,inf,2.3189535230861203e-05,4.274692301339934,ambipolar_diffusion,0.0,0.0,0.0,3230.0,0,0,0,0,0.0
0.0003919597989949749,dc_series_circuit,0.0,2.75190409954937,0.2448985052624705,8.923326443790509e+16,0.8683054636130549,0.2448985052624705,500.0,55.0380819909874,0.004449619180090126,0.2448985052624705,100000.0,12369.1668350532,8.084618902269815e-05,1.0,0.45,13759.52049774685,4.274692302079922,0.004,5.0265482457e-05,1.0,8.92332644379051e+16,0.8683054636130548,0.2448985052624705,300.0,13332.235543445095,3.218832965135743e+24,0.0,inf,2.318953522288433e-05,4.274692302079922,ambipolar_diffusion,0.0,0.0,0.0,3230.0,0,0,0,0,0.0
0.0003969849246231156,dc_series_circuit,0.0,2.7519040975559026,0.2448985051070104,8.923326451054074e+16,0.8683054637224835,0.2448985051070104,500.0,55.03808195111805,0.004449619180488819,0.2448985051070104,100000.0,12369.166824984732,8.084618908850673e-05,1.0,0.45,13759.520487779513,4.274692302819912,0.004,5.0265482457e-05,1.0,8.923326451054075e+16,0.8683054637224834,0.2448985051070104,300.0,13332.235531479348,3.218832962246824e+24,0.0,inf,2.3189535214907456e-05,4.274692302819912,ambipolar_diffusion,0.0,0.0,0.0,3230.0,0,0,0,0,0.0
0.0004020100502512563,dc_series_circuit,0.0,2.7519040955624354,0.24489850495155033,8.923326458317642e+16,0.8683054638319119,0.24489850495155033,500.0,55.0380819112487,0.0044496191808875134,0.24489850495155033,100000.0,12369.16681491626,8.084618915431533e-05,1.0,0.45,13759.520477812175,4.2746923035599,0.004,5.0265482457e-05,1.0,8.923326458317642e+16,0.8683054638319119,0.24489850495155033,300.0,13332.235519513602,3.218832959357906e+24,0.0,inf,2.318953520693058e-05,4.2746923035599,ambipolar_diffusion,0.0,0.0,0.0,3230.0,0,0,0,0,0.0
0.000407035175879397,dc_series_circuit,0.0,2.7519040935689683,0.2448985047960902,8.923326465581203e+16,0.8683054639413407,0.2448985047960902,500.0,55.03808187137936,0.004449619181286206,0.2448985047960902,100000.0,12369.166804847795,8.084618922012388e-05,1.0,0.45,13759.52046784484,4.274692304299888,0.004,5.0265482457e-05,1.0,8.923326465581203e+16,0.8683054639413407,0.2448985047960902,300.0,13332.235507547855,3.218832956468988e+24,0.0,inf,2.3189535198953712e-05,4.274692304299888,ambipolar_diffusion,0.0,0.0,0.0,3230.0,0,0,0,0,0.0
0.0004120603015075377,dc_series_circuit,0.0,2.7519040915755006,0.24489850464063015,8.923326472844768e+16,0.868305464050769,0.24489850464063015,500.0,55.03808183151001,0.0044496191816849,0.24489850464063015,100000.0,12369.166794779325,8.084618928593247e-05,1.0,0.45,13759.520457877503,4.274692305039877,0.004,5.0265482457e-05,1.0,8.923326472844768e+16,0.868305464050769,0.24489850464063015,300.0,13332.235495582112,3.21883295358007e+24,0.0,inf,2.3189535190976834e-05,4.274692305039877,ambipolar_diffusion,0.0,0.0,0.0,3230.0,0,0,0,0,0.0
0.0004170854271356784,dc_series_circuit,0.0,2.7519040895820335,0.2448985044851701,8.923326480108331e+16,0.8683054641601979,0.2448985044851701,500.0,55.038081791640664,0.004449619182083594,0.2448985044851701,100000.0,12369.166784710853,8.084618935174108e-05,1.0,0.45,13759.520447910165,4.2746923057798645,0.004,5.0265482457e-05,1.0,8.923326480108331e+16,0.8683054641601978,0.2448985044851701,300.0,13332.235483616365,3.2188329506911517e+24,0.0,inf,2.3189535182999962e-05,4.2746923057798645,ambipolar_diffusion,0.0,0.0,0.0,3230.0,0,0,0,0,0.0
0.0004221105527638191,dc_series_circuit,0.0,2.7519040875885654,0.2448985043297099,8.923326487371896e+16,0.8683054642696264,0.2448985043297099,500.0,55.03808175177131,0.004449619182482286,0.2448985043297099,100000.0,12369.166774642385,8.084618941754966e-05,1.0,0.45,13759.520437942827,4.274692306519853,0.004,5.0265482457e-05,1.0,8.923326487371896e+16,0.8683054642696264,0.2448985043297099,300.0,13332.23547165062,3.218832947802234e+24,0.0,inf,2.3189535175023087e-05,4.274692306519853,ambipolar_diffusion,0.0,0.0,0.0,3230.0,0,0,0,0,0.0
0.00042713567839195983,dc_series_circuit,0.0,2.751904085595098,0.2448985041742498,8.923326494635461e+16,0.8683054643790552,0.2448985041742498,500.0,55.03808171190195,0.0044496191828809805,0.2448985041742498,100000.0,12369.166764573913,8.084618948335826e-05,1.0,0.45,13759.520427975487,4.274692307259842,0.004,5.0265482457e-05,1.0,8.923326494635461e+16,0.8683054643790551,0.2448985041742498,300.0,13332.235459684869,3.2188329449133147e+24,0.0,inf,2.3189535167046215e-05,4.274692307259842,ambipolar_diffusion,0.0,0.0,0.0,3230.0,0,0,0,0,0.0
0.0004321608040201005,dc_series_circuit,0.0,2.75190408360163,0.24489850401878968,8.923326501899026e+16,0.8683054644884837,0.24489850401878968,500.0,55.038081672032604,0.004449619183279674,0.24489850401878968,100000.0,12369.166754505444,8.084618954916684e-05,1.0,0.45,13759.520418008151,4.27469230799983,0.004,5.0265482457e-05,1.0,8.923326501899026e+16,0.8683054644884837,0.24489850401878968,300.0,13332.235447719126,3.218832942024397e+24,0.0,inf,2.318953515906934e-05,4.27469230799983,ambipolar_diffusion,0.0,0.0,0.0,3230.0,0,0,0,0,0.0
0.00043718592964824124,dc_series_circuit,0.0,2.751904081608163,0.2448985038633296,8.92332650916259e+16,0.8683054645979122,0.2448985038633296,500.0,55.038081632163255,0.004449619183678367,0.2448985038633296,100000.0,12369.166744436974,8.084618961497543e-05,1.0,0.45,13759.520408040813,4.274692308739819,0.004,5.0265482457e-05,1.0,8.92332650916259e+16,0.8683054645979122,0.2448985038633296,300.0,13332.235435753377,3.2188329391354783e+24,0.0,inf,2.318953515109246e-05,4.274692308739819,ambipolar_diffusion,0.0,0.0,0.0,3230.0,0,0,0,0,0.0
0.0004422110552763819,dc_series_circuit,0.0,2.7519040796146967,0.2448985037078696,8.923326516426152e+16,0.8683054647073413,0.2448985037078696,500.0,55.03808159229393,0.004449619184077061,0.2448985037078696,100000.0,12369.166734368508,8.0846189680784e-05,1.0,0.45,13759.520398073482,4.274692309479808,0.004,5.0265482457e-05,1.0,8.923326516426152e+16,0.8683054647073413,0.2448985037078696,300.0,13332.235423787633,3.218832936246561e+24,0.0,inf,2.3189535143115596e-05,4.274692309479808,ambipolar_diffusion,0.0,0.0,0.0,3230.0,0,0,0,0,0.0
0.00044723618090452264,dc_series_circuit,0.0,2.7519040776212296,0.24489850355240955,8.923326523689717e+16,0.8683054648167697,0.24489850355240955,500.0,55.038081552424586,0.004449619184475754,0.24489850355240955,100000.0,12369.166724300041,8.084618974659258e-05,1.0,0.45,13759.520388106146,4.274692310219797,0.004,5.0265482457e-05,1.0,8.923326523689717e+16,0.8683054648167697,0.24489850355240955,300.0,13332.235411821888,3.2188329333576424e+24,0.0,inf,2.318953513513872e-05,4.274692310219797,ambipolar_diffusion,0.0,0.0,0.0,3230.0,0,0,0,0,0.0
0.0004522613065326633,dc_series_circuit,0.0,2.7519040756277615,0.24489850339694938,8.923326530953282e+16,0.8683054649261984,0.24489850339694938,500.0,55.03808151255522,0.0044496191848744475,0.24489850339694938,100000.0,12369.16671423157,8.084618981240118e-05,1.0,0.45,13759.520378138806,4.274692310959784,0.004,5.0265482457e-05,1.0,8.923326530953282e+16,0.8683054649261984,0.24489850339694938,300.0,13332.235399856143,3.2188329304687245e+24,0.0,inf,2.318953512716185e-05,4.274692310959784,ambipolar_diffusion,0.0,0.0,0.0,3230.0,0,0,0,0,0.0
0.00045728643216080405,dc_series_circuit,0.0,2.751904073634295,0.24489850324148937,8.923326538216846e+16,0.8683054650356268,0.24489850324148937,500.0,55.03808147268589,0.004449619185273142,0.24489850324148937,100000.0,12369.1667041631,8.084618987820976e-05,1.0,0.45,13759.520368171472,4.274692311699774,0.004,5.0265482457e-05,1.0,8.923326538216846e+16,0.8683054650356268,0.24489850324148937,300.0,13332.235387890392,3.2188329275798054e+24,0.0,inf,2.3189535119184967e-05,4.274692311699774,ambipolar_diffusion,0.0,0.0,0.0,3230.0,0,0,0,0,0.0
0.0004623115577889447,dc_series_circuit,0.0,2.7519040716408263,0.2448985030860292,8.923326545480413e+16,0.8683054651450554,0.2448985030860292,500.0,55.038081432816526,0.004449619185671835,0.2448985030860292,100000.0,12369.166694094629,8.084618994401836e-05,1.0,0.45,13759.52035820413,4.274692312439762,0.004,5.0265482457e-05,1.0,8.923326545480413e+16,0.8683054651450556,0.2448985030860292,300.0,13332.235375924647,3.218832924690887e+24,0.0,inf,2.3189535111208092e-05,4.274692312439762,ambipolar_diffusion,0.0,0.0,0.0,3230.0,0,0,0,0,0.0
0.00046733668341708545,dc_series_circuit,0.0,2.751904069647359,0.24489850293056908,8.923326552743976e+16,0.8683054652544843,0.24489850293056908,500.0,55.03808139294718,0.004449619186070528,0.24489850293056908,100000.0,12369.16668402616,8.084619000982694e-05,1.0,0.45,13759.520348236794,4.274692313179751,0.004,5.0265482457e-05,1.0,8.923326552743976e+16,0.8683054652544843,0.24489850293056908,300.0,13332.235363958902,3.218832921801969e+24,0.0,inf,2.3189535103231224e-05,4.274692313179751,ambipolar_diffusion,0.0,0.0,0.0,3230.0,0,0,0,0,0.0
0.00047236180904522613,dc_series_circuit,0.0,2.751904067653893,0.24489850277510913,8.92332656000754e+16,0.868305465363913,0.24489850277510913,500.0,55.03808135307785,0.004449619186469222,0.24489850277510913,100000.0,12369.166673957694,8.08461900756355e-05,1.0,0.45,13759.520338269462,4.274692313919742,0.004,5.0265482457e-05,1.0,8.92332656000754e+16,0.868305465363913,0.24489850277510913,300.0,13332.235351993153,3.2188329189130505e+24,0.0,inf,2.3189535095254355e-05,4.274692313919742,ambipolar_diffusion,0.0,0.0,0.0,3230.0,0,0,0,0,0.0
0.00047738693467336686,dc_series_circuit,0.0,2.7519040656604243,0.24489850261964896,8.923326567271104e+16,0.8683054654733414,0.24489850261964896,500.0,55.03808131320849,0.004449619186867915,0.24489850261964896,100000.0,12369.166663889222,8.084619014144411e-05,1.0,0.45,13759.520328302122,4.274692314659729,0.004,5.0265482457e-05,1.0,8.923326567271104e+16,0.8683054654733414,0.24489850261964896,300.0,13332.23534002741,3.2188329160241326e+24,0.0,inf,2.3189535087277477e-05,4.274692314659729,ambipolar_diffusion,0.0,0.0,0.0,3230.0,0,0,0,0,0.0
0.0004824120603015076,dc_series_circuit,0.0,2.751904063666957,0.24489850246418884,8.923326574534669e+16,0.8683054655827701,0.24489850246418884,500.0,55.03808127333914,0.004449619187266609,0.24489850246418884,100000.0,12369.166653820754,8.084619020725269e-05,1.0,0.45,13759.520318334784,4.274692315399716,0.004,5.0265482457e-05,1.0,8.923326574534669e+16,0.86830546558277,0.24489850246418884,300.0,13332.235328061664,3.2188329131352146e+24,0.0,inf,2.31895350793006e-05,4.274692315399716,ambipolar_diffusion,0.0,0.0,0.0,3230.0,0,0,0,0,0.0
0.00048743718592964827,dc_series_circuit,0.0,2.751904061673489,0.2448985023087287,8.923326581798232e+16,0.8683054656921987,0.2448985023087287,500.0,55.03808123346978,0.004449619187665302,0.2448985023087287,100000.0,12369.166643752284,8.084619027306128e-05,1.0,0.45,13759.520308367446,4.2746923161397055,0.004,5.0265482457e-05,1.0,8.923326581798234e+16,0.8683054656921986,0.2448985023087287,300.0,13332.235316095916,3.218832910246296e+24,0.0,inf,2.3189535071323726e-05,4.2746923161397055,ambipolar_diffusion,0.0,0.0,0.0,3230.0,0,0,0,0,0.0
0.0004924623115577889,dc_series_circuit,0.0,2.751904059680023,0.2448985021532687,8.923326589061795e+16,0.8683054658016276,0.2448985021532687,500.0,55.038081193600455,0.004449619188063995,0.2448985021532687,100000.0,12369.166633683819,8.084619033886985e-05,1.0,0.45,13759.520298400113,4.274692316879696,0.004,5.0265482457e-05,1.0,8.923326589061795e+16,0.8683054658016276,0.2448985021532687,300.0,13332.235304130169,3.2188329073573777e+24,0.0,inf,2.3189535063346858e-05,4.274692316879696,ambipolar_diffusion,0.0,0.0,0.0,3230.0,0,0,0,0,0.0
0.0004974874371859297,dc_series_circuit,0.0,2.7519040576865557,0.2448985019978086,8.923326596325358e+16,0.8683054659110563,0.2448985019978086,500.0,55.03808115373111,0.004449619188462688,0.2448985019978086,100000.0,12369.166623615352,8.084619040467841e-05,1.0,0.45,13759.520288432777,4.274692317619684,0.004,5.0265482457e-05,1.0,8.923326596325358e+16,0.8683054659110562,0.2448985019978086,300.0,13332.235292164425,3.2188329044684597e+24,0.0,inf,2.3189535055369986e-05,4.274692317619684,ambipolar_diffusion,0.0,0.0,0.0,3230.0,0,0,0,0,0.0
0.0005025125628140704,dc_series_circuit,0.0,2.751904055693087,0.24489850184234846,8.923326603588926e+16,0.8683054660204848,0.24489850184234846,500.0,55.03808111386174,0.004449619188861382,0.24489850184234846,100000.0,12369.166613546877,8.084619047048704e-05,1.0,0.45,13759.520278465436,4.274692318359671,0.004,5.0265482457e-05,1.0,8.923326603588926e+16,0.8683054660204848,0.24489850184234846,300.0,13332.235280198676,3.218832901579541e+24,0.0,inf,2.3189535047393107e-05,4.274692318359671,ambipolar_diffusion,0.0,0.0,0.0,3230.0,0,0,0,0,0.0
0.0005075376884422111,dc_series_circuit,0.0,2.7519040536996204,0.24489850168688837,8.923326610852491e+16,0.8683054661299132,0.24489850168688837,500.0,55.0380810739924,0.004449619189260076,0.24489850168688837,100000.0,12369.166603478408,8.084619053629562e-05,1.0,0.45,13759.5202684981,4.27469231909966,0.004,5.0265482457e-05,1.0,8.923326610852491e+16,0.8683054661299132,0.24489850168688837,300.0,13332.23526823293,3.218832898690623e+24,0.0,inf,2.318953503941623e-05,4.27469231909966,ambipolar_diffusion,0.0,0.0,0.0,3230.0,0,0,0,0,0.0
0.0005125628140703518,dc_series_circuit,0.0,2.7519040517061524,0.24489850153142828,8.923326618116058e+16,0.8683054662393417,0.24489850153142828,500.0,55.038081034123046,0.00444961918965877,0.24489850153142828,100000.0,12369.166593409936,8.084619060210423e-05,1.0,0.45,13759.520258530762,4.274692319839649,0.004,5.0265482457e-05,1.0,8.923326618116058e+16,0.8683054662393419,0.24489850153142828,300.0,13332.235256267184,3.218832895801704e+24,0.0,inf,2.3189535031439354e-05,4.274692319839649,ambipolar_diffusion,0.0,0.0,0.0,3230.0,0,0,0,0,0.0
0.0005175879396984925,dc_series_circuit,0.0,2.7519040497126857,0.24489850137596825,8.923326625379621e+16,0.8683054663487706,0.24489850137596825,500.0,55.03808099425371,0.004449619190057463,0.24489850137596825,100000.0,12369.16658334147,8.08461906679128e-05,1.0,0.45,13759.520248563427,4.274692320579637,0.004,5.0265482457e-05,1.0,8.923326625379621e+16,0.8683054663487706,0.24489850137596825,300.0,13332.235244301439,3.218832892912787e+24,0.0,inf,2.3189535023462485e-05,4.274692320579637,ambipolar_diffusion,0.0,0.0,0.0,3230.0,0,0,0,0,0.0
0.0005226130653266332,dc_series_circuit,0.0,2.7519040477192185,0.24489850122050813,8.923326632643184e+16,0.8683054664581993,0.24489850122050813,500.0,55.03808095438436,0.004449619190456156,0.24489850122050813,100000.0,12369.166573273002,8.084619073372138e-05,1.0,0.45,13759.520238596091,4.274692321319627,0.004,5.0265482457e-05,1.0,8.923326632643184e+16,0.8683054664581992,0.24489850122050813,300.0,13332.23523233569,3.218832890023868e+24,0.0,inf,2.318953501548561e-05,4.274692321319627,ambipolar_diffusion,0.0,0.0,0.0,3230.0,0,0,0,0,0.0
0.0005276381909547739,dc_series_circuit,0.0,2.751904045725751,0.24489850106504804,8.923326639906746e+16,0.8683054665676281,0.24489850106504804,500.0,55.038080914515014,0.004449619190854849,0.24489850106504804,100000.0,12369.166563204533,8.084619079952996e-05,1.0,0.45,13759.520228628753,4.274692322059615,0.004,5.0265482457e-05,1.0,8.923326639906747e+16,0.8683054665676279,0.24489850106504804,300.0,13332.235220369947,3.21883288713495e+24,0.0,inf,2.3189535007508738e-05,4.274692322059615,ambipolar_diffusion,0.0,0.0,0.0,3230.0,0,0,0,0,0.0
0.0005326633165829146,dc_series_circuit,0.0,2.751904043732283,0.2448985009095879,8.923326647170315e+16,0.8683054666770564,0.2448985009095879,500.0,55.03808087464565,0.0044496191912535435,0.2448985009095879,100000.0,12369.16655313606,8.084619086533858e-05,1.0,0.45,13759.520218661413,4.274692322799604,0.004,5.0265482457e-05,1.0,8.923326647170315e+16,0.8683054666770564,0.2448985009095879,300.0,13332.235208404198,3.2188328842460314e+24,0.0,inf,2.318953499953186e-05,4.274692322799604,ambipolar_diffusion,0.0,0.0,0.0,3230.0,0,0,0,0,0.0
0.0005376884422110554,dc_series_circuit,0.0,2.7519040417388156,0.24489850075412783,8.92332665443388e+16,0.868305466786485,0.24489850075412783,500.0,55.03808083477631,0.004449619191652237,0.24489850075412783,100000.0,12369.166543067591,8.084619093114716e-05,1.0,0.45,13759.520208694077,4.2746923235395915,0.004,5.0265482457e-05,1.0,8.92332665443388e+16,0.8683054667864849,0.24489850075412783,300.0,13332.235196438452,3.2188328813571135e+24,0.0,inf,2.318953499155498e-05,4.2746923235395915,ambipolar_diffusion,0.0,0.0,0.0,3230.0,0,0,0,0,0.0
0.000542713567839196,dc_series_circuit,0.0,2.751904039745348,0.24489850059866772,8.923326661697445e+16,0.8683054668959136,0.24489850059866772,500.0,55.03808079490696,0.00444961919205093,0.24489850059866772,100000.0,12369.166532999123,8.084619099695575e-05,1.0,0.45,13759.52019872674,4.274692324279581,0.004,5.0265482457e-05,1.0,8.923326661697443e+16,0.8683054668959138,0.24489850059866772,300.0,13332.235184472707,3.218832878468195e+24,0.0,inf,2.3189534983578113e-05,4.274692324279581,ambipolar_diffusion,0.0,0.0,0.0,3230.0,0,0,0,0,0.0
0.0005477386934673367,dc_series_circuit,0.0,2.7519040377518813,0.2448985004432077,8.923326668961008e+16,0.8683054670053425,0.2448985004432077,500.0,55.038080755037626,0.004449619192449624,0.2448985004432077,100000.0,12369.166522930655,8.084619106276433e-05,1.0,0.45,13759.520188759407,4.27469232501957,0.004,5.0265482457e-05,1.0,8.923326668961008e+16,0.8683054670053425,0.2448985004432077,300.0,13332.23517250696,3.218832875579277e+24,0.0,inf,2.3189534975601238e-05,4.27469232501957,ambipolar_diffusion,0.0,0.0,0.0,3230.0,0,0,0,0,0.0
0.0005527638190954774,dc_series_circuit,0.0,2.7519040357584137,0.24489850028774757,8.923326676224573e+16,0.868305467114771,0.24489850028774757,500.0,55.03808071516827,0.004449619192848317,0.24489850028774757,100000.0,12369.166512862184,8.084619112857292e-05,1.0,0.45,13759.520178792067,4.274692325759559,0.004,5.0265482457e-05,1.0,8.923326676224573e+16,0.8683054671147711,0.24489850028774757,300.0,13332.235160541211,3.218832872690358e+24,0.0,inf,2.3189534967624366e-05,4.274692325759559,ambipolar_diffusion,0.0,0.0,0.0,3230.0,0,0,0,0,0.0
0.0005577889447236182,dc_series_circuit,0.0,2.751904033764946,0.24489850013228745,8.923326683488138e+16,0.8683054672241997,0.24489850013228745,500.0,55.038080675298914,0.0044496191932470106,0.24489850013228745,100000.0,12369.166502793714,8.084619119438151e-05,1.0,0.45,13759.520168824729,4.274692326499545,0.004,5.0265482457e-05,1.0,8.923326683488138e+16,0.8683054672241997,0.24489850013228745,300.0,13332.235148575472,3.218832869801441e+24,0.0,inf,2.318953495964749e-05,4.274692326499545,ambipolar_diffusion,0.0,0.0,0.0,3230.0,0,0,0,0,0.0
0.0005628140703517588,dc_series_circuit,0.0,2.7519040317714794,0.24489849997682747,8.923326690751701e+16,0.8683054673336282,0.24489849997682747,500.0,55.03808063542959,0.004449619193645705,0.24489849997682747,100000.0,12369.166492725248,8.084619126019009e-05,1.0,0.45,13759.520158857396,4.274692327239536,0.004,5.0265482457e-05,1.0,8.923326690751701e+16,0.8683054673336282,0.24489849997682747,300.0,13332.235136609721,3.218832866912522e+24,0.0,inf,2.318953495167062e-05,4.274692327239536,ambipolar_diffusion,0.0,0.0,0.0,3230.0,0,0,0,0,0.0
0.0005678391959798995,dc_series_circuit,0.0,2.7519040297780117,0.24489849982136727,8.923326698015264e+16,0.8683054674430571,0.24489849982136727,500.0,55.03808059556023,0.004449619194044397,0.24489849982136727,100000.0,12369.16648265678,8.084619132599867e-05,1.0,0.45,13759.520148890058,4.274692327979524,0.004,5.0265482457e-05,1.0,8.923326698015264e+16,0.8683054674430571,0.24489849982136727,300.0,13332.235124643976,3.218832864023604e+24,0.0,inf,2.318953494369375e-05,4.274692327979524,ambipolar_diffusion,0.0,0.0,0.0,3230.0,0,0,0,0,0.0
0.0005728643216080402,dc_series_circuit,0.0,2.751904027784544,0.24489849966590718,8.92332670527883e+16,0.8683054675524856,0.24489849966590718,500.0,55.038080555690875,0.004449619194443091,0.24489849966590718,100000.0,12369.166472588307,8.084619139180727e-05,1.0,0.45,13759.520138922719,4.274692328719513,0.004,5.0265482457e-05,1.0,8.92332670527883e+16,0.8683054675524856,0.24489849966590718,300.0,13332.235112678229,3.2188328611346857e+24,0.0,inf,2.3189534935716872e-05,4.274692328719513,ambipolar_diffusion,0.0,0.0,0.0,3230.0,0,0,0,0,0.0
0.000577889447236181,dc_series_circuit,0.0,2.751904025791076,0.2448984995104471,8.923326712542395e+16,0.8683054676619144,0.2448984995104471,500.0,55.03808051582152,0.004449619194841785,0.2448984995104471,100000.0,12369.166462519835,8.084619145761588e-05,1.0,0.45,13759.520128955379,4.2746923294595,0.004,5.0265482457e-05,1.0,8.923326712542395e+16,0.8683054676619144,0.2448984995104471,300.0,13332.235100712485,3.218832858245768e+24,0.0,inf,2.318953492774e-05,4.2746923294595,ambipolar_diffusion,0.0,0.0,0.0,3230.0,0,0,0,0,0.0
0.0005829145728643216,dc_series_circuit,0.0,2.751904023797609,0.24489849935498695,8.92332671980596e+16,0.8683054677713428,0.24489849935498695,500.0,55.03808047595217,0.004449619195240478,0.24489849935498695,100000.0,12369.166452451369,8.084619152342446e-05,1.0,0.45,13759.520118988043,4.274692330199489,0.004,5.0265482457e-05,1.0,8.92332671980596e+16,0.8683054677713428,0.24489849935498695,300.0,13332.235088746736,3.218832855356849e+24,0.0,inf,2.318953491976312e-05,4.274692330199489,ambipolar_diffusion,0.0,0.0,0.0,3230.0,0,0,0,0,0.0
0.0005879396984924623,dc_series_circuit,0.0,2.7519040218041417,0.24489849919952691,8.923326727069525e+16,0.8683054678807716,0.24489849919952691,500.0,55.03808043608283,0.004449619195639172,0.24489849919952691,100000.0,12369.166442382899,8.084619158923305e-05,1.0,0.45,13759.520109020707,4.2746923309394775,0.004,5.0265482457e-05,1.0,8.923326727069525e+16,0.8683054678807713,0.24489849919952691,300.0,13332.235076780991,3.2188328524679313e+24,0.0,inf,2.3189534911786246e-05,4.2746923309394775,ambipolar_diffusion,0.0,0.0,0.0,3230.0,0,0,0,0,0.0
0.000592964824120603,dc_series_circuit,0.0,2.751904019810674,0.2448984990440668,8.923326734333086e+16,0.8683054679902006,0.2448984990440668,500.0,55.03808039621348,0.004449619196037865,0.2448984990440668,100000.0,12369.16643231443,8.084619165504163e-05,1.0,0.45,13759.52009905337,4.274692331679467,0.004,5.0265482457e-05,1.0,8.923326734333088e+16,0.8683054679902006,0.2448984990440668,300.0,13332.235064815246,3.218832849579013e+24,0.0,inf,2.318953490380938e-05,4.274692331679467,ambipolar_diffusion,0.0,0.0,0.0,3230.0,0,0,0,0,0.0
0.0005979899497487438,dc_series_circuit,0.0,2.751904017817208,0.2448984988886068,8.923326741596651e+16,0.8683054680996288,0.2448984988886068,500.0,55.03808035634415,0.004449619196436558,0.2448984988886068,100000.0,12369.166422245966,8.084619172085019e-05,1.0,0.45,13759.520089086038,4.2746923324194555,0.004,5.0265482457e-05,1.0,8.923326741596651e+16,0.8683054680996288,0.2448984988886068,300.0,13332.235052849499,3.218832846690095e+24,0.0,inf,2.3189534895832503e-05,4.2746923324194555,ambipolar_diffusion,0.0,0.0,0.0,3230.0,0,0,0,0,0.0
0.0006030150753768845,dc_series_circuit,0.0,2.7519040158237393,0.24489849873314662,8.923326748860218e+16,0.8683054682090574,0.24489849873314662,500.0,55.03808031647478,0.004449619196835252,0.24489849873314662,100000.0,12369.16641217749,8.084619178665882e-05,1.0,0.45,13759.520079118696,4.274692333159444,0.004,5.0265482457e-05,1.0,8.923326748860219e+16,0.8683054682090574,0.24489849873314662,300.0,13332.235040883752,3.2188328438011764e+24,0.0,inf,2.3189534887855624e-05,4.274692333159444,ambipolar_diffusion,0.0,0.0,0.0,3230.0,0,0,0,0,0.0
0.0006080402010050251,dc_series_circuit,0.0,2.7519040138302726,0.24489849857768659,8.923326756123782e+16,0.868305468318486,0.24489849857768659,500.0,55.03808027660545,0.0044496191972339455,0.24489849857768659,100000.0,12369.166402109026,8.084619185246739e-05,1.0,0.45,13759.520069151362,4.2746923338994325,0.004,5.0265482457e-05,1.0,8.923326756123782e+16,0.8683054683184861,0.24489849857768659,300.0,13332.235028918009,3.2188328409122584e+24,0.0,inf,2.3189534879878752e-05,4.2746923338994325,ambipolar_diffusion,0.0,0.0,0.0,3230.0,0,0,0,0,0.0
0.0006130653266331658,dc_series_circuit,0.0,2.751904011836805,0.24489849842222647,8.923326763387347e+16,0.8683054684279149,0.24489849842222647,500.0,55.0380802367361,0.004449619197632639,0.24489849842222647,100000.0,12369.166392040555,8.084619191827598e-05,1.0,0.45,13759.520059184024,4.274692334639421,0.004,5.0265482457e-05,1.0,8.923326763387347e+16,0.8683054684279149,0.24489849842222647,300.0,13332.23501695226,3.21883283802334e+24,0.0,inf,2.318953487190188e-05,4.274692334639421,ambipolar_diffusion,0.0,0.0,0.0,3230.0,0,0,0,0,0.0
0.0006180904522613066,dc_series_circuit,0.0,2.7519040098433383,0.24489849826676643,8.92332677065091e+16,0.8683054685373435,0.24489849826676643,500.0,55.03808019686676,0.004449619198031333,0.24489849826676643,100000.0,12369.166381972087,8.084619198408456e-05,1.0,0.45,13759.52004921669,4.2746923353794095,0.004,5.0265482457e-05,1.0,8.92332677065091e+16,0.8683054685373435,0.24489849826676643,300.0,13332.235004986514,3.218832835134422e+24,0.0,inf,2.318953486392501e-05,4.2746923353794095,ambipolar_diffusion,0.0,0.0,0.0,3230.0,0,0,0,0,0.0
0.0006231155778894473,dc_series_circuit,0.0,2.75190400784987,0.2448984981113063,8.923326777914478e+16,0.868305468646772,0.2448984981113063,500.0,55.0380801569974,0.004449619198430026,0.2448984981113063,100000.0,12369.166371903617,8.084619204989316e-05,1.0,0.45,13759.52003924935,4.274692336119399,0.004,5.0265482457e-05,1.0,8.923326777914478e+16,0.8683054686467722,0.2448984981113063,300.0,13332.234993020764,3.218832832245503e+24,0.0,inf,2.318953485594813e-05,4.274692336119399,ambipolar_diffusion,0.0,0.0,0.0,3230.0,0,0,0,0,0.0
0.000628140703517588,dc_series_circuit,0.0,2.751904005856402,0.24489849795584612,8.923326785178043e+16,0.8683054687562005,0.24489849795584612,500.0,55.03808011712804,0.004449619198828719,0.24489849795584612,100000.0,12369.166361835145,8.084619211570177e-05,1.0,0.45,13759.52002928201,4.274692336859387,0.004,5.0265482457e-05,1.0,8.923326785178043e+16,0.8683054687562005,0.24489849795584612,300.0,13332.234981055019,3.2188328293565845e+24,0.0,inf,2.3189534847971255e-05,4.274692336859387,ambipolar_diffusion,0.0,0.0,0.0,3230.0,0,0,0,0,0.0
0.0006331658291457286,dc_series_circuit,0.0,2.7519040038629354,0.24489849780038614,8.923326792441608e+16,0.8683054688656293,0.24489849780038614,500.0,55.038080077258705,0.004449619199227413,0.24489849780038614,100000.0,12369.166351766677,8.084619218151035e-05,1.0,0.45,13759.520019314676,4.274692337599376,0.004,5.0265482457e-05,1.0,8.923326792441608e+16,0.8683054688656293,0.24489849780038614,300.0,13332.234969089273,3.2188328264676666e+24,0.0,inf,2.318953483999438e-05,4.274692337599376,ambipolar_diffusion,0.0,0.0,0.0,3230.0,0,0,0,0,0.0
0.0006381909547738694,dc_series_circuit,0.0,2.751904001869468,0.24489849764492602,8.923326799705173e+16,0.8683054689750579,0.24489849764492602,500.0,55.038080037389356,0.004449619199626107,0.24489849764492602,100000.0,12369.166341698208,8.084619224731894e-05,1.0,0.45,13759.52000934734,4.274692338339365,0.004,5.0265482457e-05,1.0,8.923326799705173e+16,0.8683054689750577,0.24489849764492602,300.0,13332.234957123526,3.2188328235787486e+24,0.0,inf,2.3189534832017505e-05,4.274692338339365,ambipolar_diffusion,0.0,0.0,0.0,3230.0,0,0,0,0,0.0
0.0006432160804020101,dc_series_circuit,0.0,2.751903999876,0.24489849748946588,8.923326806968736e+16,0.8683054690844867,0.24489849748946588,500.0,55.03807999752,0.0044496192000248,0.24489849748946588,100000.0,12369.166331629738,8.084619231312753e-05,1.0,0.45,13759.51999938,4.274692339079353,0.004,5.0265482457e-05,1.0,8.923326806968736e+16,0.8683054690844867,0.24489849748946588,300.0,13332.234945157781,3.21883282068983e+24,0.0,inf,2.3189534824040636e-05,4.274692339079353,ambipolar_diffusion,0.0,0.0,0.0,3230.0,0,0,0,0,0.0
0.0006482412060301508,dc_series_circuit,0.0,2.751903997882534,0.24489849733400593,8.9233268142323e+16,0.8683054691939155,0.24489849733400593,500.0,55.03807995765067,0.004449619200423494,0.24489849733400593,100000.0,12369.166321561272,8.084619237893611e-05,1.0,0.45,13759.519989412667,4.274692339819342,0.004,5.0265482457e-05,1.0,8.9233268142323e+16,0.8683054691939155,0.24489849733400593,300.0,13332.234933192036,3.218832817800912e+24,0.0,inf,2.3189534816063764e-05,4.274692339819342,ambipolar_diffusion,0.0,0.0,0.0,3230.0,0,0,0,0,0.0
0.0006532663316582915,dc_series_circuit,0.0,2.7519039958890654,0.2448984971785457,8.923326821495867e+16,0.8683054693033438,0.2448984971785457,500.0,55.0380799177813,0.004449619200822187,0.2448984971785457,100000.0,12369.166311492798,8.084619244474473e-05,1.0,0.45,13759.519979445326,4.27469234055933,0.004,5.0265482457e-05,1.0,8.923326821495867e+16,0.8683054693033438,0.2448984971785457,300.0,13332.234921226287,3.2188328149119937e+24,0.0,inf,2.3189534808086886e-05,4.27469234055933,ambipolar_diffusion,0.0,0.0,0.0,3230.0,0,0,0,0,0.0
0.0006582914572864322,dc_series_circuit,0.0,2.7519039938955983,0.24489849702308564,8.92332682875943e+16,0.8683054694127726,0.24489849702308564,500.0,55.03807987791196,0.00444961920122088,0.24489849702308564,100000.0,12369.166301424331,8.08461925105533e-05,1.0,0.45,13759.51996947799,4.274692341299319,0.004,5.0265482457e-05,1.0,8.92332682875943e+16,0.8683054694127724,0.24489849702308564,300.0,13332.234909260542,3.218832812023075e+24,0.0,inf,2.318953480011001e-05,4.274692341299319,ambipolar_diffusion,0.0,0.0,0.0,3230.0,0,0,0,0,0.0
0.0006633165829145729,dc_series_circuit,0.0,2.751903991902131,0.2448984968676256,8.923326836022997e+16,0.8683054695222013,0.2448984968676256,500.0,55.03807983804262,0.0044496192016195745,0.2448984968676256,100000.0,12369.166291355861,8.08461925763619e-05,1.0,0.45,13759.519959510655,4.274692342039309,0.004,5.0265482457e-05,1.0,8.923326836022997e+16,0.8683054695222013,0.2448984968676256,300.0,13332.234897294795,3.218832809134157e+24,0.0,inf,2.3189534792133142e-05,4.274692342039309,ambipolar_diffusion,0.0,0.0,0.0,3230.0,0,0,0,0,0.0
0.0006683417085427136,dc_series_circuit,0.0,2.751903989908663,0.24489849671216543,8.923326843286563e+16,0.8683054696316296,0.24489849671216543,500.0,55.03807979817326,0.004449619202018268,0.24489849671216543,100000.0,12369.16628128739,8.08461926421705e-05,1.0,0.45,13759.519949543313,4.2746923427792956,0.004,5.0265482457e-05,1.0,8.923326843286563e+16,0.8683054696316296,0.24489849671216543,300.0,13332.234885329048,3.218832806245239e+24,0.0,inf,2.3189534784156257e-05,4.2746923427792956,ambipolar_diffusion,0.0,0.0,0.0,3230.0,0,0,0,0,0.0
0.0006733668341708544,dc_series_circuit,0.0,2.7519039879151963,0.24489849655670537,8.923326850550126e+16,0.8683054697410588,0.24489849655670537,500.0,55.03807975830392,0.004449619202416961,0.24489849655670537,100000.0,12369.166271218925,8.084619270797907e-05,1.0,0.45,13759.519939575981,4.274692343519285,0.004,5.0265482457e-05,1.0,8.923326850550125e+16,0.8683054697410588,0.24489849655670537,300.0,13332.234873363304,3.218832803356321e+24,0.0,inf,2.3189534776179392e-05,4.274692343519285,ambipolar_diffusion,0.0,0.0,0.0,3230.0,0,0,0,0,0.0
0.000678391959798995,dc_series_circuit,0.0,2.7519039859217287,0.24489849640124528,8.92332685781369e+16,0.868305469850487,0.24489849640124528,500.0,55.038079718434574,0.004449619202815654,0.24489849640124528,100000.0,12369.166261150454,8.084619277378766e-05,1.0,0.45,13759.519929608643,4.2746923442592735,0.004,5.0265482457e-05,1.0,8.92332685781369e+16,0.8683054698504871,0.24489849640124528,300.0,13332.23486139756,3.218832800467403e+24,0.0,inf,2.3189534768202517e-05,4.2746923442592735,ambipolar_diffusion,0.0,0.0,0.0,3230.0,0,0,0,0,0.0
0.0006834170854271357,dc_series_circuit,0.0,2.75190398392826,0.24489849624578508,8.923326865077258e+16,0.8683054699599156,0.24489849624578508,500.0,55.038079678565204,0.004449619203214347,0.24489849624578508,100000.0,12369.166251081982,8.084619283959627e-05,1.0,0.45,13759.519919641301,4.274692344999261,0.004,5.0265482457e-05,1.0,8.923326865077256e+16,0.8683054699599156,0.24489849624578508,300.0,13332.234849431812,3.2188327975784844e+24,0.0,inf,2.318953476022564e-05,4.274692344999261,ambipolar_diffusion,0.0,0.0,0.0,3230.0,0,0,0,0,0.0
0.0006884422110552764,dc_series_circuit,0.0,2.751903981934794,0.2448984960903251,8.923326872340821e+16,0.8683054700693443,0.2448984960903251,500.0,55.038079638695876,0.0044496192036130415,0.2448984960903251,100000.0,12369.166241013516,8.084619290540484e-05,1.0,0.45,13759.519909673969,4.274692345739251,0.004,5.0265482457e-05,1.0,8.923326872340821e+16,0.8683054700693443,0.2448984960903251,300.0,13332.234837466063,3.218832794689566e+24,0.0,inf,2.3189534752248766e-05,4.274692345739251,ambipolar_diffusion,0.0,0.0,0.0,3230.0,0,0,0,0,0.0
0.0006934673366834172,dc_series_circuit,0.0,2.751903979941326,0.24489849593486493,8.923326879604389e+16,0.8683054701787729,0.24489849593486493,500.0,55.03807959882651,0.004449619204011735,0.24489849593486493,100000.0,12369.166230945044,8.084619297121345e-05,1.0,0.45,13759.519899706627,4.274692346479239,0.004,5.0265482457e-05,1.0,8.923326879604387e+16,0.8683054701787729,0.24489849593486493,300.0,13332.234825500318,3.2188327918006474e+24,0.0,inf,2.3189534744271895e-05,4.274692346479239,ambipolar_diffusion,0.0,0.0,0.0,3230.0,0,0,0,0,0.0
0.0006984924623115578,dc_series_circuit,0.0,2.7519039779478596,0.24489849577940492,8.923326886867949e+16,0.8683054702882019,0.24489849577940492,500.0,55.038079558957186,0.004449619204410428,0.24489849577940492,100000.0,12369.16622087658,8.084619303702201e-05,1.0,0.45,13759.519889739297,4.274692347219229,0.004,5.0265482457e-05,1.0,8.923326886867949e+16,0.8683054702882019,0.24489849577940492,300.0,13332.234813534573,3.2188327889117295e+24,0.0,inf,2.3189534736295026e-05,4.274692347219229,ambipolar_diffusion,0.0,0.0,0.0,3230.0,0,0,0,0,0.0
0.0007035175879396985,dc_series_circuit,0.0,2.7519039759543924,0.2448984956239449,8.923326894131514e+16,0.8683054703976305,0.2448984956239449,500.0,55.038079519087844,0.004449619204809122,0.2448984956239449,100000.0,12369.166210808111,8.08461931028306e-05,1.0,0.45,13759.51987977196,4.274692347959218,0.004,5.0265482457e-05,1.0,8.923326894131514e+16,0.8683054703976305,0.2448984956239449,300.0,13332.234801568824,3.218832786022811e+24,0.0,inf,2.318953472831815e-05,4.274692347959218,ambipolar_diffusion,0.0,0.0,0.0,3230.0,0,0,0,0,0.0
0.0007085427135678392,dc_series_circuit,0.0,2.7519039739609243,0.24489849546848472,8.92332690139508e+16,0.8683054705070588,0.24489849546848472,500.0,55.03807947921848,0.004449619205207815,0.24489849546848472,100000.0,12369.166200739639,8.084619316863921e-05,1.0,0.45,13759.51986980462,4.274692348699205,0.004,5.0265482457e-05,1.0,8.92332690139508e+16,0.8683054705070588,0.24489849546848472,300.0,13332.234789603082,3.2188327831338936e+24,0.0,inf,2.3189534720341272e-05,4.274692348699205,ambipolar_diffusion,0.0,0.0,0.0,3230.0,0,0,0,0,0.0
0.00071356783919598,dc_series_circuit,0.0,2.7519039719674567,0.2448984953130246,8.923326908658645e+16,0.8683054706164877,0.2448984953130246,500.0,55.03807943934913,0.0044496192056065085,0.2448984953130246,100000.0,12369.166190671169,8.08461932344478e-05,1.0,0.45,13759.519859837283,4.274692349439194,0.004,5.0265482457e-05,1.0,8.923326908658645e+16,0.8683054706164877,0.2448984953130246,300.0,13332.234777637335,3.218832780244975e+24,0.0,inf,2.31895347123644e-05,4.274692349439194,ambipolar_diffusion,0.0,0.0,0.0,3230.0,0,0,0,0,0.0
0.0007185929648241207,dc_series_circuit,0.0,2.75190396997399,0.2448984951575646,8.923326915922208e+16,0.8683054707259162,0.2448984951575646,500.0,55.0380793994798,0.004449619206005203,0.2448984951575646,100000.0,12369.166180602702,8.084619330025638e-05,1.0,0.45,13759.51984986995,4.274692350179184,0.004,5.0265482457e-05,1.0,8.923326915922208e+16,0.8683054707259161,0.2448984951575646,300.0,13332.234765671587,3.2188327773560566e+24,0.0,inf,2.3189534704387525e-05,4.274692350179184,ambipolar_diffusion,0.0,0.0,0.0,3230.0,0,0,0,0,0.0
0.0007236180904522613,dc_series_circuit,0.0,2.751903967980522,0.24489849500210442,8.923326923185774e+16,0.8683054708353452,0.24489849500210442,500.0,55.038079359610435,0.004449619206403896,0.24489849500210442,100000.0,12369.16617053423,8.084619336606499e-05,1.0,0.45,13759.519839902609,4.274692350919171,0.004,5.0265482457e-05,1.0,8.923326923185774e+16,0.8683054708353449,0.24489849500210442,300.0,13332.234753705841,3.218832774467138e+24,0.0,inf,2.318953469641065e-05,4.274692350919171,ambipolar_diffusion,0.0,0.0,0.0,3230.0,0,0,0,0,0.0
0.000728643216080402,dc_series_circuit,0.0,2.7519039659870557,0.24489849484664442,8.923326930449338e+16,0.8683054709447737,0.24489849484664442,500.0,55.03807931974111,0.004449619206802589,0.24489849484664442,100000.0,12369.166160465766,8.084619343187355e-05,1.0,0.45,13759.519829935276,4.274692351659161,0.004,5.0265482457e-05,1.0,8.923326930449338e+16,0.8683054709447737,0.24489849484664442,300.0,13332.234741740096,3.21883277157822e+24,0.0,inf,2.3189534688433782e-05,4.274692351659161,ambipolar_diffusion,0.0,0.0,0.0,3230.0,0,0,0,0,0.0
0.0007336683417085428,dc_series_circuit,0.0,2.751903963993587,0.24489849469118424,8.923326937712906e+16,0.8683054710542023,0.24489849469118424,500.0,55.03807927987174,0.004449619207201283,0.24489849469118424,100000.0,12369.16615039729,8.084619349768218e-05,1.0,0.45,13759.519819967934,4.274692352399149,0.004,5.0265482457e-05,1.0,8.923326937712906e+16,0.8683054710542023,0.24489849469118424,300.0,13332.234729774345,3.218832768689301e+24,0.0,inf,2.3189534680456903e-05,4.274692352399149,ambipolar_diffusion,0.0,0.0,0.0,3230.0,0,0,0,0,0.0
0.0007386934673366835,dc_series_circuit,0.0,2.7519039620001196,0.2448984945357241,8.92332694497647e+16,0.868305471163631,0.2448984945357241,500.0,55.03807924000239,0.0044496192075999755,0.2448984945357241,100000.0,12369.166140328824,8.084619356349076e-05,1.0,0.45,13759.519810000596,4.274692353139137,0.004,5.0265482457e-05,1.0,8.92332694497647e+16,0.8683054711636309,0.2448984945357241,300.0,13332.2347178086,3.218832765800383e+24,0.0,inf,2.3189534672480028e-05,4.274692353139137,ambipolar_diffusion,0.0,0.0,0.0,3230.0,0,0,0,0,0.0
0.0007437185929648241,dc_series_circuit,0.0,2.751903960006652,0.244898494380264,8.923326952240037e+16,0.8683054712730596,0.244898494380264,500.0,55.03807920013303,0.00444961920799867,0.244898494380264,100000.0,12369.166130260352,8.084619362929937e-05,1.0,0.45,13759.519800033258,4.274692353879126,0.004,5.0265482457e-05,1.0,8.923326952240037e+16,0.8683054712730596,0.244898494380264,300.0,13332.234705842855,3.218832762911465e+24,0.0,inf,2.3189534664503153e-05,4.274692353879126,ambipolar_diffusion,0.0,0.0,0.0,3230.0,0,0,0,0,0.0
0.0007487437185929648,dc_series_circuit,0.0,2.751903958013185,0.24489849422480395,8.9233269595036e+16,0.8683054713824883,0.24489849422480395,500.0,55.0380791602637,0.004449619208397363,0.24489849422480395,100000.0,12369.166120191885,8.084619369510794e-05,1.0,0.45,13759.519790065924,4.2746923546191145,0.004,5.0265482457e-05,1.0,8.9233269595036e+16,0.8683054713824883,0.24489849422480395,300.0,13332.23469387711,3.2188327600225473e+24,0.0,inf,2.318953465652628e-05,4.2746923546191145,ambipolar_diffusion,0.0,0.0,0.0,3230.0,0,0,0,0,0.0
0.0007537688442211056,dc_series_circuit,0.0,2.7519039560197185,0.2448984940693439,8.923326966767162e+16,0.868305471491917,0.2448984940693439,500.0,55.038079120394364,0.004449619208796056,0.2448984940693439,100000.0,12369.16611012342,8.084619376091651e-05,1.0,0.45,13759.519780098592,4.274692355359105,0.004,5.0265482457e-05,1.0,8.923326966767163e+16,0.868305471491917,0.2448984940693439,300.0,13332.23468191136,3.2188327571336283e+24,0.0,inf,2.3189534648549413e-05,4.274692355359105,ambipolar_diffusion,0.0,0.0,0.0,3230.0,0,0,0,0,0.0
0.0007587939698492463,dc_series_circuit,0.0,2.7519039540262504,0.24489849391388377,8.92332697403073e+16,0.8683054716013455,0.24489849391388377,500.0,55.038079080525,0.00444961920919475,0.24489849391388377,100000.0,12369.166100054947,8.084619382672513e-05,1.0,0.45,13759.51977013125,4.2746923560990915,0.004,5.0265482457e-05,1.0,8.92332697403073e+16,0.8683054716013454,0.24489849391388377,300.0,13332.23466994562,3.218832754244711e+24,0.0,inf,2.318953464057253e-05,4.2746923560990915,ambipolar_diffusion,0.0,0.0,0.0,3230.0,0,0,0,0,0.0
0.000763819095477387,dc_series_circuit,0.0,2.7519039520327833,0.2448984937584237,8.923326981294293e+16,0.8683054717107743,0.2448984937584237,500.0,55.03807904065566,0.0044496192095934434,0.2448984937584237,100000.0,12369.166089986478,8.084619389253372e-05,1.0,0.45,13759.519760163914,4.274692356839082,0.004,5.0265482457e-05,1.0,8.923326981294294e+16,0.8683054717107741,0.2448984937584237,300.0,13332.234657979869,3.218832751355792e+24,0.0,inf,2.318953463259566e-05,4.274692356839082,ambipolar_diffusion,0.0,0.0,0.0,3230.0,0,0,0,0,0.0
0.0007688442211055276,dc_series_circuit,0.0,2.7519039500393156,0.2448984936029636,8.923326988557861e+16,0.8683054718202027,0.2448984936029636,500.0,55.03807900078631,0.004449619209992137,0.2448984936029636,100000.0,12369.16607991801,8.084619395834231e-05,1.0,0.45,13759.519750196578,4.27469235757907,0.004,5.0265482457e-05,1.0,8.92332698855786e+16,0.8683054718202027,0.2448984936029636,300.0,13332.234646014123,3.218832748466874e+24,0.0,inf,2.3189534624618787e-05,4.27469235757907,ambipolar_diffusion,0.0,0.0,0.0,3230.0,0,0,0,0,0.0
0.0007738693467336684,dc_series_circuit,0.0,2.7519039480458485,0.24489849344750353,8.923326995821426e+16,0.8683054719296315,0.24489849344750353,500.0,55.03807896091696,0.004449619210390831,0.24489849344750353,100000.0,12369.16606984954,8.08461940241509e-05,1.0,0.45,13759.51974022924,4.274692358319059,0.004,5.0265482457e-05,1.0,8.923326995821426e+16,0.8683054719296315,0.24489849344750353,300.0,13332.234634048378,3.2188327455779555e+24,0.0,inf,2.3189534616641912e-05,4.274692358319059,ambipolar_diffusion,0.0,0.0,0.0,3230.0,0,0,0,0,0.0
0.0007788944723618091,dc_series_circuit,0.0,2.7519039460523804,0.24489849329204338,8.923327003084992e+16,0.8683054720390601,0.24489849329204338,500.0,55.03807892104761,0.004449619210789524,0.24489849329204338,100000.0,12369.16605978107,8.084619408995951e-05,1.0,0.45,13759.519730261902,4.274692359059046,0.004,5.0265482457e-05,1.0,8.923327003084992e+16,0.8683054720390601,0.24489849329204338,300.0,13332.234622082631,3.2188327426890375e+24,0.0,inf,2.3189534608665033e-05,4.274692359059046,ambipolar_diffusion,0.0,0.0,0.0,3230.0,0,0,0,0,0.0
0.0007839195979899498,dc_series_circuit,0.0,2.7519039440589133,0.24489849313658332,8.923327010348557e+16,0.8683054721484889,0.24489849313658332,500.0,55.038078881178265,0.004449619211188217,0.24489849313658332,100000.0,12369.166049712601,8.084619415576809e-05,1.0,0.45,13759.519720294566,4.274692359799035,0.004,5.0265482457e-05,1.0,8.923327010348555e+16,0.8683054721484889,0.24489849313658332,300.0,13332.234610116886,3.2188327398001196e+24,0.0,inf,2.3189534600688165e-05,4.274692359799035,ambipolar_diffusion,0.0,0.0,0.0,3230.0,0,0,0,0,0.0
0.0007889447236180904,dc_series_circuit,0.0,2.7519039420654465,0.24489849298112332,8.92332701761212e+16,0.8683054722579172,0.24489849298112332,500.0,55.03807884130893,0.004449619211586911,0.24489849298112332,100000.0,12369.166039644135,8.084619422157667e-05,1.0,0.45,13759.519710327233,4.274692360539024,0.004,5.0265482457e-05,1.0,8.92332701761212e+16,0.8683054722579173,0.24489849298112332,300.0,13332.234598151143,3.2188327369112016e+24,0.0,inf,2.318953459271129e-05,4.274692360539024,ambipolar_diffusion,0.0,0.0,0.0,3230.0,0,0,0,0,0.0
0.0007939698492462312,dc_series_circuit,0.0,2.751903940071979,0.24489849282566317,8.923327024875685e+16,0.8683054723673459,0.24489849282566317,500.0,55.038078801439575,0.0044496192119856046,0.24489849282566317,100000.0,12369.166029575665,8.084619428738527e-05,1.0,0.45,13759.519700359893,4.274692361279013,0.004,5.0265482457e-05,1.0,8.923327024875685e+16,0.8683054723673459,0.24489849282566317,300.0,13332.234586185396,3.218832734022283e+24,0.0,inf,2.318953458473441e-05,4.274692361279013,ambipolar_diffusion,0.0,0.0,0.0,3230.0,0,0,0,0,0.0
0.0007989949748743719,dc_series_circuit,0.0,2.751903938078511,0.244898492670203,8.923327032139251e+16,0.8683054724767745,0.244898492670203,500.0,55.03807876157021,0.004449619212384298,0.244898492670203,100000.0,12369.166019507193,8.084619435319388e-05,1.0,0.45,13759.519690392553,4.2746923620190005,0.004,5.0265482457e-05,1.0,8.923327032139251e+16,0.8683054724767745,0.244898492670203,300.0,13332.234574219647,3.2188327311333647e+24,0.0,inf,2.3189534576757536e-05,4.2746923620190005,ambipolar_diffusion,0.0,0.0,0.0,3230.0,0,0,0,0,0.0
0.0008040201005025126,dc_series_circuit,0.0,2.751903936085044,0.244898492514743,8.92332703940282e+16,0.868305472586203,0.244898492514743,500.0,55.03807872170088,0.004449619212782992,0.244898492514743,100000.0,12369.166009438724,8.084619441900247e-05,1.0,0.45,13759.51968042522,4.274692362758991,0.004,5.0265482457e-05,1.0,8.923327039402818e+16,0.8683054725862032,0.244898492514743,300.0,13332.2345622539,3.218832728244446e+24,0.0,inf,2.318953456878066e-05,4.274692362758991,ambipolar_diffusion,0.0,0.0,0.0,3230.0,0,0,0,0,0.0
0.0008090452261306534,dc_series_circuit,0.0,2.751903934091577,0.24489849235928288,8.923327046666379e+16,0.8683054726956321,0.24489849235928288,500.0,55.038078681831536,0.004449619213181684,0.24489849235928288,100000.0,12369.16599937026,8.084619448481103e-05,1.0,0.45,13759.519670457883,4.274692363498979,0.004,5.0265482457e-05,1.0,8.923327046666379e+16,0.8683054726956321,0.24489849235928288,300.0,13332.234550288156,3.218832725355528e+24,0.0,inf,2.3189534560803796e-05,4.274692363498979,ambipolar_diffusion,0.0,0.0,0.0,3230.0,0,0,0,0,0.0
0.000814070351758794,dc_series_circuit,0.0,2.7519039320981094,0.24489849220382276,8.923327053929946e+16,0.8683054728050607,0.24489849220382276,500.0,55.03807864196218,0.004449619213580378,0.24489849220382276,100000.0,12369.165989301788,8.084619455061964e-05,1.0,0.45,13759.519660490545,4.274692364238969,0.004,5.0265482457e-05,1.0,8.923327053929946e+16,0.8683054728050607,0.24489849220382276,300.0,13332.234538322407,3.21883272246661e+24,0.0,inf,2.318953455282692e-05,4.274692364238969,ambipolar_diffusion,0.0,0.0,0.0,3230.0,0,0,0,0,0.0
0.0008190954773869347,dc_series_circuit,0.0,2.7519039301046426,0.24489849204836273,8.923327061193509e+16,0.8683054729144893,0.24489849204836273,500.0,55.038078602092845,0.004449619213979072,0.24489849204836273,100000.0,12369.165979233321,8.084619461642822e-05,1.0,0.45,13759.51965052321,4.274692364978957,0.004,5.0265482457e-05,1.0,8.923327061193509e+16,0.8683054729144893,0.24489849204836273,300.0,13332.234526356662,3.218832719577692e+24,0.0,inf,2.318953454485005e-05,4.274692364978957,ambipolar_diffusion,0.0,0.0,0.0,3230.0,0,0,0,0,0.0
0.0008241206030150754,dc_series_circuit,0.0,2.7519039281111746,0.24489849189290258,8.923327068457075e+16,0.8683054730239179,0.24489849189290258,500.0,55.03807856222349,0.004449619214377765,0.24489849189290258,100000.0,12369.165969164851,8.084619468223682e-05,1.0,0.45,13759.519640555873,4.274692365718946,0.004,5.0265482457e-05,1.0,8.923327068457075e+16,0.8683054730239179,0.24489849189290258,300.0,13332.234514390919,3.218832716688774e+24,0.0,inf,2.3189534536873174e-05,4.274692365718946,ambipolar_diffusion,0.0,0.0,0.0,3230.0,0,0,0,0,0.0
0.0008291457286432162,dc_series_circuit,0.0,2.751903926117707,0.2448984917374425,8.923327075720642e+16,0.8683054731333465,0.2448984917374425,500.0,55.038078522354134,0.004449619214776459,0.2448984917374425,100000.0,12369.165959096379,8.084619474804543e-05,1.0,0.45,13759.519630588533,4.274692366458933,0.004,5.0265482457e-05,1.0,8.923327075720642e+16,0.8683054731333465,0.2448984917374425,300.0,13332.23450242517,3.2188327137998554e+24,0.0,inf,2.3189534528896295e-05,4.274692366458933,ambipolar_diffusion,0.0,0.0,0.0,3230.0,0,0,0,0,0.0
0.0008341708542713569,dc_series_circuit,0.0,2.7519039241242393,0.24489849158198237,8.923327082984206e+16,0.8683054732427752,0.24489849158198237,500.0,55.038078482484785,0.004449619215175152,0.24489849158198237,100000.0,12369.16594902791,8.084619481385402e-05,1.0,0.45,13759.519620621197,4.274692367198923,0.004,5.0265482457e-05,1.0,8.923327082984206e+16,0.8683054732427752,0.24489849158198237,300.0,13332.234490459423,3.218832710910937e+24,0.0,inf,2.3189534520919423e-05,4.274692367198923,ambipolar_diffusion,0.0,0.0,0.0,3230.0,0,0,0,0,0.0
0.0008391959798994975,dc_series_circuit,0.0,2.751903922130773,0.24489849142652237,8.92332709024777e+16,0.868305473352204,0.24489849142652237,500.0,55.03807844261546,0.004449619215573845,0.24489849142652237,100000.0,12369.165938959446,8.084619487966258e-05,1.0,0.45,13759.519610653864,4.274692367938912,0.004,5.0265482457e-05,1.0,8.92332709024777e+16,0.868305473352204,0.24489849142652237,300.0,13332.23447849368,3.218832708022019e+24,0.0,inf,2.3189534512942555e-05,4.274692367938912,ambipolar_diffusion,0.0,0.0,0.0,3230.0,0,0,0,0,0.0
0.0008442211055276382,dc_series_circuit,0.0,2.7519039201373063,0.24489849127106236,8.923327097511334e+16,0.8683054734616327,0.24489849127106236,500.0,55.03807840274612,0.0044496192159725395,0.24489849127106236,100000.0,12369.165928890978,8.084619494547117e-05,1.0,0.45,13759.51960068653,4.274692368678902,0.004,5.0265482457e-05,1.0,8.923327097511334e+16,0.8683054734616327,0.24489849127106236,300.0,13332.23446652793,3.2188327051331005e+24,0.0,inf,2.318953450496568e-05,4.274692368678902,ambipolar_diffusion,0.0,0.0,0.0,3230.0,0,0,0,0,0.0
0.000849246231155779,dc_series_circuit,0.0,2.751903918143837,0.2448984911156021,8.923327104774902e+16,0.8683054735710612,0.2448984911156021,500.0,55.03807836287674,0.004449619216371233,0.2448984911156021,100000.0,12369.165918822502,8.084619501127981e-05,1.0,0.45,13759.519590719185,4.274692369418888,0.004,5.0265482457e-05,1.0,8.923327104774902e+16,0.8683054735710612,0.2448984911156021,300.0,13332.234454562185,3.2188327022441825e+24,0.0,inf,2.3189534496988805e-05,4.274692369418888,ambipolar_diffusion,0.0,0.0,0.0,3230.0,0,0,0,0,0.0
0.0008542713567839197,dc_series_circuit,0.0,2.75190391615037,0.24489849096014205,8.923327112038467e+16,0.8683054736804897,0.24489849096014205,500.0,55.038078323007404,0.004449619216769926,0.24489849096014205,100000.0,12369.165908754036,8.084619507708839e-05,1.0,0.45,13759.51958075185,4.274692370158878,0.004,5.0265482457e-05,1.0,8.923327112038467e+16,0.8683054736804898,0.24489849096014205,300.0,13332.23444259644,3.218832699355264e+24,0.0,inf,2.318953448901193e-05,4.274692370158878,ambipolar_diffusion,0.0,0.0,0.0,3230.0,0,0,0,0,0.0
0.0008592964824120603,dc_series_circuit,0.0,2.751903914156903,0.24489849080468198,8.923327119302032e+16,0.8683054737899185,0.24489849080468198,500.0,55.038078283138056,0.00444961921716862,0.24489849080468198,100000.0,12369.165898685565,8.084619514289699e-05,1.0,0.45,13759.519570784514,4.274692370898866,0.004,5.0265482457e-05,1.0,8.923327119302032e+16,0.8683054737899184,0.24489849080468198,300.0,13332.234430630693,3.218832696466346e+24,0.0,inf,2.3189534481035054e-05,4.274692370898866,ambipolar_diffusion,0.0,0.0,0.0,3230.0,0,0,0,0,0.0
0.000864321608040201,dc_series_circuit,0.0,2.751903912163436,0.24489849064922187,8.923327126565595e+16,0.8683054738993473,0.24489849064922187,500.0,55.038078243268714,0.004449619217567312,0.24489849064922187,100000.0,12369.1658886171,8.084619520870556e-05,1.0,0.45,13759.519560817178,4.274692371638856,0.004,5.0265482457e-05,1.0,8.923327126565595e+16,0.8683054738993471,0.24489849064922187,300.0,13332.234418664946,3.2188326935774276e+24,0.0,inf,2.3189534473058182e-05,4.274692371638856,ambipolar_diffusion,0.0,0.0,0.0,3230.0,0,0,0,0,0.0
0.0008693467336683418,dc_series_circuit,0.0,2.7519039101699683,0.24489849049376175,8.923327133829162e+16,0.8683054740087757,0.24489849049376175,500.0,55.03807820339936,0.0044496192179660065,0.24489849049376175,100000.0,12369.165878548629,8.084619527451416e-05,1.0,0.45,13759.51955084984,4.274692372378843,0.004,5.0265482457e-05,1.0,8.923327133829162e+16,0.8683054740087757,0.24489849049376175,300.0,13332.234406699203,3.2188326906885096e+24,0.0,inf,2.3189534465081307e-05,4.274692372378843,ambipolar_diffusion,0.0,0.0,0.0,3230.0,0,0,0,0,0.0
0.0008743718592964825,dc_series_circuit,0.0,2.751903908176501,0.2448984903383017,8.923327141092726e+16,0.8683054741182046,0.2448984903383017,500.0,55.03807816353002,0.0044496192183647,0.2448984903383017,100000.0,12369.16586848016,8.084619534032275e-05,1.0,0.45,13759.519540882504,4.274692373118833,0.004,5.0265482457e-05,1.0,8.923327141092726e+16,0.8683054741182044,0.2448984903383017,300.0,13332.234394733454,3.218832687799591e+24,0.0,inf,2.3189534457104435e-05,4.274692373118833,ambipolar_diffusion,0.0,0.0,0.0,3230.0,0,0,0,0,0.0
0.0008793969849246232,dc_series_circuit,0.0,2.751903906183033,0.24489849018284154,8.923327148356293e+16,0.8683054742276329,0.24489849018284154,500.0,55.03807812366066,0.004449619218763393,0.24489849018284154,100000.0,12369.16585841169,8.084619540613136e-05,1.0,0.45,13759.519530915164,4.27469237385882,0.004,5.0265482457e-05,1.0,8.923327148356293e+16,0.8683054742276329,0.24489849018284154,300.0,13332.234382767709,3.218832684910673e+24,0.0,inf,2.318953444912756e-05,4.27469237385882,ambipolar_diffusion,0.0,0.0,0.0,3230.0,0,0,0,0,0.0
0.0008844221105527638,dc_series_circuit,0.0,2.751903904189565,0.2448984900273814,8.92332715561986e+16,0.8683054743370615,0.2448984900273814,500.0,55.0380780837913,0.004449619219162087,0.2448984900273814,100000.0,12369.165848343217,8.084619547193998e-05,1.0,0.45,13759.519520947824,4.274692374598808,0.004,5.0265482457e-05,1.0,8.92332715561986e+16,0.8683054743370615,0.2448984900273814,300.0,13332.234370801962,3.2188326820217547e+24,0.0,inf,2.3189534441150678e-05,4.274692374598808,ambipolar_diffusion,0.0,0.0,0.0,3230.0,0,0,0,0,0.0
0.0008894472361809046,dc_series_circuit,0.0,2.7519039021960983,0.24489848987192137,8.923327162883422e+16,0.8683054744464905,0.24489848987192137,500.0,55.03807804392196,0.00444961921956078,0.24489848987192137,100000.0,12369.165838274752,8.084619553774854e-05,1.0,0.45,13759.51951098049,4.274692375338798,0.004,5.0265482457e-05,1.0,8.923327162883422e+16,0.8683054744464904,0.24489848987192137,300.0,13332.234358836215,3.218832679132836e+24,0.0,inf,2.3189534433173813e-05,4.274692375338798,ambipolar_diffusion,0.0,0.0,0.0,3230.0,0,0,0,0,0.0
0.0008944723618090453,dc_series_circuit,0.0,2.7519039002026306,0.24489848971646122,8.923327170146989e+16,0.8683054745559193,0.24489848971646122,500.0,55.03807800405261,0.0044496192199594735,0.24489848971646122,100000.0,12369.165828206282,8.084619560355715e-05,1.0,0.45,13759.519501013152,4.274692376078787,0.004,5.0265482457e-05,1.0,8.923327170146989e+16,0.8683054745559191,0.24489848971646122,300.0,13332.234346870468,3.218832676243918e+24,0.0,inf,2.3189534425196938e-05,4.274692376078787,ambipolar_diffusion,0.0,0.0,0.0,3230.0,0,0,0,0,0.0
0.000899497487437186,dc_series_circuit,0.0,2.7519038982091644,0.2448984895610013,8.92332717741055e+16,0.8683054746653477,0.2448984895610013,500.0,55.03807796418329,0.004449619220358168,0.2448984895610013,100000.0,12369.165818137817,8.084619566936571e-05,1.0,0.45,13759.519491045821,4.274692376818776,0.004,5.0265482457e-05,1.0,8.92332717741055e+16,0.8683054746653479,0.2448984895610013,300.0,13332.234334904724,3.2188326733550004e+24,0.0,inf,2.318953441722007e-05,4.274692376818776,ambipolar_diffusion,0.0,0.0,0.0,3230.0,0,0,0,0,0.0
0.0009045226130653266,dc_series_circuit,0.0,2.7519038962156976,0.2448984894055412,8.923327184674118e+16,0.8683054747747763,0.2448984894055412,500.0,55.038077924313946,0.004449619220756861,0.2448984894055412,100000.0,12369.165808069349,8.08461957351743e-05,1.0,0.45,13759.519481078487,4.274692377558766,0.004,5.0265482457e-05,1.0,8.923327184674117e+16,0.8683054747747765,0.2448984894055412,300.0,13332.234322938977,3.218832670466082e+24,0.0,inf,2.3189534409243194e-05,4.274692377558766,ambipolar_diffusion,0.0,0.0,0.0,3230.0,0,0,0,0,0.0
0.0009095477386934674,dc_series_circuit,0.0,2.7519038942222296,0.24489848925008106,8.923327191937682e+16,0.8683054748842052,0.24489848925008106,500.0,55.03807788444459,0.004449619221155554,0.24489848925008106,100000.0,12369.165798000879,8.084619580098291e-05,1.0,0.45,13759.519471111147,4.274692378298753,0.004,5.0265482457e-05,1.0,8.923327191937683e+16,0.8683054748842051,0.24489848925008106,300.0,13332.234310973232,3.218832667577164e+24,0.0,inf,2.3189534401266316e-05,4.274692378298753,ambipolar_diffusion,0.0,0.0,0.0,3230.0,0,0,0,0,0.0
0.0009145728643216081,dc_series_circuit,0.0,2.7519038922287615,0.24489848909462095,8.92332719920125e+16,0.8683054749936336,0.24489848909462095,500.0,55.03807784457523,0.004449619221554248,0.24489848909462095,100000.0,12369.165787932405,8.084619586679153e-05,1.0,0.45,13759.519461143807,4.274692379038742,0.004,5.0265482457e-05,1.0,8.92332719920125e+16,0.8683054749936336,0.24489848909462095,300.0,13332.234299007485,3.2188326646882454e+24,0.0,inf,2.318953439328944e-05,4.274692379038742,ambipolar_diffusion,0.0,0.0,0.0,3230.0,0,0,0,0,0.0
0.0009195979899497488,dc_series_circuit,0.0,2.7519038902352952,0.2448984889391609,8.923327206464814e+16,0.8683054751030622,0.2448984889391609,500.0,55.0380778047059,0.004449619221952941,0.2448984889391609,100000.0,12369.165777863942,8.084619593260009e-05,1.0,0.45,13759.519451176475,4.274692379778732,0.004,5.0265482457e-05,1.0,8.923327206464813e+16,0.8683054751030623,0.2448984889391609,300.0,13332.234287041738,3.218832661799327e+24,0.0,inf,2.3189534385312572e-05,4.274692379778732,ambipolar_diffusion,0.0,0.0,0.0,3230.0,0,0,0,0,0.0
0.0009246231155778894,dc_series_circuit,0.0,2.751903888241827,0.24489848878370077,8.923327213728378e+16,0.868305475212491,0.24489848878370077,500.0,55.038077764836544,0.004449619222351635,0.24489848878370077,100000.0,12369.165767795472,8.084619599840868e-05,1.0,0.45,13759.519441209135,4.2746923805187205,0.004,5.0265482457e-05,1.0,8.923327213728378e+16,0.8683054752124912,0.24489848878370077,300.0,13332.23427507599,3.2188326589104085e+24,0.0,inf,2.31895343773357e-05,4.2746923805187205,ambipolar_diffusion,0.0,0.0,0.0,3230.0,0,0,0,0,0.0
0.0009296482412060302,dc_series_circuit,0.0,2.7519038862483605,0.24489848862824073,8.923327220991946e+16,0.8683054753219199,0.24489848862824073,500.0,55.0380777249672,0.004449619222750329,0.24489848862824073,100000.0,12369.165757727002,8.084619606421729e-05,1.0,0.45,13759.5194312418,4.274692381258709,0.004,5.0265482457e-05,1.0,8.923327220991944e+16,0.8683054753219199,0.24489848862824073,300.0,13332.234263110246,3.2188326560214905e+24,0.0,inf,2.318953436935883e-05,4.274692381258709,ambipolar_diffusion,0.0,0.0,0.0,3230.0,0,0,0,0,0.0
0.0009346733668341709,dc_series_circuit,0.0,2.7519038842548924,0.2448984884727806,8.923327228255509e+16,0.8683054754313482,0.2448984884727806,500.0,55.038077685097846,0.004449619223149022,0.2448984884727806,100000.0,12369.165747658531,8.08461961300259e-05,1.0,0.45,13759.519421274461,4.274692381998697,0.004,5.0265482457e-05,1.0,8.92332722825551e+16,0.8683054754313482,0.2448984884727806,300.0,13332.234251144502,3.2188326531325726e+24,0.0,inf,2.3189534361381947e-05,4.274692381998697,ambipolar_diffusion,0.0,0.0,0.0,3230.0,0,0,0,0,0.0
0.0009396984924623116,dc_series_circuit,0.0,2.7519038822614252,0.24489848831732053,8.923327235519074e+16,0.8683054755407769,0.24489848831732053,500.0,55.038077645228505,0.004449619223547715,0.24489848831732053,100000.0,12369.165737590065,8.084619619583447e-05,1.0,0.45,13759.519411307127,4.274692382738686,0.004,5.0265482457e-05,1.0,8.923327235519074e+16,0.8683054755407771,0.24489848831732053,300.0,13332.234239178755,3.2188326502436546e+24,0.0,inf,2.318953435340508e-05,4.274692382738686,ambipolar_diffusion,0.0,0.0,0.0,3230.0,0,0,0,0,0.0
0.0009447236180904523,dc_series_circuit,0.0,2.7519038802679576,0.24489848816186038,8.92332724278264e+16,0.8683054756502054,0.24489848816186038,500.0,55.03807760535915,0.0044496192239464084,0.24489848816186038,100000.0,12369.165727521595,8.084619626164308e-05,1.0,0.45,13759.519401339787,4.2746923834786745,0.004,5.0265482457e-05,1.0,8.92332724278264e+16,0.8683054756502057,0.24489848816186038,300.0,13332.234227213008,3.218832647354736e+24,0.0,inf,2.31895343454282e-05,4.2746923834786745,ambipolar_diffusion,0.0,0.0,0.0,3230.0,0,0,0,0,0.0
0.000949748743718593,dc_series_circuit,0.0,2.75190387827449,0.24489848800640024,8.923327250046205e+16,0.8683054757596345,0.24489848800640024,500.0,55.03807756548979,0.004449619224345102,0.24489848800640024,100000.0,12369.165717453125,8.084619632745168e-05,1.0,0.45,13759.519391372449,4.274692384218663,0.004,5.0265482457e-05,1.0,8.923327250046206e+16,0.8683054757596343,0.24489848800640024,300.0,13332.23421524726,3.2188326444658177e+24,0.0,inf,2.3189534337451325e-05,4.274692384218663,ambipolar_diffusion,0.0,0.0,0.0,3230.0,0,0,0,0,0.0
0.0009547738693467337,dc_series_circuit,0.0,2.7519038762810233,0.24489848785094026,8.92332725730977e+16,0.868305475869063,0.24489848785094026,500.0,55.038077525620466,0.004449619224743796,0.24489848785094026,100000.0,12369.165707384658,8.084619639326026e-05,1.0,0.45,13759.519381405116,4.274692384958653,0.004,5.0265482457e-05,1.0,8.92332725730977e+16,0.8683054758690633,0.24489848785094026,300.0,13332.234203281514,3.218832641576899e+24,0.0,inf,2.3189534329474456e-05,4.274692384958653,ambipolar_diffusion,0.0,0.0,0.0,3230.0,0,0,0,0,0.0
0.0009597989949748744,dc_series_circuit,0.0,2.751903874287556,0.24489848769548014,8.923327264573336e+16,0.8683054759784915,0.24489848769548014,500.0,55.03807748575112,0.004449619225142489,0.24489848769548014,100000.0,12369.16569731619,8.084619645906885e-05,1.0,0.45,13759.519371437778,4.274692385698641,0.004,5.0265482457e-05,1.0,8.923327264573336e+16,0.8683054759784915,0.24489848769548014,300.0,13332.23419131577,3.218832638687982e+24,0.0,inf,2.3189534321497578e-05,4.274692385698641,ambipolar_diffusion,0.0,0.0,0.0,3230.0,0,0,0,0,0.0
0.0009648241206030152,dc_series_circuit,0.0,2.751903872294088,0.24489848754001997,8.923327271836901e+16,0.8683054760879202,0.24489848754001997,500.0,55.038077445881754,0.004449619225541182,0.24489848754001997,100000.0,12369.165687247718,8.084619652487746e-05,1.0,0.45,13759.519361470439,4.2746923864386295,0.004,5.0265482457e-05,1.0,8.923327271836901e+16,0.8683054760879204,0.24489848754001997,300.0,13332.23417935002,3.218832635799063e+24,0.0,inf,2.3189534313520706e-05,4.2746923864386295,ambipolar_diffusion,0.0,0.0,0.0,3230.0,0,0,0,0,0.0
0.0009698492462311559,dc_series_circuit,0.0,2.7519038703006213,0.24489848738455997,8.923327279100467e+16,0.868305476197349,0.24489848738455997,500.0,55.03807740601242,0.004449619225939876,0.24489848738455997,100000.0,12369.16567717925,8.084619659068605e-05,1.0,0.45,13759.519351503104,4.274692387178618,0.004,5.0265482457e-05,1.0,8.923327279100467e+16,0.868305476197349,0.24489848738455997,300.0,13332.234167384277,3.218832632910145e+24,0.0,inf,2.318953430554383e-05,4.274692387178618,ambipolar_diffusion,0.0,0.0,0.0,3230.0,0,0,0,0,0.0
0.0009748743718592965,dc_series_circuit,0.0,2.7519038683071533,0.24489848722909985,8.923327286364035e+16,0.8683054763067776,0.24489848722909985,500.0,55.038077366143064,0.0044496192263385696,0.24489848722909985,100000.0,12369.16566711078,8.084619665649466e-05,1.0,0.45,13759.519341535766,4.2746923879186065,0.004,5.0265482457e-05,1.0,8.923327286364034e+16,0.8683054763067776,0.24489848722909985,300.0,13332.234155418531,3.218832630021227e+24,0.0,inf,2.3189534297566955e-05,4.2746923879186065,ambipolar_diffusion,0.0,0.0,0.0,3230.0,0,0,0,0,0.0
0.0009798994974874373,dc_series_circuit,0.0,2.751903866313686,0.24489848707363973,8.923327293627598e+16,0.8683054764162063,0.24489848707363973,500.0,55.038077326273715,0.004449619226737263,0.24489848707363973,100000.0,12369.165657042311,8.084619672230325e-05,1.0,0.45,13759.519331568428,4.274692388658595,0.004,5.0265482457e-05,1.0,8.923327293627598e+16,0.8683054764162063,0.24489848707363973,300.0,13332.234143452786,3.218832627132309e+24,0.0,inf,2.3189534289590084e-05,4.274692388658595,ambipolar_diffusion,0.0,0.0,0.0,3230.0,0,0,0,0,0.0
0.0009849246231155779,dc_series_circuit,0.0,2.7519038643202194,0.24489848691817967,8.923327300891162e+16,0.8683054765256352,0.24489848691817967,500.0,55.03807728640438,0.004449619227135956,0.24489848691817967,100000.0,12369.165646973846,8.084619678811181e-05,1.0,0.45,13759.519321601096,4.274692389398585,0.004,5.0265482457e-05,1.0,8.923327300891162e+16,0.8683054765256352,0.24489848691817967,300.0,13332.23413148704,3.2188326242433904e+24,0.0,inf,2.3189534281613215e-05,4.274692389398585,ambipolar_diffusion,0.0,0.0,0.0,3230.0,0,0,0,0,0.0
0.0009899497487437187,dc_series_circuit,0.0,2.7519038623267513,0.24489848676271952,8.923327308154726e+16,0.8683054766350639,0.24489848676271952,500.0,55.038077246535025,0.004449619227534649,0.24489848676271952,100000.0,12369.165636905376,8.084619685392042e-05,1.0,0.45,13759.519311633756,4.274692390138573,0.004,5.0265482457e-05,1.0,8.923327308154726e+16,0.8683054766350639,0.24489848676271952,300.0,13332.234119521294,3.2188326213544725e+24,0.0,inf,2.3189534273636343e-05,4.274692390138573,ambipolar_diffusion,0.0,0.0,0.0,3230.0,0,0,0,0,0.0
0.0009949748743718595,dc_series_circuit,0.0,2.7519038603332846,0.24489848660725952,8.923327315418293e+16,0.8683054767444922,0.24489848660725952,500.0,55.03807720666569,0.004449619227933343,0.24489848660725952,100000.0,12369.165626836908,8.084619691972901e-05,1.0,0.45,13759.519301666422,4.274692390878563,0.004,5.0265482457e-05,1.0,8.923327315418293e+16,0.8683054767444922,0.24489848660725952,300.0,13332.234107555545,3.2188326184655535e+24,0.0,inf,2.3189534265659465e-05,4.274692390878563,ambipolar_diffusion,0.0,0.0,0.0,3230.0,0,0,0,0,0.0
0.001,dc_series_circuit,0.0,2.7519038583398174,0.24489848645179943,8.923327322681858e+16,0.8683054768539208,0.24489848645179943,500.0,55.03807716679634,0.004449619228332037,0.24489848645179943,100000.0,12369.16561676844,8.08461969855376e-05,1.0,0.45,13759.519291699085,4.274692391618552,0.004,5.0265482457e-05,1.0,8.923327322681858e+16,0.8683054768539208,0.24489848645179943,300.0,13332.2340955898,3.2188326155766355e+24,0.0,inf,2.318953425768259e-05,4.274692391618552,ambipolar_diffusion,0.0,0.0,0.0,3230.0,0,0,0,0,0.0
