time_s,step_id,self_bias_V,plasma_potential_V,total_absorbed_power_W,electron_density_m3,mean_electron_energy_eV,port_dc_series_drive_absorbed_power_W,port_dc_series_drive_source_voltage_V,port_dc_series_drive_gap_voltage_V,port_dc_series_drive_current_A,port_dc_series_drive_delivered_power_W,port_dc_series_drive_ballast_resistance_ohm,port_dc_series_drive_plasma_resistance_ohm,port_dc_series_drive_plasma_conductance_S,port_dc_series_drive_conductance_multiplier,port_dc_series_drive_electron_mobility_m2_V_s,port_dc_series_drive_electric_field_V_m,port_dc_series_drive_reduced_field_Td,port_dc_series_drive_gap_m,port_dc_series_drive_electrode_area_m2,port_dc_series_drive_waveform_multiplier,ne_plasma_m3,mean_energy_plasma_eV,pabs_plasma_W,Tg_plasma_K,pressure_plasma_Pa,total_density_plasma_m3,electronegativity_plasma,residence_time_plasma_s,debye_length_plasma_m,EoverN_plasma_Td,ion_loss_family_plasma,ion_loss_area_plasma_m2,ion_loss_h_factor_plasma,ion_loss_characteristic_length_plasma_m,ambipolar_loss_rate_plasma_s,warning_high_electronegativity_plasma,warning_ion_ion_afterglow_plasma,warning_pressure_deviation_plasma,warning_debye_ratio_plasma,film_wall_m
0.0,dc_series_circuit,0.0,49.9909415459916,0.0018113625793235067,2000000000000.0002,3.0,0.0018113625793235067,1000.0,999.8188309198321,1.8116908016795956e-06,0.0018113625793235067,100000.0,551870567.534434,1.8120190835102019e-09,1.0,0.45,249954.707729958,77.65382240369298,0.004,5.0265482457e-05,1.0,2000000000000.0,3.0,0.0018113625793235067,300.0,13332.236840008285,3.2188332781680413e+24,0.0,inf,0.009104682332231951,77.65382240369298,ambipolar_diffusion,0.0,0.0,0.0,3230.0,0,0,0,1,0.0
5.025125628140704e-06,dc_series_circuit,0.0,3.4203644145498533,0.6372773119966947,1.503110593522684e+17,3.963335759703473,0.6372773119966947,1000.0,68.40728829099706,0.009315927117090029,0.6372773119966947,100000.0,7343.046744698569,0.0001361832540044725,1.0,0.45,17101.822072749263,5.313050221290914,0.004,5.0265482457e-05,1.0,1.503110593522684e+17,3.963335759703473,0.6372773119966947,300.0,13332.236225605793,3.2188331298314035e+24,0.0,inf,3.81728102186385e-05,5.313050221290914,ambipolar_diffusion,0.0,0.0,0.0,3230.0,0,0,0,0,0.0
1.0050251256281408e-05,dc_series_circuit,0.0,2.0443686435202,0.39215595610160553,2.589092879804885e+17,4.1556028973704535,0.39215595610160553,1000.0,40.887372870404,0.00959112627129596,0.39215595610160553,100000.0,4263.041869521677,0.00023457428535934185,1.0,0.45,10221.843217601,3.1756363797030285,0.004,5.0265482457e-05,1.0,2.5890928798048848e+17,4.1556028973704535,0.39215595610160553,300.0,13332.235743429828,3.218833013418527e+24,0.0,inf,2.9782583844140782e-05,3.1756363797030285,ambipolar_diffusion,0.0,0.0,0.0,3230.0,0,0,0,0,0.0
1.5075376884422112e-05,dc_series_circuit,0.0,1.8230813876183807,0.3513217745401539,2.916756607493898e+17,4.053225182582138,0.3513217745401539,1000.0,36.46162775236761,0.009635383722476324,0.3513217745401539,100000.0,3784.138629301715,0.00026426093173667094,1.0,0.45,9115.406938091903,2.8318980885572103,0.004,5.0265482457e-05,1.0,2.916756607493898e+17,4.053225182582138,0.3513217745401539,300.0,13332.235567927715,3.218832971046639e+24,0.0,inf,2.771210009620117e-05,2.8318980885572103,ambipolar_diffusion,0.0,0.0,0.0,3230.0,0,0,0,0,0.0
2.0100502512562815e-05,dc_series_circuit,0.0,1.7530428036588728,0.3383159244459339,3.0376982916996166e+17,4.002016864580956,0.3383159244459339,1000.0,35.060856073177455,0.009649391439268224,0.3383159244459339,100000.0,3633.4784731083873,0.00027521836372530224,1.0,0.45,8765.214018294364,2.723103111277597,0.004,5.0265482457e-05,1.0,3.0376982916996166e+17,4.002016864580956,0.3383159244459339,300.0,13332.235476900127,3.2188329490696346e+24,0.0,inf,2.6982756041908603e-05,2.723103111277597,ambipolar_diffusion,0.0,0.0,0.0,3230.0,0,0,0,0,0.0
2.5125628140703518e-05,dc_series_circuit,0.0,1.7212457972595478,0.33239841107357493,3.095853424785932e+17,3.975002162039245,0.33239841107357493,1000.0,34.42491594519095,0.00965575084054809,0.33239841107357493,100000.0,3565.2241357169164,0.0002804872742731262,1.0,0.45,8606.228986297738,2.673710989303038,0.004,5.0265482457e-05,1.0,3.095853424785932e+17,3.975002162039245,0.33239841107357493,300.0,13332.235411277949,3.218832933226318e+24,0.0,inf,2.6637757282871166e-05,2.673710989303038,ambipolar_diffusion,0.0,0.0,0.0,3230.0,0,0,0,0,0.0
3.0150753768844224e-05,dc_series_circuit,0.0,1.7029682660750343,0.3289932495539724,3.130265060623902e+17,3.958165931523237,0.3289932495539724,1000.0,34.059365321500685,0.009659406346784994,0.3289932495539724,100000.0,3526.030906944597,0.0002836050013147864,1.0,0.45,8514.841330375171,2.6453194505275786,0.004,5.0265482457e-05,1.0,3.130265060623902e+17,3.958165931523237,0.3289932495539724,300.0,13332.235355087134,3.2188329196600377e+24,0.0,inf,2.643477446287823e-05,2.6453194505275786,ambipolar_diffusion,0.0,0.0,0.0,3230.0,0,0,0,0,0.0
3.517587939698493e-05,dc_series_circuit,0.0,1.6910181067974943,0.32676545240943095,3.1531661485165914e+17,3.9464629753155736,0.32676545240943095,1000.0,33.820362135949885,0.009661796378640501,0.32676545240943095,100000.0,3500.4217446268212,0.0002856798617295213,1.0,0.45,8455.090533987472,2.6267565847050114,0.004,5.0265482457e-05,1.0,3.1531661485165914e+17,3.946462975315573,0.32676545240943095,300.0,13332.235303375348,3.2188329071751395e+24,0.0,inf,2.6299637152326593e-05,2.6267565847050114,ambipolar_diffusion,0.0,0.0,0.0,3230.0,0,0,0,0,0.0
4.020100502512563e-05,dc_series_circuit,0.0,1.682621418595861,0.325199424365902,3.169452004449981e+17,3.938054935469889,0.325199424365902,1000.0,33.65242837191722,0.009663475716280828,0.325199424365902,100000.0,3482.4352396540194,0.0002871553758166513,1.0,0.45,8413.107092979304,2.6137135311569515,0.004,5.0265482457e-05,1.0,3.169452004449981e+17,3.938054935469889,0.325199424365902,300.0,13332.235254190082,3.218832895300225e+24,0.0,inf,2.620402248387004e-05,2.6137135311569515,ambipolar_diffusion,0.0,0.0,0.0,3230.0,0,0,0,0,0.0
4.522613065326633e-05,dc_series_circuit,0.0,1.6764747190572493,0.3240526738768975,3.1814773010183104e+17,3.931832188040122,0.3240526738768975,1000.0,33.529494381144985,0.00966470505618855,0.3240526738768975,100000.0,3469.2723871252774,0.0002882448791599855,1.0,0.45,8382.373595286246,2.60416551522226,0.004,5.0265482457e-05,1.0,3.1814773010183104e+17,3.9318321880401226,0.3240526738768975,300.0,13332.235206605852,3.2188328838118526e+24,0.0,inf,2.6133780579923383e-05,2.60416551522226,ambipolar_diffusion,0.0,0.0,0.0,3230.0,0,0,0,0,0.0
5.0251256281407036e-05,dc_series_circuit,0.0,1.6718676374019932,0.32319296189243013,3.190548490581652e+17,3.9271427713778766,0.32319296189243013,1000.0,33.437352748039864,0.009665626472519602,0.32319296189243013,100000.0,3459.4087453209363,0.0002890667375899311,1.0,0.45,8359.338187009966,2.5970090768607865,0.004,5.0265482457e-05,1.0,3.190548490581652e+17,3.9271427713778766,0.32319296189243013,300.0,13332.235160118924,3.2188328725884046e+24,0.0,inf,2.6081035993858596e-05,2.5970090768607865,ambipolar_diffusion,0.0,0.0,0.0,3230.0,0,0,0,0,0.0
5.527638190954774e-05,dc_series_circuit,0.0,1.6683659584160304,0.32253941179840034,3.197476689553058e+17,3.923551994163387,0.32253941179840034,1000.0,33.367319168320606,0.009666326808316795,0.32253941179840034,100000.0,3451.9129996320585,0.0002896944390274583,1.0,0.45,8341.82979208015,2.5915697244524596,0.004,5.0265482457e-05,1.0,3.197476689553058e+17,3.923551994163387,0.32253941179840034,300.0,13332.235114421608,3.2188328615555935e+24,0.0,inf,2.6040851480824493e-05,2.5915697244524596,ambipolar_diffusion,0.0,0.0,0.0,3230.0,0,0,0,0,0.0
6.030150753768845e-05,dc_series_circuit,0.0,1.6657109982223042,0.32204382712606583,3.202749040049803e+17,3.92054761557018,0.32204382712606583,1000.0,33.31421996444608,0.00966685780035554,0.32204382712606583,100000.0,3446.2304765899016,0.00029017211901321107,1.0,0.45,8328.55499111152,2.587445629361978,0.004,5.0265482457e-05,1.0,3.202749040049803e+17,3.920547615570181,0.32204382712606583,300.0,13332.23506933193,3.218832850669487e+24,0.0,inf,2.600944466930905e-05,2.587445629361978,ambipolar_diffusion,0.0,0.0,0.0,3230.0,0,0,0,0,0.0
6.532663316582915e-05,dc_series_circuit,0.0,1.6637007523718024,0.32166854970059044,3.20675227925141e+17,3.9182506814110183,0.32166854970059044,1000.0,33.274015047436045,0.00966725984952564,0.32166854970059044,100000.0,3441.928278059967,0.00029053481630466954,1.0,0.45,8318.50376185901,2.5843230063870744,0.004,5.0265482457e-05,1.0,3.20675227925141e+17,3.9182506814110183,0.32166854970059044,300.0,13332.23502471118,3.218832839896594e+24,0.0,inf,2.5985589344529734e-05,2.5843230063870744,ambipolar_diffusion,0.0,0.0,0.0,3230.0,0,0,0,0,0.0
7.035175879396985e-05,dc_series_circuit,0.0,1.6621736653197712,0.32138344788922396,3.209799819270856e+17,3.916504123553018,0.32138344788922396,1000.0,33.24347330639542,0.009667565266936046,0.32138344788922396,100000.0,3438.660343994897,0.0002908109263383194,1.0,0.45,8310.868326598855,2.5819509019490487,0.004,5.0265482457e-05,1.0,3.209799819270856e+17,3.916504123553018,0.32138344788922396,300.0,13332.234980442881,3.2188328292087947e+24,0.0,inf,2.5967460998507763e-05,2.5819509019490487,ambipolar_diffusion,0.0,0.0,0.0,3230.0,0,0,0,0,0.0
7.537688442211056e-05,dc_series_circuit,0.0,1.6610111980564228,0.3211664068110092,3.2121234601409434e+17,3.915174026584844,0.3211664068110092,1000.0,33.220223961128454,0.009667797760388716,0.3211664068110092,100000.0,3436.172826994755,0.00029102145041831054,1.0,0.45,8305.055990282113,2.580145182542294,0.004,5.0265482457e-05,1.0,3.2121234601409434e+17,3.915174026584844,0.3211664068110092,300.0,13332.234936441278,3.218832818585385e+24,0.0,inf,2.5953658679049123e-05,2.580145182542294,ambipolar_diffusion,0.0,0.0,0.0,3230.0,0,0,0,0,0.0
8.040201005025126e-05,dc_series_circuit,0.0,1.6601251391770182,0.32100096592449356,3.213896777349061e+17,3.9141599921705845,0.32100096592449356,1000.0,33.20250278354036,0.009667974972164596,0.32100096592449356,100000.0,3434.2768655416303,0.0002911821146494218,1.0,0.45,8300.62569588509,2.5787688242852647,0.004,5.0265482457e-05,1.0,3.213896777349061e+17,3.9141599921705845,0.32100096592449356,300.0,13332.234892642298,3.218832808010894e+24,0.0,inf,2.5943137221577436e-05,2.5787688242852647,ambipolar_diffusion,0.0,0.0,0.0,3230.0,0,0,0,0,0.0
8.542713567839196e-05,dc_series_circuit,0.0,1.659449196948077,0.3208747528406089,3.215250850182205e+17,3.9133863320324522,0.3208747528406089,1000.0,33.188983938961535,0.009668110160610385,0.3208747528406089,100000.0,3432.8305519499986,0.00029130479494012776,1.0,0.45,8297.245984740384,2.577718852390403,0.004,5.0265482457e-05,1.0,3.215250850182205e+17,3.9133863320324522,0.3208747528406089,300.0,13332.23484899762,3.2188327974736566e+24,0.0,inf,2.5935110286646103e-05,2.577718852390403,ambipolar_diffusion,0.0,0.0,0.0,3230.0,0,0,0,0,0.0
9.045226130653267e-05,dc_series_circuit,0.0,1.6589332688606484,0.32077841540999896,3.2162851192267936e+17,3.912795779533479,0.32077841540999896,1000.0,33.178665377212965,0.009668213346227871,0.32077841540999896,100000.0,3431.726647835909,0.0002913985007024417,1.0,0.45,8294.666344303241,2.5769174397296433,0.004,5.0265482457e-05,1.0,3.2162851192267936e+17,3.912795779533479,0.32077841540999896,300.0,13332.234805470618,3.21883278696483e+24,0.0,inf,2.5928983303638888e-05,2.5769174397296433,ambipolar_diffusion,0.0,0.0,0.0,3230.0,0,0,0,0,0.0
9.547738693467337e-05,dc_series_circuit,0.0,1.65853933152602,0.3207048554483289,3.217075269479157e+17,3.912344845376169,0.3207048554483289,1000.0,33.170786630520396,0.009668292133694797,0.3207048554483289,100000.0,3430.883776765233,0.00029147008906924785,1.0,0.45,8292.696657630098,2.576305522371576,0.004,5.0265482457e-05,1.0,3.217075269479157e+17,3.912344845376169,0.3207048554483289,300.0,13332.234762033431,3.218832776477688e+24,0.0,inf,2.5924304915918582e-05,2.576305522371576,ambipolar_diffusion,0.0,0.0,0.0,3230.0,0,0,0,0,0.0
0.00010050251256281407,dc_series_circuit,0.0,1.6582384728667592,0.32064867524176993,3.217678977556435e+17,3.9120004510510666,0.32064867524176993,1000.0,33.16476945733518,0.009668352305426649,0.32064867524176993,100000.0,3430.24006672993,0.0002915247855970928,1.0,0.45,8291.192364333796,2.5758381895120466,0.004,5.0265482457e-05,1.0,3.217678977556435e+17,3.9120004510510675,0.32064867524176993,300.0,13332.234718664835,3.218832766007106e+24,0.0,inf,2.5920731868768608e-05,2.5758381895120466,ambipolar_diffusion,0.0,0.0,0.0,3230.0,0,0,0,0,0.0
0.00010552763819095478,dc_series_circuit,0.0,1.658008662223422,0.32060576154865283,3.2181402670776205e+17,3.9117373834148994,0.32060576154865283,1000.0,33.16017324446844,0.009668398267555316,0.32060576154865283,100000.0,3429.7483747380925,0.0002915665788678633,1.0,0.45,8290.04331111711,2.575481219651851,0.004,5.0265482457e-05,1.0,3.2181402670776205e+17,3.9117373834148994,0.32060576154865283,300.0,13332.234675348629,3.2188327555491725e+24,0.0,inf,2.591800256901436e-05,2.575481219651851,ambipolar_diffusion,0.0,0.0,0.0,3230.0,0,0,0,0,0.0
0.00011055276381909548,dc_series_circuit,0.0,1.6578331037083456,0.3205729783426641,3.218492744682729e+17,3.9115364192675237,0.3205729783426641,1000.0,33.15666207416691,0.009668433379258332,0.3205729783426641,100000.0,3429.372761185677,0.00029159851367521164,1.0,0.45,8289.165518541728,2.575208522765878,0.004,5.0265482457e-05,1.0,3.218492744682729e+17,3.9115364192675233,0.3205729783426641,300.0,13332.234632072446,3.2188327451009016e+24,0.0,inf,2.591591757124855e-05,2.575208522765878,ambipolar_diffusion,0.0,0.0,0.0,3230.0,0,0,0,0,0.0
0.00011557788944723618,dc_series_circuit,0.0,1.6576989811094185,0.32054793257399883,3.2187620796341235e+17,3.9113828882925676,0.32054793257399883,1000.0,33.153979622188366,0.009668460203778116,0.32054793257399883,100000.0,3429.085803056094,0.00029162291567880075,1.0,0.45,8288.494905547092,2.575000190689482,0.004,5.0265482457e-05,1.0,3.2187620796341235e+17,3.9113828882925676,0.32054793257399883,300.0,13332.234588826856,3.218832734660017e+24,0.0,inf,2.591432467700054e-05,2.575000190689482,ambipolar_diffusion,0.0,0.0,0.0,3230.0,0,0,0,0,0.0
0.0001206030150753769,dc_series_circuit,0.0,1.657596509205525,0.3205287970917836,3.2189678854029805e+17,3.911265589373219,0.3205287970917836,1000.0,33.1519301841105,0.009668480698158895,0.3205287970917836,100000.0,3428.866563329169,0.00029164156187783406,1.0,0.45,8287.982546027624,2.5748410234718593,0.004,5.0265482457e-05,1.0,3.2189678854029805e+17,3.911265589373219,0.3205287970917836,300.0,13332.234545604622,3.2188327242247723e+24,0.0,inf,2.5913107678980072e-05,2.5748410234718593,ambipolar_diffusion,0.0,0.0,0.0,3230.0,0,0,0,0,0.0
0.0001256281407035176,dc_series_circuit,0.0,1.6575182162476203,0.32051417670075333,3.219125147042952e+17,3.9111759693782124,0.32051417670075333,1000.0,33.150364324952406,0.009668496356750477,0.32051417670075333,100000.0,3428.699055340395,0.0002916558099324707,1.0,0.45,8287.5910812381,2.5747194148123422,0.004,5.0265482457e-05,1.0,3.219125147042952e+17,3.9111759693782124,0.32051417670075333,300.0,13332.234502400259,3.218832713793841e+24,0.0,inf,2.5912177842073457e-05,2.5747194148123422,ambipolar_diffusion,0.0,0.0,0.0,3230.0,0,0,0,0,0.0
0.0001306532663316583,dc_series_circuit,0.0,1.6574583955019992,0.3205030057691196,3.219245314842549e+17,3.911107495551014,0.3205030057691196,1000.0,33.149167910039985,0.0096685083208996,0.3205030057691196,100000.0,3428.5710690639035,0.00029166669724977533,1.0,0.45,8287.291977509996,2.5746265001108255,0.004,5.0265482457e-05,1.0,3.219245314842549e+17,3.911107495551014,0.3205030057691196,300.0,13332.23445920954,3.218832703366204e+24,0.0,inf,2.591146739154737e-05,2.5746265001108255,ambipolar_diffusion,0.0,0.0,0.0,3230.0,0,0,0,0,0.0
0.000135678391959799,dc_series_circuit,0.0,1.657412687660919,0.3204944702633062,3.219337138512551e+17,3.9110551775653404,0.3204944702633062,1000.0,33.14825375321838,0.009668517462467816,0.3204944702633062,100000.0,3428.4732775108973,0.00029167501656189343,1.0,0.45,8287.063438304594,2.5745555078019953,0.004,5.0265482457e-05,1.0,3.219337138512551e+17,3.9110551775653404,0.3204944702633062,300.0,13332.234416029243,3.2188326929410836e+24,0.0,inf,2.591092455451038e-05,2.5745555078019953,ambipolar_diffusion,0.0,0.0,0.0,3230.0,0,0,0,0,0.0
0.0001407035175879397,dc_series_circuit,0.0,1.6573777626773571,0.3204879483426018,3.219407303633238e+17,3.9110152033294234,0.3204879483426018,1000.0,33.14755525354714,0.009668524447464528,0.3204879483426018,100000.0,3428.398555918194,0.0002916813735887775,1.0,0.45,8286.888813386784,2.574501265130836,0.004,5.0265482457e-05,1.0,3.219407303633238e+17,3.9110152033294234,0.3204879483426018,300.0,13332.23437285692,3.218832682517888e+24,0.0,inf,2.591050978167038e-05,2.574501265130836,ambipolar_diffusion,0.0,0.0,0.0,3230.0,0,0,0,0,0.0
0.0001457286432160804,dc_series_circuit,0.0,1.6573510763699575,0.32048296491261286,3.2194609190510816e+17,3.910984660372186,0.32048296491261286,1000.0,33.14702152739915,0.009668529784726008,0.32048296491261286,100000.0,3428.341460949275,0.0002916862311967926,1.0,0.45,8286.755381849787,2.5744598200730042,0.004,5.0265482457e-05,1.0,3.2194609190510816e+17,3.910984660372186,0.32048296491261286,300.0,13332.234329690677,3.2188326720961605e+24,0.0,inf,2.591019285689615e-05,2.5744598200730042,ambipolar_diffusion,0.0,0.0,0.0,3230.0,0,0,0,0,0.0
0.00015075376884422112,dc_series_circuit,0.0,1.6573306849767375,0.3204791569978856,3.219501888530571e+17,3.9109613235551586,0.3204791569978856,1000.0,33.14661369953475,0.009668533863004652,0.3204791569978856,100000.0,3428.2978339007345,0.0002916899430707264,1.0,0.45,8286.653424883687,2.57442815327035,0.004,5.0265482457e-05,1.0,3.219501888530571e+17,3.910961323555158,0.3204791569978856,300.0,13332.234286529088,3.218832661675557e+24,0.0,inf,2.5909950694876595e-05,2.57442815327035,ambipolar_diffusion,0.0,0.0,0.0,3230.0,0,0,0,0,0.0
0.00015577889447236182,dc_series_circuit,0.0,1.6573151034103728,0.320476247274106,3.219533194999574e+17,3.9109434928147655,0.320476247274106,1000.0,33.146302068207454,0.009668536979317926,0.320476247274106,100000.0,3428.2644974220066,0.00029169277946668995,1.0,0.45,8286.575517051864,2.574403957850652,0.004,5.0265482457e-05,1.0,3.219533194999574e+17,3.910943492814765,0.320476247274106,300.0,13332.234243371051,3.2188326512558104e+24,0.0,inf,2.5909765657759137e-05,2.574403957850652,ambipolar_diffusion,0.0,0.0,0.0,3230.0,0,0,0,0,0.0
0.00016080402010050252,dc_series_circuit,0.0,1.6573031969460192,0.3204740238427739,3.219557117853728e+17,3.910929869166283,0.3204740238427739,1000.0,33.146063938920385,0.009668539360610797,0.3204740238427739,100000.0,3428.239023771883,0.0002916949469001029,1.0,0.45,8286.515984730097,2.5743854711800287,0.004,5.0265482457e-05,1.0,3.219557117853728e+17,3.9109298691662837,0.3204740238427739,300.0,13332.234200215735,3.2188326408367206e+24,0.0,inf,2.590962426878709e-05,2.5743854711800287,ambipolar_diffusion,0.0,0.0,0.0,3230.0,0,0,0,0,0.0
0.00016582914572864322,dc_series_circuit,0.0,1.6572940985954465,0.3204723248021321,3.219575398786335e+17,3.910919460118288,0.3204723248021321,1000.0,33.14588197190893,0.009668541180280911,0.3204723248021321,100000.0,3428.219558035321,0.0002916966031700403,1.0,0.45,8286.470492977232,2.5743713465154006,0.004,5.0265482457e-05,1.0,3.219575398786335e+17,3.9109194601182877,0.3204723248021321,300.0,13332.234157062489,3.218832630418131e+24,0.0,inf,2.5909516231005255e-05,2.5743713465154006,ambipolar_diffusion,0.0,0.0,0.0,3230.0,0,0,0,0,0.0
0.00017085427135678393,dc_series_circuit,0.0,1.6572871458904501,0.32047102644235514,3.219589368698952e+17,3.9109115073083545,0.32047102644235514,1000.0,33.145742917809,0.00966854257082191,0.32047102644235514,100000.0,3428.204682868902,0.0002916978688574532,1.0,0.45,8286.43572945225,2.574360554806495,0.004,5.0265482457e-05,1.0,3.219589368698952e+17,3.910911507308354,0.32047102644235514,300.0,13332.234113910832,3.218832619999925e+24,0.0,inf,2.590943367648021e-05,2.574360554806495,ambipolar_diffusion,0.0,0.0,0.0,3230.0,0,0,0,0,0.0
0.00017587939698492463,dc_series_circuit,0.0,1.6572818326978525,0.320470034247609,3.2196000444554675e+17,3.910905431336254,0.320470034247609,1000.0,33.14563665395705,0.009668543633460428,0.320470034247609,100000.0,3428.1933154077346,0.0002916988360911801,1.0,0.45,8286.409163489261,2.5743523098472996,0.004,5.0265482457e-05,1.0,3.2196000444554675e+17,3.910905431336254,0.320470034247609,300.0,13332.234070760383,3.218832609582011e+24,0.0,inf,2.5909370594006636e-05,2.5743523098472996,ambipolar_diffusion,0.0,0.0,0.0,3230.0,0,0,0,0,0.0
0.00018090452261306533,dc_series_circuit,0.0,1.6572777722335243,0.3204692759893476,3.219608203160973e+17,3.910900789429576,0.3204692759893476,1000.0,33.145555444670485,0.009668544445553295,0.3204692759893476,100000.0,3428.1846281334115,0.00029169957527768364,1.0,0.45,8286.388861167621,2.5743460108235974,0.004,5.0265482457e-05,1.0,3.219608203160973e+17,3.9109007894295753,0.3204692759893476,300.0,13332.234027610863,3.218832599164321e+24,0.0,inf,2.5909322389858155e-05,2.5743460108235974,ambipolar_diffusion,0.0,0.0,0.0,3230.0,0,0,0,0,0.0
0.00018592964824120604,dc_series_circuit,0.0,1.657274668979367,0.32046869648211074,3.219614438567609e+17,3.910897243292687,0.32046869648211074,1000.0,33.145493379587336,0.009668545066204128,0.32046869648211074,100000.0,3428.1779887902267,0.0002917001402114746,1.0,0.45,8286.373344896834,2.5743411986899867,0.004,5.0265482457e-05,1.0,3.219614438567609e+17,3.910897243292687,0.32046869648211074,300.0,13332.233984462051,3.218832588746802e+24,0.0,inf,2.5909285554246253e-05,2.5743411986899867,ambipolar_diffusion,0.0,0.0,0.0,3230.0,0,0,0,0,0.0
0.00019095477386934674,dc_series_circuit,0.0,1.6572722971114253,0.32046825355519315,3.219619204406696e+17,3.9108945344120585,0.32046825355519315,1000.0,33.145445942228505,0.009668545540577715,0.32046825355519315,100000.0,3428.172914232144,0.0002917005720010433,1.0,0.45,8286.361485557127,2.5743375226610197,0.004,5.0265482457e-05,1.0,3.219619204406696e+17,3.910894534412059,0.32046825355519315,300.0,13332.233941313783,3.218832578329414e+24,0.0,inf,2.5909257405117744e-05,2.5743375226610197,ambipolar_diffusion,0.0,0.0,0.0,3230.0,0,0,0,0,0.0
0.00019597989949748744,dc_series_circuit,0.0,1.6572704840379684,0.3204679149785399,3.219622847458664e+17,3.9108924652134913,0.3204679149785399,1000.0,33.145409680759364,0.009668545903192407,0.3204679149785399,100000.0,3428.1690352026208,0.00029170090206502764,1.0,0.45,8286.352420189842,2.574334714639951,0.004,5.0265482457e-05,1.0,3.219622847458664e+17,3.9108924652134913,0.3204679149785399,300.0,13332.233898165927,3.2188325679121257e+24,0.0,inf,2.5909235892648733e-05,2.574334714639951,ambipolar_diffusion,0.0,0.0,0.0,3230.0,0,0,0,0,0.0
0.00020100502512562814,dc_series_circuit,0.0,1.65726909807276,0.3204676561608444,3.219625632317161e+17,3.910890884949758,0.3204676561608444,1000.0,33.1453819614552,0.009668546180385448,0.3204676561608444,100000.0,3428.1660699617014,0.0002917011543758648,1.0,0.45,8286.3454903638,2.574332570070909,0.004,5.0265482457e-05,1.0,3.219625632317161e+17,3.910890884949758,0.3204676561608444,300.0,13332.233855018387,3.218832557494914e+24,0.0,inf,2.5909219452839593e-05,2.574332570070909,ambipolar_diffusion,0.0,0.0,0.0,3230.0,0,0,0,0,0.0
0.00020603015075376885,dc_series_circuit,0.0,1.6572680383962923,0.32046745827489886,3.219627761557747e+17,3.9108896782047045,0.32046745827489886,1000.0,33.145360767925844,0.009668546392320742,0.32046745827489886,100000.0,3428.1638028082066,0.00029170134728709356,1.0,0.45,8286.34019198146,2.574330932345107,0.004,5.0265482457e-05,1.0,3.219627761557747e+17,3.910889678204705,0.32046745827489886,300.0,13332.233811871081,3.2188325470777585e+24,0.0,inf,2.5909206888274167e-05,2.574330932345107,ambipolar_diffusion,0.0,0.0,0.0,3230.0,0,0,0,0,0.0
0.00021105527638190955,dc_series_circuit,0.0,1.657267228081043,0.3204673069551229,3.219629389750987e+17,3.9108887569178306,0.3204673069551229,1000.0,33.14534456162086,0.00966854655438379,0.3204673069551229,100000.0,3428.162069157387,0.0002917014948029547,1.0,0.45,8286.336140405214,2.574329681966557,0.004,5.0265482457e-05,1.0,3.219629389750987e+17,3.9108887569178306,0.3204673069551229,300.0,13332.233768723969,3.218832536660649e+24,0.0,inf,2.5909197285312438e-05,2.574329681966557,ambipolar_diffusion,0.0,0.0,0.0,3230.0,0,0,0,0,0.0
0.00021608040201005025,dc_series_circuit,0.0,1.6572666082756087,0.32046719121150036,3.2196306351476294e+17,3.910888053716847,0.32046719121150036,1000.0,33.14533216551217,0.009668546678344879,0.32046719121150036,100000.0,3428.1607430979684,0.0002917016076370788,1.0,0.45,8286.333041378042,2.5743287275179614,0.004,5.0265482457e-05,1.0,3.2196306351476294e+17,3.910888053716847,0.32046719121150036,300.0,13332.23372557699,3.2188325262435733e+24,0.0,inf,2.590918994498483e-05,2.5743287275179614,ambipolar_diffusion,0.0,0.0,0.0,3230.0,0,0,0,0,0.0
0.00022110552763819096,dc_series_circuit,0.0,1.6572661340469126,0.3204671026531473,3.2196315880324896e+17,3.9108875171657194,0.3204671026531473,1000.0,33.14532268093825,0.009668546773190618,0.3204671026531473,100000.0,3428.159728496644,0.0002917016939693564,1.0,0.45,8286.330670234562,2.574327999202165,0.004,5.0265482457e-05,1.0,3.2196315880324896e+17,3.9108875171657194,0.3204671026531473,300.0,13332.233682430118,3.2188325158265226e+24,0.0,inf,2.590918433363678e-05,2.574327999202165,ambipolar_diffusion,0.0,0.0,0.0,3230.0,0,0,0,0,0.0
0.00022613065326633166,dc_series_circuit,0.0,1.6572657724242958,0.3204670351230628,3.219632314654252e+17,3.9108871095356394,0.3204670351230628,1000.0,33.14531544848592,0.00966854684551514,0.3204670351230628,100000.0,3428.158954813435,0.0002917017598019814,1.0,0.45,8286.32886212148,2.574327445803929,0.004,5.0265482457e-05,1.0,3.219632314654252e+17,3.910887109535639,0.3204670351230628,300.0,13332.233639283331,3.218832505409492e+24,0.0,inf,2.5909180059732023e-05,2.574327445803929,ambipolar_diffusion,0.0,0.0,0.0,3230.0,0,0,0,0,0.0
0.00023115577889447236,dc_series_circuit,0.0,1.6572654960963527,0.32046698352106456,3.219632869890471e+17,3.9108867995307133,0.32046698352106456,1000.0,33.14530992192705,0.00966854690078073,0.32046698352106456,100000.0,3428.1583636162104,0.0002917018101069126,1.0,0.45,8286.327480481763,2.5743270248988614,0.004,5.0265482457e-05,1.0,3.219632869890471e+17,3.9108867995307133,0.32046698352106456,300.0,13332.233596136608,3.2188324949924775e+24,0.0,inf,2.5909176798796976e-05,2.5743270248988614,ambipolar_diffusion,0.0,0.0,0.0,3230.0,0,0,0,0,0.0
0.00023618090452261307,dc_series_circuit,0.0,1.6572652838451214,0.32046694388487124,3.219633296375048e+17,3.910886562875631,0.32046694388487124,1000.0,33.145305676902424,0.009668546943230976,0.32046694388487124,100000.0,3428.1579095096295,0.0002917018487468222,1.0,0.45,8286.326419225607,2.5743267035278703,0.004,5.0265482457e-05,1.0,3.219633296375048e+17,3.9108865628756315,0.32046694388487124,300.0,13332.233552989937,3.218832484575475e+24,0.0,inf,2.5909174298877698e-05,2.5743267035278703,ambipolar_diffusion,0.0,0.0,0.0,3230.0,0,0,0,0,0.0
0.0002412060301507538,dc_series_circuit,0.0,1.6572651206648652,0.32046691341228367,3.2196336242594963e+17,3.9108863823954265,0.32046691341228367,1000.0,33.1453024132973,0.009668546975867026,0.32046691341228367,100000.0,3428.157560389264,0.0002917018784534661,1.0,0.45,8286.325603324325,2.5743264583816754,0.004,5.0265482457e-05,1.0,3.2196336242594963e+17,3.910886382395426,0.32046691341228367,300.0,13332.233509843292,3.2188324741584797e+24,0.0,inf,2.5909172381764447e-05,2.5743264583816754,ambipolar_diffusion,0.0,0.0,0.0,3230.0,0,0,0,0,0.0
0.00024623115577889447,dc_series_circuit,0.0,1.6572649950638851,0.3204668899573206,3.219633876634485e+17,3.910886244934796,0.3204668899573206,1000.0,33.1452999012777,0.009668547000987222,0.3204668899573206,100000.0,3428.157291668888,0.0002917019013188809,1.0,0.45,8286.324975319425,2.5743262716095523,0.004,5.0265482457e-05,1.0,3.219633876634485e+17,3.910886244934796,0.3204668899573206,300.0,13332.233466696684,3.2188324637414923e+24,0.0,inf,2.5909170910972727e-05,2.5743262716095523,ambipolar_diffusion,0.0,0.0,0.0,3230.0,0,0,0,0,0.0
0.0002512562814070352,dc_series_circuit,0.0,1.657264898241617,0.3204668718765482,3.219634071183304e+17,3.91088614041913,0.3204668718765482,1000.0,33.14529796483234,0.009668547020351676,0.3204668718765482,100000.0,3428.1570845198967,0.0002917019189451895,1.0,0.45,8286.324491208085,2.5743261295410753,0.004,5.0265482457e-05,1.0,3.219634071183304e+17,3.9108861404191293,0.3204668718765482,300.0,13332.233423550088,3.218832453324508e+24,0.0,inf,2.5909169781979998e-05,2.5743261295410753,ambipolar_diffusion,0.0,0.0,0.0,3230.0,0,0,0,0,0.0
0.0002562814070351759,dc_series_circuit,0.0,1.6572648234584326,0.3204668579113956,3.219634221448133e+17,3.9108860611331133,0.3204668579113956,1000.0,33.14529646916865,0.009668547035308313,0.3204668579113956,100000.0,3428.1569245230135,0.0002917019325593264,1.0,0.45,8286.324117292163,2.574326021707186,0.004,5.0265482457e-05,1.0,3.219634221448133e+17,3.9108860611331133,0.3204668579113956,300.0,13332.233380403513,3.2188324429075294e+24,0.0,inf,2.5909168914741053e-05,2.574326021707186,ambipolar_diffusion,0.0,0.0,0.0,3230.0,0,0,0,0,0.0
0.0002613065326633166,dc_series_circuit,0.0,1.6572647655530153,0.32046684709802903,3.219634337799803e+17,3.910886001168236,0.32046684709802903,1000.0,33.1452953110603,0.009668547046889396,0.32046684709802903,100000.0,3428.156800635721,0.0002917019431008987,1.0,0.45,8286.323827765076,2.5743259400905134,0.004,5.0265482457e-05,1.0,3.219634337799803e+17,3.910886001168236,0.32046684709802903,300.0,13332.23333725695,3.218832432490553e+24,0.0,inf,2.590916824795597e-05,2.5743259400905134,ambipolar_diffusion,0.0,0.0,0.0,3230.0,0,0,0,0,0.0
0.0002663316582914573,dc_series_circuit,0.0,1.6572647205727513,0.32046683869833,3.219634428180451e+17,3.9108859559996665,0.32046683869833,1000.0,33.145294411455026,0.00966854705588545,0.32046683869833,100000.0,3428.1567044014932,0.0002917019512894716,1.0,0.45,8286.323602863757,2.5743258785512313,0.004,5.0265482457e-05,1.0,3.219634428180451e+17,3.9108859559996665,0.32046683869833,300.0,13332.233294110401,3.2188324220735804e+24,0.0,inf,2.5909167734680348e-05,2.5743258785512313,ambipolar_diffusion,0.0,0.0,0.0,3230.0,0,0,0,0,0.0
0.000271356783919598,dc_series_circuit,0.0,1.657264685490673,0.3204668321470366,3.21963449867228e+17,3.9108859221622314,0.3204668321470366,1000.0,33.14529370981346,0.009668547062901866,0.3204668321470366,100000.0,3428.1566293442033,0.0002917019576760987,1.0,0.45,8286.323427453364,2.5743258323873768,0.004,5.0265482457e-05,1.0,3.21963449867228e+17,3.9108859221622314,0.3204668321470366,300.0,13332.233250963855,3.2188324116566086e+24,0.0,inf,2.5909167338963502e-05,2.5743258323873768,ambipolar_diffusion,0.0,0.0,0.0,3230.0,0,0,0,0,0.0
0.0002763819095477387,dc_series_circuit,0.0,1.6572646579886916,0.3204668270112648,3.219634553933119e+17,3.9108858970022515,0.3204668270112648,1000.0,33.14529315977383,0.00966854706840226,0.3204668270112648,100000.0,3428.156570504355,0.0002917019626827834,1.0,0.45,8286.323289943457,2.574325797998127,0.004,5.0265482457e-05,1.0,3.219634553933119e+17,3.9108858970022524,0.3204668270112648,300.0,13332.233207817313,3.2188324012396373e+24,0.0,inf,2.590916703327395e-05,2.574325797998127,ambipolar_diffusion,0.0,0.0,0.0,3230.0,0,0,0,0,0.0
0.0002814070351758794,dc_series_circuit,0.0,1.6572646362921952,0.3204668229596202,3.219634597528764e+17,3.910885878488209,0.3204668229596202,1000.0,33.1452927258439,0.00966854707274156,0.3204668229596202,100000.0,3428.156524085206,0.00029170196663259044,1.0,0.45,8286.323181460975,2.574325772626874,0.004,5.0265482457e-05,1.0,3.219634597528764e+17,3.910885878488209,0.3204668229596202,300.0,13332.233164670783,3.218832390822669e+24,0.0,inf,2.5909166796534977e-05,2.574325772626874,ambipolar_diffusion,0.0,0.0,0.0,3230.0,0,0,0,0,0.0
0.0002864321608040201,dc_series_circuit,0.0,1.657264619042038,0.3204668197382934,3.2196346321902016e+17,3.9108858650641958,0.3204668197382934,1000.0,33.14529238084076,0.009668547076191593,0.3204668197382934,100000.0,3428.1564871788964,0.0002917019697729497,1.0,0.45,8286.32309521019,2.5743257541623787,0.004,5.0265482457e-05,1.0,3.2196346321902016e+17,3.910885865064196,0.3204668197382934,300.0,13332.233121524252,3.2188323804057007e+24,0.0,inf,2.590916661260429e-05,2.5743257541623787,ambipolar_diffusion,0.0,0.0,0.0,3230.0,0,0,0,0,0.0
0.0002914572864321608,dc_series_circuit,0.0,1.657264605195425,0.32046681715255076,3.219634660012761e+17,3.910885855536454,0.32046681715255076,1000.0,33.145292103908496,0.009668547078960915,0.32046681715255076,100000.0,3428.15645755439,0.0002917019722937002,1.0,0.45,8286.323025977124,2.5743257409848073,0.004,5.0265482457e-05,1.0,3.219634660012761e+17,3.910885855536454,0.32046681715255076,300.0,13332.233078377718,3.2188323699887316e+24,0.0,inf,2.5909166469096814e-05,2.5743257409848073,ambipolar_diffusion,0.0,0.0,0.0,3230.0,0,0,0,0,0.0
0.0002964824120603015,dc_series_circuit,0.0,1.6572645939553423,0.32046681505355656,3.219634682597914e+17,3.910885848992586,0.32046681505355656,1000.0,33.14529187910684,0.009668547081208931,0.32046681505355656,100000.0,3428.156433506495,0.00029170197433993654,1.0,0.45,8286.322969776711,2.5743257318561126,0.004,5.0265482457e-05,1.0,3.219634682597914e+17,3.910885848992586,0.32046681505355656,300.0,13332.23303523118,3.2188323595717614e+24,0.0,inf,2.590916635654658e-05,2.5743257318561126,ambipolar_diffusion,0.0,0.0,0.0,3230.0,0,0,0,0,0.0
0.00030150753768844223,dc_series_circuit,0.0,1.6572645847114087,0.320466813327327,3.2196347011721235e+17,3.9108858447338464,0.320466813327327,1000.0,33.14529169422817,0.009668547083057718,0.320466813327327,100000.0,3428.1564137293144,0.0002917019760227777,1.0,0.45,8286.322923557042,2.574325725828148,0.004,5.0265482457e-05,1.0,3.2196347011721235e+17,3.9108858447338464,0.320466813327327,300.0,13332.23299208466,3.218832349154796e+24,0.0,inf,2.590916626770421e-05,2.574325725828148,ambipolar_diffusion,0.0,0.0,0.0,3230.0,0,0,0,0,0.0
0.0003065326633165829,dc_series_circuit,0.0,1.6572645769961771,0.3204668118865701,3.21963471667465e+17,3.9108858422251163,0.3204668118865701,1000.0,33.14529153992354,0.009668547084600763,0.3204668118865701,100000.0,3428.1563972227564,0.00029170197742732143,1.0,0.45,8286.322884980886,2.574325722174806,0.004,5.0265482457e-05,1.0,3.21963471667465e+17,3.9108858422251163,0.3204668118865701,300.0,13332.23294893814,3.2188323387378306e+24,0.0,inf,2.5909166197017925e-05,2.574325722174806,ambipolar_diffusion,0.0,0.0,0.0,3230.0,0,0,0,0,0.0
0.00031155778894472364,dc_series_circuit,0.0,1.6572645704516633,0.3204668106644353,3.219634729824808e+17,3.910885841056586,0.3204668106644353,1000.0,33.14529140903326,0.009668547085909668,0.3204668106644353,100000.0,3428.1563832209213,0.0002917019786187382,1.0,0.45,8286.322852258316,2.5743257203400085,0.004,5.0265482457e-05,1.0,3.219634729824808e+17,3.910885841056585,0.3204668106644353,300.0,13332.232905791621,3.218832328320865e+24,0.0,inf,2.5909166140236014e-05,2.5743257203400085,ambipolar_diffusion,0.0,0.0,0.0,3230.0,0,0,0,0,0.0
0.0003165829145728643,dc_series_circuit,0.0,1.65726456480371,0.32046680960972584,3.219634741173468e+17,3.910885840914412,0.32046680960972584,1000.0,33.1452912960742,0.009668547087039257,0.32046680960972584,100000.0,3428.1563711372573,0.0002917019796469377,1.0,0.45,8286.322824018549,2.57432571989789,0.004,5.0265482457e-05,1.0,3.219634741173468e+17,3.910885840914412,0.32046680960972584,300.0,13332.232862645104,3.2188323179038994e+24,0.0,inf,2.5909166094102385e-05,2.57432571989789,ambipolar_diffusion,0.0,0.0,0.0,3230.0,0,0,0,0,0.0
0.00032160804020100504,dc_series_circuit,0.0,1.6572645598423634,0.3204668086832347,3.219634751142504e+17,3.9108858415582426,0.3204668086832347,1000.0,33.14529119684727,0.009668547088031528,0.3204668086832347,100000.0,3428.1563605225715,0.0002917019805501418,1.0,0.45,8286.322799211817,2.574325720522319,0.004,5.0265482457e-05,1.0,3.219634751142504e+17,3.9108858415582426,0.3204668086832347,300.0,13332.23281949858,3.218832307486933e+24,0.0,inf,2.590916605612344e-05,2.574325720522319,ambipolar_diffusion,0.0,0.0,0.0,3230.0,0,0,0,0,0.0
0.00032663316582914577,dc_series_circuit,0.0,1.6572645554068335,0.3204668078549355,3.2196347600549946e+17,3.9108858428040123,0.3204668078549355,1000.0,33.14529110813667,0.009668547088918634,0.3204668078549355,100000.0,3428.156351032858,0.00029170198135762196,1.0,0.45,8286.322777034167,2.5743257219635285,0.004,5.0265482457e-05,1.0,3.2196347600549946e+17,3.910885842804012,0.3204668078549355,300.0,13332.232776352063,3.2188322970699676e+24,0.0,inf,2.5909166024389514e-05,2.5743257219635285,ambipolar_diffusion,0.0,0.0,0.0,3230.0,0,0,0,0,0.0
0.00033165829145728645,dc_series_circuit,0.0,1.6572645513739837,0.32046680710183345,3.219634768158363e+17,3.9108858445107577,0.32046680710183345,1000.0,33.14529102747967,0.009668547089725203,0.32046680710183345,100000.0,3428.1563424046703,0.00029170198209179483,1.0,0.45,8286.322756869919,2.574325724030246,0.004,5.0265482457e-05,1.0,3.219634768158363e+17,3.9108858445107577,0.32046680710183345,300.0,13332.23273320554,3.218832286653001e+24,0.0,inf,2.5909165997438145e-05,2.574325724030246,ambipolar_diffusion,0.0,0.0,0.0,3230.0,0,0,0,0,0.0
0.0003366834170854272,dc_series_circuit,0.0,1.6572645476495134,0.3204668064063189,3.219634775642092e+17,3.910885846570526,0.3204668064063189,1000.0,33.145290952990266,0.009668547090470098,0.3204668064063189,100000.0,3428.1563344362526,0.00029170198276982787,1.0,0.45,8286.322738247567,2.574325726575987,0.004,5.0265482457e-05,1.0,3.219634775642092e+17,3.910885846570526,0.3204668064063189,300.0,13332.232690059016,3.2188322762360347e+24,0.0,inf,2.5909165974149333e-05,2.574325726575987,ambipolar_diffusion,0.0,0.0,0.0,3230.0,0,0,0,0,0.0
0.00034170854271356785,dc_series_circuit,0.0,1.657264544161205,0.3204668057549056,3.2196347826512915e+17,3.9108858489006457,0.3204668057549056,1000.0,33.1452908832241,0.009668547091167759,0.3204668057549056,100000.0,3428.156326973098,0.000291701983404868,1.0,0.45,8286.322720806025,2.5743257294885713,0.004,5.0265482457e-05,1.0,3.2196347826512915e+17,3.9108858489006457,0.3204668057549056,300.0,13332.232646912495,3.218832265819069e+24,0.0,inf,2.5909165953665376e-05,2.5743257294885713,ambipolar_diffusion,0.0,0.0,0.0,3230.0,0,0,0,0,0.0
0.0003467336683417086,dc_series_circuit,0.0,1.6572645408537534,0.3204668051372659,3.2196347892970886e+17,3.9108858514378038,0.3204668051372659,1000.0,33.145290817075065,0.00966854709182925,0.3204668051372659,100000.0,3428.156319896882,0.0002917019840069836,1.0,0.45,8286.322704268767,2.574325732682092,0.004,5.0265482457e-05,1.0,3.2196347892970886e+17,3.9108858514378038,0.3204668051372659,300.0,13332.232603765973,3.2188322554021024e+24,0.0,inf,2.590916593532941e-05,2.574325732682092,ambipolar_diffusion,0.0,0.0,0.0,3230.0,0,0,0,0,0.0
0.00035175879396984926,dc_series_circuit,0.0,1.657264537684803,0.32046680454549015,3.219634795664589e+17,3.9108858541335154,0.32046680454549015,1000.0,33.14529075369606,0.00966854709246304,0.32046680454549015,100000.0,3428.156313116987,0.0002917019845838852,1.0,0.45,8286.322688424014,2.574325736090754,0.004,5.0265482457e-05,1.0,3.219634795664589e+17,3.9108858541335145,0.32046680454549015,300.0,13332.23256061945,3.218832244985136e+24,0.0,inf,2.5909165918638402e-05,2.574325736090754,ambipolar_diffusion,0.0,0.0,0.0,3230.0,0,0,0,0,0.0
0.00035678391959799,dc_series_circuit,0.0,1.6572645346219201,0.32046680397352156,3.219634801818964e+17,3.910885856950649,0.32046680397352156,1000.0,33.1452906924384,0.009668547093075616,0.32046680397352156,100000.0,3428.1563065640207,0.0002917019851414774,1.0,0.45,8286.3226731096,2.574325739664177,0.004,5.0265482457e-05,1.0,3.219634801818964e+17,3.910885856950649,0.32046680397352156,300.0,13332.232517472929,3.21883223456817e+24,0.0,inf,2.590916590320714e-05,2.574325739664177,ambipolar_diffusion,0.0,0.0,0.0,3230.0,0,0,0,0,0.0
0.00036180904522613067,dc_series_circuit,0.0,1.6572645316402632,0.32046680341672135,3.2196348078101274e+17,3.910885859860767,0.32046680341672135,1000.0,33.14529063280526,0.009668547093671946,0.32046680341672135,100000.0,3428.1563001848353,0.00029170198568428257,1.0,0.45,8286.322658201316,2.574325743363774,0.004,5.0265482457e-05,1.0,3.2196348078101274e+17,3.910885859860768,0.32046680341672135,300.0,13332.232474326407,3.2188322241512036e+24,0.0,inf,2.5909165888740582e-05,2.574325743363774,ambipolar_diffusion,0.0,0.0,0.0,3230.0,0,0,0,0,0.0
0.0003668341708542714,dc_series_circuit,0.0,1.6572645287208116,0.3204668028715374,3.2196348136763e+17,3.910885862842096,0.3204668028715374,1000.0,33.14529057441623,0.009668547094255837,0.3204668028715374,100000.0,3428.156293938737,0.0002917019862157634,1.0,0.45,8286.322643604057,2.574325747159997,0.004,5.0265482457e-05,1.0,3.2196348136763e+17,3.910885862842096,0.3204668028715374,300.0,13332.232431179884,3.218832213734237e+24,0.0,inf,2.5909165875012817e-05,2.574325747159997,ambipolar_diffusion,0.0,0.0,0.0,3230.0,0,0,0,0,0.0
0.00037185929648241207,dc_series_circuit,0.0,1.6572645258489964,0.32046680233524927,3.219634819446756e+17,3.9108858658779577,0.32046680233524927,1000.0,33.14529051697993,0.0096685470948302,0.32046680233524927,100000.0,3428.156287794555,0.00029170198673857215,1.0,0.45,8286.322629244982,2.5743257510302175,0.004,5.0265482457e-05,1.0,3.219634819446756e+17,3.9108858658779577,0.32046680233524927,300.0,13332.23238803336,3.218832203317271e+24,0.0,inf,2.5909165861850816e-05,2.5743257510302175,ambipolar_diffusion,0.0,0.0,0.0,3230.0,0,0,0,0,0.0
0.0003768844221105528,dc_series_circuit,0.0,1.6572645230136613,0.3204668018057734,3.219634825143909e+17,3.910885868955582,0.3204668018057734,1000.0,33.14529046027322,0.009668547095397268,0.3204668018057734,100000.0,3428.156281728421,0.00029170198725473977,1.0,0.45,8286.322615068306,2.574325754957104,0.004,5.0265482457e-05,1.0,3.219634825143909e+17,3.910885868955582,0.3204668018057734,300.0,13332.232344886837,3.2188321929003043e+24,0.0,inf,2.5909165849122097e-05,2.574325754957104,ambipolar_diffusion,0.0,0.0,0.0,3230.0,0,0,0,0,0.0
0.0003819095477386935,dc_series_circuit,0.0,1.6572645202062668,0.3204668012815153,3.219634830784921e+17,3.9108858720651907,0.3204668012815153,1000.0,33.14529040412533,0.009668547095958746,0.3204668012815153,100000.0,3428.1562757220663,0.0002917019877658208,1.0,0.45,8286.322601031334,2.574325758927393,0.004,5.0265482457e-05,1.0,3.219634830784921e+17,3.9108858720651907,0.3204668012815153,300.0,13332.232301740316,3.218832182483338e+24,0.0,inf,2.5909165836725214e-05,2.574325758927393,ambipolar_diffusion,0.0,0.0,0.0,3230.0,0,0,0,0,0.0
0.0003869346733668342,dc_series_circuit,0.0,1.6572645174202707,0.3204668007612531,3.219634836382937e+17,3.9108858751992956,0.3204668007612531,1000.0,33.14529034840541,0.009668547096515946,0.3204668007612531,100000.0,3428.156269761492,0.0002917019882730064,1.0,0.45,8286.322587101353,2.57432576293092,0.004,5.0265482457e-05,1.0,3.219634836382937e+17,3.9108858751992948,0.3204668007612531,300.0,13332.232258593793,3.2188321720663714e+24,0.0,inf,2.590916582458247e-05,2.57432576293092,ambipolar_diffusion,0.0,0.0,0.0,3230.0,0,0,0,0,0.0
0.0003919597989949749,dc_series_circuit,0.0,1.657264514650654,0.32046680024404967,3.2196348419480403e+17,3.91088587835215,0.32046680024404967,1000.0,33.145290293013076,0.009668547097069869,0.32046680024404967,100000.0,3428.1562638359615,0.00029170198877721007,1.0,0.45,8286.322573253268,2.5743257669598916,0.004,5.0265482457e-05,1.0,3.2196348419480403e+17,3.91088587835215,0.32046680024404967,300.0,13332.23221544727,3.218832161649405e+24,0.0,inf,2.590916581263427e-05,2.5743257669598916,ambipolar_diffusion,0.0,0.0,0.0,3230.0,0,0,0,0,0.0
0.0003969849246231156,dc_series_circuit,0.0,1.6572645118935818,0.32046679972918884,3.219634847487937e+17,3.9108858815193672,0.32046679972918884,1000.0,33.145290237871635,0.009668547097621284,0.32046679972918884,100000.0,3428.15625793727,0.00029170198927913003,1.0,0.45,8286.322559467908,2.5743257710083483,0.004,5.0265482457e-05,1.0,3.219634847487937e+17,3.9108858815193672,0.32046679972918884,300.0,13332.232172300746,3.2188321512324386e+24,0.0,inf,2.590916580083506e-05,2.5743257710083483,ambipolar_diffusion,0.0,0.0,0.0,3230.0,0,0,0,0,0.0
0.0004020100502512563,dc_series_circuit,0.0,1.6572645091461162,0.320466799216122,3.219634853008532e+17,3.9108858846975805,0.320466799216122,1000.0,33.145290182922324,0.009668547098170777,0.320466799216122,100000.0,3428.1562520591315,0.0002917019897793011,1.0,0.45,8286.322545730582,2.574325775071729,0.004,5.0265482457e-05,1.0,3.219634853008532e+17,3.9108858846975805,0.320466799216122,300.0,13332.232129154223,3.218832140815472e+24,0.0,inf,2.5909165789149938e-05,2.574325775071729,ambipolar_diffusion,0.0,0.0,0.0,3230.0,0,0,0,0,0.0
0.000407035175879397,dc_series_circuit,0.0,1.657264506406007,0.3204667987044288,3.219634858514344e+17,3.910885887884215,0.3204667987044288,1000.0,33.14529012812014,0.009668547098718798,0.3204667987044288,100000.0,3428.156246196732,0.000291701990278133,1.0,0.45,8286.322532030033,2.5743257791465353,0.004,5.0265482457e-05,1.0,3.219634858514344e+17,3.9108858878842154,0.3204667987044288,300.0,13332.2320860077,3.2188321303985057e+24,0.0,inf,2.5909165777552193e-05,2.5743257791465353,ambipolar_diffusion,0.0,0.0,0.0,3230.0,0,0,0,0,0.0
0.0004120603015075377,dc_series_circuit,0.0,1.6572645036715337,0.3204667981937881,3.2196348640088326e+17,3.910885891077303,0.3204667981937881,1000.0,33.14529007343067,0.009668547099265692,0.3204667981937881,100000.0,3428.15624034639,0.0002917019907759389,1.0,0.45,8286.322518357669,2.574325783230097,0.004,5.0265482457e-05,1.0,3.2196348640088326e+17,3.910885891077303,0.3204667981937881,300.0,13332.232042861177,3.2188321199815393e+24,0.0,inf,2.590916576602138e-05,2.574325783230097,ambipolar_diffusion,0.0,0.0,0.0,3230.0,0,0,0,0,0.0
0.0004170854271356784,dc_series_circuit,0.0,1.6572645009413742,0.3204667976839529,3.2196348694946534e+17,3.9108858942753266,0.3204667976839529,1000.0,33.14529001882748,0.009668547099811724,0.3204667976839529,100000.0,3428.156234505277,0.0002917019912729595,1.0,0.45,8286.32250470687,2.574325787320359,0.004,5.0265482457e-05,1.0,3.2196348694946534e+17,3.9108858942753275,0.3204667976839529,300.0,13332.231999714653,3.218832109564573e+24,0.0,inf,2.5909165754541805e-05,2.574325787320359,ambipolar_diffusion,0.0,0.0,0.0,3230.0,0,0,0,0,0.0
0.0004221105527638191,dc_series_circuit,0.0,1.6572644982145193,0.320466797174735,3.2196348749738336e+17,3.9108858974771357,0.320466797174735,1000.0,33.145289964290384,0.009668547100357097,0.320466797174735,100000.0,3428.156228671234,0.0002917019917693785,1.0,0.45,8286.322491072597,2.5743257914157547,0.004,5.0265482457e-05,1.0,3.2196348749738336e+17,3.9108858974771357,0.320466797174735,300.0,13332.231956568136,3.218832099147607e+24,0.0,inf,2.5909165743101476e-05,2.5743257914157547,ambipolar_diffusion,0.0,0.0,0.0,3230.0,0,0,0,0,0.0
0.00042713567839195983,dc_series_circuit,0.0,1.6572644954901952,0.32046679666598954,3.2196348804479296e+17,3.9108859006818406,0.32046679666598954,1000.0,33.1452899098039,0.009668547100901962,0.32046679666598954,100000.0,3428.156222842606,0.0002917019922653368,1.0,0.45,8286.322477450974,2.5743257955150805,0.004,5.0265482457e-05,1.0,3.2196348804479296e+17,3.9108859006818415,0.32046679666598954,300.0,13332.231913421612,3.2188320887306405e+24,0.0,inf,2.5909165731691204e-05,2.5743257955150805,ambipolar_diffusion,0.0,0.0,0.0,3230.0,0,0,0,0,0.0
0.0004321608040201005,dc_series_circuit,0.0,1.6572644927678089,0.320466796157606,3.2196348859181306e+17,3.910885903888764,0.320466796157606,1000.0,33.145289855356175,0.009668547101446438,0.320466796157606,100000.0,3428.1562170181246,0.0002917019927609422,1.0,0.45,8286.322463839044,2.574325799617418,0.004,5.0265482457e-05,1.0,3.2196348859181306e+17,3.9108859038887647,0.320466796157606,300.0,13332.231870275089,3.218832078313674e+24,0.0,inf,2.590916572030395e-05,2.574325799617418,ambipolar_diffusion,0.0,0.0,0.0,3230.0,0,0,0,0,0.0
0.00043718592964824124,dc_series_circuit,0.0,1.6572644900469062,0.3204667956494995,3.2196348913853504e+17,3.9108859070973874,0.3204667956494995,1000.0,33.14528980093812,0.009668547101990619,0.3204667956494995,100000.0,3428.156211196817,0.0002917019932562776,1.0,0.45,8286.322450234531,2.57432580372206,0.004,5.0265482457e-05,1.0,3.2196348913853504e+17,3.9108859070973874,0.3204667956494995,300.0,13332.231827128566,3.2188320678967076e+24,0.0,inf,2.590916570893432e-05,2.57432580372206,ambipolar_diffusion,0.0,0.0,0.0,3230.0,0,0,0,0,0.0
0.0004422110552763819,dc_series_circuit,0.0,1.6572644873271398,0.3204667951416052,3.219634896850288e+17,3.9108859103073095,0.3204667951416052,1000.0,33.145289746542794,0.009668547102534572,0.3204667951416052,100000.0,3428.15620537794,0.00029170199375140615,1.0,0.45,8286.322436635699,2.5743258078284663,0.004,5.0265482457e-05,1.0,3.219634896850288e+17,3.9108859103073095,0.3204667951416052,300.0,13332.231783982043,3.218832057479741e+24,0.0,inf,2.590916569757817e-05,2.5743258078284663,ambipolar_diffusion,0.0,0.0,0.0,3230.0,0,0,0,0,0.0
0.00044723618090452264,dc_series_circuit,0.0,1.6572644846082456,0.32046679463387373,3.219634902313474e+17,3.910885913518231,0.32046679463387373,1000.0,33.14528969216491,0.009668547103078351,0.32046679463387373,100000.0,3428.1561995609286,0.00029170199424637593,1.0,0.45,8286.322423041227,2.5743258119362276,0.004,5.0265482457e-05,1.0,3.219634902313474e+17,3.910885913518231,0.32046679463387373,300.0,13332.231740835521,3.2188320470627753e+24,0.0,inf,2.590916568623239e-05,2.5743258119362276,ambipolar_diffusion,0.0,0.0,0.0,3230.0,0,0,0,0,0.0
0.0004522613065326633,dc_series_circuit,0.0,1.6572644818900182,0.3204667941262669,3.2196349077753197e+17,3.910885916729915,0.3204667941262669,1000.0,33.14528963780036,0.009668547103621998,0.3204667941262669,100000.0,3428.156193745344,0.00029170199474122435,1.0,0.45,8286.32240945009,2.574325816045025,0.004,5.0265482457e-05,1.0,3.2196349077753197e+17,3.910885916729915,0.3204667941262669,300.0,13332.231697688996,3.2188320366458083e+24,0.0,inf,2.590916567489452e-05,2.574325816045025,ambipolar_diffusion,0.0,0.0,0.0,3230.0,0,0,0,0,0.0
0.00045728643216080405,dc_series_circuit,0.0,1.6572644791722961,0.3204667936187543,3.219634913236148e+17,3.910885919942179,0.3204667936187543,1000.0,33.14528958344592,0.00966854710416554,0.3204667936187543,100000.0,3428.1561879308424,0.0002917019952359806,1.0,0.45,8286.32239586148,2.5743258201546073,0.004,5.0265482457e-05,1.0,3.219634913236148e+17,3.910885919942179,0.3204667936187543,300.0,13332.231654542476,3.2188320262288424e+24,0.0,inf,2.590916566356267e-05,2.5743258201546073,ambipolar_diffusion,0.0,0.0,0.0,3230.0,0,0,0,0,0.0
0.0004623115577889447,dc_series_circuit,0.0,1.6572644764549702,0.3204667931113157,3.219634918696182e+17,3.9108859231548956,0.3204667931113157,1000.0,33.1452895290994,0.009668547104709005,0.3204667931113157,100000.0,3428.1561821171863,0.0002917019957306649,1.0,0.45,8286.32238227485,2.574325824264805,0.004,5.0265482457e-05,1.0,3.219634918696182e+17,3.910885923154896,0.3204667931113157,300.0,13332.231611395951,3.2188320158118755e+24,0.0,inf,2.5909165652235515e-05,2.574325824264805,ambipolar_diffusion,0.0,0.0,0.0,3230.0,0,0,0,0,0.0
0.00046733668341708545,dc_series_circuit,0.0,1.6572644737379425,0.3204667926039329,3.2196349241556166e+17,3.9108859263679543,0.3204667926039329,1000.0,33.14528947475885,0.009668547105252412,0.3204667926039329,100000.0,3428.1561763041686,0.0002917019962252949,1.0,0.45,8286.32236868971,2.5743258283754664,0.004,5.0265482457e-05,1.0,3.2196349241556166e+17,3.9108859263679543,0.3204667926039329,300.0,13332.231568249426,3.2188320053949085e+24,0.0,inf,2.59091656409119e-05,2.5743258283754664,ambipolar_diffusion,0.0,0.0,0.0,3230.0,0,0,0,0,0.0
0.00047236180904522613,dc_series_circuit,0.0,1.6572644710211428,0.32046679209659257,3.2196349296145914e+17,3.9108859295812732,0.32046679209659257,1000.0,33.145289420422856,0.009668547105795771,0.32046679209659257,100000.0,3428.15617049164,0.0002917019967198833,1.0,0.45,8286.322355105714,2.574325832486482,0.004,5.0265482457e-05,1.0,3.2196349296145914e+17,3.9108859295812732,0.32046679209659257,300.0,13332.231525102905,3.2188319949779426e+24,0.0,inf,2.5909165629591e-05,2.574325832486482,ambipolar_diffusion,0.0,0.0,0.0,3230.0,0,0,0,0,0.0
0.00047738693467336686,dc_series_circuit,0.0,1.6572644683045212,0.3204667915892856,3.219634935073211e+17,3.9108859327947973,0.3204667915892856,1000.0,33.145289366090424,0.009668547106339097,0.3204667915892856,100000.0,3428.1561646794908,0.0002917019972144394,1.0,0.45,8286.322341522606,2.5743258365977737,0.004,5.0265482457e-05,1.0,3.219634935073211e+17,3.910885932794797,0.3204667915892856,300.0,13332.23148195638,3.2188319845609756e+24,0.0,inf,2.590916561827221e-05,2.5743258365977737,ambipolar_diffusion,0.0,0.0,0.0,3230.0,0,0,0,0,0.0
0.0004824120603015076,dc_series_circuit,0.0,1.6572644655880335,0.32046679108200354,3.21963494053156e+17,3.9108859360084742,0.32046679108200354,1000.0,33.14528931176067,0.009668547106882393,0.32046679108200354,100000.0,3428.156158867629,0.000291701997708971,1.0,0.45,8286.322327940168,2.574325840709274,0.004,5.0265482457e-05,1.0,3.21963494053156e+17,3.9108859360084742,0.32046679108200354,300.0,13332.231438809857,3.218831974144009e+24,0.0,inf,2.5909165606955018e-05,2.574325840709274,ambipolar_diffusion,0.0,0.0,0.0,3230.0,0,0,0,0,0.0
0.00048743718592964827,dc_series_circuit,0.0,1.657264462871649,0.32046679057474076,3.219634945989703e+17,3.9108859392222683,0.32046679057474076,1000.0,33.14528925743298,0.00966854710742567,0.32046679057474076,100000.0,3428.156153055987,0.00029170199820348396,1.0,0.45,8286.322314358244,2.574325844820935,0.004,5.0265482457e-05,1.0,3.219634945989703e+17,3.9108859392222683,0.32046679057474076,300.0,13332.231395663328,3.218831963727041e+24,0.0,inf,2.5909165595639037e-05,2.574325844820935,ambipolar_diffusion,0.0,0.0,0.0,3230.0,0,0,0,0,0.0
0.0004924623115577889,dc_series_circuit,0.0,1.6572644601553421,0.32046679006749246,3.219634951447688e+17,3.910885942436154,0.32046679006749246,1000.0,33.14528920310684,0.00966854710796893,0.32046679006749246,100000.0,3428.156147244513,0.0002917019986979826,1.0,0.45,8286.32230077671,2.5743258489327174,0.004,5.0265482457e-05,1.0,3.219634951447688e+17,3.910885942436154,0.32046679006749246,300.0,13332.231352516797,3.218831953310073e+24,0.0,inf,2.5909165584323995e-05,2.5743258489327174,ambipolar_diffusion,0.0,0.0,0.0,3230.0,0,0,0,0,0.0
0.0004974874371859297,dc_series_circuit,0.0,1.657264457439096,0.3204667895602556,3.2196349569055526e+17,3.910885945650107,0.3204667895602556,1000.0,33.14528914878192,0.009668547108512181,0.3204667895602556,100000.0,3428.1561414331663,0.0002917019991924704,1.0,0.45,8286.32228719548,2.574325853044593,0.004,5.0265482457e-05,1.0,3.2196349569055526e+17,3.910885945650107,0.3204667895602556,300.0,13332.231309370274,3.2188319428931067e+24,0.0,inf,2.5909165573009664e-05,2.574325853044593,ambipolar_diffusion,0.0,0.0,0.0,3230.0,0,0,0,0,0.0
0.0005025125628140704,dc_series_circuit,0.0,1.6572644547228965,0.3204667890530274,3.219634962363323e+17,3.910885948864112,0.3204667890530274,1000.0,33.14528909445793,0.00966854710905542,0.3204667890530274,100000.0,3428.1561356219213,0.0002917019996869496,1.0,0.45,8286.322273614482,2.574325857156541,0.004,5.0265482457e-05,1.0,3.219634962363323e+17,3.910885948864113,0.3204667890530274,300.0,13332.23126622375,3.2188319324761397e+24,0.0,inf,2.5909165561695886e-05,2.574325857156541,ambipolar_diffusion,0.0,0.0,0.0,3230.0,0,0,0,0,0.0
0.0005075376884422111,dc_series_circuit,0.0,1.6572644520067326,0.32046678854580574,3.219634967821022e+17,3.9108859520781603,0.32046678854580574,1000.0,33.14528904013465,0.009668547109598653,0.32046678854580574,100000.0,3428.1561298107517,0.00029170200018142233,1.0,0.45,8286.322260033663,2.5743258612685436,0.004,5.0265482457e-05,1.0,3.219634967821022e+17,3.9108859520781603,0.32046678854580574,300.0,13332.231223077231,3.218831922059174e+24,0.0,inf,2.590916555038253e-05,2.5743258612685436,ambipolar_diffusion,0.0,0.0,0.0,3230.0,0,0,0,0,0.0
0.0005125628140703518,dc_series_circuit,0.0,1.6572644492905948,0.32046678803858913,3.219634973278669e+17,3.910885955292237,0.32046678803858913,1000.0,33.145288985811895,0.009668547110141881,0.32046678803858913,100000.0,3428.1561239996386,0.0002917020006758903,1.0,0.45,8286.322246452974,2.574325865380587,0.004,5.0265482457e-05,1.0,3.219634973278669e+17,3.910885955292237,0.32046678803858913,300.0,13332.231179930704,3.218831911642207e+24,0.0,inf,2.5909165539069484e-05,2.574325865380587,ambipolar_diffusion,0.0,0.0,0.0,3230.0,0,0,0,0,0.0
0.0005175879396984925,dc_series_circuit,0.0,1.6572644465744781,0.3204667875313763,3.219634978736272e+17,3.9108859585063382,0.3204667875313763,1000.0,33.14528893148956,0.009668547110685103,0.3204667875313763,100000.0,3428.1561181885704,0.0002917020011703544,1.0,0.45,8286.32223287239,2.574325869492663,0.004,5.0265482457e-05,1.0,3.219634978736272e+17,3.9108859585063382,0.3204667875313763,300.0,13332.231136784185,3.218831901225241e+24,0.0,inf,2.59091655277567e-05,2.574325869492663,ambipolar_diffusion,0.0,0.0,0.0,3230.0,0,0,0,0,0.0
0.0005226130653266332,dc_series_circuit,0.0,1.6572644438583781,0.3204667870241667,3.219634984193844e+17,3.910885961720459,0.3204667870241667,1000.0,33.14528887716756,0.009668547111228325,0.3204667870241667,100000.0,3428.1561123775373,0.00029170200166481555,1.0,0.45,8286.32221929189,2.5743258736047654,0.004,5.0265482457e-05,1.0,3.219634984193844e+17,3.910885961720459,0.3204667870241667,300.0,13332.231093637662,3.2188318908082745e+24,0.0,inf,2.59091655164441e-05,2.5743258736047654,ambipolar_diffusion,0.0,0.0,0.0,3230.0,0,0,0,0,0.0
0.0005276381909547739,dc_series_circuit,0.0,1.6572644411422894,0.32046678651695915,3.219634989651392e+17,3.9108859649345926,0.32046678651695915,1000.0,33.145288822845785,0.009668547111771541,0.32046678651695915,100000.0,3428.1561065665287,0.0002917020021592746,1.0,0.45,8286.322205711445,2.5743258777168854,0.004,5.0265482457e-05,1.0,3.219634989651392e+17,3.9108859649345917,0.32046678651695915,300.0,13332.231050491138,3.218831880391308e+24,0.0,inf,2.5909165505131635e-05,2.5743258777168854,ambipolar_diffusion,0.0,0.0,0.0,3230.0,0,0,0,0,0.0
0.0005326633165829146,dc_series_circuit,0.0,1.6572644384262099,0.32046678600975337,3.219634995108921e+17,3.9108859681487353,0.32046678600975337,1000.0,33.145288768524196,0.009668547112314758,0.32046678600975337,100000.0,3428.15610075554,0.00029170200265373196,1.0,0.45,8286.322192131049,2.5743258818290196,0.004,5.0265482457e-05,1.0,3.219634995108921e+17,3.9108859681487353,0.32046678600975337,300.0,13332.231007344615,3.2188318699743416e+24,0.0,inf,2.5909165493819287e-05,2.5743258818290196,ambipolar_diffusion,0.0,0.0,0.0,3230.0,0,0,0,0,0.0
0.0005376884422110554,dc_series_circuit,0.0,1.6572644357101376,0.3204667855025489,3.219635000566436e+17,3.910885971362889,0.3204667855025489,1000.0,33.14528871420275,0.009668547112857973,0.3204667855025489,100000.0,3428.1560949445666,0.00029170200314818806,1.0,0.45,8286.322178550687,2.5743258859411653,0.004,5.0265482457e-05,1.0,3.219635000566436e+17,3.910885971362889,0.3204667855025489,300.0,13332.23096419809,3.2188318595573746e+24,0.0,inf,2.590916548250703e-05,2.5743258859411653,ambipolar_diffusion,0.0,0.0,0.0,3230.0,0,0,0,0,0.0
0.000542713567839196,dc_series_circuit,0.0,1.657264432994071,0.3204667849953456,3.2196350060239405e+17,3.910885974577047,0.3204667849953456,1000.0,33.145288659881416,0.009668547113401187,0.3204667849953456,100000.0,3428.1560891336044,0.0002917020036426432,1.0,0.45,8286.322164970354,2.5743258900533195,0.004,5.0265482457e-05,1.0,3.2196350060239405e+17,3.9108859745770466,0.3204667849953456,300.0,13332.230921051569,3.218831849140409e+24,0.0,inf,2.5909165471194817e-05,2.5743258900533195,ambipolar_diffusion,0.0,0.0,0.0,3230.0,0,0,0,0,0.0
0.0005477386934673367,dc_series_circuit,0.0,1.6572644302780075,0.3204667844881427,3.2196350114814374e+17,3.9108859777912093,0.3204667844881427,1000.0,33.14528860556015,0.009668547113944399,0.3204667844881427,100000.0,3428.1560833226504,0.0002917020041370976,1.0,0.45,8286.322151390037,2.574325894165479,0.004,5.0265482457e-05,1.0,3.2196350114814374e+17,3.9108859777912093,0.3204667844881427,300.0,13332.230877905047,3.2188318387234423e+24,0.0,inf,2.590916545988266e-05,2.574325894165479,ambipolar_diffusion,0.0,0.0,0.0,3230.0,0,0,0,0,0.0
0.0005527638190954774,dc_series_circuit,0.0,1.6572644275619475,0.32046678398094053,3.219635016938926e+17,3.9108859810053778,0.32046678398094053,1000.0,33.14528855123895,0.00966854711448761,0.32046678398094053,100000.0,3428.156077511704,0.00029170200463155135,1.0,0.45,8286.322137809737,2.5743258982776434,0.004,5.0265482457e-05,1.0,3.219635016938926e+17,3.9108859810053778,0.32046678398094053,300.0,13332.230834758524,3.218831828306476e+24,0.0,inf,2.5909165448570556e-05,2.5743258982776434,ambipolar_diffusion,0.0,0.0,0.0,3230.0,0,0,0,0,0.0
0.0005577889447236182,dc_series_circuit,0.0,1.6572644248458908,0.320466783473739,3.219635022396411e+17,3.9108859842195467,0.320466783473739,1000.0,33.145288496917814,0.009668547115030821,0.320466783473739,100000.0,3428.1560717007637,0.0002917020051260046,1.0,0.45,8286.322124229453,2.574325902389813,0.004,5.0265482457e-05,1.0,3.219635022396411e+17,3.9108859842195467,0.320466783473739,300.0,13332.230791612,3.2188318178895094e+24,0.0,inf,2.590916543725847e-05,2.574325902389813,ambipolar_diffusion,0.0,0.0,0.0,3230.0,0,0,0,0,0.0
0.0005628140703517588,dc_series_circuit,0.0,1.6572644221298356,0.32046678296653774,3.219635027853892e+17,3.9108859874337183,0.32046678296653774,1000.0,33.14528844259671,0.009668547115574033,0.32046678296653774,100000.0,3428.156065889827,0.00029170200562045757,1.0,0.45,8286.322110649176,2.574325906501985,0.004,5.0265482457e-05,1.0,3.219635027853892e+17,3.9108859874337183,0.32046678296653774,300.0,13332.230748465478,3.218831807472543e+24,0.0,inf,2.5909165425946405e-05,2.574325906501985,ambipolar_diffusion,0.0,0.0,0.0,3230.0,0,0,0,0,0.0
0.0005678391959798995,dc_series_circuit,0.0,1.657264419413782,0.3204667824593368,3.219635033311369e+17,3.910885990647891,0.3204667824593368,1000.0,33.14528838827564,0.009668547116117244,0.3204667824593368,100000.0,3428.1560600788935,0.00029170200611491025,1.0,0.45,8286.322097068909,2.5743259106141596,0.004,5.0265482457e-05,1.0,3.219635033311369e+17,3.910885990647891,0.3204667824593368,300.0,13332.230705318956,3.218831797055577e+24,0.0,inf,2.590916541463436e-05,2.5743259106141596,ambipolar_diffusion,0.0,0.0,0.0,3230.0,0,0,0,0,0.0
0.0005728643216080402,dc_series_circuit,0.0,1.6572644166977295,0.320466781952136,3.219635038768845e+17,3.9108859938620655,0.320466781952136,1000.0,33.14528833395459,0.009668547116660453,0.320466781952136,100000.0,3428.1560542679626,0.0002917020066093627,1.0,0.45,8286.322083488647,2.5743259147263364,0.004,5.0265482457e-05,1.0,3.219635038768845e+17,3.9108859938620655,0.320466781952136,300.0,13332.230662172431,3.21883178663861e+24,0.0,inf,2.5909165403322324e-05,2.5743259147263364,ambipolar_diffusion,0.0,0.0,0.0,3230.0,0,0,0,0,0.0
0.000577889447236181,dc_series_circuit,0.0,1.657264413981678,0.3204667814449354,3.219635044226319e+17,3.910885997076242,0.3204667814449354,1000.0,33.145288279633554,0.009668547117203665,0.3204667814449354,100000.0,3428.156048457033,0.00029170200710381506,1.0,0.45,8286.322069908389,2.5743259188385137,0.004,5.0265482457e-05,1.0,3.219635044226319e+17,3.9108859970762415,0.3204667814449354,300.0,13332.230619025911,3.218831776221644e+24,0.0,inf,2.5909165392010304e-05,2.5743259188385137,ambipolar_diffusion,0.0,0.0,0.0,3230.0,0,0,0,0,0.0
0.0005829145728643216,dc_series_circuit,0.0,1.6572644112656265,0.32046678093773484,3.2196350496837914e+17,3.910886000290419,0.32046678093773484,1000.0,33.14528822531253,0.009668547117746874,0.32046678093773484,100000.0,3428.1560426461047,0.0002917020075982673,1.0,0.45,8286.322056328132,2.5743259229506923,0.004,5.0265482457e-05,1.0,3.2196350496837914e+17,3.910886000290419,0.32046678093773484,300.0,13332.23057587939,3.218831765804678e+24,0.0,inf,2.590916538069829e-05,2.5743259229506923,ambipolar_diffusion,0.0,0.0,0.0,3230.0,0,0,0,0,0.0
0.0005879396984924623,dc_series_circuit,0.0,1.6572644085495754,0.3204667804305344,3.2196350551412634e+17,3.910886003504596,0.3204667804305344,1000.0,33.145288170991506,0.009668547118290086,0.3204667804305344,100000.0,3428.1560368351766,0.00029170200809271955,1.0,0.45,8286.322042747875,2.5743259270628704,0.004,5.0265482457e-05,1.0,3.2196350551412634e+17,3.9108860035045963,0.3204667804305344,300.0,13332.230532732867,3.2188317553877114e+24,0.0,inf,2.5909165369386284e-05,2.5743259270628704,ambipolar_diffusion,0.0,0.0,0.0,3230.0,0,0,0,0,0.0
0.000592964824120603,dc_series_circuit,0.0,1.6572644058335257,0.32046677992333417,3.2196350605987334e+17,3.9108860067187736,0.32046677992333417,1000.0,33.145288116670514,0.009668547118833295,0.32046677992333417,100000.0,3428.156031024252,0.00029170200858717147,1.0,0.45,8286.322029167628,2.5743259311750513,0.004,5.0265482457e-05,1.0,3.2196350605987334e+17,3.9108860067187736,0.32046677992333417,300.0,13332.230489586344,3.218831744970745e+24,0.0,inf,2.5909165358074285e-05,2.5743259311750513,ambipolar_diffusion,0.0,0.0,0.0,3230.0,0,0,0,0,0.0
0.0005979899497487438,dc_series_circuit,0.0,1.6572644031174766,0.320466779416134,3.219635066056202e+17,3.9108860099329528,0.320466779416134,1000.0,33.14528806234953,0.009668547119376505,0.320466779416134,100000.0,3428.1560252133277,0.0002917020090816234,1.0,0.45,8286.322015587382,2.574325935287234,0.004,5.0265482457e-05,1.0,3.219635066056202e+17,3.9108860099329528,0.320466779416134,300.0,13332.230446439818,3.218831734553778e+24,0.0,inf,2.5909165346762295e-05,2.574325935287234,ambipolar_diffusion,0.0,0.0,0.0,3230.0,0,0,0,0,0.0
0.0006030150753768845,dc_series_circuit,0.0,1.6572644004014263,0.3204667789089336,3.2196350715136723e+17,3.910886013147131,0.3204667789089336,1000.0,33.14528800802852,0.009668547119919714,0.3204667789089336,100000.0,3428.156019402402,0.0002917020095760754,1.0,0.45,8286.322002007131,2.5743259393994133,0.004,5.0265482457e-05,1.0,3.2196350715136723e+17,3.910886013147131,0.3204667789089336,300.0,13332.230403293297,3.218831724136812e+24,0.0,inf,2.5909165335450296e-05,2.5743259393994133,ambipolar_diffusion,0.0,0.0,0.0,3230.0,0,0,0,0,0.0
0.0006080402010050251,dc_series_circuit,0.0,1.6572643976853776,0.3204667784017336,3.219635076971141e+17,3.9108860163613093,0.3204667784017336,1000.0,33.14528795370755,0.009668547120462924,0.3204667784017336,100000.0,3428.1560135914788,0.0002917020100705272,1.0,0.45,8286.321988426887,2.5743259435115955,0.004,5.0265482457e-05,1.0,3.219635076971141e+17,3.9108860163613093,0.3204667784017336,300.0,13332.230360146774,3.2188317137198456e+24,0.0,inf,2.5909165324138303e-05,2.5743259435115955,ambipolar_diffusion,0.0,0.0,0.0,3230.0,0,0,0,0,0.0
0.0006130653266331658,dc_series_circuit,0.0,1.657264394969328,0.32046677789453343,3.219635082428611e+17,3.9108860195754884,0.32046677789453343,1000.0,33.14528789938656,0.009668547121006135,0.32046677789453343,100000.0,3428.156007780554,0.0002917020105649792,1.0,0.45,8286.32197484664,2.5743259476237768,0.004,5.0265482457e-05,1.0,3.219635082428611e+17,3.9108860195754884,0.32046677789453343,300.0,13332.23031700025,3.218831703302879e+24,0.0,inf,2.590916531282631e-05,2.5743259476237768,ambipolar_diffusion,0.0,0.0,0.0,3230.0,0,0,0,0,0.0
0.0006180904522613066,dc_series_circuit,0.0,1.6572643922532777,0.320466777387333,3.2196350878860806e+17,3.9108860227896667,0.320466777387333,1000.0,33.14528784506555,0.009668547121549343,0.320466777387333,100000.0,3428.156001969628,0.0002917020110594312,1.0,0.45,8286.321961266389,2.574325951735957,0.004,5.0265482457e-05,1.0,3.2196350878860806e+17,3.9108860227896667,0.320466777387333,300.0,13332.23027385373,3.218831692885913e+24,0.0,inf,2.5909165301514314e-05,2.574325951735957,ambipolar_diffusion,0.0,0.0,0.0,3230.0,0,0,0,0,0.0
0.0006231155778894473,dc_series_circuit,0.0,1.6572643895372288,0.3204667768801329,3.21963509334355e+17,3.910886026003845,0.3204667768801329,1000.0,33.145287790744575,0.009668547122092554,0.3204667768801329,100000.0,3428.155996158704,0.00029170201155388314,1.0,0.45,8286.321947686143,2.5743259558481393,0.004,5.0265482457e-05,1.0,3.21963509334355e+17,3.910886026003845,0.3204667768801329,300.0,13332.230230707206,3.2188316824689463e+24,0.0,inf,2.5909165290202317e-05,2.5743259558481393,ambipolar_diffusion,0.0,0.0,0.0,3230.0,0,0,0,0,0.0
0.000628140703517588,dc_series_circuit,0.0,1.657264386821179,0.32046677637293264,3.21963509880102e+17,3.9108860292180236,0.32046677637293264,1000.0,33.145287736423576,0.009668547122635764,0.32046677637293264,100000.0,3428.1559903477787,0.0002917020120483351,1.0,0.45,8286.321934105894,2.57432595996032,0.004,5.0265482457e-05,1.0,3.21963509880102e+17,3.9108860292180236,0.32046677637293264,300.0,13332.230187560683,3.21883167205198e+24,0.0,inf,2.5909165278890324e-05,2.57432595996032,ambipolar_diffusion,0.0,0.0,0.0,3230.0,0,0,0,0,0.0
0.0006331658291457286,dc_series_circuit,0.0,1.6572643841051296,0.32046677586573247,3.219635104258489e+17,3.9108860324322037,0.32046677586573247,1000.0,33.14528768210259,0.009668547123178974,0.32046677586573247,100000.0,3428.1559845368547,0.00029170201254278703,1.0,0.45,8286.321920525648,2.574325964072502,0.004,5.0265482457e-05,1.0,3.219635104258489e+17,3.9108860324322037,0.32046677586573247,300.0,13332.23014441416,3.2188316616350134e+24,0.0,inf,2.5909165267578335e-05,2.574325964072502,ambipolar_diffusion,0.0,0.0,0.0,3230.0,0,0,0,0,0.0
0.0006381909547738694,dc_series_circuit,0.0,1.6572643813890797,0.3204667753585322,3.219635109715959e+17,3.9108860356463806,0.3204667753585322,1000.0,33.14528762778159,0.009668547123722183,0.3204667753585322,100000.0,3428.15597872593,0.000291702013037239,1.0,0.45,8286.321906945397,2.574325968184682,0.004,5.0265482457e-05,1.0,3.219635109715959e+17,3.9108860356463806,0.3204667753585322,300.0,13332.230101267636,3.218831651218047e+24,0.0,inf,2.5909165256266335e-05,2.574325968184682,ambipolar_diffusion,0.0,0.0,0.0,3230.0,0,0,0,0,0.0
0.0006432160804020101,dc_series_circuit,0.0,1.6572643786730312,0.3204667748513322,3.219635115173428e+17,3.91088603886056,0.3204667748513322,1000.0,33.14528757346062,0.009668547124265394,0.3204667748513322,100000.0,3428.1559729150063,0.00029170201353169087,1.0,0.45,8286.321893365155,2.5743259722968657,0.004,5.0265482457e-05,1.0,3.219635115173428e+17,3.91088603886056,0.3204667748513322,300.0,13332.230058121113,3.2188316408010806e+24,0.0,inf,2.5909165244954346e-05,2.5743259722968657,ambipolar_diffusion,0.0,0.0,0.0,3230.0,0,0,0,0,0.0
0.0006482412060301508,dc_series_circuit,0.0,1.6572643759569816,0.3204667743441319,3.219635120630896e+17,3.9108860420747398,0.3204667743441319,1000.0,33.14528751913963,0.009668547124808602,0.3204667743441319,100000.0,3428.1559671040827,0.00029170201402614274,1.0,0.45,8286.321879784908,2.574325976409047,0.004,5.0265482457e-05,1.0,3.219635120630896e+17,3.9108860420747398,0.3204667743441319,300.0,13332.230014974592,3.218831630384114e+24,0.0,inf,2.590916523364236e-05,2.574325976409047,ambipolar_diffusion,0.0,0.0,0.0,3230.0,0,0,0,0,0.0
0.0006532663316582915,dc_series_circuit,0.0,1.6572643732409333,0.320466773836932,3.219635126088364e+17,3.9108860452889194,0.320466773836932,1000.0,33.145287464818665,0.009668547125351814,0.320466773836932,100000.0,3428.15596129316,0.0002917020145205945,1.0,0.45,8286.321866204666,2.57432598052123,0.004,5.0265482457e-05,1.0,3.219635126088364e+17,3.9108860452889203,0.320466773836932,300.0,13332.229971828068,3.2188316199671477e+24,0.0,inf,2.5909165222330377e-05,2.57432598052123,ambipolar_diffusion,0.0,0.0,0.0,3230.0,0,0,0,0,0.0
0.0006582914572864322,dc_series_circuit,0.0,1.6572643705248837,0.3204667733297318,3.2196351315458336e+17,3.9108860485030985,0.3204667733297318,1000.0,33.14528741049767,0.009668547125895023,0.3204667733297318,100000.0,3428.1559554822356,0.00029170201501504646,1.0,0.45,8286.321852624418,2.5743259846334117,0.004,5.0265482457e-05,1.0,3.2196351315458336e+17,3.9108860485030985,0.3204667733297318,300.0,13332.229928681547,3.218831609550181e+24,0.0,inf,2.5909165211018384e-05,2.5743259846334117,ambipolar_diffusion,0.0,0.0,0.0,3230.0,0,0,0,0,0.0
0.0006633165829145729,dc_series_circuit,0.0,1.6572643678088352,0.3204667728225317,3.219635137003301e+17,3.9108860517172785,0.3204667728225317,1000.0,33.1452873561767,0.009668547126438233,0.3204667728225317,100000.0,3428.155949671313,0.0002917020155094982,1.0,0.45,8286.321839044176,2.5743259887455947,0.004,5.0265482457e-05,1.0,3.219635137003301e+17,3.9108860517172785,0.3204667728225317,300.0,13332.229885535024,3.218831599133215e+24,0.0,inf,2.59091651997064e-05,2.5743259887455947,ambipolar_diffusion,0.0,0.0,0.0,3230.0,0,0,0,0,0.0
0.0006683417085427136,dc_series_circuit,0.0,1.6572643650927863,0.32046677231533166,3.21963514246077e+17,3.9108860549314572,0.32046677231533166,1000.0,33.145287301855724,0.009668547126981442,0.32046677231533166,100000.0,3428.1559438603895,0.0002917020160039501,1.0,0.45,8286.32182546393,2.574325992857777,0.004,5.0265482457e-05,1.0,3.21963514246077e+17,3.9108860549314572,0.32046677231533166,300.0,13332.2298423885,3.2188315887162484e+24,0.0,inf,2.590916518839441e-05,2.574325992857777,ambipolar_diffusion,0.0,0.0,0.0,3230.0,0,0,0,0,0.0
0.0006733668341708544,dc_series_circuit,0.0,1.6572643623767374,0.32046677180813155,3.219635147918239e+17,3.9108860581456373,0.32046677180813155,1000.0,33.145287247534746,0.009668547127524652,0.32046677180813155,100000.0,3428.1559380494664,0.00029170201649840195,1.0,0.45,8286.321811883687,2.5743259969699595,0.004,5.0265482457e-05,1.0,3.219635147918239e+17,3.9108860581456373,0.32046677180813155,300.0,13332.229799241977,3.218831578299282e+24,0.0,inf,2.5909165177082422e-05,2.5743259969699595,ambipolar_diffusion,0.0,0.0,0.0,3230.0,0,0,0,0,0.0
0.000678391959798995,dc_series_circuit,0.0,1.6572643596606877,0.3204667713009313,3.2196351533757075e+17,3.910886061359816,0.3204667713009313,1000.0,33.145287193213754,0.009668547128067861,0.3204667713009313,100000.0,3428.1559322385415,0.0002917020169928539,1.0,0.45,8286.32179830344,2.574326001082141,0.004,5.0265482457e-05,1.0,3.2196351533757075e+17,3.910886061359816,0.3204667713009313,300.0,13332.229756095454,3.2188315678823155e+24,0.0,inf,2.5909165165770433e-05,2.574326001082141,ambipolar_diffusion,0.0,0.0,0.0,3230.0,0,0,0,0,0.0
0.0006834170854271357,dc_series_circuit,0.0,1.6572643569446388,0.32046677079373126,3.219635158833177e+17,3.910886064573995,0.32046677079373126,1000.0,33.145287138892776,0.009668547128611073,0.32046677079373126,100000.0,3428.1559264276175,0.00029170201748730584,1.0,0.45,8286.321784723194,2.574326005194323,0.004,5.0265482457e-05,1.0,3.219635158833177e+17,3.910886064573995,0.32046677079373126,300.0,13332.229712948933,3.2188315574653496e+24,0.0,inf,2.590916515445844e-05,2.574326005194323,ambipolar_diffusion,0.0,0.0,0.0,3230.0,0,0,0,0,0.0
0.0006884422110552764,dc_series_circuit,0.0,1.6572643542285903,0.32046677028653126,3.219635164290645e+17,3.910886067788175,0.32046677028653126,1000.0,33.145287084571805,0.009668547129154282,0.32046677028653126,100000.0,3428.1559206166953,0.0002917020179817576,1.0,0.45,8286.321771142952,2.574326009306507,0.004,5.0265482457e-05,1.0,3.219635164290645e+17,3.910886067788175,0.32046677028653126,300.0,13332.229669802407,3.2188315470483827e+24,0.0,inf,2.5909165143146454e-05,2.574326009306507,ambipolar_diffusion,0.0,0.0,0.0,3230.0,0,0,0,0,0.0
0.0006934673366834172,dc_series_circuit,0.0,1.6572643515125414,0.32046676977933114,3.219635169748113e+17,3.910886071002356,0.32046676977933114,1000.0,33.14528703025083,0.009668547129697492,0.32046676977933114,100000.0,3428.1559148057718,0.00029170201847620946,1.0,0.45,8286.321757562706,2.5743260134186885,0.004,5.0265482457e-05,1.0,3.219635169748113e+17,3.9108860710023556,0.32046676977933114,300.0,13332.229626655888,3.218831536631417e+24,0.0,inf,2.5909165131834475e-05,2.5743260134186885,ambipolar_diffusion,0.0,0.0,0.0,3230.0,0,0,0,0,0.0
0.0006984924623115578,dc_series_circuit,0.0,1.6572643487964922,0.32046676927213097,3.219635175205582e+17,3.910886074216534,0.32046676927213097,1000.0,33.14528697592984,0.009668547130240701,0.32046676927213097,100000.0,3428.1559089948482,0.0002917020189706613,1.0,0.45,8286.32174398246,2.5743260175308715,0.004,5.0265482457e-05,1.0,3.219635175205582e+17,3.9108860742165343,0.32046676927213097,300.0,13332.229583509363,3.21883152621445e+24,0.0,inf,2.5909165120522485e-05,2.5743260175308715,ambipolar_diffusion,0.0,0.0,0.0,3230.0,0,0,0,0,0.0
0.0007035175879396985,dc_series_circuit,0.0,1.6572643460804426,0.32046676876493074,3.2196351806630515e+17,3.9108860774307135,0.32046676876493074,1000.0,33.14528692160885,0.009668547130783911,0.32046676876493074,100000.0,3428.155903183924,0.0002917020194651133,1.0,0.45,8286.321730402213,2.574326021643053,0.004,5.0265482457e-05,1.0,3.2196351806630515e+17,3.910886077430714,0.32046676876493074,300.0,13332.229540362843,3.218831515797484e+24,0.0,inf,2.5909165109210496e-05,2.574326021643053,ambipolar_diffusion,0.0,0.0,0.0,3230.0,0,0,0,0,0.0
0.0007085427135678392,dc_series_circuit,0.0,1.6572643433643943,0.3204667682577308,3.219635186120519e+17,3.910886080644895,0.3204667682577308,1000.0,33.145286867287886,0.00966854713132712,0.3204667682577308,100000.0,3428.1558973730016,0.00029170201995956505,1.0,0.45,8286.32171682197,2.574326025755236,0.004,5.0265482457e-05,1.0,3.219635186120519e+17,3.910886080644895,0.3204667682577308,300.0,13332.229497216322,3.218831505380518e+24,0.0,inf,2.5909165097898516e-05,2.574326025755236,ambipolar_diffusion,0.0,0.0,0.0,3230.0,0,0,0,0,0.0
0.00071356783919598,dc_series_circuit,0.0,1.6572643406483456,0.3204667677505307,3.219635191577988e+17,3.910886083859073,0.3204667677505307,1000.0,33.14528681296691,0.00966854713187033,0.3204667677505307,100000.0,3428.1558915620785,0.0002917020204540169,1.0,0.45,8286.321703241727,2.574326029867419,0.004,5.0265482457e-05,1.0,3.219635191577988e+17,3.910886083859073,0.3204667677505307,300.0,13332.229454069797,3.218831494963551e+24,0.0,inf,2.5909165086586524e-05,2.574326029867419,ambipolar_diffusion,0.0,0.0,0.0,3230.0,0,0,0,0,0.0
0.0007185929648241207,dc_series_circuit,0.0,1.6572643379322967,0.3204667672433306,3.2196351970354566e+17,3.9108860870732536,0.3204667672433306,1000.0,33.14528675864593,0.009668547132413541,0.3204667672433306,100000.0,3428.155885751155,0.0002917020209484688,1.0,0.45,8286.321689661483,2.574326033979602,0.004,5.0265482457e-05,1.0,3.2196351970354566e+17,3.9108860870732536,0.3204667672433306,300.0,13332.229410923275,3.218831484546585e+24,0.0,inf,2.590916507527454e-05,2.574326033979602,ambipolar_diffusion,0.0,0.0,0.0,3230.0,0,0,0,0,0.0
0.0007236180904522613,dc_series_circuit,0.0,1.6572643352162473,0.32046676673613045,3.2196352024929254e+17,3.9108860902874336,0.32046676673613045,1000.0,33.145286704324946,0.009668547132956751,0.32046676673613045,100000.0,3428.155879940231,0.0002917020214429207,1.0,0.45,8286.321676081236,2.5743260380917836,0.004,5.0265482457e-05,1.0,3.2196352024929254e+17,3.9108860902874336,0.32046676673613045,300.0,13332.22936777675,3.218831474129618e+24,0.0,inf,2.5909165063962555e-05,2.5743260380917836,ambipolar_diffusion,0.0,0.0,0.0,3230.0,0,0,0,0,0.0
0.000728643216080402,dc_series_circuit,0.0,1.6572643325001988,0.32046676622893044,3.219635207950394e+17,3.9108860935016123,0.32046676622893044,1000.0,33.145286650003975,0.00966854713349996,0.32046676622893044,100000.0,3428.155874129308,0.00029170202193737257,1.0,0.45,8286.321662500994,2.574326042203967,0.004,5.0265482457e-05,1.0,3.219635207950394e+17,3.9108860935016123,0.32046676622893044,300.0,13332.229324630229,3.218831463712652e+24,0.0,inf,2.5909165052650565e-05,2.574326042203967,ambipolar_diffusion,0.0,0.0,0.0,3230.0,0,0,0,0,0.0
0.0007336683417085428,dc_series_circuit,0.0,1.6572643297841496,0.3204667657217303,3.219635213407863e+17,3.910886096715793,0.3204667657217303,1000.0,33.14528659568299,0.00966854713404317,0.3204667657217303,100000.0,3428.155868318384,0.0002917020224318245,1.0,0.45,8286.321648920748,2.5743260463161493,0.004,5.0265482457e-05,1.0,3.219635213407863e+17,3.910886096715792,0.3204667657217303,300.0,13332.229281483707,3.218831453295686e+24,0.0,inf,2.5909165041338576e-05,2.5743260463161493,ambipolar_diffusion,0.0,0.0,0.0,3230.0,0,0,0,0,0.0
0.0007386934673366835,dc_series_circuit,0.0,1.6572643270681013,0.3204667652145303,3.219635218865331e+17,3.910886099929973,0.3204667652145303,1000.0,33.145286541362026,0.00966854713458638,0.3204667652145303,100000.0,3428.155862507462,0.00029170202292627624,1.0,0.45,8286.321635340506,2.5743260504283336,0.004,5.0265482457e-05,1.0,3.219635218865331e+17,3.910886099929973,0.3204667652145303,300.0,13332.229238337182,3.218831442878719e+24,0.0,inf,2.5909165030026596e-05,2.5743260504283336,ambipolar_diffusion,0.0,0.0,0.0,3230.0,0,0,0,0,0.0
0.0007437185929648241,dc_series_circuit,0.0,1.6572643243520517,0.3204667647073301,3.2196352243228006e+17,3.910886103144152,0.3204667647073301,1000.0,33.145286487041034,0.00966854713512959,0.3204667647073301,100000.0,3428.1558566965377,0.0002917020234207282,1.0,0.45,8286.321621760258,2.574326054540515,0.004,5.0265482457e-05,1.0,3.2196352243228006e+17,3.910886103144152,0.3204667647073301,300.0,13332.22919519066,3.218831432461753e+24,0.0,inf,2.5909165018714604e-05,2.574326054540515,ambipolar_diffusion,0.0,0.0,0.0,3230.0,0,0,0,0,0.0
0.0007487437185929648,dc_series_circuit,0.0,1.6572643216360026,0.3204667642001299,3.2196352297802694e+17,3.9108861063583324,0.3204667642001299,1000.0,33.14528643272005,0.009668547135672799,0.3204667642001299,100000.0,3428.155850885614,0.0002917020239151801,1.0,0.45,8286.321608180013,2.5743260586526984,0.004,5.0265482457e-05,1.0,3.2196352297802694e+17,3.9108861063583324,0.3204667642001299,300.0,13332.229152044136,3.218831422044786e+24,0.0,inf,2.590916500740262e-05,2.5743260586526984,ambipolar_diffusion,0.0,0.0,0.0,3230.0,0,0,0,0,0.0
0.0007537688442211056,dc_series_circuit,0.0,1.6572643189199536,0.3204667636929298,3.219635235237739e+17,3.9108861095725103,0.3204667636929298,1000.0,33.14528637839907,0.009668547136216009,0.3204667636929298,100000.0,3428.1558450746907,0.000291702024409632,1.0,0.45,8286.321594599767,2.5743260627648805,0.004,5.0265482457e-05,1.0,3.219635235237739e+17,3.910886109572511,0.3204667636929298,300.0,13332.229108897613,3.2188314116278195e+24,0.0,inf,2.5909164996090625e-05,2.5743260627648805,ambipolar_diffusion,0.0,0.0,0.0,3230.0,0,0,0,0,0.0
0.0007587939698492463,dc_series_circuit,0.0,1.6572643162039054,0.3204667631857299,3.219635240695207e+17,3.9108861127866916,0.3204667631857299,1000.0,33.14528632407811,0.00966854713675922,0.3204667631857299,100000.0,3428.155839263768,0.0002917020249040838,1.0,0.45,8286.321581019527,2.574326066877065,0.004,5.0265482457e-05,1.0,3.219635240695207e+17,3.910886112786691,0.3204667631857299,300.0,13332.22906575109,3.218831401210853e+24,0.0,inf,2.5909164984778642e-05,2.574326066877065,ambipolar_diffusion,0.0,0.0,0.0,3230.0,0,0,0,0,0.0
0.000763819095477387,dc_series_circuit,0.0,1.657264313487855,0.3204667626785295,3.219635246152677e+17,3.910886116000871,0.3204667626785295,1000.0,33.1452862697571,0.00966854713730243,0.3204667626785295,100000.0,3428.155833452842,0.0002917020253985359,1.0,0.45,8286.321567439276,2.574326070989248,0.004,5.0265482457e-05,1.0,3.219635246152677e+17,3.910886116000872,0.3204667626785295,300.0,13332.229022604559,3.2188313907938845e+24,0.0,inf,2.5909164973466656e-05,2.574326070989248,ambipolar_diffusion,0.0,0.0,0.0,3230.0,0,0,0,0,0.0
0.0007688442211055276,dc_series_circuit,0.0,1.6572643107718061,0.3204667621713294,3.2196352516101466e+17,3.9108861192150526,0.3204667621713294,1000.0,33.14528621543612,0.009668547137845639,0.3204667621713294,100000.0,3428.155827641919,0.00029170202589298775,1.0,0.45,8286.32155385903,2.5743260751014323,0.004,5.0265482457e-05,1.0,3.2196352516101466e+17,3.9108861192150526,0.3204667621713294,300.0,13332.228979458025,3.2188313803769154e+24,0.0,inf,2.5909164962154666e-05,2.5743260751014323,ambipolar_diffusion,0.0,0.0,0.0,3230.0,0,0,0,0,0.0
0.0007738693467336684,dc_series_circuit,0.0,1.6572643080557574,0.32046676166412935,3.2196352570676154e+17,3.910886122429235,0.32046676166412935,1000.0,33.145286161115145,0.009668547138388849,0.32046676166412935,100000.0,3428.155821830996,0.0002917020263874396,1.0,0.45,8286.321540278786,2.5743260792136176,0.004,5.0265482457e-05,1.0,3.2196352570676154e+17,3.910886122429235,0.32046676166412935,300.0,13332.228936311492,3.218831369959947e+24,0.0,inf,2.590916495084269e-05,2.5743260792136176,ambipolar_diffusion,0.0,0.0,0.0,3230.0,0,0,0,0,0.0
0.0007788944723618091,dc_series_circuit,0.0,1.6572643053397085,0.32046676115692924,3.219635262525084e+17,3.9108861256434153,0.32046676115692924,1000.0,33.14528610679417,0.009668547138932058,0.32046676115692924,100000.0,3428.1558160200725,0.00029170202688189154,1.0,0.45,8286.32152669854,2.574326083325802,0.004,5.0265482457e-05,1.0,3.219635262525084e+17,3.910886125643416,0.32046676115692924,300.0,13332.22889316496,3.218831359542978e+24,0.0,inf,2.5909164939530708e-05,2.574326083325802,ambipolar_diffusion,0.0,0.0,0.0,3230.0,0,0,0,0,0.0
0.0007839195979899498,dc_series_circuit,0.0,1.6572643026236589,0.320466760649729,3.2196352679825536e+17,3.9108861288575967,0.320466760649729,1000.0,33.145286052473175,0.009668547139475268,0.320466760649729,100000.0,3428.155810209148,0.0002917020273763435,1.0,0.45,8286.321513118293,2.5743260874379863,0.004,5.0265482457e-05,1.0,3.2196352679825536e+17,3.9108861288575967,0.320466760649729,300.0,13332.228850018428,3.218831349126009e+24,0.0,inf,2.590916492821872e-05,2.5743260874379863,ambipolar_diffusion,0.0,0.0,0.0,3230.0,0,0,0,0,0.0
0.0007889447236180904,dc_series_circuit,0.0,1.65726429990761,0.32046676014252895,3.2196352734400237e+17,3.9108861320717776,0.32046676014252895,1000.0,33.1452859981522,0.009668547140018479,0.32046676014252895,100000.0,3428.155804398224,0.0002917020278707955,1.0,0.45,8286.32149953805,2.574326091550172,0.004,5.0265482457e-05,1.0,3.2196352734400237e+17,3.9108861320717776,0.32046676014252895,300.0,13332.228806871894,3.21883133870904e+24,0.0,inf,2.5909164916906732e-05,2.574326091550172,ambipolar_diffusion,0.0,0.0,0.0,3230.0,0,0,0,0,0.0
0.0007939698492462312,dc_series_circuit,0.0,1.6572642971915608,0.3204667596353288,3.219635278897493e+17,3.9108861352859594,0.3204667596353288,1000.0,33.14528594383121,0.009668547140561689,0.3204667596353288,100000.0,3428.1557985873,0.0002917020283652474,1.0,0.45,8286.321485957802,2.5743260956623564,0.004,5.0265482457e-05,1.0,3.219635278897493e+17,3.9108861352859594,0.3204667596353288,300.0,13332.22876372536,3.218831328292071e+24,0.0,inf,2.5909164905594753e-05,2.5743260956623564,ambipolar_diffusion,0.0,0.0,0.0,3230.0,0,0,0,0,0.0
0.0007989949748743719,dc_series_circuit,0.0,1.6572642944755107,0.3204667591281285,3.219635284354964e+17,3.910886138500139,0.3204667591281285,1000.0,33.14528588951021,0.009668547141104898,0.3204667591281285,100000.0,3428.1557927763747,0.0002917020288596995,1.0,0.45,8286.321472377553,2.5743260997745403,0.004,5.0265482457e-05,1.0,3.219635284354964e+17,3.91088613850014,0.3204667591281285,300.0,13332.228720578825,3.218831317875102e+24,0.0,inf,2.5909164894282757e-05,2.5743260997745403,ambipolar_diffusion,0.0,0.0,0.0,3230.0,0,0,0,0,0.0
0.0008040201005025126,dc_series_circuit,0.0,1.6572642917594618,0.3204667586209284,3.219635289812433e+17,3.9108861417143213,0.3204667586209284,1000.0,33.145285835189235,0.009668547141648108,0.3204667586209284,100000.0,3428.155786965451,0.0002917020293541514,1.0,0.45,8286.321458797309,2.574326103886725,0.004,5.0265482457e-05,1.0,3.219635289812433e+17,3.9108861417143213,0.3204667586209284,300.0,13332.228677432295,3.218831307458133e+24,0.0,inf,2.5909164882970774e-05,2.574326103886725,ambipolar_diffusion,0.0,0.0,0.0,3230.0,0,0,0,0,0.0
0.0008090452261306534,dc_series_circuit,0.0,1.6572642890434122,0.32046675811372816,3.219635295269903e+17,3.910886144928503,0.32046675811372816,1000.0,33.14528578086824,0.009668547142191317,0.32046675811372816,100000.0,3428.1557811545267,0.00029170202984860337,1.0,0.45,8286.32144521706,2.574326107998909,0.004,5.0265482457e-05,1.0,3.219635295269903e+17,3.910886144928503,0.32046675811372816,300.0,13332.22863428576,3.218831297041164e+24,0.0,inf,2.590916487165879e-05,2.574326107998909,ambipolar_diffusion,0.0,0.0,0.0,3230.0,0,0,0,0,0.0
0.000814070351758794,dc_series_circuit,0.0,1.6572642863273632,0.32046675760652804,3.219635300727372e+17,3.9108861481426844,0.32046675760652804,1000.0,33.145285726547264,0.009668547142734527,0.32046675760652804,100000.0,3428.155775343603,0.0002917020303430553,1.0,0.45,8286.321431636816,2.5743261121110947,0.004,5.0265482457e-05,1.0,3.219635300727372e+17,3.9108861481426844,0.32046675760652804,300.0,13332.228591139225,3.218831286624195e+24,0.0,inf,2.5909164860346812e-05,2.5743261121110947,ambipolar_diffusion,0.0,0.0,0.0,3230.0,0,0,0,0,0.0
0.0008190954773869347,dc_series_circuit,0.0,1.657264283611314,0.3204667570993279,3.219635306184842e+17,3.910886151356865,0.3204667570993279,1000.0,33.14528567222628,0.009668547143277738,0.3204667570993279,100000.0,3428.155769532679,0.00029170203083750726,1.0,0.45,8286.32141805657,2.57432611622328,0.004,5.0265482457e-05,1.0,3.219635306184842e+17,3.910886151356865,0.3204667570993279,300.0,13332.22854799269,3.218831276207226e+24,0.0,inf,2.5909164849034822e-05,2.57432611622328,ambipolar_diffusion,0.0,0.0,0.0,3230.0,0,0,0,0,0.0
0.0008241206030150754,dc_series_circuit,0.0,1.657264280895265,0.3204667565921277,3.219635311642312e+17,3.9108861545710467,0.3204667565921277,1000.0,33.145285617905294,0.009668547143820946,0.3204667565921277,100000.0,3428.1557637217556,0.0002917020313319592,1.0,0.45,8286.321404476323,2.574326120335465,0.004,5.0265482457e-05,1.0,3.219635311642312e+17,3.9108861545710467,0.3204667565921277,300.0,13332.228504846154,3.218831265790256e+24,0.0,inf,2.5909164837722836e-05,2.574326120335465,ambipolar_diffusion,0.0,0.0,0.0,3230.0,0,0,0,0,0.0
0.0008291457286432162,dc_series_circuit,0.0,1.6572642781792148,0.3204667560849275,3.2196353170997824e+17,3.910886157785228,0.3204667560849275,1000.0,33.145285563584295,0.009668547144364157,0.3204667560849275,100000.0,3428.1557579108294,0.0002917020318264113,1.0,0.45,8286.321390896073,2.5743261244476483,0.004,5.0265482457e-05,1.0,3.2196353170997824e+17,3.9108861577852276,0.3204667560849275,300.0,13332.228461699622,3.2188312553732876e+24,0.0,inf,2.5909164826410847e-05,2.5743261244476483,ambipolar_diffusion,0.0,0.0,0.0,3230.0,0,0,0,0,0.0
0.0008341708542713569,dc_series_circuit,0.0,1.6572642754631657,0.3204667555777273,3.2196353225572525e+17,3.910886160999409,0.3204667555777273,1000.0,33.14528550926331,0.009668547144907367,0.3204667555777273,100000.0,3428.155752099906,0.00029170203232086324,1.0,0.45,8286.321377315828,2.5743261285598336,0.004,5.0265482457e-05,1.0,3.2196353225572525e+17,3.910886160999409,0.3204667555777273,300.0,13332.22841855309,3.2188312449563185e+24,0.0,inf,2.5909164815098864e-05,2.5743261285598336,ambipolar_diffusion,0.0,0.0,0.0,3230.0,0,0,0,0,0.0
0.0008391959798994975,dc_series_circuit,0.0,1.6572642727471156,0.32046675507052697,3.219635328014724e+17,3.910886164213589,0.32046675507052697,1000.0,33.14528545494231,0.009668547145450576,0.32046675507052697,100000.0,3428.15574628898,0.00029170203281531537,1.0,0.45,8286.321363735578,2.5743261326720175,0.004,5.0265482457e-05,1.0,3.219635328014724e+17,3.910886164213589,0.32046675507052697,300.0,13332.228375406556,3.2188312345393493e+24,0.0,inf,2.5909164803786868e-05,2.5743261326720175,ambipolar_diffusion,0.0,0.0,0.0,3230.0,0,0,0,0,0.0
0.0008442211055276382,dc_series_circuit,0.0,1.6572642700310667,0.3204667545633269,3.2196353334721926e+17,3.910886167427772,0.3204667545633269,1000.0,33.14528540062133,0.009668547145993786,0.3204667545633269,100000.0,3428.1557404780574,0.00029170203330976724,1.0,0.45,8286.321350155333,2.574326136784203,0.004,5.0265482457e-05,1.0,3.2196353334721926e+17,3.9108861674277717,0.3204667545633269,300.0,13332.228332260021,3.21883122412238e+24,0.0,inf,2.5909164792474892e-05,2.574326136784203,ambipolar_diffusion,0.0,0.0,0.0,3230.0,0,0,0,0,0.0
0.000849246231155779,dc_series_circuit,0.0,1.657264267315017,0.32046675405612673,3.2196353389296634e+17,3.9108861706419518,0.32046675405612673,1000.0,33.14528534630034,0.009668547146536997,0.32046675405612673,100000.0,3428.155734667132,0.0002917020338042193,1.0,0.45,8286.321336575085,2.574326140896387,0.004,5.0265482457e-05,1.0,3.2196353389296634e+17,3.910886170641952,0.32046675405612673,300.0,13332.22828911349,3.2188312137054116e+24,0.0,inf,2.5909164781162902e-05,2.574326140896387,ambipolar_diffusion,0.0,0.0,0.0,3230.0,0,0,0,0,0.0
0.0008542713567839197,dc_series_circuit,0.0,1.6572642645989668,0.32046675354892634,3.219635344387135e+17,3.910886173856133,0.32046675354892634,1000.0,33.145285291979334,0.009668547147080207,0.32046675354892634,100000.0,3428.1557288562058,0.00029170203429867145,1.0,0.45,8286.321322994834,2.5743261450085706,0.004,5.0265482457e-05,1.0,3.219635344387135e+17,3.910886173856133,0.32046675354892634,300.0,13332.228245966955,3.2188312032884425e+24,0.0,inf,2.5909164769850906e-05,2.5743261450085706,ambipolar_diffusion,0.0,0.0,0.0,3230.0,0,0,0,0,0.0
0.0008592964824120603,dc_series_circuit,0.0,1.6572642618829172,0.3204667530417261,3.219635349844606e+17,3.910886177070314,0.3204667530417261,1000.0,33.14528523765834,0.009668547147623417,0.3204667530417261,100000.0,3428.1557230452813,0.0002917020347931235,1.0,0.45,8286.321309414585,2.574326149120755,0.004,5.0265482457e-05,1.0,3.219635349844606e+17,3.910886177070313,0.3204667530417261,300.0,13332.228202820423,3.2188311928714734e+24,0.0,inf,2.590916475853891e-05,2.574326149120755,ambipolar_diffusion,0.0,0.0,0.0,3230.0,0,0,0,0,0.0
0.000864321608040201,dc_series_circuit,0.0,1.6572642591668676,0.3204667525345259,3.219635355302077e+17,3.910886180284494,0.3204667525345259,1000.0,33.14528518333735,0.009668547148166626,0.3204667525345259,100000.0,3428.155717234356,0.00029170203528757556,1.0,0.45,8286.321295834337,2.5743261532329393,0.004,5.0265482457e-05,1.0,3.219635355302077e+17,3.9108861802844945,0.3204667525345259,300.0,13332.228159673889,3.2188311824545043e+24,0.0,inf,2.5909164747226924e-05,2.5743261532329393,ambipolar_diffusion,0.0,0.0,0.0,3230.0,0,0,0,0,0.0
0.0008693467336683418,dc_series_circuit,0.0,1.6572642564508175,0.32046675202732555,3.219635360759547e+17,3.910886183498676,0.32046675202732555,1000.0,33.14528512901635,0.009668547148709836,0.32046675202732555,100000.0,3428.1557114234306,0.00029170203578202764,1.0,0.45,8286.321282254088,2.5743261573451237,0.004,5.0265482457e-05,1.0,3.219635360759547e+17,3.910886183498676,0.32046675202732555,300.0,13332.228116527354,3.218831172037535e+24,0.0,inf,2.5909164735914938e-05,2.5743261573451237,ambipolar_diffusion,0.0,0.0,0.0,3230.0,0,0,0,0,0.0
0.0008743718592964825,dc_series_circuit,0.0,1.6572642537347677,0.3204667515201253,3.219635366217019e+17,3.9108861867128555,0.3204667515201253,1000.0,33.14528507469535,0.009668547149253047,0.3204667515201253,100000.0,3428.155705612505,0.0002917020362764798,1.0,0.45,8286.321268673837,2.574326161457307,0.004,5.0265482457e-05,1.0,3.219635366217019e+17,3.9108861867128555,0.3204667515201253,300.0,13332.228073380818,3.218831161620566e+24,0.0,inf,2.5909164724602935e-05,2.574326161457307,ambipolar_diffusion,0.0,0.0,0.0,3230.0,0,0,0,0,0.0
0.0008793969849246232,dc_series_circuit,0.0,1.6572642510187183,0.32046675101292516,3.219635371674488e+17,3.9108861899270386,0.32046675101292516,1000.0,33.14528502037437,0.009668547149796257,0.32046675101292516,100000.0,3428.1556998015812,0.0002917020367709317,1.0,0.45,8286.321255093591,2.574326165569493,0.004,5.0265482457e-05,1.0,3.219635371674488e+17,3.9108861899270386,0.32046675101292516,300.0,13332.228030234284,3.218831151203597e+24,0.0,inf,2.5909164713290962e-05,2.574326165569493,ambipolar_diffusion,0.0,0.0,0.0,3230.0,0,0,0,0,0.0
0.0008844221105527638,dc_series_circuit,0.0,1.6572642483026687,0.32046675050572493,3.219635377131959e+17,3.9108861931412195,0.32046675050572493,1000.0,33.145284966053374,0.009668547150339466,0.32046675050572493,100000.0,3428.1556939906563,0.0002917020372653838,1.0,0.45,8286.321241513344,2.574326169681678,0.004,5.0265482457e-05,1.0,3.219635377131959e+17,3.9108861931412195,0.32046675050572493,300.0,13332.227987087748,3.218831140786627e+24,0.0,inf,2.590916470197897e-05,2.574326169681678,ambipolar_diffusion,0.0,0.0,0.0,3230.0,0,0,0,0,0.0
0.0008894472361809046,dc_series_circuit,0.0,1.657264245586619,0.3204667499985246,3.2196353825894304e+17,3.9108861963554005,0.3204667499985246,1000.0,33.145284911732375,0.009668547150882676,0.3204667499985246,100000.0,3428.155688179731,0.00029170203775983586,1.0,0.45,8286.321227933093,2.574326173793862,0.004,5.0265482457e-05,1.0,3.2196353825894304e+17,3.9108861963553996,0.3204667499985246,300.0,13332.227943941214,3.218831130369658e+24,0.0,inf,2.5909164690666976e-05,2.574326173793862,ambipolar_diffusion,0.0,0.0,0.0,3230.0,0,0,0,0,0.0
0.0008944723618090453,dc_series_circuit,0.0,1.6572642428705695,0.3204667494913245,3.219635388046901e+17,3.910886199569582,0.3204667494913245,1000.0,33.14528485741139,0.009668547151425887,0.3204667494913245,100000.0,3428.155682368806,0.00029170203825428794,1.0,0.45,8286.321214352847,2.5743261779060473,0.004,5.0265482457e-05,1.0,3.219635388046901e+17,3.910886199569582,0.3204667494913245,300.0,13332.227900794684,3.2188311199526896e+24,0.0,inf,2.5909164679354987e-05,2.5743261779060473,ambipolar_diffusion,0.0,0.0,0.0,3230.0,0,0,0,0,0.0
0.000899497487437186,dc_series_circuit,0.0,1.6572642401545197,0.32046674898412414,3.219635393504372e+17,3.9108862027837623,0.32046674898412414,1000.0,33.14528480309039,0.009668547151969095,0.32046674898412414,100000.0,3428.155676557881,0.00029170203874873997,1.0,0.45,8286.321200772598,2.5743261820182313,0.004,5.0265482457e-05,1.0,3.219635393504372e+17,3.9108862027837623,0.32046674898412414,300.0,13332.22785764815,3.2188311095357204e+24,0.0,inf,2.5909164668042997e-05,2.5743261820182313,ambipolar_diffusion,0.0,0.0,0.0,3230.0,0,0,0,0,0.0
0.0009045226130653266,dc_series_circuit,0.0,1.65726423743847,0.3204667484769239,3.2196353989618426e+17,3.9108862059979446,0.3204667484769239,1000.0,33.1452847487694,0.009668547152512306,0.3204667484769239,100000.0,3428.1556707469563,0.00029170203924319205,1.0,0.45,8286.321187192349,2.574326186130415,0.004,5.0265482457e-05,1.0,3.2196353989618426e+17,3.9108862059979446,0.3204667484769239,300.0,13332.227814501617,3.218831099118752e+24,0.0,inf,2.590916465673101e-05,2.574326186130415,ambipolar_diffusion,0.0,0.0,0.0,3230.0,0,0,0,0,0.0
0.0009095477386934674,dc_series_circuit,0.0,1.6572642347224198,0.3204667479697236,3.2196354044193146e+17,3.9108862092121246,0.3204667479697236,1000.0,33.14528469444839,0.009668547153055516,0.3204667479697236,100000.0,3428.15566493603,0.00029170203973764424,1.0,0.45,8286.321173612097,2.5743261902425996,0.004,5.0265482457e-05,1.0,3.2196354044193146e+17,3.910886209212124,0.3204667479697236,300.0,13332.227771355081,3.218831088701782e+24,0.0,inf,2.590916464541901e-05,2.5743261902425996,ambipolar_diffusion,0.0,0.0,0.0,3230.0,0,0,0,0,0.0
0.0009145728643216081,dc_series_circuit,0.0,1.6572642320063704,0.32046674746252346,3.219635409876785e+17,3.9108862124263055,0.32046674746252346,1000.0,33.14528464012741,0.009668547153598727,0.32046674746252346,100000.0,3428.1556591251056,0.00029170204023209627,1.0,0.45,8286.321160031852,2.574326194354785,0.004,5.0265482457e-05,1.0,3.219635409876785e+17,3.9108862124263055,0.32046674746252346,300.0,13332.22772820855,3.2188310782848136e+24,0.0,inf,2.5909164634107022e-05,2.574326194354785,ambipolar_diffusion,0.0,0.0,0.0,3230.0,0,0,0,0,0.0
0.0009195979899497488,dc_series_circuit,0.0,1.6572642292903201,0.320466746955323,3.2196354153342566e+17,3.910886215640487,0.320466746955323,1000.0,33.1452845858064,0.009668547154141935,0.320466746955323,100000.0,3428.15565331418,0.00029170204072654835,1.0,0.45,8286.3211464516,2.5743261984669688,0.004,5.0265482457e-05,1.0,3.2196354153342566e+17,3.910886215640487,0.320466746955323,300.0,13332.227685062016,3.2188310678678445e+24,0.0,inf,2.5909164622795033e-05,2.5743261984669688,ambipolar_diffusion,0.0,0.0,0.0,3230.0,0,0,0,0,0.0
0.0009246231155778894,dc_series_circuit,0.0,1.6572642265742716,0.32046674644812306,3.219635420791726e+17,3.91088621885467,0.32046674644812306,1000.0,33.14528453148543,0.009668547154685146,0.32046674644812306,100000.0,3428.1556475032567,0.0002917020412210003,1.0,0.45,8286.321132871357,2.5743262025791553,0.004,5.0265482457e-05,1.0,3.219635420791726e+17,3.91088621885467,0.32046674644812306,300.0,13332.22764191548,3.218831057450875e+24,0.0,inf,2.5909164611483057e-05,2.5743262025791553,ambipolar_diffusion,0.0,0.0,0.0,3230.0,0,0,0,0,0.0
0.0009296482412060302,dc_series_circuit,0.0,1.6572642238582214,0.32046674594092267,3.2196354262491974e+17,3.91088622206885,0.32046674594092267,1000.0,33.145284477164424,0.009668547155228356,0.32046674594092267,100000.0,3428.155641692331,0.00029170204171545246,1.0,0.45,8286.321119291106,2.574326206691339,0.004,5.0265482457e-05,1.0,3.2196354262491974e+17,3.91088622206885,0.32046674594092267,300.0,13332.227598768948,3.218831047033906e+24,0.0,inf,2.590916460017106e-05,2.574326206691339,ambipolar_diffusion,0.0,0.0,0.0,3230.0,0,0,0,0,0.0
0.0009346733668341709,dc_series_circuit,0.0,1.6572642211421718,0.32046674543372244,3.219635431706668e+17,3.9108862252830323,0.32046674543372244,1000.0,33.14528442284343,0.009668547155771565,0.32046674543372244,100000.0,3428.1556358814064,0.0002917020422099045,1.0,0.45,8286.321105710858,2.5743262108035245,0.004,5.0265482457e-05,1.0,3.219635431706668e+17,3.9108862252830323,0.32046674543372244,300.0,13332.22755562241,3.2188310366169366e+24,0.0,inf,2.5909164588859078e-05,2.5743262108035245,ambipolar_diffusion,0.0,0.0,0.0,3230.0,0,0,0,0,0.0
0.0009396984924623116,dc_series_circuit,0.0,1.6572642184261213,0.32046674492652205,3.21963543716414e+17,3.9108862284972123,0.32046674492652205,1000.0,33.145284368522425,0.009668547156314775,0.32046674492652205,100000.0,3428.15563007048,0.00029170204270435667,1.0,0.45,8286.321092130605,2.5743262149157076,0.004,5.0265482457e-05,1.0,3.21963543716414e+17,3.9108862284972123,0.32046674492652205,300.0,13332.227512475878,3.218831026199968e+24,0.0,inf,2.5909164577547078e-05,2.5743262149157076,ambipolar_diffusion,0.0,0.0,0.0,3230.0,0,0,0,0,0.0
0.0009447236180904523,dc_series_circuit,0.0,1.657264215710072,0.32046674441932194,3.219635442621611e+17,3.910886231711394,0.32046674441932194,1000.0,33.14528431420144,0.009668547156857986,0.32046674441932194,100000.0,3428.155624259555,0.00029170204319880875,1.0,0.45,8286.32107855036,2.5743262190278933,0.004,5.0265482457e-05,1.0,3.219635442621611e+17,3.910886231711394,0.32046674441932194,300.0,13332.227469329346,3.218831015782999e+24,0.0,inf,2.5909164566235092e-05,2.5743262190278933,ambipolar_diffusion,0.0,0.0,0.0,3230.0,0,0,0,0,0.0
0.000949748743718593,dc_series_circuit,0.0,1.657264212994022,0.32046674391212165,3.219635448079082e+17,3.9108862349255764,0.32046674391212165,1000.0,33.14528425988044,0.009668547157401196,0.32046674391212165,100000.0,3428.1556184486303,0.00029170204369326084,1.0,0.45,8286.32106497011,2.574326223140078,0.004,5.0265482457e-05,1.0,3.219635448079082e+17,3.9108862349255755,0.32046674391212165,300.0,13332.22742618281,3.218831005366029e+24,0.0,inf,2.5909164554923106e-05,2.574326223140078,ambipolar_diffusion,0.0,0.0,0.0,3230.0,0,0,0,0,0.0
0.0009547738693467337,dc_series_circuit,0.0,1.6572642102779729,0.3204667434049215,3.219635453536553e+17,3.910886238139757,0.3204667434049215,1000.0,33.145284205559456,0.009668547157944405,0.3204667434049215,100000.0,3428.155612637706,0.00029170204418771286,1.0,0.45,8286.321051389863,2.5743262272522633,0.004,5.0265482457e-05,1.0,3.219635453536553e+17,3.910886238139757,0.3204667434049215,300.0,13332.227383036277,3.2188309949490607e+24,0.0,inf,2.5909164543611116e-05,2.5743262272522633,ambipolar_diffusion,0.0,0.0,0.0,3230.0,0,0,0,0,0.0
0.0009597989949748744,dc_series_circuit,0.0,1.6572642075619228,0.32046674289772115,3.2196354589940243e+17,3.9108862413539383,0.32046674289772115,1000.0,33.14528415123846,0.009668547158487615,0.32046674289772115,100000.0,3428.155606826781,0.00029170204468216494,1.0,0.45,8286.321037809614,2.574326231364448,0.004,5.0265482457e-05,1.0,3.2196354589940243e+17,3.910886241353938,0.32046674289772115,300.0,13332.227339889741,3.218830984532091e+24,0.0,inf,2.5909164532299123e-05,2.574326231364448,ambipolar_diffusion,0.0,0.0,0.0,3230.0,0,0,0,0,0.0
0.0009648241206030152,dc_series_circuit,0.0,1.6572642048458726,0.32046674239052086,3.2196354644514963e+17,3.9108862445681196,0.32046674239052086,1000.0,33.14528409691745,0.009668547159030826,0.32046674239052086,100000.0,3428.1556010158542,0.0002917020451766172,1.0,0.45,8286.321024229363,2.574326235476632,0.004,5.0265482457e-05,1.0,3.2196354644514963e+17,3.9108862445681196,0.32046674239052086,300.0,13332.227296743209,3.2188309741151224e+24,0.0,inf,2.5909164520987134e-05,2.574326235476632,ambipolar_diffusion,0.0,0.0,0.0,3230.0,0,0,0,0,0.0
0.0009698492462311559,dc_series_circuit,0.0,1.6572642021298234,0.3204667418833207,3.219635469908967e+17,3.910886247782302,0.3204667418833207,1000.0,33.145284042596465,0.009668547159574036,0.3204667418833207,100000.0,3428.1555952049303,0.0002917020456710692,1.0,0.45,8286.321010649117,2.574326239588818,0.004,5.0265482457e-05,1.0,3.219635469908967e+17,3.910886247782302,0.3204667418833207,300.0,13332.227253596677,3.2188309636981533e+24,0.0,inf,2.5909164509675144e-05,2.574326239588818,ambipolar_diffusion,0.0,0.0,0.0,3230.0,0,0,0,0,0.0
0.0009748743718592965,dc_series_circuit,0.0,1.6572641994137738,0.3204667413761204,3.2196354753664384e+17,3.910886250996482,0.3204667413761204,1000.0,33.14528398827547,0.009668547160117245,0.3204667413761204,100000.0,3428.1555893940053,0.0002917020461655213,1.0,0.45,8286.320997068868,2.574326243701003,0.004,5.0265482457e-05,1.0,3.2196354753664384e+17,3.910886250996482,0.3204667413761204,300.0,13332.22721045014,3.2188309532811837e+24,0.0,inf,2.5909164498363155e-05,2.574326243701003,ambipolar_diffusion,0.0,0.0,0.0,3230.0,0,0,0,0,0.0
0.0009798994974874373,dc_series_circuit,0.0,1.6572641966977242,0.3204667408689202,3.219635480823909e+17,3.910886254210664,0.3204667408689202,1000.0,33.14528393395448,0.009668547160660455,0.3204667408689202,100000.0,3428.155583583081,0.0002917020466599733,1.0,0.45,8286.32098348862,2.5743262478131883,0.004,5.0265482457e-05,1.0,3.219635480823909e+17,3.910886254210664,0.3204667408689202,300.0,13332.227167303608,3.218830942864215e+24,0.0,inf,2.590916448705117e-05,2.5743262478131883,ambipolar_diffusion,0.0,0.0,0.0,3230.0,0,0,0,0,0.0
0.0009849246231155779,dc_series_circuit,0.0,1.657264193981674,0.32046674036171985,3.219635486281381e+17,3.9108862574248446,0.32046674036171985,1000.0,33.145283879633475,0.009668547161203666,0.32046674036171985,100000.0,3428.155577772154,0.00029170204715442557,1.0,0.45,8286.320969908369,2.5743262519253727,0.004,5.0265482457e-05,1.0,3.219635486281381e+17,3.9108862574248446,0.32046674036171985,300.0,13332.227124157072,3.2188309324472454e+24,0.0,inf,2.5909164475739173e-05,2.5743262519253727,ambipolar_diffusion,0.0,0.0,0.0,3230.0,0,0,0,0,0.0
0.0009899497487437187,dc_series_circuit,0.0,1.6572641912656243,0.32046673985451957,3.219635491738852e+17,3.9108862606390273,0.32046673985451957,1000.0,33.14528382531248,0.009668547161746874,0.32046673985451957,100000.0,3428.15557196123,0.0002917020476488776,1.0,0.45,8286.32095632812,2.5743262560375566,0.004,5.0265482457e-05,1.0,3.219635491738852e+17,3.9108862606390273,0.32046673985451957,300.0,13332.227081010544,3.2188309220302774e+24,0.0,inf,2.590916446442719e-05,2.5743262560375566,ambipolar_diffusion,0.0,0.0,0.0,3230.0,0,0,0,0,0.0
0.0009949748743718595,dc_series_circuit,0.0,1.6572641885495747,0.3204667393473194,3.219635497196323e+17,3.910886263853209,0.3204667393473194,1000.0,33.14528377099149,0.009668547162290085,0.3204667393473194,100000.0,3428.155566150305,0.00029170204814332973,1.0,0.45,8286.320942747872,2.5743262601497423,0.004,5.0265482457e-05,1.0,3.219635497196323e+17,3.9108862638532087,0.3204667393473194,300.0,13332.22703786401,3.218830911613308e+24,0.0,inf,2.59091644531152e-05,2.5743262601497423,ambipolar_diffusion,0.0,0.0,0.0,3230.0,0,0,0,0,0.0
0.001,dc_series_circuit,0.0,1.6572641858335253,0.3204667388401192,3.2196355026537946e+17,3.9108862670673896,0.3204667388401192,1000.0,33.145283716670505,0.009668547162833295,0.3204667388401192,100000.0,3428.155560339381,0.00029170204863778176,1.0,0.45,8286.320929167627,2.574326264261928,0.004,5.0265482457e-05,1.0,3.2196355026537946e+17,3.9108862670673896,0.3204667388401192,300.0,13332.226994717474,3.218830901196339e+24,0.0,inf,2.5909164441803208e-05,2.574326264261928,ambipolar_diffusion,0.0,0.0,0.0,3230.0,0,0,0,0,0.0
