time_s,step_id,self_bias_V,plasma_potential_V,total_absorbed_power_W,electron_density_m3,mean_electron_energy_eV,port_dc_series_drive_absorbed_power_W,port_dc_series_drive_source_voltage_V,port_dc_series_drive_gap_voltage_V,port_dc_series_drive_current_A,port_dc_series_drive_delivered_power_W,port_dc_series_drive_ballast_resistance_ohm,port_dc_series_drive_plasma_resistance_ohm,port_dc_series_drive_plasma_conductance_S,port_dc_series_drive_conductance_multiplier,port_dc_series_drive_electron_mobility_m2_V_s,port_dc_series_drive_electric_field_V_m,port_dc_series_drive_reduced_field_Td,port_dc_series_drive_gap_m,port_dc_series_drive_electrode_area_m2,port_dc_series_drive_waveform_multiplier,ne_plasma_m3,mean_energy_plasma_eV,pabs_plasma_W,Tg_plasma_K,pressure_plasma_Pa,total_density_plasma_m3,electronegativity_plasma,residence_time_plasma_s,debye_length_plasma_m,EoverN_plasma_Td,ion_loss_family_plasma,ion_loss_area_plasma_m2,ion_loss_h_factor_plasma,ion_loss_characteristic_length_plasma_m,ambipolar_loss_rate_plasma_s,warning_high_electronegativity_plasma,warning_ion_ion_afterglow_plasma,warning_pressure_deviation_plasma,warning_debye_ratio_plasma,film_wall_m
0.0,dc_series_circuit,0.0,49.9909415459916,0.0018113625793235067,2000000000000.0002,3.0,0.0018113625793235067,1000.0,999.8188309198321,1.8116908016795956e-06,0.0018113625793235067,100000.0,551870567.534434,1.8120190835102019e-09,1.0,0.45,249954.707729958,155.3076448072895,0.004,5.0265482457e-05,1.0,2000000000000.0,3.0,0.0018113625793235067,300.0,6666.1184200082835,1.6094166390850203e+24,0.0,inf,0.009104682332231951,155.3076448072895,ambipolar_diffusion,0.0,0.0,0.0,3230.0,0,0,0,1,0.0
5.025125628140704e-06,dc_series_circuit,0.0,1.6475439864408192,0.3186511925391346,3.239281932561038e+17,0.9744235788992381,0.3186511925391346,1000.0,32.95087972881638,0.009670491202711837,0.3186511925391346,100000.0,3407.36360109362,0.00029348203393352035,1.0,0.45,8237.719932204096,5.118451758047803,0.004,5.0265482457e-05,1.0,3.239281932561038e+17,0.9744235788992383,0.3186511925391346,300.0,6666.11721139803,1.6094163472874062e+24,0.0,inf,1.2893436506273118e-05,5.118451758047803,ambipolar_diffusion,0.0,0.0,0.0,3230.0,0,0,0,0,0.0
1.0050251256281408e-05,dc_series_circuit,0.0,1.6141044428623976,0.312399555962607,3.308677051210594e+17,0.9718519423563716,0.312399555962607,1000.0,32.28208885724795,0.009677179111427521,0.312399555962607,100000.0,3335.898662775281,0.00029976929789829286,1.0,0.45,8070.522214311987,5.014564699197646,0.004,5.0265482457e-05,1.0,3.308677051210594e+17,0.9718519423563716,0.312399555962607,300.0,6666.117056850716,1.6094163099746845e+24,0.0,inf,1.274066310307026e-05,5.014564699197646,ambipolar_diffusion,0.0,0.0,0.0,3230.0,0,0,0,0,0.0
1.5075376884422112e-05,dc_series_circuit,0.0,1.6072615723759949,0.31111915542705276,3.32323356441831e+17,0.9695159028076071,0.31111915542705276,1000.0,32.1452314475199,0.009678547685524801,0.31111915542705276,100000.0,3321.2866735777084,0.00030108813188438034,1.0,0.45,8036.307861879975,4.993305884858076,0.004,5.0265482457e-05,1.0,3.32323356441831e+17,0.9695159028076074,0.31111915542705276,300.0,6666.116998866024,1.6094162959753044e+24,0.0,inf,1.2697441010340856e-05,4.993305884858076,ambipolar_diffusion,0.0,0.0,0.0,3230.0,0,0,0,0,0.0
2.0100502512562815e-05,dc_series_circuit,0.0,1.6034555847202807,0.31040683769537347,3.331383630164614e+17,0.9679837826497453,0.31040683769537347,1000.0,32.06911169440561,0.009679308883055944,0.31040683769537347,100000.0,3313.1613095377093,0.00030182653561758863,1.0,0.45,8017.277923601403,4.981481797290723,0.004,5.0265482457e-05,1.0,3.331383630164614e+17,0.9679837826497453,0.31040683769537347,300.0,6666.116949757284,1.6094162841188657e+24,0.0,inf,1.267187514071645e-05,4.981481797290723,ambipolar_diffusion,0.0,0.0,0.0,3230.0,0,0,0,0,0.0
2.5125628140703518e-05,dc_series_circuit,0.0,1.6004218631009781,0.3098389720606292,3.337907744284842e+17,0.9667331390547895,0.3098389720606292,1000.0,32.00843726201956,0.009679915627379805,0.3098389720606292,100000.0,3306.685563609992,0.0003024176265820312,1.0,0.45,8002.10931550489,4.972056920161297,0.004,5.0265482457e-05,1.0,3.337907744284842e+17,0.9667331390547893,0.3098389720606292,300.0,6666.116901966666,1.6094162725806643e+24,0.0,inf,1.2651304437794767e-05,4.972056920161297,ambipolar_diffusion,0.0,0.0,0.0,3230.0,0,0,0,0,0.0
3.0150753768844224e-05,dc_series_circuit,0.0,1.5979128756625076,0.3093692728996694,3.343322116993942e+17,0.9656978804704315,0.3093692728996694,1000.0,31.95825751325015,0.009680417424867499,0.3093692728996694,100000.0,3301.3305222928007,0.00030290817391573745,1.0,0.45,7989.564378312537,4.964262242755035,0.004,5.0265482457e-05,1.0,3.343322116993942e+17,0.9656978804704315,0.3093692728996694,300.0,6666.116854796352,1.6094162611922248e+24,0.0,inf,1.2634285790861335e-05,4.964262242755035,ambipolar_diffusion,0.0,0.0,0.0,3230.0,0,0,0,0,0.0
3.517587939698493e-05,dc_series_circuit,0.0,1.595862903350212,0.30898546704488494,3.347758576813104e+17,0.964853360873816,0.30898546704488494,1000.0,31.91725806700424,0.009680827419329957,0.30898546704488494,100000.0,3296.955589072297,0.00030331012140851486,1.0,0.45,7979.31451675106,4.9578935947100495,0.004,5.0265482457e-05,1.0,3.347758576813104e+17,0.9648533608738161,0.30898546704488494,300.0,6666.11680814952,1.6094162499301704e+24,0.0,inf,1.2620389521442952e-05,4.9578935947100495,ambipolar_diffusion,0.0,0.0,0.0,3230.0,0,0,0,0,0.0
4.020100502512563e-05,dc_series_circuit,0.0,1.5942116902165508,0.3086762943904177,3.3513403559151155e+17,0.9641741337118541,0.3086762943904177,1000.0,31.884233804331014,0.00968115766195669,0.3086762943904177,100000.0,3293.4319342431604,0.00030363463401280303,1.0,0.45,7971.058451082753,4.952763777956057,0.004,5.0265482457e-05,1.0,3.3513403559151155e+17,0.9641741337118542,0.3086762943904177,300.0,6666.11676196518,1.6094162387797766e+24,0.0,inf,1.260920304297883e-05,4.952763777956057,ambipolar_diffusion,0.0,0.0,0.0,3230.0,0,0,0,0,0.0
4.522613065326633e-05,dc_series_circuit,0.0,1.592896598806186,0.3084300414632839,3.354198338641228e+17,0.9636337999588188,0.3084300414632839,1000.0,31.85793197612372,0.009681420680238762,0.3084300414632839,100000.0,3290.6257282209167,0.00030389356997480597,1.0,0.45,7964.48299403093,4.948678195751029,0.004,5.0265482457e-05,1.0,3.354198338641228e+17,0.9636337999588188,0.3084300414632839,300.0,6666.116716177174,1.6094162277250708e+24,0.0,inf,1.2600297833806903e-05,4.948678195751029,ambipolar_diffusion,0.0,0.0,0.0,3230.0,0,0,0,0,0.0
5.0251256281407036e-05,dc_series_circuit,0.0,1.591858086044523,0.30823556854448325,3.356458592075127e+17,0.9632074824921162,0.30823556854448325,1000.0,31.83716172089046,0.009681628382791095,0.30823556854448325,100000.0,3288.409806916406,0.0003040983510925957,1.0,0.45,7959.290430222615,4.945451864710881,0.004,5.0265482457e-05,1.0,3.356458592075127e+17,0.9632074824921162,0.30823556854448325,300.0,6666.116670719347,1.6094162167500805e+24,0.0,inf,1.2593267978465737e-05,4.945451864710881,ambipolar_diffusion,0.0,0.0,0.0,3230.0,0,0,0,0,0.0
5.527638190954774e-05,dc_series_circuit,0.0,1.5910432152360476,0.30808296899621485,3.3582341697229203e+17,0.9628731965574829,0.30808296899621485,1000.0,31.82086430472095,0.00968179135695279,0.30808296899621485,100000.0,3286.671147056832,0.0003042592201216985,1.0,0.45,7955.216076180237,4.942920325589441,0.004,5.0265482457e-05,1.0,3.3582341697229203e+17,0.9628731965574829,0.30808296899621485,300.0,6666.116625530927,1.6094162058401342e+24,0.0,inf,1.2587753469462807e-05,4.942920325589441,ambipolar_diffusion,0.0,0.0,0.0,3230.0,0,0,0,0,0.0
6.030150753768845e-05,dc_series_circuit,0.0,1.5904069058741084,0.30796380466981343,3.3596219327635405e+17,0.9626122961199282,0.30796380466981343,1000.0,31.808138117482166,0.009681918618825178,0.30796380466981343,100000.0,3285.313517884312,0.00030438495277734817,1.0,0.45,7952.034529370541,4.940943526082238,0.004,5.0265482457e-05,1.0,3.3596219327635405e+17,0.9626122961199282,0.30796380466981343,300.0,6666.116580559055,1.6094161949824695e+24,0.0,inf,1.2583448227594983e-05,4.940943526082238,ambipolar_diffusion,0.0,0.0,0.0,3230.0,0,0,0,0,0.0
6.532663316582915e-05,dc_series_circuit,0.0,1.5899118446775757,0.30787109024013093,3.3607024080115117e+17,0.9624093901762688,0.30787109024013093,1000.0,31.79823689355151,0.009682017631064485,0.30787109024013093,100000.0,3284.257280375916,0.0003044828448657774,1.0,0.45,7949.559223387878,4.93940554444314,0.004,5.0265482457e-05,1.0,3.3607024080115117e+17,0.9624093901762688,0.30787109024013093,300.0,6666.1165357593345,1.6094161841663678e+24,0.0,inf,1.258009918911408e-05,4.93940554444314,ambipolar_diffusion,0.0,0.0,0.0,3230.0,0,0,0,0,0.0
7.035175879396985e-05,dc_series_circuit,0.0,1.589527747306167,0.30779915562340854,3.361541167429291e+17,0.9622520115326321,0.30779915562340854,1000.0,31.79055494612334,0.009682094450538766,0.30779915562340854,100000.0,3283.437804550061,0.00030455883726935185,1.0,0.45,7947.638736530835,4.938212295844313,0.004,5.0265482457e-05,1.0,3.361541167429291e+17,0.9622520115326321,0.30779915562340854,300.0,6666.116491095368,1.6094161733830412e+24,0.0,inf,1.2577501122792991e-05,4.938212295844313,ambipolar_diffusion,0.0,0.0,0.0,3230.0,0,0,0,0,0.0
7.537688442211056e-05,dc_series_circuit,0.0,1.589230373302386,0.30774346194276986,3.362190826135306e+17,0.9621301952079342,0.30774346194276986,1000.0,31.78460746604772,0.009682153925339523,0.30774346194276986,100000.0,3282.8033628822045,0.00030461769696800526,1.0,0.45,7946.15186651193,4.937288472081428,0.004,5.0265482457e-05,1.0,3.362190826135306e+17,0.9621301952079341,0.30774346194276986,300.0,6666.116446537801,1.609416162625403e+24,0.0,inf,1.257548984855588e-05,4.937288472081428,ambipolar_diffusion,0.0,0.0,0.0,3230.0,0,0,0,0,0.0
8.040201005025126e-05,dc_series_circuit,0.0,1.5890005142235961,0.3077004123079078,3.3626931548450336e+17,0.9620360530408448,0.3077004123079078,1000.0,31.78001028447192,0.009682199897155281,0.3077004123079078,100000.0,3282.3129683378233,0.0003046632084284163,1.0,0.45,7945.00257111798,4.936574397988165,0.004,5.0265482457e-05,1.0,3.3626931548450336e+17,0.9620360530408448,0.3077004123079078,300.0,6666.116402063248,1.609416151887807e+24,0.0,inf,1.2573935322091958e-05,4.936574397988165,ambipolar_diffusion,0.0,0.0,0.0,3230.0,0,0,0,0,0.0
8.542713567839196e-05,dc_series_circuit,0.0,1.5888230613673735,0.3076671773921435,3.363081055626189e+17,0.9619633852754395,0.3076671773921435,1000.0,31.77646122734747,0.009682235387726525,0.3076671773921435,100000.0,3281.9343834201973,0.00030469835260931436,1.0,0.45,7944.115306836867,4.93602313512432,0.004,5.0265482457e-05,1.0,3.363081055626189e+17,0.9619633852754395,0.3076671773921435,300.0,6666.116357653238,1.609416141165794e+24,0.0,inf,1.257273528658605e-05,4.93602313512432,ambipolar_diffusion,0.0,0.0,0.0,3230.0,0,0,0,0,0.0
9.045226130653267e-05,dc_series_circuit,0.0,1.5886861960431684,0.3076415438906412,3.36338029380741e+17,0.9619073450052386,0.3076415438906412,1000.0,31.773723920863365,0.009682262760791366,0.3076415438906412,100000.0,3281.6423914389184,0.0003047254638740588,1.0,0.45,7943.430980215841,4.935597966180369,0.004,5.0265482457e-05,1.0,3.36338029380741e+17,0.9619073450052386,0.3076415438906412,300.0,6666.116313293276,1.6094161304558642e+24,0.0,inf,1.257180977077935e-05,4.935597966180369,ambipolar_diffusion,0.0,0.0,0.0,3230.0,0,0,0,0,0.0
9.547738693467337e-05,dc_series_circuit,0.0,1.5885807112784,0.3076217875506968,3.363610957672278e+17,0.961864158056771,0.3076217875506968,1000.0,31.771614225567998,0.00968228385774432,0.3076217875506968,100000.0,3281.417348671889,0.00030474636224030963,1.0,0.45,7942.903556391999,4.935270287711376,0.004,5.0265482457e-05,1.0,3.363610957672278e+17,0.961864158056771,0.3076217875506968,300.0,6666.116268972051,1.6094161197552868e+24,0.0,inf,1.2571096486498521e-05,4.935270287711376,ambipolar_diffusion,0.0,0.0,0.0,3230.0,0,0,0,0,0.0
0.00010050251256281407,dc_series_circuit,0.0,1.5884994570063764,0.30760656930163705,3.363788657530301e+17,0.9618308944081425,0.30760656930163705,1000.0,31.769989140127525,0.009682300108598725,0.30760656930163705,100000.0,3281.2440002673547,0.0003047624620170034,1.0,0.45,7942.497285031881,4.935017886493784,0.004,5.0265482457e-05,1.0,3.363788657530301e+17,0.9618308944081425,0.30760656930163705,300.0,6666.116224680756,1.6094161090619352e+24,0.0,inf,1.2570547067609395e-05,4.935017886493784,ambipolar_diffusion,0.0,0.0,0.0,3230.0,0,0,0,0,0.0
0.00010552763819095478,dc_series_circuit,0.0,1.5884368936471622,0.3075948516690346,3.3639254934941856e+17,0.9618052845713279,0.3075948516690346,1000.0,31.76873787294324,0.009682312621270566,0.3075948516690346,100000.0,3281.110527577075,0.00030477485948589685,1.0,0.45,7942.1844682358105,4.934823552628211,0.004,5.0265482457e-05,1.0,3.3639254934941856e+17,0.9618052845713276,0.3075948516690346,300.0,6666.11618041256,1.609416098374161e+24,0.0,inf,1.2570124045774781e-05,4.934823552628211,ambipolar_diffusion,0.0,0.0,0.0,3230.0,0,0,0,0,0.0
0.00011055276381909548,dc_series_circuit,0.0,1.588388737068655,0.30758583229354475,3.364030826891407e+17,0.9617855737357167,0.30758583229354475,1000.0,31.767774741373096,0.00968232225258627,0.30758583229354475,100000.0,3281.007790552264,0.00030478440279219164,1.0,0.45,7941.9436853432735,4.934673976534545,0.004,5.0265482457e-05,1.0,3.364030826891407e+17,0.9617855737357167,0.30758583229354475,300.0,6666.11613616218,1.6094160876906874e+24,0.0,inf,1.256979844641641e-05,4.934673976534545,ambipolar_diffusion,0.0,0.0,0.0,3230.0,0,0,0,0,0.0
0.00011557788944723618,dc_series_circuit,0.0,1.5883516786000298,0.3075788915003598,3.364111889623425e+17,0.9617704068459613,0.3075788915003598,1000.0,31.767033572000592,0.009682329664279994,0.3075788915003598,100000.0,3280.92873032359,0.00030479174715306067,1.0,0.45,7941.758393000148,4.934558879113397,0.004,5.0265482457e-05,1.0,3.364111889623425e+17,0.9617704068459613,0.3075788915003598,300.0,6666.116091925524,1.6094160770105275e+24,0.0,inf,1.2569547893538126e-05,4.934558879113397,ambipolar_diffusion,0.0,0.0,0.0,3230.0,0,0,0,0,0.0
0.0001206030150753769,dc_series_circuit,0.0,1.5883231656020005,0.30757355120684826,3.364174262328619e+17,0.9617587385947035,0.30757355120684826,1000.0,31.76646331204001,0.0096823353668796,0.30757355120684826,100000.0,3280.867901013186,0.00030479739817966566,1.0,0.45,7941.615828010003,4.934470330040323,0.004,5.0265482457e-05,1.0,3.364174262328619e+17,0.9617587385947035,0.30757355120684826,300.0,6666.11604769944,1.6094160663329202e+24,0.0,inf,1.2569355124834676e-05,4.934470330040323,ambipolar_diffusion,0.0,0.0,0.0,3230.0,0,0,0,0,0.0
0.0001256281407035176,dc_series_circuit,0.0,1.5883012302909663,0.307569442865618,3.364222247747175e+17,0.9617497632428688,0.307569442865618,1000.0,31.76602460581932,0.009682339753941806,0.307569442865618,100000.0,3280.8211045152552,0.0003048017457043733,1.0,0.45,7941.506151454831,4.934402215971157,0.004,5.0265482457e-05,1.0,3.364222247747175e+17,0.9617497632428688,0.307569442865618,300.0,6666.116003481497,1.609416055657278e+24,0.0,inf,1.2569206833563227e-05,4.934402215971157,ambipolar_diffusion,0.0,0.0,0.0,3230.0,0,0,0,0,0.0
0.0001306532663316583,dc_series_circuit,0.0,1.5882843566688278,0.3075662825432099,3.3642591611788506e+17,0.9617428600829223,0.3075662825432099,1000.0,31.765687133376556,0.009682343128666233,0.3075662825432099,100000.0,3280.7851065852856,0.0003048050900965051,1.0,0.45,7941.421783344139,4.934349827130801,0.004,5.0265482457e-05,1.0,3.3642591611788506e+17,0.9617428600829222,0.3075662825432099,300.0,6666.11595926982,1.6094160449831491e+24,0.0,inf,1.2569092768359935e-05,4.934349827130801,ambipolar_diffusion,0.0,0.0,0.0,3230.0,0,0,0,0,0.0
0.000135678391959799,dc_series_circuit,0.0,1.588271377346557,0.30756385159691807,3.3642875558132243e+17,0.9617375511654549,0.30756385159691807,1000.0,31.76542754693114,0.009682345724530689,0.30756385159691807,100000.0,3280.75741671276,0.0003048076626774728,1.0,0.45,7941.356886732785,4.934309536773414,0.004,5.0265482457e-05,1.0,3.3642875558132243e+17,0.9617375511654549,0.30756385159691807,300.0,6666.115915062961,1.6094160343101833e+24,0.0,inf,1.2569005035357405e-05,4.934309536773414,ambipolar_diffusion,0.0,0.0,0.0,3230.0,0,0,0,0,0.0
0.0001407035175879397,dc_series_circuit,0.0,1.5882613937047871,0.3075619817220251,3.3643093971659866e+17,0.9617334685943715,0.3075619817220251,1000.0,31.76522787409574,0.009682347721259043,0.3075619817220251,100000.0,3280.7361177858165,0.00030480964152487355,1.0,0.45,7941.306968523934,4.93427855314406,0.004,5.0265482457e-05,1.0,3.3643093971659866e+17,0.9617334685943715,0.3075619817220251,300.0,6666.115870859812,1.609416023638113e+24,0.0,inf,1.2568937558198948e-05,4.93427855314406,ambipolar_diffusion,0.0,0.0,0.0,3230.0,0,0,0,0,0.0
0.0001457286432160804,dc_series_circuit,0.0,1.5882537142062398,0.30756054339848826,3.364326197899229e+17,0.9617303292617564,0.30756054339848826,1000.0,31.765074284124793,0.009682349257158752,0.30756054339848826,100000.0,3280.7197344837496,0.0003048111636873361,1.0,0.45,7941.268571031198,4.93425472783298,0.004,5.0265482457e-05,1.0,3.364326197899229e+17,0.9617303292617564,0.30756054339848826,300.0,6666.115826659515,1.6094160129667312e+24,0.0,inf,1.2568885660847846e-05,4.93425472783298,ambipolar_diffusion,0.0,0.0,0.0,3230.0,0,0,0,0,0.0
0.00015075376884422112,dc_series_circuit,0.0,1.588247806786006,0.307559436974159,3.3643391218994e+17,0.9617279153505995,0.307559436974159,1000.0,31.76495613572012,0.0096823504386428,0.307559436974159,100000.0,3280.707131704757,0.00030481233461408336,1.0,0.45,7941.23903393003,4.934236407865724,0.004,5.0265482457e-05,1.0,3.3643391218994e+17,0.9617279153505995,0.307559436974159,300.0,6666.115782461409,1.6094160022958788e+24,0.0,inf,1.2568845745618127e-05,4.934236407865724,ambipolar_diffusion,0.0,0.0,0.0,3230.0,0,0,0,0,0.0
0.00015577889447236182,dc_series_circuit,0.0,1.5882432621470748,0.3075585857903926,3.364349064530619e+17,0.9617260593067032,0.3075585857903926,1000.0,31.764865242941493,0.009682351347570584,0.3075585857903926,100000.0,3280.697436259806,0.00030481323542595886,1.0,0.45,7941.216310735373,4.934222321672796,0.004,5.0265482457e-05,1.0,3.364349064530619e+17,0.9617260593067032,0.3075585857903926,300.0,6666.115738264991,1.6094159916254336e+24,0.0,inf,1.2568815044975164e-05,4.934222321672796,ambipolar_diffusion,0.0,0.0,0.0,3230.0,0,0,0,0,0.0
0.00016080402010050252,dc_series_circuit,0.0,1.5882397654726124,0.30755793088400846,3.3643567144938464e+17,0.9617246322540344,0.30755793088400846,1000.0,31.764795309452246,0.009682352046905478,0.30755793088400846,100000.0,3280.6899765232574,0.00030481392851992666,1.0,0.45,7941.198827363061,4.934211491207762,0.004,5.0265482457e-05,1.0,3.3643567144938464e+17,0.9617246322540343,0.30755793088400846,300.0,6666.115694069869,1.6094159809553017e+24,0.0,inf,1.2568791430233834e-05,4.934211491207762,ambipolar_diffusion,0.0,0.0,0.0,3230.0,0,0,0,0,0.0
0.00016582914572864322,dc_series_circuit,0.0,1.5882370746363397,0.3075574269062703,3.364362601481311e+17,0.9617235350750676,0.3075574269062703,1000.0,31.76474149272679,0.009682352585072732,0.3075574269062703,100000.0,3280.6842359467933,0.00030481446188660816,1.0,0.45,7941.185373181698,4.93420316425307,0.004,5.0265482457e-05,1.0,3.364362601481311e+17,0.9617235350750676,0.3075574269062703,300.0,6666.115649875747,1.6094159702854108e+24,0.0,inf,1.2568773264226543e-05,4.93420316425307,ambipolar_diffusion,0.0,0.0,0.0,3230.0,0,0,0,0,0.0
0.00017085427135678393,dc_series_circuit,0.0,1.5882350034436756,0.3075570389840802,3.364367132831633e+17,0.9617226915519556,0.3075570389840802,1000.0,31.764700068873513,0.009682352999311266,0.3075570389840802,100000.0,3280.6798173060856,0.00030481487243127104,1.0,0.45,7941.175017218378,4.9341967623550635,0.004,5.0265482457e-05,1.0,3.364367132831633e+17,0.9617226915519556,0.3075570389840802,300.0,6666.115605682392,1.609415959615705e+24,0.0,inf,1.2568759287996635e-05,4.9341967623550635,ambipolar_diffusion,0.0,0.0,0.0,3230.0,0,0,0,0,0.0
0.00017587939698492463,dc_series_circuit,0.0,1.5882334086904484,0.30755674029616775,3.3643706218369555e+17,0.961722043055234,0.30755674029616775,1000.0,31.764668173808964,0.009682353318261911,0.30755674029616775,100000.0,3280.6764150919325,0.0003048151885384824,1.0,0.45,7941.167043452241,4.934191840619065,0.004,5.0265482457e-05,1.0,3.3643706218369555e+17,0.961722043055234,0.30755674029616775,300.0,6666.115561489625,1.6094159489461417e+24,0.0,inf,1.2568748533205311e-05,4.934191840619065,ambipolar_diffusion,0.0,0.0,0.0,3230.0,0,0,0,0,0.0
0.00018090452261306533,dc_series_circuit,0.0,1.5882321802732544,0.3075565102208287,3.364373309376114e+17,0.9617215445226569,0.3075565102208287,1000.0,31.764643605465086,0.009682353563945348,0.3075565102208287,100000.0,3280.673794411788,0.0003048154320320945,1.0,0.45,7941.160901366271,4.934188056985082,0.004,5.0265482457e-05,1.0,3.364373309376114e+17,0.961721544522657,0.3075565102208287,300.0,6666.115517297311,1.6094159382766876e+24,0.0,inf,1.2568740255439836e-05,4.934188056985082,ambipolar_diffusion,0.0,0.0,0.0,3230.0,0,0,0,0,0.0
0.00018592964824120604,dc_series_circuit,0.0,1.588231233519221,0.30755633289934026,3.364375380693607e+17,0.9617211612861034,0.30755633289934026,1000.0,31.764624670384418,0.009682353753296156,0.30755633289934026,100000.0,3280.671774626166,0.0003048156196954358,1.0,0.45,7941.156167596104,4.934185148398551,0.004,5.0265482457e-05,1.0,3.364375380693607e+17,0.9617211612861034,0.30755633289934026,300.0,6666.1154731053475,1.6094159276073177e+24,0.0,inf,1.2568733882133433e-05,4.934185148398551,ambipolar_diffusion,0.0,0.0,0.0,3230.0,0,0,0,0,0.0
0.00019095477386934674,dc_series_circuit,0.0,1.588230503338715,0.3075561961408008,3.364376978191161e+17,0.9617208667059848,0.3075561961408008,1000.0,31.7646100667743,0.009682353899332257,0.3075561961408008,100000.0,3280.670216874116,0.0003048157644302385,1.0,0.45,7941.152516693574,4.934182912644471,0.004,5.0265482457e-05,1.0,3.364376978191161e+17,0.9617208667059848,0.3075561961408008,300.0,6666.11542891365,1.6094159169380126e+24,0.0,inf,1.2568728973211512e-05,4.934182912644471,ambipolar_diffusion,0.0,0.0,0.0,3230.0,0,0,0,0,0.0
0.00019597989949748744,dc_series_circuit,0.0,1.5882299396678183,0.3075560905685347,3.3643782113980256e+17,0.9617206402857833,0.3075560905685347,1000.0,31.764598793356367,0.009682354012066437,0.3075560905685347,100000.0,3280.6690143502688,0.0003048158761599571,1.0,0.45,7941.149698339092,4.9341811941884695,0.004,5.0265482457e-05,1.0,3.3643782113980256e+17,0.9617206402857831,0.3075560905685347,300.0,6666.115384722159,1.6094159062687568e+24,0.0,inf,1.2568725190146146e-05,4.9341811941884695,ambipolar_diffusion,0.0,0.0,0.0,3230.0,0,0,0,0,0.0
0.00020100502512562814,dc_series_circuit,0.0,1.5882295040261614,0.3075560089753955,3.3643791645013754e+17,0.9617204662743755,0.3075560089753955,1000.0,31.764590080523224,0.009682354099194768,0.3075560089753955,100000.0,3280.668084961376,0.00030481596251203,1.0,0.45,7941.147520130806,4.934179873482962,0.004,5.0265482457e-05,1.0,3.3643791645013754e+17,0.9617204662743756,0.3075560089753955,300.0,6666.115340530829,1.60941589559954e+24,0.0,inf,1.256872227275603e-05,4.934179873482962,ambipolar_diffusion,0.0,0.0,0.0,3230.0,0,0,0,0,0.0
0.00020603015075376885,dc_series_circuit,0.0,1.588229166818152,0.3075559458183028,3.364379902250473e+17,0.9617203325571565,0.3075559458183028,1000.0,31.76458333636304,0.009682354166636369,0.3075559458183028,100000.0,3280.667365568801,0.0003048160293528022,1.0,0.45,7941.145834090759,4.934178858582856,0.004,5.0265482457e-05,1.0,3.364379902250473e+17,0.9617203325571565,0.3075559458183028,300.0,6666.115296339616,1.6094158849303519e+24,0.0,inf,1.2568720020931609e-05,4.934178858582856,ambipolar_diffusion,0.0,0.0,0.0,3230.0,0,0,0,0,0.0
0.00021105527638190955,dc_series_circuit,0.0,1.5882289052931922,0.30755589683620316,3.364380474419197e+17,0.9617202298201686,0.30755589683620316,1000.0,31.76457810586384,0.009682354218941362,0.30755589683620316,100000.0,3280.6668076368805,0.0003048160811918345,1.0,0.45,7941.14452646596,4.934178078808498,0.004,5.0265482457e-05,1.0,3.364380474419197e+17,0.9617202298201685,0.30755589683620316,300.0,6666.115252148501,1.6094158742611868e+24,0.0,inf,1.256871828083722e-05,4.934178078808498,ambipolar_diffusion,0.0,0.0,0.0,3230.0,0,0,0,0,0.0
0.00021608040201005025,dc_series_circuit,0.0,1.5882287019575256,0.30755585875261837,3.3643809192805306e+17,0.961720150903482,0.30755585875261837,1000.0,31.76457403915051,0.009682354259608495,0.30755585875261837,100000.0,3280.6663738447955,0.0003048161214966959,1.0,0.45,7941.143509787627,4.934177479811757,0.004,5.0265482457e-05,1.0,3.3643809192805306e+17,0.961720150903482,0.30755585875261837,300.0,6666.115207957454,1.6094158635920387e+24,0.0,inf,1.2568716934195549e-05,4.934177479811757,ambipolar_diffusion,0.0,0.0,0.0,3230.0,0,0,0,0,0.0
0.00022110552763819096,dc_series_circuit,0.0,1.5882285433607468,0.3075558290483662,3.364381266261423e+17,0.9617200903001414,0.3075558290483662,1000.0,31.764570867214935,0.009682354291327851,0.3075558290483662,100000.0,3280.6660354977257,0.00030481615293349575,1.0,0.45,7941.1427168037335,4.934177019806043,0.004,5.0265482457e-05,1.0,3.364381266261423e+17,0.9617200903001412,0.3075558290483662,300.0,6666.115163766463,1.6094158529229037e+24,0.0,inf,1.2568715890054359e-05,4.934177019806043,ambipolar_diffusion,0.0,0.0,0.0,3230.0,0,0,0,0,0.0
0.00022613065326633166,dc_series_circuit,0.0,1.5882284191621012,0.3075558057866836,3.3643815379855066e+17,0.9617200437780128,0.3075558057866836,1000.0,31.764568383242022,0.009682354316167579,0.3075558057866836,100000.0,3280.6657705349203,0.000304816177551957,1.0,0.45,7941.142095810505,4.934176666665564,0.004,5.0265482457e-05,1.0,3.3643815379855066e+17,0.9617200437780126,0.3075558057866836,300.0,6666.115119575516,1.6094158422537795e+24,0.0,inf,1.2568715078499793e-05,4.934176666665564,ambipolar_diffusion,0.0,0.0,0.0,3230.0,0,0,0,0,0.0
0.00023115577889447236,dc_series_circuit,0.0,1.588228321409914,0.30755578747826856,3.3643817518495706e+17,0.9617200080814475,0.30755578747826856,1000.0,31.76456642819828,0.009682354335718017,0.30755578747826856,100000.0,3280.6655619924395,0.0003048161969282453,1.0,0.45,7941.14160704957,4.934176395686728,0.004,5.0265482457e-05,1.0,3.3643817518495706e+17,0.9617200080814475,0.30755578747826856,300.0,6666.115075384602,1.6094158315846633e+24,0.0,inf,1.2568714445762143e-05,4.934176395686728,ambipolar_diffusion,0.0,0.0,0.0,3230.0,0,0,0,0,0.0
0.00023618090452261307,dc_series_circuit,0.0,1.588228243986169,0.30755577297725223,3.3643819212387085e+17,0.9617199807054294,0.30755577297725223,1000.0,31.76456487972338,0.009682354351202765,0.30755577297725223,100000.0,3280.6653968182345,0.0003048162122750628,1.0,0.45,7941.141219930845,4.934176187862593,0.004,5.0265482457e-05,1.0,3.3643819212387085e+17,0.9617199807054296,0.30755577297725223,300.0,6666.11503119371,1.6094158209155525e+24,0.0,inf,1.2568713950470223e-05,4.934176187862593,ambipolar_diffusion,0.0,0.0,0.0,3230.0,0,0,0,0,0.0
0.0002412060301507538,dc_series_circuit,0.0,1.5882281826502953,0.3075557614894004,3.3643820554305075e+17,0.9617199599606702,0.3075557614894004,1000.0,31.764563653005904,0.00968235436346994,0.3075557614894004,100000.0,3280.6652659655592,0.00030481622443296783,1.0,0.45,7941.1409132514755,4.934176030018908,0.004,5.0265482457e-05,1.0,3.3643820554305075e+17,0.9617199599606701,0.3075557614894004,300.0,6666.1149870028385,1.6094158102464465e+24,0.0,inf,1.2568713564255673e-05,4.934176030018908,ambipolar_diffusion,0.0,0.0,0.0,3230.0,0,0,0,0,0.0
0.00024623115577889447,dc_series_circuit,0.0,1.5882281333133106,0.30755575224887055,3.3643821633709146e+17,0.9617199440773831,0.30755575224887055,1000.0,31.764562666266208,0.009682354373337337,0.30755575224887055,100000.0,3280.665160711064,0.00030481623421247175,1.0,0.45,7941.140666566552,4.934175909452368,0.004,5.0265482457e-05,1.0,3.3643821633709146e+17,0.9617199440773833,0.30755575224887055,300.0,6666.114942811982,1.609415799577344e+24,0.0,inf,1.2568713258843608e-05,4.934175909452368,ambipolar_diffusion,0.0,0.0,0.0,3230.0,0,0,0,0,0.0
0.0002512562814070352,dc_series_circuit,0.0,1.5882280930148898,0.30755574470121105,3.364382251536583e+17,0.9617199318912041,0.30755574470121105,1000.0,31.764561860297793,0.009682354381397022,0.30755574470121105,100000.0,3280.6650747392528,0.0003048162422003654,1.0,0.45,7941.140465074448,4.934175816966082,0.004,5.0265482457e-05,1.0,3.364382251536583e+17,0.9617199318912041,0.30755574470121105,300.0,6666.1148986211365,1.6094157889082445e+24,0.0,inf,1.256871301452769e-05,4.934175816966082,ambipolar_diffusion,0.0,0.0,0.0,3230.0,0,0,0,0,0.0
0.0002562814070351759,dc_series_circuit,0.0,1.5882280596753748,0.3075557384569141,3.364382324477425e+17,0.9617199225552701,0.3075557384569141,1000.0,31.764561193507493,0.009682354388064925,0.3075557384569141,100000.0,3280.6650036134265,0.0003048162488088753,1.0,0.45,7941.140298376873,4.934175746099141,0.004,5.0265482457e-05,1.0,3.364382324477425e+17,0.9617199225552701,0.3075557384569141,300.0,6666.114854430301,1.609415778239147e+24,0.0,inf,1.2568712817275272e-05,4.934175746099141,ambipolar_diffusion,0.0,0.0,0.0,3230.0,0,0,0,0,0.0
0.0002613065326633166,dc_series_circuit,0.0,1.5882280317055146,0.30755573321832225,3.364382385670434e+17,0.9617199154188988,0.30755573321832225,1000.0,31.764560634110293,0.009682354393658898,0.30755573321832225,100000.0,3280.66494394311,0.00030481625435302027,1.0,0.45,7941.140158527573,4.9341756919141995,0.004,5.0265482457e-05,1.0,3.364382385670434e+17,0.9617199154188988,0.30755573321832225,300.0,6666.114810239466,1.60941576757005e+24,0.0,inf,1.256871265633977e-05,4.9341756919141995,ambipolar_diffusion,0.0,0.0,0.0,3230.0,0,0,0,0,0.0
0.0002663316582914573,dc_series_circuit,0.0,1.5882280078809567,0.3075557287561213,3.364382437794271e+17,0.9617199099805924,0.3075557287561213,1000.0,31.764560157619133,0.009682354398423808,0.3075557287561213,100000.0,3280.664893116295,0.0003048162590754896,1.0,0.45,7941.140039404783,4.934175650607532,0.004,5.0265482457e-05,1.0,3.364382437794271e+17,0.9617199099805924,0.3075557287561213,300.0,6666.114766048641,1.6094157569009553e+24,0.0,inf,1.2568712523440647e-05,4.934175650607532,ambipolar_diffusion,0.0,0.0,0.0,3230.0,0,0,0,0,0.0
0.000271356783919598,dc_series_circuit,0.0,1.5882279872568001,0.3075557248933368,3.3643824829162074e+17,0.9617199058532899,0.3075557248933368,1000.0,31.764559745136,0.00968235440254864,0.3075557248933368,100000.0,3280.6648491171495,0.00030481626316358014,1.0,0.45,7941.139936284,4.9341756192436055,0.004,5.0265482457e-05,1.0,3.3643824829162074e+17,0.9617199058532899,0.3075557248933368,300.0,6666.114721857818,1.6094157462318608e+24,0.0,inf,1.2568712412187181e-05,4.9341756192436055,ambipolar_diffusion,0.0,0.0,0.0,3230.0,0,0,0,0,0.0
0.0002763819095477387,dc_series_circuit,0.0,1.5882279691035652,0.3075557214933417,3.364382522632214e+17,0.9617199027381694,0.3075557214933417,1000.0,31.764559382071305,0.009682354406179287,0.3075557214933417,100000.0,3280.6648103894167,0.00030481626676188826,1.0,0.45,7941.139845517826,4.934175595556132,0.004,5.0265482457e-05,1.0,3.364382522632214e+17,0.9617199027381694,0.3075557214933417,300.0,6666.114677666997,1.609415735562767e+24,0.0,inf,1.2568712317645597e-05,4.934175595556132,ambipolar_diffusion,0.0,0.0,0.0,3230.0,0,0,0,0,0.0
0.0002814070351758794,dc_series_circuit,0.0,1.5882279528580465,0.30755571845065066,3.364382558174483e+17,0.9617199004045207,0.30755571845065066,1000.0,31.764559057160927,0.009682354409428391,0.30755571845065066,100000.0,3280.6647757315654,0.0003048162699820517,1.0,0.45,7941.139764290231,4.934175577795392,0.004,5.0265482457e-05,1.0,3.364382558174483e+17,0.9617199004045207,0.30755571845065066,300.0,6666.114633476178,1.6094157248936738e+24,0.0,inf,1.2568712236006698e-05,4.934175577795392,ambipolar_diffusion,0.0,0.0,0.0,3230.0,0,0,0,0,0.0
0.0002864321608040201,dc_series_circuit,0.0,1.5882279380854099,0.30755571568382184,3.364382590494351e+17,0.9617198986742205,0.30755571568382184,1000.0,31.764558761708194,0.009682354412382918,0.30755571568382184,100000.0,3280.6647442159306,0.0003048162729102626,1.0,0.45,7941.139690427049,4.934175564610478,0.004,5.0265482457e-05,1.0,3.364382590494351e+17,0.9617198986742205,0.30755571568382184,300.0,6666.114589285363,1.6094157142245813e+24,0.0,inf,1.2568712164329526e-05,4.934175564610478,ambipolar_diffusion,0.0,0.0,0.0,3230.0,0,0,0,0,0.0
0.0002914572864321608,dc_series_circuit,0.0,1.5882279244499324,0.3075557131299763,3.3643826203263194e+17,0.9617198974097428,0.3075557131299763,1000.0,31.76455848899865,0.009682354415110013,0.3075557131299763,100000.0,3280.6647151262882,0.00030481627561306743,1.0,0.45,7941.139622249662,4.934175554958396,0.004,5.0265482457e-05,1.0,3.3643826203263194e+17,0.961719897409743,0.3075557131299763,300.0,6666.114545094547,1.609415703555489e+24,0.0,inf,1.2568712100343438e-05,4.934175554958396,ambipolar_diffusion,0.0,0.0,0.0,3230.0,0,0,0,0,0.0
0.0002964824120603015,dc_series_circuit,0.0,1.5882279116924152,0.30755571074056764,3.364382648237471e+17,0.961719896504911,0.30755571074056764,1000.0,31.7645582338483,0.009682354417661517,0.30755571074056764,100000.0,3280.6646879096666,0.00030481627814184437,1.0,0.45,7941.139558462075,4.9341755480338865,0.004,5.0265482457e-05,1.0,3.364382648237471e+17,0.961719896504911,0.30755571074056764,300.0,6666.1145009037355,1.6094156928863972e+24,0.0,inf,1.2568712042295362e-05,4.9341755480338865,ambipolar_diffusion,0.0,0.0,0.0,3230.0,0,0,0,0,0.0
0.00030150753768844223,dc_series_circuit,0.0,1.5882278996127364,0.30755570847811414,3.364382674665634e+17,0.9617198958777472,0.30755570847811414,1000.0,31.764557992254726,0.009682354420077453,0.30755570847811414,100000.0,3280.664662139132,0.0003048162805362611,1.0,0.45,7941.1394980636815,4.93417554321523,0.004,5.0265482457e-05,1.0,3.364382674665634e+17,0.9617198958777472,0.30755570847811414,300.0,6666.114456712921,1.6094156822173052e+24,0.0,inf,1.2568711988831794e-05,4.93417554321523,ambipolar_diffusion,0.0,0.0,0.0,3230.0,0,0,0,0,0.0
0.0003065326633165829,dc_series_circuit,0.0,1.5882278880563903,0.3075557063136778,3.364382699948839e+17,0.9617198954649596,0.3075557063136778,1000.0,31.764557761127804,0.009682354422388722,0.3075557063136778,100000.0,3280.6646374850643,0.0003048162828269437,1.0,0.45,7941.139440281951,4.9341755400224185,0.004,5.0265482457e-05,1.0,3.364382699948839e+17,0.9617198954649598,0.3075557063136778,300.0,6666.11441252211,1.6094156715482137e+24,0.0,inf,1.2568711938907747e-05,4.9341755400224185,ambipolar_diffusion,0.0,0.0,0.0,3230.0,0,0,0,0,0.0
0.00031155778894472364,dc_series_circuit,0.0,1.5882278769040878,0.30755570422491646,3.3643827243480704e+17,0.9617198952176845,0.30755570422491646,1000.0,31.764557538081753,0.009682354424619182,0.30755570422491646,100000.0,3280.6646136929744,0.0003048162850375373,1.0,0.45,7941.139384520438,4.934175538084859,0.004,5.0265482457e-05,1.0,3.3643827243480704e+17,0.9617198952176845,0.30755570422491646,300.0,6666.114368331296,1.6094156608791217e+24,0.0,inf,1.2568711891716418e-05,4.934175538084859,ambipolar_diffusion,0.0,0.0,0.0,3230.0,0,0,0,0,0.0
0.0003165829145728643,dc_series_circuit,0.0,1.5882278660637301,0.3075557021945806,3.364382748064823e+17,0.9617198950981929,0.3075557021945806,1000.0,31.7645573212746,0.009682354426787254,0.3075557021945806,100000.0,3280.664590566382,0.0003048162871862977,1.0,0.45,7941.1393303186505,4.934175537116422,0.004,5.0265482457e-05,1.0,3.364382748064823e+17,0.9617198950981929,0.3075557021945806,300.0,6666.114324140484,1.6094156502100302e+24,0.0,inf,1.2568711846634898e-05,4.934175537116422,ambipolar_diffusion,0.0,0.0,0.0,3230.0,0,0,0,0,0.0
0.00032160804020100504,dc_series_circuit,0.0,1.5882278554642124,0.3075557002093527,3.364382771254662e+17,0.9617198950773584,0.3075557002093527,1000.0,31.764557109284247,0.009682354428907159,0.3075557002093527,100000.0,3280.6645679535914,0.0003048162892873192,1.0,0.45,7941.139277321062,4.934175536896206,0.004,5.0265482457e-05,1.0,3.364382771254662e+17,0.9617198950773584,0.3075557002093527,300.0,6666.114279949673,1.6094156395409387e+24,0.0,inf,1.256871180318228e-05,4.934175536896206,ambipolar_diffusion,0.0,0.0,0.0,3230.0,0,0,0,0,0.0
0.00032663316582914577,dc_series_circuit,0.0,1.588227845050635,0.30755569825895024,3.3643827940376954e+17,0.9617198951326925,0.30755569825895024,1000.0,31.7645569010127,0.009682354430989873,0.30755569825895024,100000.0,3280.6645457374834,0.0003048162913514838,1.0,0.45,7941.139225253175,4.934175537253656,0.004,5.0265482457e-05,1.0,3.3643827940376954e+17,0.9617198951326925,0.30755569825895024,300.0,6666.11423575886,1.6094156288718467e+24,0.0,inf,1.2568711760987262e-05,4.934175537253656,ambipolar_diffusion,0.0,0.0,0.0,3230.0,0,0,0,0,0.0
0.00033165829145728645,dc_series_circuit,0.0,1.5882278347806142,0.30755569633543517,3.364382816506654e+17,0.9617198952468327,0.30755569633543517,1000.0,31.764556695612285,0.009682354433043877,0.30755569633543517,100000.0,3280.664523827635,0.0003048162933871929,1.0,0.45,7941.139173903071,4.934175538057096,0.004,5.0265482457e-05,1.0,3.364382816506654e+17,0.9617198952468327,0.30755569633543517,300.0,6666.1141915680455,1.6094156182027547e+24,0.0,inf,1.2568711719763173e-05,4.934175538057096,ambipolar_diffusion,0.0,0.0,0.0,3230.0,0,0,0,0,0.0
0.0003366834170854272,dc_series_circuit,0.0,1.588227824621426,0.3075556944326784,3.36438283873313e+17,0.9617198954063741,0.3075556944326784,1000.0,31.76455649242852,0.009682354435075714,0.3075556944326784,100000.0,3280.6645021542354,0.00030481629540093295,1.0,0.45,7941.13912310713,4.934175539204861,0.004,5.0265482457e-05,1.0,3.36438283873313e+17,0.9617198954063741,0.3075556944326784,300.0,6666.114147377234,1.6094156075336632e+24,0.0,inf,1.2568711679288696e-05,4.934175539204861,ambipolar_diffusion,0.0,0.0,0.0,3230.0,0,0,0,0,0.0
0.00034170854271356785,dc_series_circuit,0.0,1.5882278145478077,0.30755569254594833,3.3643828607723974e+17,0.9617198956009682,0.30755569254594833,1000.0,31.764556290956154,0.00968235443709044,0.30755569254594833,100000.0,3280.6644806633876,0.0003048162973977115,1.0,0.45,7941.139072739038,4.934175540618467,0.004,5.0265482457e-05,1.0,3.3643828607723974e+17,0.9617198956009682,0.30755569254594833,300.0,6666.11410318642,1.6094155968645712e+24,0.0,inf,1.2568711639392958e-05,4.934175540618467,ambipolar_diffusion,0.0,0.0,0.0,3230.0,0,0,0,0,0.0
0.0003467336683417086,dc_series_circuit,0.0,1.5882278045402582,0.30755569067159255,3.364382882667117e+17,0.9617198958226265,0.30755569067159255,1000.0,31.76455609080516,0.00968235443909195,0.30755569067159255,100000.0,3280.66445931349,0.00030481629938139404,1.0,0.45,7941.13902270129,4.93417554223733,0.004,5.0265482457e-05,1.0,3.364382882667117e+17,0.9617198958226265,0.30755569067159255,300.0,6666.114058995608,1.6094155861954794e+24,0.0,inf,1.2568711599944076e-05,4.93417554223733,ambipolar_diffusion,0.0,0.0,0.0,3230.0,0,0,0,0,0.0
0.00035175879396984926,dc_series_circuit,0.0,1.588227794583745,0.30755568880679557,3.364382904450178e+17,0.9617198960651915,0.30755568880679557,1000.0,31.7645558916749,0.00968235444108325,0.30755568880679557,100000.0,3280.6644380724733,0.00030481630135496015,1.0,0.45,7941.138972918725,4.93417554401475,0.004,5.0265482457e-05,1.0,3.364382904450178e+17,0.9617198960651915,0.30755568880679557,300.0,6666.114014804793,1.6094155755263874e+24,0.0,inf,1.2568711560840374e-05,4.93417554401475,ambipolar_diffusion,0.0,0.0,0.0,3230.0,0,0,0,0,0.0
0.00035678391959799,dc_series_circuit,0.0,1.588227784666592,0.3075556869493706,3.364382926147127e+17,0.9617198963238796,0.3075556869493706,1000.0,31.76455569333184,0.009682354443066681,0.3075556869493706,100000.0,3280.664416915426,0.0003048163033207244,1.0,0.45,7941.13892333296,4.934175545914451,0.004,5.0265482457e-05,1.0,3.364382926147127e+17,0.9617198963238796,0.3075556869493706,300.0,6666.11397061398,1.6094155648572954e+24,0.0,inf,1.2568711522002877e-05,4.934175545914451,ambipolar_diffusion,0.0,0.0,0.0,3230.0,0,0,0,0,0.0
0.00036180904522613067,dc_series_circuit,0.0,1.5882277747798286,0.3075556850976373,3.36438294777759e+17,0.9617198965950163,0.3075556850976373,1000.0,31.764555495596568,0.009682354445044034,0.3075556850976373,100000.0,3280.664395823211,0.00030481630528046493,1.0,0.45,7941.138873899142,4.934175547908563,0.004,5.0265482457e-05,1.0,3.36438294777759e+17,0.9617198965950163,0.3075556850976373,300.0,6666.113926423168,1.6094155541882036e+24,0.0,inf,1.2568711483370919e-05,4.934175547908563,ambipolar_diffusion,0.0,0.0,0.0,3230.0,0,0,0,0,0.0
0.0003668341708542714,dc_series_circuit,0.0,1.5882277649165295,0.30755568325029886,3.364382969356716e+17,0.9617198968757654,0.30755568325029886,1000.0,31.76455529833059,0.009682354447016693,0.30755568325029886,100000.0,3280.664374781055,0.0003048163072355544,1.0,0.45,7941.1388245826465,4.934175549975574,0.004,5.0265482457e-05,1.0,3.364382969356716e+17,0.9617198968757654,0.30755568325029886,300.0,6666.113882232352,1.609415543519111e+24,0.0,inf,1.2568711444897663e-05,4.934175549975574,ambipolar_diffusion,0.0,0.0,0.0,3230.0,0,0,0,0,0.0
0.00037185929648241207,dc_series_circuit,0.0,1.5882277550713457,0.30755568140635325,3.364382990896209e+17,0.9617198971639351,0.30755568140635325,1000.0,31.764555101426915,0.00968235444898573,0.30755568140635325,100000.0,3280.664353777546,0.00030481630918705304,1.0,0.45,7941.138775356729,4.934175552098865,0.004,5.0265482457e-05,1.0,3.364382990896209e+17,0.9617198971639352,0.30755568140635325,300.0,6666.113838041537,1.6094155328500188e+24,0.0,inf,1.2568711406546931e-05,4.934175552098865,ambipolar_diffusion,0.0,0.0,0.0,3230.0,0,0,0,0,0.0
0.0003768844221105528,dc_series_circuit,0.0,1.5882277452401505,0.30755567956502766,3.364383012405101e+17,0.9617198974578348,0.30755567956502766,1000.0,31.76455490480301,0.00968235445095197,0.30755567956502766,100000.0,3280.6643328038786,0.00030481631113577905,1.0,0.45,7941.138726200752,4.93417555426561,0.004,5.0265482457e-05,1.0,3.364383012405101e+17,0.9617198974578348,0.30755567956502766,300.0,6666.1137938507245,1.609415522180927e+24,0.0,inf,1.2568711368290802e-05,4.93417555426561,ambipolar_diffusion,0.0,0.0,0.0,3230.0,0,0,0,0,0.0
0.0003819095477386935,dc_series_circuit,0.0,1.588227735419754,0.30755567772572456,3.364383033890364e+17,0.961719897756158,0.30755567772572456,1000.0,31.764554708395078,0.009682354452916049,0.30755567772572456,100000.0,3280.6643118532497,0.00030481631308236447,1.0,0.45,7941.138677098769,4.934175556465906,0.004,5.0265482457e-05,1.0,3.364383033890364e+17,0.9617198977561581,0.30755567772572456,300.0,6666.11374965991,1.609415511511835e+24,0.0,inf,1.2568711330107712e-05,4.934175556465906,ambipolar_diffusion,0.0,0.0,0.0,3230.0,0,0,0,0,0.0
0.0003869346733668342,dc_series_circuit,0.0,1.5882277256076966,0.3075556758879833,3.3643830553573843e+17,0.9617198980578977,0.3075556758879833,1000.0,31.764554512153932,0.00968235445487846,0.3075556758879833,100000.0,3280.6642909204115,0.00030481631502729696,1.0,0.45,7941.138628038483,4.934175558692111,0.004,5.0265482457e-05,1.0,3.3643830553573843e+17,0.9617198980578977,0.3075556758879833,300.0,6666.113705469096,1.6094155008427427e+24,0.0,inf,1.2568711291981026e-05,4.934175558692111,ambipolar_diffusion,0.0,0.0,0.0,3230.0,0,0,0,0,0.0
0.0003919597989949749,dc_series_circuit,0.0,1.5882277158020766,0.30755567405144774,3.3643830768103206e+17,0.9617198983622742,0.30755567405144774,1000.0,31.76455431604153,0.009682354456839584,0.30755567405144774,100000.0,3280.6642700013062,0.0003048163169709535,1.0,0.45,7941.138579010382,4.934175560938313,0.004,5.0265482457e-05,1.0,3.3643830768103206e+17,0.9617198983622742,0.30755567405144774,300.0,6666.113661278281,1.6094154901736504e+24,0.0,inf,1.2568711253897876e-05,4.934175560938313,ambipolar_diffusion,0.0,0.0,0.0,3230.0,0,0,0,0,0.0
0.0003969849246231156,dc_series_circuit,0.0,1.588227706001427,0.3075556722158432,3.3643830982523834e+17,0.9617198986686869,0.3075556722158432,1000.0,31.76455412002854,0.009682354458799714,0.3075556722158432,100000.0,3280.664249092805,0.0003048163189136248,1.0,0.45,7941.138530007134,4.934175563199959,0.004,5.0265482457e-05,1.0,3.3643830982523834e+17,0.9617198986686868,0.3075556722158432,300.0,6666.113617087466,1.609415479504558e+24,0.0,inf,1.2568711215848343e-05,4.934175563199959,ambipolar_diffusion,0.0,0.0,0.0,3230.0,0,0,0,0,0.0
0.0004020100502512563,dc_series_circuit,0.0,1.5882276962046151,0.3075556703809573,3.36438311968605e+17,0.9617198989766716,0.3075556703809573,1000.0,31.7645539240923,0.009682354460759077,0.3075556703809573,100000.0,3280.664228192491,0.00030481632085553546,1.0,0.45,7941.138481023075,4.934175565473529,0.004,5.0265482457e-05,1.0,3.36438311968605e+17,0.9617198989766716,0.3075556703809573,300.0,6666.113572896648,1.609415468835465e+24,0.0,inf,1.256871117782477e-05,4.934175565473529,ambipolar_diffusion,0.0,0.0,0.0,3230.0,0,0,0,0,0.0
0.000407035175879397,dc_series_circuit,0.0,1.5882276864107663,0.30755566854662647,3.3643831411132346e+17,0.9617198992858701,0.30755566854662647,1000.0,31.764553728215322,0.009682354462717847,0.30755566854662647,100000.0,3280.6642072984982,0.0003048163227968588,1.0,0.45,7941.13843205383,4.934175567756303,0.004,5.0265482457e-05,1.0,3.3643831411132346e+17,0.9617198992858701,0.30755566854662647,300.0,6666.113528705831,1.6094154581663722e+24,0.0,inf,1.2568711139821232e-05,4.934175567756303,ambipolar_diffusion,0.0,0.0,0.0,3230.0,0,0,0,0,0.0
0.0004120603015075377,dc_series_circuit,0.0,1.588227676619205,0.307555666712724,3.3643831625354144e+17,0.9617198995960058,0.307555666712724,1000.0,31.764553532384095,0.00968235446467616,0.307555666712724,100000.0,3280.664186409386,0.00030481632473772875,1.0,0.45,7941.138383096024,4.934175570046185,0.004,5.0265482457e-05,1.0,3.3643831625354144e+17,0.9617198995960056,0.307555666712724,300.0,6666.1134845150145,1.6094154474972794e+24,0.0,inf,1.2568711101833166e-05,4.934175570046185,ambipolar_diffusion,0.0,0.0,0.0,3230.0,0,0,0,0,0.0
0.0004170854271356784,dc_series_circuit,0.0,1.58822766682941,0.3075556648791524,3.36438318395373e+17,0.961719899906865,0.3075556648791524,1000.0,31.764553336588197,0.00968235446663412,0.3075556648791524,100000.0,3280.6641655240414,0.0003048163266782486,1.0,0.45,7941.138334147049,4.934175572341554,0.004,5.0265482457e-05,1.0,3.36438318395373e+17,0.961719899906865,0.3075556648791524,300.0,6666.113440324198,1.6094154368281866e+24,0.0,inf,1.2568711063857052e-05,4.934175572341554,ambipolar_diffusion,0.0,0.0,0.0,3230.0,0,0,0,0,0.0
0.0004221105527638191,dc_series_circuit,0.0,1.5882276570409783,0.30755566304583615,3.3643832053690624e+17,0.9617199002182828,0.30755566304583615,1000.0,31.764553140819565,0.009682354468591805,0.30755566304583615,100000.0,3280.664144641606,0.00030481632861849815,1.0,0.45,7941.138285204891,4.934175574641158,0.004,5.0265482457e-05,1.0,3.3643832053690624e+17,0.9617199002182828,0.30755566304583615,300.0,6666.11339613338,1.6094154261590938e+24,0.0,inf,1.2568711025890157e-05,4.934175574641158,ambipolar_diffusion,0.0,0.0,0.0,3230.0,0,0,0,0,0.0
0.00042713567839195983,dc_series_circuit,0.0,1.5882276472535997,0.30755566121271705,3.364383226782092e+17,0.961719900530132,0.30755566121271705,1000.0,31.76455294507199,0.009682354470549279,0.30755566121271705,100000.0,3280.664123761417,0.00030481633055853905,1.0,0.45,7941.138236267998,4.934175576944036,0.004,5.0265482457e-05,1.0,3.364383226782092e+17,0.9617199005301322,0.30755566121271705,300.0,6666.113351942561,1.6094154154900004e+24,0.0,inf,1.2568710987930382e-05,4.934175576944036,ambipolar_diffusion,0.0,0.0,0.0,3230.0,0,0,0,0,0.0
0.0004321608040201005,dc_series_circuit,0.0,1.588227637467034,0.3075556593797503,3.364383248193343e+17,0.9617199008423144,0.3075556593797503,1000.0,31.76455274934068,0.009682354472506594,0.3075556593797503,100000.0,3280.664102882962,0.00030481633249841884,1.0,0.45,7941.13818733517,4.934175579249438,0.004,5.0265482457e-05,1.0,3.364383248193343e+17,0.9617199008423144,0.3075556593797503,300.0,6666.113307751744,1.6094154048209076e+24,0.0,inf,1.2568710949976108e-05,4.934175579249438,ambipolar_diffusion,0.0,0.0,0.0,3230.0,0,0,0,0,0.0
0.00043718592964824124,dc_series_circuit,0.0,1.5882276276810956,0.307555657546901,3.364383269603221e+17,0.9617199011547535,0.307555657546901,1000.0,31.76455255362191,0.00968235447446378,0.307555657546901,100000.0,3280.664082005846,0.0003048163344381743,1.0,0.45,7941.138138405478,4.934175581556789,0.004,5.0265482457e-05,1.0,3.364383269603221e+17,0.9617199011547535,0.307555657546901,300.0,6666.113263560926,1.6094153941518145e+24,0.0,inf,1.2568710912026076e-05,4.934175581556789,ambipolar_diffusion,0.0,0.0,0.0,3230.0,0,0,0,0,0.0
0.0004422110552763819,dc_series_circuit,0.0,1.5882276178956427,0.3075556557141427,3.36438329101204e+17,0.9617199014673914,0.3075556557141427,1000.0,31.76455235791285,0.009682354476420872,0.3075556557141427,100000.0,3280.6640611297644,0.00030481633637783364,1.0,0.45,7941.138089478212,4.934175583865647,0.004,5.0265482457e-05,1.0,3.36438329101204e+17,0.9617199014673914,0.3075556557141427,300.0,6666.11321937011,1.6094153834827216e+24,0.0,inf,1.2568710874079324e-05,4.934175583865647,ambipolar_diffusion,0.0,0.0,0.0,3230.0,0,0,0,0,0.0
0.00044723618090452264,dc_series_circuit,0.0,1.5882276081105633,0.3075556538814542,3.36438331242004e+17,0.9617199017801823,0.3075556538814542,1000.0,31.764552162211263,0.009682354478377887,0.3075556538814542,100000.0,3280.664040254481,0.00030481633831741886,1.0,0.45,7941.138040552815,4.934175586175667,0.004,5.0265482457e-05,1.0,3.36438331242004e+17,0.9617199017801823,0.3075556538814542,300.0,6666.113175179291,1.6094153728136286e+24,0.0,inf,1.25687108361351e-05,4.934175586175667,ambipolar_diffusion,0.0,0.0,0.0,3230.0,0,0,0,0,0.0
0.0004522613065326633,dc_series_circuit,0.0,1.5882275983257728,0.30755565204881996,3.364383333827408e+17,0.9617199020930919,0.30755565204881996,1000.0,31.764551966515455,0.009682354480334845,0.30755565204881996,100000.0,3280.664019379813,0.0003048163402569469,1.0,0.45,7941.137991628863,4.934175588486585,0.004,5.0265482457e-05,1.0,3.364383333827408e+17,0.9617199020930917,0.30755565204881996,300.0,6666.113130988472,1.6094153621445355e+24,0.0,inf,1.2568710798192832e-05,4.934175588486585,ambipolar_diffusion,0.0,0.0,0.0,3230.0,0,0,0,0,0.0
0.00045728643216080405,dc_series_circuit,0.0,1.5882275885412056,0.30755565021622744,3.3643833552342886e+17,0.9617199024060926,0.30755565021622744,1000.0,31.76455177082411,0.00968235448229176,0.30755565021622744,100000.0,3280.6639985056213,0.00030481634219643066,1.0,0.45,7941.137942706027,4.934175590798197,0.004,5.0265482457e-05,1.0,3.3643833552342886e+17,0.9617199024060926,0.30755565021622744,300.0,6666.113086797655,1.6094153514754424e+24,0.0,inf,1.2568710760252072e-05,4.934175590798197,ambipolar_diffusion,0.0,0.0,0.0,3230.0,0,0,0,0,0.0
0.0004623115577889447,dc_series_circuit,0.0,1.5882275787568103,0.3075556483836671,3.364383376640793e+17,0.9617199027191641,0.3075556483836671,1000.0,31.764551575136203,0.009682354484248637,0.3075556483836671,100000.0,3280.6639776317975,0.00030481634413588035,1.0,0.45,7941.137893784051,4.934175593110341,0.004,5.0265482457e-05,1.0,3.364383376640793e+17,0.9617199027191641,0.3075556483836671,300.0,6666.1130426068385,1.6094153408063498e+24,0.0,inf,1.2568710722312475e-05,4.934175593110341,ambipolar_diffusion,0.0,0.0,0.0,3230.0,0,0,0,0,0.0
0.00046733668341708545,dc_series_circuit,0.0,1.5882275689725474,0.30755564655113166,3.3643833980470074e+17,0.9617199030322894,0.30755564655113166,1000.0,31.764551379450946,0.00968235448620549,0.30755564655113166,100000.0,3280.663956758255,0.00030481634607530385,1.0,0.45,7941.1378448627365,4.934175595422897,0.004,5.0265482457e-05,1.0,3.3643833980470074e+17,0.9617199030322894,0.30755564655113166,300.0,6666.11299841602,1.6094153301372567e+24,0.0,inf,1.2568710684373773e-05,4.934175595422897,ambipolar_diffusion,0.0,0.0,0.0,3230.0,0,0,0,0,0.0
0.00047236180904522613,dc_series_circuit,0.0,1.5882275591883879,0.3075556447186155,3.3643834194529965e+17,0.9617199033454573,0.3075556447186155,1000.0,31.764551183767757,0.009682354488162322,0.3075556447186155,100000.0,3280.663935884934,0.00030481634801470686,1.0,0.45,7941.137795941939,4.934175597735775,0.004,5.0265482457e-05,1.0,3.3643834194529965e+17,0.9617199033454573,0.3075556447186155,300.0,6666.112954225203,1.6094153194681636e+24,0.0,inf,1.2568710646435772e-05,4.934175597735775,ambipolar_diffusion,0.0,0.0,0.0,3230.0,0,0,0,0,0.0
0.00047738693467336686,dc_series_circuit,0.0,1.5882275494043072,0.3075556428861142,3.3643834408588134e+17,0.9617199036586576,0.3075556428861142,1000.0,31.764550988086143,0.009682354490119139,0.3075556428861142,100000.0,3280.6639150117803,0.0003048163499540943,1.0,0.45,7941.137747021536,4.934175600048899,0.004,5.0265482457e-05,1.0,3.3643834408588134e+17,0.9617199036586576,0.3075556428861142,300.0,6666.112910034383,1.6094153087990703e+24,0.0,inf,1.2568710608498303e-05,4.934175600048899,ambipolar_diffusion,0.0,0.0,0.0,3230.0,0,0,0,0,0.0
0.0004824120603015076,dc_series_circuit,0.0,1.5882275396202878,0.30755564105362426,3.3643834622644966e+17,0.961719903971883,0.30755564105362426,1000.0,31.764550792405753,0.009682354492075941,0.30755564105362426,100000.0,3280.6638941387578,0.0003048163518934696,1.0,0.45,7941.137698101438,4.9341756023622105,0.004,5.0265482457e-05,1.0,3.3643834622644966e+17,0.961719903971883,0.30755564105362426,300.0,6666.1128658435655,1.6094152981299774e+24,0.0,inf,1.2568710570561247e-05,4.9341756023622105,ambipolar_diffusion,0.0,0.0,0.0,3230.0,0,0,0,0,0.0
0.00048743718592964827,dc_series_circuit,0.0,1.5882275298363164,0.30755563922114343,3.3643834836700755e+17,0.9617199042851275,0.30755563922114343,1000.0,31.764550596726327,0.009682354494032737,0.30755563922114343,100000.0,3280.6638732658375,0.00030481635383283544,1.0,0.45,7941.137649181582,4.934175604675674,0.004,5.0265482457e-05,1.0,3.3643834836700755e+17,0.9617199042851275,0.30755563922114343,300.0,6666.112821652749,1.6094152874608843e+24,0.0,inf,1.2568710532624513e-05,4.934175604675674,ambipolar_diffusion,0.0,0.0,0.0,3230.0,0,0,0,0,0.0
0.0004924623115577889,dc_series_circuit,0.0,1.5882275200523799,0.30755563738866903,3.364383505075577e+17,0.9617199045983872,0.30755563738866903,1000.0,31.764550401047597,0.009682354495989524,0.30755563738866903,100000.0,3280.663852392992,0.0003048163557721944,1.0,0.45,7941.137600261899,4.934175606989245,0.004,5.0265482457e-05,1.0,3.364383505075577e+17,0.9617199045983872,0.30755563738866903,300.0,6666.112777461929,1.609415276791791e+24,0.0,inf,1.2568710494688023e-05,4.934175606989245,ambipolar_diffusion,0.0,0.0,0.0,3230.0,0,0,0,0,0.0
0.0004974874371859297,dc_series_circuit,0.0,1.588227510268472,0.3075556355562,3.364383526481016e+17,0.9617199049116586,0.3075556355562,1000.0,31.76455020536944,0.009682354497946305,0.3075556355562,100000.0,3280.6638315202076,0.00030481635771154763,1.0,0.45,7941.137551342359,4.934175609302909,0.004,5.0265482457e-05,1.0,3.364383526481016e+17,0.9617199049116586,0.3075556355562,300.0,6666.112733271105,1.6094152661226965e+24,0.0,inf,1.2568710456751725e-05,4.934175609302909,ambipolar_diffusion,0.0,0.0,0.0,3230.0,0,0,0,0,0.0
0.0005025125628140704,dc_series_circuit,0.0,1.5882275004845854,0.307555633723735,3.364383547886411e+17,0.9617199052249388,0.307555633723735,1000.0,31.764550009691707,0.009682354499903083,0.307555633723735,100000.0,3280.663810647468,0.00030481635965089675,1.0,0.45,7941.137502422926,4.93417561161664,0.004,5.0265482457e-05,1.0,3.364383547886411e+17,0.9617199052249388,0.307555633723735,300.0,6666.112689080282,1.609415255453602e+24,0.0,inf,1.2568710418815569e-05,4.93417561161664,ambipolar_diffusion,0.0,0.0,0.0,3230.0,0,0,0,0,0.0
0.0005075376884422111,dc_series_circuit,0.0,1.5882274907007157,0.3075556318912732,3.364383569291768e+17,0.9617199055382257,0.3075556318912732,1000.0,31.764549814014313,0.009682354501859858,0.3075556318912732,100000.0,3280.663789774764,0.0003048163615902426,1.0,0.45,7941.137453503578,4.934175613930423,0.004,5.0265482457e-05,1.0,3.364383569291768e+17,0.9617199055382257,0.3075556318912732,300.0,6666.112644889457,1.6094152447845077e+24,0.0,inf,1.2568710380879526e-05,4.934175613930423,ambipolar_diffusion,0.0,0.0,0.0,3230.0,0,0,0,0,0.0
0.0005125628140703518,dc_series_circuit,0.0,1.5882274809168573,0.3075556300588134,3.3643835906970995e+17,0.9617199058515179,0.3075556300588134,1000.0,31.764549618337146,0.009682354503816628,0.3075556300588134,100000.0,3280.663768902086,0.000304816363529586,1.0,0.45,7941.137404584286,4.9341756162442385,0.004,5.0265482457e-05,1.0,3.3643835906970995e+17,0.9617199058515179,0.3075556300588134,300.0,6666.112600698635,1.6094152341154135e+24,0.0,inf,1.256871034294357e-05,4.9341756162442385,ambipolar_diffusion,0.0,0.0,0.0,3230.0,0,0,0,0,0.0
0.0005175879396984925,dc_series_circuit,0.0,1.5882274711330107,0.30755562822635585,3.364383612102407e+17,0.9617199061648144,0.30755562822635585,1000.0,31.76454942266021,0.009682354505773398,0.30755562822635585,100000.0,3280.6637480294316,0.0003048163654689273,1.0,0.45,7941.137355665052,4.934175618558093,0.004,5.0265482457e-05,1.0,3.364383612102407e+17,0.9617199061648144,0.30755562822635585,300.0,6666.112556507811,1.609415223446319e+24,0.0,inf,1.2568710305007683e-05,4.934175618558093,ambipolar_diffusion,0.0,0.0,0.0,3230.0,0,0,0,0,0.0
0.0005226130653266332,dc_series_circuit,0.0,1.588227461349171,0.3075556263938996,3.3643836335076986e+17,0.9617199064781139,0.3075556263938996,1000.0,31.764549226983416,0.009682354507730166,0.3075556263938996,100000.0,3280.6637271567924,0.0003048163674082672,1.0,0.45,7941.1373067458535,4.93417562087197,0.004,5.0265482457e-05,1.0,3.3643836335076986e+17,0.9617199064781138,0.3075556263938996,300.0,6666.112512316987,1.6094152127772246e+24,0.0,inf,1.2568710267071844e-05,4.93417562087197,ambipolar_diffusion,0.0,0.0,0.0,3230.0,0,0,0,0,0.0
0.0005276381909547739,dc_series_circuit,0.0,1.5882274515653372,0.30755562456144453,3.364383654912978e+17,0.9617199067914161,0.30755562456144453,1000.0,31.764549031306743,0.009682354509686932,0.30755562456144453,100000.0,3280.6637062841664,0.00030481636934760585,1.0,0.45,7941.1372578266855,4.9341756231858644,0.004,5.0265482457e-05,1.0,3.364383654912978e+17,0.961719906791416,0.30755562456144453,300.0,6666.1124681261645,1.6094152021081302e+24,0.0,inf,1.256871022913605e-05,4.9341756231858644,ambipolar_diffusion,0.0,0.0,0.0,3230.0,0,0,0,0,0.0
0.0005326633165829146,dc_series_circuit,0.0,1.5882274417815079,0.30755562272899023,3.364383676318248e+17,0.9617199071047198,0.30755562272899023,1000.0,31.764548835630155,0.009682354511643699,0.30755562272899023,100000.0,3280.663685411549,0.00030481637128694375,1.0,0.45,7941.1372089075385,4.934175625499772,0.004,5.0265482457e-05,1.0,3.364383676318248e+17,0.9617199071047198,0.30755562272899023,300.0,6666.11242393534,1.6094151914390357e+24,0.0,inf,1.2568710191200286e-05,4.934175625499772,ambipolar_diffusion,0.0,0.0,0.0,3230.0,0,0,0,0,0.0
0.0005376884422110554,dc_series_circuit,0.0,1.5882274319976823,0.30755562089653665,3.36438369772351e+17,0.9617199074180249,0.30755562089653665,1000.0,31.764548639953645,0.009682354513600463,0.30755562089653665,100000.0,3280.6636645389403,0.0003048163732262809,1.0,0.45,7941.137159988411,4.9341756278136915,0.004,5.0265482457e-05,1.0,3.36438369772351e+17,0.9617199074180247,0.30755562089653665,300.0,6666.112379744518,1.6094151807699416e+24,0.0,inf,1.2568710153264541e-05,4.9341756278136915,ambipolar_diffusion,0.0,0.0,0.0,3230.0,0,0,0,0,0.0
0.000542713567839196,dc_series_circuit,0.0,1.5882274222138602,0.30755561906408363,3.364383719128765e+17,0.9617199077313318,0.30755561906408363,1000.0,31.7645484442772,0.009682354515557228,0.30755561906408363,100000.0,3280.6636436663384,0.0003048163751656174,1.0,0.45,7941.1371110693,4.934175630127622,0.004,5.0265482457e-05,1.0,3.364383719128765e+17,0.9617199077313318,0.30755561906408363,300.0,6666.112335553694,1.609415170100847e+24,0.0,inf,1.2568710115328824e-05,4.934175630127622,ambipolar_diffusion,0.0,0.0,0.0,3230.0,0,0,0,0,0.0
0.0005477386934673367,dc_series_circuit,0.0,1.5882274124300395,0.30755561723163105,3.364383740534016e+17,0.961719908044639,0.30755561723163105,1000.0,31.76454824860079,0.009682354517513992,0.30755561723163105,100000.0,3280.66362279374,0.0003048163771049536,1.0,0.45,7941.137062150197,4.934175632441557,0.004,5.0265482457e-05,1.0,3.364383740534016e+17,0.961719908044639,0.30755561723163105,300.0,6666.112291362871,1.6094151594317527e+24,0.0,inf,1.2568710077393117e-05,4.934175632441557,ambipolar_diffusion,0.0,0.0,0.0,3230.0,0,0,0,0,0.0
0.0005527638190954774,dc_series_circuit,0.0,1.5882274026462206,0.30755561539917864,3.3643837619392646e+17,0.9617199083579469,0.30755561539917864,1000.0,31.76454805292441,0.009682354519470755,0.30755561539917864,100000.0,3280.6636019211455,0.0003048163790442895,1.0,0.45,7941.137013231102,4.934175634755498,0.004,5.0265482457e-05,1.0,3.3643837619392646e+17,0.9617199083579466,0.30755561539917864,300.0,6666.112247172046,1.6094151487626583e+24,0.0,inf,1.2568710039457417e-05,4.934175634755498,ambipolar_diffusion,0.0,0.0,0.0,3230.0,0,0,0,0,0.0
0.0005577889447236182,dc_series_circuit,0.0,1.5882273928624024,0.30755561356672645,3.3643837833445114e+17,0.9617199086712553,0.30755561356672645,1000.0,31.764547857248047,0.00968235452142752,0.30755561356672645,100000.0,3280.6635810485523,0.0003048163809836253,1.0,0.45,7941.1369643120115,4.934175637069441,0.004,5.0265482457e-05,1.0,3.3643837833445114e+17,0.9617199086712553,0.30755561356672645,300.0,6666.112202981222,1.6094151380935638e+24,0.0,inf,1.2568710001521726e-05,4.934175637069441,ambipolar_diffusion,0.0,0.0,0.0,3230.0,0,0,0,0,0.0
0.0005628140703517588,dc_series_circuit,0.0,1.5882273830785856,0.3075556117342745,3.364383804749755e+17,0.9617199089845643,0.3075556117342745,1000.0,31.76454766157171,0.009682354523384283,0.3075556117342745,100000.0,3280.663560175962,0.0003048163829229608,1.0,0.45,7941.136915392928,4.934175639383389,0.004,5.0265482457e-05,1.0,3.364383804749755e+17,0.9617199089845643,0.3075556117342745,300.0,6666.112158790399,1.6094151274244694e+24,0.0,inf,1.2568709963586046e-05,4.934175639383389,ambipolar_diffusion,0.0,0.0,0.0,3230.0,0,0,0,0,0.0
0.0005678391959798995,dc_series_circuit,0.0,1.5882273732947696,0.3075556099018227,3.364383826154998e+17,0.9617199092978733,0.3075556099018227,1000.0,31.76454746589539,0.009682354525341046,0.3075556099018227,100000.0,3280.6635393033735,0.00030481638486229624,1.0,0.45,7941.1368664738475,4.934175641697337,0.004,5.0265482457e-05,1.0,3.364383826154998e+17,0.9617199092978733,0.3075556099018227,300.0,6666.112114599576,1.6094151167553752e+24,0.0,inf,1.2568709925650366e-05,4.934175641697337,ambipolar_diffusion,0.0,0.0,0.0,3230.0,0,0,0,0,0.0
0.0005728643216080402,dc_series_circuit,0.0,1.588227363510954,0.307555608069371,3.3643838475602394e+17,0.9617199096111828,0.307555608069371,1000.0,31.76454727021908,0.00968235452729781,0.307555608069371,100000.0,3280.6635184307856,0.0003048163868016316,1.0,0.45,7941.13681755477,4.9341756440112885,0.004,5.0265482457e-05,1.0,3.3643838475602394e+17,0.9617199096111828,0.307555608069371,300.0,6666.112070408753,1.6094151060862808e+24,0.0,inf,1.2568709887714693e-05,4.9341756440112885,ambipolar_diffusion,0.0,0.0,0.0,3230.0,0,0,0,0,0.0
0.000577889447236181,dc_series_circuit,0.0,1.588227353727139,0.30755560623691935,3.364383868965481e+17,0.9617199099244923,0.30755560623691935,1000.0,31.76454707454278,0.009682354529254573,0.30755560623691935,100000.0,3280.663497558199,0.00030481638874096684,1.0,0.45,7941.136768635694,4.934175646325242,0.004,5.0265482457e-05,1.0,3.364383868965481e+17,0.9617199099244923,0.30755560623691935,300.0,6666.112026217928,1.609415095417186e+24,0.0,inf,1.2568709849779018e-05,4.934175646325242,ambipolar_diffusion,0.0,0.0,0.0,3230.0,0,0,0,0,0.0
0.0005829145728643216,dc_series_circuit,0.0,1.5882273439433237,0.3075556044044676,3.364383890370722e+17,0.961719910237802,0.3075556044044676,1000.0,31.764546878866472,0.009682354531211334,0.3075556044044676,100000.0,3280.6634766856127,0.00030481639068030215,1.0,0.45,7941.136719716618,4.9341756486391946,0.004,5.0265482457e-05,1.0,3.364383890370722e+17,0.961719910237802,0.3075556044044676,300.0,6666.111982027105,1.6094150847480916e+24,0.0,inf,1.2568709811843348e-05,4.9341756486391946,ambipolar_diffusion,0.0,0.0,0.0,3230.0,0,0,0,0,0.0
0.0005879396984924623,dc_series_circuit,0.0,1.5882273341595097,0.3075556025720162,3.3643839117759616e+17,0.961719910551112,0.3075556025720162,1000.0,31.764546683190193,0.009682354533168097,0.3075556025720162,100000.0,3280.6634558130286,0.00030481639261963723,1.0,0.45,7941.1366707975485,4.934175650953151,0.004,5.0265482457e-05,1.0,3.3643839117759616e+17,0.961719910551112,0.3075556025720162,300.0,6666.111937836281,1.6094150740789972e+24,0.0,inf,1.2568709773907683e-05,4.934175650953151,ambipolar_diffusion,0.0,0.0,0.0,3230.0,0,0,0,0,0.0
0.000592964824120603,dc_series_circuit,0.0,1.588227324375695,0.3075556007395646,3.3643839331812026e+17,0.9617199108644218,0.3075556007395646,1000.0,31.764546487513897,0.00968235453512486,0.3075556007395646,100000.0,3280.6634349404426,0.00030481639455897253,1.0,0.45,7941.136621878474,4.934175653267104,0.004,5.0265482457e-05,1.0,3.3643839331812026e+17,0.9617199108644218,0.3075556007395646,300.0,6666.111893645457,1.6094150634099028e+24,0.0,inf,1.2568709735972013e-05,4.934175653267104,ambipolar_diffusion,0.0,0.0,0.0,3230.0,0,0,0,0,0.0
0.0005979899497487438,dc_series_circuit,0.0,1.5882273145918806,0.3075555989071132,3.364383954586443e+17,0.9617199111777319,0.3075555989071132,1000.0,31.76454629183761,0.009682354537081625,0.3075555989071132,100000.0,3280.6634140678575,0.00030481639649830773,1.0,0.45,7941.136572959403,4.934175655581059,0.004,5.0265482457e-05,1.0,3.364383954586443e+17,0.9617199111777317,0.3075555989071132,300.0,6666.111849454634,1.6094150527408083e+24,0.0,inf,1.2568709698036347e-05,4.934175655581059,ambipolar_diffusion,0.0,0.0,0.0,3230.0,0,0,0,0,0.0
0.0006030150753768845,dc_series_circuit,0.0,1.5882273048080657,0.3075555970746616,3.364383975991685e+17,0.9617199114910417,0.3075555970746616,1000.0,31.764546096161315,0.009682354539038387,0.3075555970746616,100000.0,3280.6633931952715,0.0003048163984376431,1.0,0.45,7941.136524040328,4.934175657895017,0.004,5.0265482457e-05,1.0,3.364383975991685e+17,0.9617199114910419,0.3075555970746616,300.0,6666.111805263804,1.6094150420717125e+24,0.0,inf,1.2568709660100679e-05,4.934175657895017,ambipolar_diffusion,0.0,0.0,0.0,3230.0,0,0,0,0,0.0
0.0006080402010050251,dc_series_circuit,0.0,1.5882272950242509,0.30755559524221,3.3643839973969274e+17,0.9617199118043522,0.30755559524221,1000.0,31.764545900485015,0.00968235454099515,0.30755559524221,100000.0,3280.663372322685,0.0003048164003769785,1.0,0.45,7941.136475121253,4.934175660208974,0.004,5.0265482457e-05,1.0,3.3643839973969274e+17,0.9617199118043522,0.30755559524221,300.0,6666.111761072975,1.6094150314026168e+24,0.0,inf,1.2568709622165012e-05,4.934175660208974,ambipolar_diffusion,0.0,0.0,0.0,3230.0,0,0,0,0,0.0
0.0006130653266331658,dc_series_circuit,0.0,1.5882272852404353,0.30755559340975824,3.364384018802171e+17,0.9617199121176623,0.30755559340975824,1000.0,31.764545704808704,0.009682354542951913,0.30755559340975824,100000.0,3280.6633514500977,0.000304816402316314,1.0,0.45,7941.136426202176,4.9341756625229305,0.004,5.0265482457e-05,1.0,3.364384018802171e+17,0.9617199121176623,0.30755559340975824,300.0,6666.111716882146,1.609415020733521e+24,0.0,inf,1.2568709584229342e-05,4.9341756625229305,ambipolar_diffusion,0.0,0.0,0.0,3230.0,0,0,0,0,0.0
0.0006180904522613066,dc_series_circuit,0.0,1.5882272754566202,0.3075555915773066,3.3643840402074144e+17,0.9617199124309722,0.3075555915773066,1000.0,31.764545509132404,0.009682354544908676,0.3075555915773066,100000.0,3280.6633305775117,0.0003048164042556494,1.0,0.45,7941.136377283101,4.934175664836887,0.004,5.0265482457e-05,1.0,3.3643840402074144e+17,0.9617199124309722,0.3075555915773066,300.0,6666.111672691318,1.6094150100644255e+24,0.0,inf,1.2568709546293672e-05,4.934175664836887,ambipolar_diffusion,0.0,0.0,0.0,3230.0,0,0,0,0,0.0
0.0006231155778894473,dc_series_circuit,0.0,1.5882272656728054,0.30755558974485503,3.3643840616126566e+17,0.9617199127442826,0.30755558974485503,1000.0,31.764545313456107,0.009682354546865439,0.30755558974485503,100000.0,3280.6633097049257,0.00030481640619498484,1.0,0.45,7941.136328364027,4.9341756671508445,0.004,5.0265482457e-05,1.0,3.3643840616126566e+17,0.9617199127442827,0.30755558974485503,300.0,6666.111628500487,1.6094149993953297e+24,0.0,inf,1.2568709508358008e-05,4.9341756671508445,ambipolar_diffusion,0.0,0.0,0.0,3230.0,0,0,0,0,0.0
0.000628140703517588,dc_series_circuit,0.0,1.5882272558889898,0.3075555879124033,3.3643840830179014e+17,0.9617199130575926,0.3075555879124033,1000.0,31.764545117779797,0.009682354548822202,0.3075555879124033,100000.0,3280.6632888323384,0.0003048164081343204,1.0,0.45,7941.136279444949,4.934175669464801,0.004,5.0265482457e-05,1.0,3.3643840830179014e+17,0.9617199130575927,0.3075555879124033,300.0,6666.111584309659,1.609414988726234e+24,0.0,inf,1.2568709470422336e-05,4.934175669464801,ambipolar_diffusion,0.0,0.0,0.0,3230.0,0,0,0,0,0.0
0.0006331658291457286,dc_series_circuit,0.0,1.5882272461051752,0.3075555860799517,3.364384104423145e+17,0.9617199133709031,0.3075555860799517,1000.0,31.764544922103504,0.009682354550778965,0.3075555860799517,100000.0,3280.663267959753,0.0003048164100736559,1.0,0.45,7941.136230525875,4.934175671778759,0.004,5.0265482457e-05,1.0,3.364384104423145e+17,0.9617199133709029,0.3075555860799517,300.0,6666.111540118829,1.6094149780571381e+24,0.0,inf,1.2568709432486666e-05,4.934175671778759,ambipolar_diffusion,0.0,0.0,0.0,3230.0,0,0,0,0,0.0
0.0006381909547738694,dc_series_circuit,0.0,1.5882272363213603,0.30755558424750007,3.364384125828389e+17,0.9617199136842133,0.30755558424750007,1000.0,31.764544726427204,0.009682354552735728,0.30755558424750007,100000.0,3280.663247087167,0.0003048164120129914,1.0,0.45,7941.136181606801,4.934175674092717,0.004,5.0265482457e-05,1.0,3.364384125828389e+17,0.9617199136842133,0.30755558424750007,300.0,6666.111495928,1.6094149673880424e+24,0.0,inf,1.2568709394550998e-05,4.934175674092717,ambipolar_diffusion,0.0,0.0,0.0,3230.0,0,0,0,0,0.0
0.0006432160804020101,dc_series_circuit,0.0,1.588227226537545,0.30755558241504843,3.364384147233634e+17,0.9617199139975232,0.30755558241504843,1000.0,31.7645445307509,0.00968235455469249,0.30755558241504843,100000.0,3280.66322621458,0.000304816413952327,1.0,0.45,7941.136132687725,4.9341756764066735,0.004,5.0265482457e-05,1.0,3.364384147233634e+17,0.9617199139975234,0.30755558241504843,300.0,6666.111451737171,1.6094149567189466e+24,0.0,inf,1.2568709356615326e-05,4.9341756764066735,ambipolar_diffusion,0.0,0.0,0.0,3230.0,0,0,0,0,0.0
0.0006482412060301508,dc_series_circuit,0.0,1.58822721675373,0.3075555805825968,3.364384168638878e+17,0.9617199143108336,0.3075555805825968,1000.0,31.764544335074596,0.009682354556649255,0.3075555805825968,100000.0,3280.663205341993,0.00030481641589166265,1.0,0.45,7941.136083768649,4.934175678720631,0.004,5.0265482457e-05,1.0,3.364384168638878e+17,0.9617199143108337,0.3075555805825968,300.0,6666.111407546342,1.6094149460498508e+24,0.0,inf,1.256870931867966e-05,4.934175678720631,ambipolar_diffusion,0.0,0.0,0.0,3230.0,0,0,0,0,0.0
0.0006532663316582915,dc_series_circuit,0.0,1.588227206969915,0.3075555787501452,3.364384190044123e+17,0.9617199146241442,0.3075555787501452,1000.0,31.7645441393983,0.009682354558606018,0.3075555787501452,100000.0,3280.663184469407,0.0003048164178309982,1.0,0.45,7941.136034849575,4.9341756810345885,0.004,5.0265482457e-05,1.0,3.364384190044123e+17,0.9617199146241442,0.3075555787501452,300.0,6666.111363355513,1.609414935380755e+24,0.0,inf,1.2568709280743993e-05,4.9341756810345885,ambipolar_diffusion,0.0,0.0,0.0,3230.0,0,0,0,0,0.0
0.0006582914572864322,dc_series_circuit,0.0,1.5882271971861,0.3075555769176935,3.364384211449369e+17,0.9617199149374541,0.3075555769176935,1000.0,31.764543943721996,0.00968235456056278,0.3075555769176935,100000.0,3280.663163596821,0.00030481641977033385,1.0,0.45,7941.1359859304985,4.9341756833485455,0.004,5.0265482457e-05,1.0,3.364384211449369e+17,0.9617199149374542,0.3075555769176935,300.0,6666.111319164684,1.6094149247116592e+24,0.0,inf,1.256870924280832e-05,4.9341756833485455,ambipolar_diffusion,0.0,0.0,0.0,3230.0,0,0,0,0,0.0
0.0006633165829145729,dc_series_circuit,0.0,1.5882271874022846,0.3075555750852418,3.3643842328546144e+17,0.9617199152507644,0.3075555750852418,1000.0,31.764543748045693,0.009682354562519542,0.3075555750852418,100000.0,3280.6631427242346,0.00030481642170966953,1.0,0.45,7941.135937011423,4.9341756856625025,0.004,5.0265482457e-05,1.0,3.3643842328546144e+17,0.9617199152507644,0.3075555750852418,300.0,6666.111274973853,1.6094149140425635e+24,0.0,inf,1.2568709204872652e-05,4.9341756856625025,ambipolar_diffusion,0.0,0.0,0.0,3230.0,0,0,0,0,0.0
0.0006683417085427136,dc_series_circuit,0.0,1.588227177618469,0.3075555732527901,3.364384254259861e+17,0.9617199155640747,0.3075555732527901,1000.0,31.76454355236938,0.009682354564476307,0.3075555732527901,100000.0,3280.6631218516463,0.0003048164236490054,1.0,0.45,7941.135888092344,4.93417568797646,0.004,5.0265482457e-05,1.0,3.364384254259861e+17,0.9617199155640747,0.3075555732527901,300.0,6666.1112307830235,1.6094149033734674e+24,0.0,inf,1.2568709166936982e-05,4.93417568797646,ambipolar_diffusion,0.0,0.0,0.0,3230.0,0,0,0,0,0.0
0.0006733668341708544,dc_series_circuit,0.0,1.588227167834654,0.30755557142033846,3.364384275665107e+17,0.9617199158773847,0.30755557142033846,1000.0,31.76454335669308,0.00968235456643307,0.30755557142033846,100000.0,3280.6631009790603,0.00030481642558834106,1.0,0.45,7941.135839173269,4.9341756902904175,0.004,5.0265482457e-05,1.0,3.364384275665107e+17,0.9617199158773849,0.30755557142033846,300.0,6666.111186592193,1.6094148927043714e+24,0.0,inf,1.2568709129001312e-05,4.9341756902904175,ambipolar_diffusion,0.0,0.0,0.0,3230.0,0,0,0,0,0.0
0.000678391959798995,dc_series_circuit,0.0,1.588227158050839,0.30755556958788677,3.364384297070353e+17,0.9617199161906953,0.30755556958788677,1000.0,31.764543161016775,0.009682354568389832,0.30755556958788677,100000.0,3280.663080106474,0.0003048164275276768,1.0,0.45,7941.135790254193,4.934175692604375,0.004,5.0265482457e-05,1.0,3.364384297070353e+17,0.9617199161906953,0.30755556958788677,300.0,6666.111142401363,1.6094148820352753e+24,0.0,inf,1.2568709091065644e-05,4.934175692604375,ambipolar_diffusion,0.0,0.0,0.0,3230.0,0,0,0,0,0.0
0.0006834170854271357,dc_series_circuit,0.0,1.5882271482670234,0.3075555677554351,3.3643843184756006e+17,0.9617199165040052,0.3075555677554351,1000.0,31.764542965340468,0.009682354570346595,0.3075555677554351,100000.0,3280.663059233887,0.00030481642946701264,1.0,0.45,7941.135741335117,4.9341756949183315,0.004,5.0265482457e-05,1.0,3.3643843184756006e+17,0.9617199165040052,0.3075555677554351,300.0,6666.111098210535,1.6094148713661798e+24,0.0,inf,1.2568709053129969e-05,4.9341756949183315,ambipolar_diffusion,0.0,0.0,0.0,3230.0,0,0,0,0,0.0
0.0006884422110552764,dc_series_circuit,0.0,1.5882271384832083,0.3075555659229834,3.364384339880848e+17,0.9617199168173154,0.3075555659229834,1000.0,31.764542769664164,0.009682354572303358,0.3075555659229834,100000.0,3280.6630383613006,0.00030481643140634843,1.0,0.45,7941.135692416041,4.934175697232289,0.004,5.0265482457e-05,1.0,3.364384339880848e+17,0.9617199168173154,0.3075555659229834,300.0,6666.111054019706,1.609414860697084e+24,0.0,inf,1.2568709015194299e-05,4.934175697232289,ambipolar_diffusion,0.0,0.0,0.0,3230.0,0,0,0,0,0.0
0.0006934673366834172,dc_series_circuit,0.0,1.5882271286993925,0.30755556409053164,3.364384361286096e+17,0.9617199171306254,0.30755556409053164,1000.0,31.76454257398785,0.009682354574260121,0.30755556409053164,100000.0,3280.6630174887127,0.0003048164333456844,1.0,0.45,7941.135643496962,4.934175699546245,0.004,5.0265482457e-05,1.0,3.364384361286096e+17,0.9617199171306254,0.30755556409053164,300.0,6666.1110098288755,1.609414850027988e+24,0.0,inf,1.2568708977258624e-05,4.934175699546245,ambipolar_diffusion,0.0,0.0,0.0,3230.0,0,0,0,0,0.0
0.0006984924623115578,dc_series_circuit,0.0,1.5882271189155774,0.30755556225807995,3.3643843826913434e+17,0.9617199174439359,0.30755556225807995,1000.0,31.764542378311546,0.009682354576216884,0.30755556225807995,100000.0,3280.6629966161263,0.00030481643528502023,1.0,0.45,7941.135594577886,4.934175701860203,0.004,5.0265482457e-05,1.0,3.3643843826913434e+17,0.9617199174439359,0.30755556225807995,300.0,6666.110965638047,1.6094148393588922e+24,0.0,inf,1.2568708939322958e-05,4.934175701860203,ambipolar_diffusion,0.0,0.0,0.0,3230.0,0,0,0,0,0.0
0.0007035175879396985,dc_series_circuit,0.0,1.5882271091317621,0.3075555604256282,3.3643844040965914e+17,0.9617199177572463,0.3075555604256282,1000.0,31.76454218263524,0.009682354578173647,0.3075555604256282,100000.0,3280.6629757435394,0.00030481643722435613,1.0,0.45,7941.13554565881,4.934175704174162,0.004,5.0265482457e-05,1.0,3.3643844040965914e+17,0.9617199177572463,0.3075555604256282,300.0,6666.110921447213,1.6094148286897956e+24,0.0,inf,1.2568708901387288e-05,4.934175704174162,ambipolar_diffusion,0.0,0.0,0.0,3230.0,0,0,0,0,0.0
0.0007085427135678392,dc_series_circuit,0.0,1.5882270993479461,0.30755555859317646,3.364384425501842e+17,0.9617199180705567,0.30755555859317646,1000.0,31.76454198695892,0.009682354580130411,0.30755555859317646,100000.0,3280.662954870951,0.0003048164391636922,1.0,0.45,7941.13549673973,4.93417570648812,0.004,5.0265482457e-05,1.0,3.364384425501842e+17,0.9617199180705567,0.30755555859317646,300.0,6666.110877256379,1.6094148180206988e+24,0.0,inf,1.2568708863451611e-05,4.93417570648812,ambipolar_diffusion,0.0,0.0,0.0,3230.0,0,0,0,0,0.0
0.00071356783919598,dc_series_circuit,0.0,1.58822708956413,0.3075555567607246,3.364384446907093e+17,0.9617199183838665,0.3075555567607246,1000.0,31.764541791282596,0.009682354582087174,0.3075555567607246,100000.0,3280.6629339983624,0.00030481644110302836,1.0,0.45,7941.135447820649,4.934175708802077,0.004,5.0265482457e-05,1.0,3.364384446907093e+17,0.9617199183838665,0.3075555567607246,300.0,6666.110833065546,1.609414807351602e+24,0.0,inf,1.2568708825515933e-05,4.934175708802077,ambipolar_diffusion,0.0,0.0,0.0,3230.0,0,0,0,0,0.0
0.0007185929648241207,dc_series_circuit,0.0,1.5882270797803133,0.30755555492827263,3.364384468312344e+17,0.9617199186971773,0.30755555492827263,1000.0,31.764541595606264,0.009682354584043937,0.30755555492827263,100000.0,3280.662913125773,0.0003048164430423646,1.0,0.45,7941.135398901566,4.934175711116035,0.004,5.0265482457e-05,1.0,3.364384468312344e+17,0.9617199186971771,0.30755555492827263,300.0,6666.110788874711,1.6094147966825048e+24,0.0,inf,1.2568708787580261e-05,4.934175711116035,ambipolar_diffusion,0.0,0.0,0.0,3230.0,0,0,0,0,0.0
0.0007236180904522613,dc_series_circuit,0.0,1.5882270699964967,0.30755555309582067,3.364384489717596e+17,0.9617199190104871,0.30755555309582067,1000.0,31.764541399929932,0.0096823545860007,0.30755555309582067,100000.0,3280.6628922531836,0.0003048164449817008,1.0,0.45,7941.135349982483,4.934175713429992,0.004,5.0265482457e-05,1.0,3.364384489717596e+17,0.9617199190104874,0.30755555309582067,300.0,6666.110744683876,1.6094147860134077e+24,0.0,inf,1.2568708749644583e-05,4.934175713429992,ambipolar_diffusion,0.0,0.0,0.0,3230.0,0,0,0,0,0.0
0.000728643216080402,dc_series_circuit,0.0,1.58822706021268,0.3075555512633687,3.364384511122848e+17,0.9617199193237975,0.3075555512633687,1000.0,31.764541204253597,0.009682354587957463,0.3075555512633687,100000.0,3280.662871380594,0.0003048164469210371,1.0,0.45,7941.135301063399,4.934175715743949,0.004,5.0265482457e-05,1.0,3.364384511122848e+17,0.9617199193237975,0.3075555512633687,300.0,6666.110700493041,1.6094147753443103e+24,0.0,inf,1.2568708711708904e-05,4.934175715743949,ambipolar_diffusion,0.0,0.0,0.0,3230.0,0,0,0,0,0.0
0.0007336683417085428,dc_series_circuit,0.0,1.5882270504288636,0.30755554943091684,3.3643845325281005e+17,0.9617199196371077,0.30755554943091684,1000.0,31.76454100857727,0.009682354589914227,0.30755554943091684,100000.0,3280.662850508005,0.00030481644886037337,1.0,0.45,7941.135252144318,4.934175718057907,0.004,5.0265482457e-05,1.0,3.3643845325281005e+17,0.9617199196371078,0.30755554943091684,300.0,6666.110656302207,1.6094147646752134e+24,0.0,inf,1.2568708673773228e-05,4.934175718057907,ambipolar_diffusion,0.0,0.0,0.0,3230.0,0,0,0,0,0.0
0.0007386934673366835,dc_series_circuit,0.0,1.5882270406450472,0.30755554759846493,3.364384553933353e+17,0.9617199199504182,0.30755554759846493,1000.0,31.764540812900943,0.00968235459187099,0.30755554759846493,100000.0,3280.6628296354156,0.0003048164507997097,1.0,0.45,7941.135203225235,4.934175720371863,0.004,5.0265482457e-05,1.0,3.364384553933353e+17,0.9617199199504182,0.30755554759846493,300.0,6666.110612111373,1.6094147540061166e+24,0.0,inf,1.2568708635837553e-05,4.934175720371863,ambipolar_diffusion,0.0,0.0,0.0,3230.0,0,0,0,0,0.0
0.0007437185929648241,dc_series_circuit,0.0,1.588227030861231,0.307555545766013,3.3643845753386054e+17,0.961719920263728,0.307555545766013,1000.0,31.76454061722462,0.009682354593827753,0.307555545766013,100000.0,3280.662808762827,0.000304816452739046,1.0,0.45,7941.135154306155,4.934175722685823,0.004,5.0265482457e-05,1.0,3.3643845753386054e+17,0.9617199202637281,0.307555545766013,300.0,6666.1105679205375,1.6094147433370192e+24,0.0,inf,1.2568708597901874e-05,4.934175722685823,ambipolar_diffusion,0.0,0.0,0.0,3230.0,0,0,0,0,0.0
0.0007487437185929648,dc_series_circuit,0.0,1.588227021077415,0.3075555439335612,3.3643845967438586e+17,0.9617199205770386,0.3075555439335612,1000.0,31.764540421548297,0.009682354595784518,0.3075555439335612,100000.0,3280.662787890238,0.00030481645467838226,1.0,0.45,7941.135105387074,4.934175724999782,0.004,5.0265482457e-05,1.0,3.3643845967438586e+17,0.9617199205770386,0.3075555439335612,300.0,6666.1105237297015,1.609414732667922e+24,0.0,inf,1.25687085599662e-05,4.934175724999782,ambipolar_diffusion,0.0,0.0,0.0,3230.0,0,0,0,0,0.0
0.0007537688442211056,dc_series_circuit,0.0,1.5882270112935981,0.30755554210110925,3.364384618149112e+17,0.9617199208903487,0.30755554210110925,1000.0,31.76454022587196,0.00968235459774128,0.30755554210110925,100000.0,3280.6627670176485,0.0003048164566177187,1.0,0.45,7941.135056467991,4.934175727313739,0.004,5.0265482457e-05,1.0,3.364384618149112e+17,0.9617199208903487,0.30755554210110925,300.0,6666.110479538867,1.609414721998825e+24,0.0,inf,1.2568708522030521e-05,4.934175727313739,ambipolar_diffusion,0.0,0.0,0.0,3230.0,0,0,0,0,0.0
0.0007587939698492463,dc_series_circuit,0.0,1.5882270015097815,0.3075555402686573,3.3643846395543654e+17,0.9617199212036592,0.3075555402686573,1000.0,31.76454003019563,0.009682354599698044,0.3075555402686573,100000.0,3280.6627461450594,0.0003048164585570551,1.0,0.45,7941.135007548907,4.934175729627696,0.004,5.0265482457e-05,1.0,3.3643846395543654e+17,0.9617199212036592,0.3075555402686573,300.0,6666.110435348033,1.6094147113297278e+24,0.0,inf,1.2568708484094846e-05,4.934175729627696,ambipolar_diffusion,0.0,0.0,0.0,3230.0,0,0,0,0,0.0
0.000763819095477387,dc_series_circuit,0.0,1.5882269917259642,0.3075555384362052,3.364384660959621e+17,0.961719921516969,0.3075555384362052,1000.0,31.764539834519283,0.009682354601654806,0.3075555384362052,100000.0,3280.6627252724684,0.0003048164604963917,1.0,0.45,7941.13495862982,4.934175731941651,0.004,5.0265482457e-05,1.0,3.364384660959621e+17,0.961719921516969,0.3075555384362052,300.0,6666.110391157197,1.6094147006606307e+24,0.0,inf,1.256870844615916e-05,4.934175731941651,ambipolar_diffusion,0.0,0.0,0.0,3230.0,0,0,0,0,0.0
0.0007688442211055276,dc_series_circuit,0.0,1.588226981942148,0.30755553660375334,3.364384682364875e+17,0.9617199218302794,0.30755553660375334,1000.0,31.764539638842958,0.009682354603611571,0.30755553660375334,100000.0,3280.662704399879,0.00030481646243572813,1.0,0.45,7941.1349097107395,4.93417573425561,0.004,5.0265482457e-05,1.0,3.364384682364875e+17,0.9617199218302793,0.30755553660375334,300.0,6666.110346966364,1.6094146899915338e+24,0.0,inf,1.2568708408223484e-05,4.93417573425561,ambipolar_diffusion,0.0,0.0,0.0,3230.0,0,0,0,0,0.0
0.0007738693467336684,dc_series_circuit,0.0,1.5882269721583313,0.3075555347713014,3.36438470377013e+17,0.9617199221435896,0.3075555347713014,1000.0,31.764539443166623,0.009682354605568334,0.3075555347713014,100000.0,3280.6626835272896,0.0003048164643750646,1.0,0.45,7941.134860791655,4.934175736569566,0.004,5.0265482457e-05,1.0,3.36438470377013e+17,0.9617199221435896,0.3075555347713014,300.0,6666.11030277553,1.6094146793224367e+24,0.0,inf,1.2568708370287806e-05,4.934175736569566,ambipolar_diffusion,0.0,0.0,0.0,3230.0,0,0,0,0,0.0
0.0007788944723618091,dc_series_circuit,0.0,1.5882269623745147,0.3075555329388494,3.364384725175385e+17,0.9617199224568997,0.3075555329388494,1000.0,31.76453924749029,0.009682354607525097,0.3075555329388494,100000.0,3280.6626626547004,0.0003048164663144011,1.0,0.45,7941.134811872573,4.934175738883525,0.004,5.0265482457e-05,1.0,3.364384725175385e+17,0.9617199224568997,0.3075555329388494,300.0,6666.110258584693,1.6094146686533393e+24,0.0,inf,1.2568708332352126e-05,4.934175738883525,ambipolar_diffusion,0.0,0.0,0.0,3230.0,0,0,0,0,0.0
0.0007839195979899498,dc_series_circuit,0.0,1.5882269525906976,0.30755553110639733,3.3643847465806406e+17,0.9617199227702099,0.30755553110639733,1000.0,31.764539051813948,0.00968235460948186,0.30755553110639733,100000.0,3280.66264178211,0.0003048164682537378,1.0,0.45,7941.134762953487,4.93417574119748,0.004,5.0265482457e-05,1.0,3.3643847465806406e+17,0.9617199227702099,0.30755553110639733,300.0,6666.110214393859,1.6094146579842422e+24,0.0,inf,1.2568708294416447e-05,4.93417574119748,ambipolar_diffusion,0.0,0.0,0.0,3230.0,0,0,0,0,0.0
0.0007889447236180904,dc_series_circuit,0.0,1.588226942806881,0.30755552927394536,3.3643847679858963e+17,0.9617199230835202,0.30755552927394536,1000.0,31.764538856137616,0.009682354611438623,0.30755552927394536,100000.0,3280.6626209095207,0.0003048164701930743,1.0,0.45,7941.134714034404,4.934175743511438,0.004,5.0265482457e-05,1.0,3.3643847679858963e+17,0.9617199230835202,0.30755552927394536,300.0,6666.110170203024,1.609414647315145e+24,0.0,inf,1.2568708256480766e-05,4.934175743511438,ambipolar_diffusion,0.0,0.0,0.0,3230.0,0,0,0,0,0.0
0.0007939698492462312,dc_series_circuit,0.0,1.5882269330230647,0.3075555274414935,3.364384789391152e+17,0.9617199233968304,0.3075555274414935,1000.0,31.76453866046129,0.009682354613395387,0.3075555274414935,100000.0,3280.6626000369315,0.0003048164721324109,1.0,0.45,7941.134665115323,4.934175745825397,0.004,5.0265482457e-05,1.0,3.364384789391152e+17,0.9617199233968304,0.3075555274414935,300.0,6666.110126012189,1.609414636646048e+24,0.0,inf,1.2568708218545089e-05,4.934175745825397,ambipolar_diffusion,0.0,0.0,0.0,3230.0,0,0,0,0,0.0
0.0007989949748743719,dc_series_circuit,0.0,1.5882269232392474,0.3075555256090414,3.364384810796408e+17,0.9617199237101409,0.3075555256090414,1000.0,31.76453846478495,0.00968235461535215,0.3075555256090414,100000.0,3280.6625791643414,0.0003048164740717476,1.0,0.45,7941.1346161962365,4.93417574813935,0.004,5.0265482457e-05,1.0,3.364384810796408e+17,0.9617199237101409,0.3075555256090414,300.0,6666.110081821356,1.6094146259769514e+24,0.0,inf,1.256870818060941e-05,4.93417574813935,ambipolar_diffusion,0.0,0.0,0.0,3230.0,0,0,0,0,0.0
0.0008040201005025126,dc_series_circuit,0.0,1.588226913455431,0.30755552377658957,3.3643848322016646e+17,0.9617199240234507,0.30755552377658957,1000.0,31.76453826910862,0.009682354617308915,0.30755552377658957,100000.0,3280.662558291752,0.00030481647601108424,1.0,0.45,7941.134567277155,4.934175750453309,0.004,5.0265482457e-05,1.0,3.3643848322016646e+17,0.961719924023451,0.30755552377658957,300.0,6666.110037630522,1.6094146153078543e+24,0.0,inf,1.2568708142673729e-05,4.934175750453309,ambipolar_diffusion,0.0,0.0,0.0,3230.0,0,0,0,0,0.0
0.0008090452261306534,dc_series_circuit,0.0,1.5882269036716143,0.30755552194413754,3.3643848536069216e+17,0.9617199243367611,0.30755552194413754,1000.0,31.764538073432284,0.009682354619265678,0.30755552194413754,100000.0,3280.662537419162,0.0003048164779504209,1.0,0.45,7941.134518358071,4.934175752767269,0.004,5.0265482457e-05,1.0,3.3643848536069216e+17,0.9617199243367612,0.30755552194413754,300.0,6666.109993439682,1.609414604638756e+24,0.0,inf,1.256870810473805e-05,4.934175752767269,ambipolar_diffusion,0.0,0.0,0.0,3230.0,0,0,0,0,0.0
0.000814070351758794,dc_series_circuit,0.0,1.5882268938877961,0.3075555201116853,3.364384875012182e+17,0.9617199246500716,0.3075555201116853,1000.0,31.76453787775592,0.00968235462122244,0.3075555201116853,100000.0,3280.66251654657,0.0003048164798897579,1.0,0.45,7941.13446943898,4.934175755081227,0.004,5.0265482457e-05,1.0,3.364384875012182e+17,0.9617199246500716,0.3075555201116853,300.0,6666.109949248842,1.6094145939696576e+24,0.0,inf,1.2568708066802365e-05,4.934175755081227,ambipolar_diffusion,0.0,0.0,0.0,3230.0,0,0,0,0,0.0
0.0008190954773869347,dc_series_circuit,0.0,1.5882268841039782,0.30755551827923305,3.364384896417441e+17,0.9617199249633819,0.30755551827923305,1000.0,31.764537682079563,0.009682354623179203,0.30755551827923305,100000.0,3280.662495673978,0.0003048164818290948,1.0,0.45,7941.13442051989,4.934175757395183,0.004,5.0265482457e-05,1.0,3.364384896417441e+17,0.9617199249633818,0.30755551827923305,300.0,6666.109905058002,1.6094145833005594e+24,0.0,inf,1.2568708028866682e-05,4.934175757395183,ambipolar_diffusion,0.0,0.0,0.0,3230.0,0,0,0,0,0.0
0.0008241206030150754,dc_series_circuit,0.0,1.5882268743201604,0.3075555164467809,3.3643849178227014e+17,0.961719925276692,0.3075555164467809,1000.0,31.764537486403206,0.009682354625135968,0.3075555164467809,100000.0,3280.6624748013855,0.00030481648376843185,1.0,0.45,7941.134371600801,4.9341757597091425,0.004,5.0265482457e-05,1.0,3.3643849178227014e+17,0.961719925276692,0.3075555164467809,300.0,6666.109860867162,1.6094145726314607e+24,0.0,inf,1.2568707990930997e-05,4.9341757597091425,ambipolar_diffusion,0.0,0.0,0.0,3230.0,0,0,0,0,0.0
0.0008291457286432162,dc_series_circuit,0.0,1.5882268645363427,0.3075555146143288,3.364384939227962e+17,0.9617199255900022,0.3075555146143288,1000.0,31.76453729072685,0.009682354627092733,0.3075555146143288,100000.0,3280.662453928793,0.0003048164857077689,1.0,0.45,7941.134322681713,4.9341757620231,0.004,5.0265482457e-05,1.0,3.364384939227962e+17,0.9617199255900022,0.3075555146143288,300.0,6666.10981667632,1.6094145619623622e+24,0.0,inf,1.256870795299531e-05,4.9341757620231,ambipolar_diffusion,0.0,0.0,0.0,3230.0,0,0,0,0,0.0
0.0008341708542713569,dc_series_circuit,0.0,1.588226854752525,0.3075555127818766,3.364384960633222e+17,0.9617199259033126,0.3075555127818766,1000.0,31.764537095050496,0.009682354629049495,0.3075555127818766,100000.0,3280.6624330562017,0.00030481648764710587,1.0,0.45,7941.134273762624,4.934175764337058,0.004,5.0265482457e-05,1.0,3.364384960633222e+17,0.9617199259033127,0.3075555127818766,300.0,6666.109772485482,1.609414551293264e+24,0.0,inf,1.2568707915059628e-05,4.934175764337058,ambipolar_diffusion,0.0,0.0,0.0,3230.0,0,0,0,0,0.0
0.0008391959798994975,dc_series_circuit,0.0,1.5882268449687067,0.3075555109494243,3.364384982038483e+17,0.9617199262166226,0.3075555109494243,1000.0,31.764536899374132,0.009682354631006258,0.3075555109494243,100000.0,3280.6624121836094,0.00030481648958644296,1.0,0.45,7941.134224843533,4.934175766651014,0.004,5.0265482457e-05,1.0,3.364384982038483e+17,0.9617199262166226,0.3075555109494243,300.0,6666.109728294642,1.6094145406241658e+24,0.0,inf,1.2568707877123938e-05,4.934175766651014,ambipolar_diffusion,0.0,0.0,0.0,3230.0,0,0,0,0,0.0
0.0008442211055276382,dc_series_circuit,0.0,1.5882268351848892,0.30755550911697216,3.3643850034437434e+17,0.9617199265299333,0.30755550911697216,1000.0,31.764536703697782,0.009682354632963021,0.30755550911697216,100000.0,3280.6623913110184,0.00030481649152577995,1.0,0.45,7941.134175924445,4.934175768964972,0.004,5.0265482457e-05,1.0,3.3643850034437434e+17,0.9617199265299333,0.30755550911697216,300.0,6666.109684103803,1.6094145299550676e+24,0.0,inf,1.2568707839188261e-05,4.934175768964972,ambipolar_diffusion,0.0,0.0,0.0,3230.0,0,0,0,0,0.0
0.000849246231155779,dc_series_circuit,0.0,1.588226825401071,0.3075555072845199,3.3643850248490054e+17,0.9617199268432435,0.3075555072845199,1000.0,31.76453650802142,0.009682354634919786,0.3075555072845199,100000.0,3280.662370438425,0.00030481649346511715,1.0,0.45,7941.1341270053545,4.93417577127893,0.004,5.0265482457e-05,1.0,3.3643850248490054e+17,0.9617199268432434,0.3075555072845199,300.0,6666.109639912963,1.6094145192859692e+24,0.0,inf,1.2568707801252573e-05,4.93417577127893,ambipolar_diffusion,0.0,0.0,0.0,3230.0,0,0,0,0,0.0
0.0008542713567839197,dc_series_circuit,0.0,1.5882268156172537,0.3075555054520679,3.364385046254267e+17,0.9617199271565536,0.3075555054520679,1000.0,31.764536312345072,0.00968235463687655,0.3075555054520679,100000.0,3280.662349565834,0.0003048164954044542,1.0,0.45,7941.134078086267,4.934175773592888,0.004,5.0265482457e-05,1.0,3.364385046254267e+17,0.9617199271565536,0.3075555054520679,300.0,6666.109595722124,1.6094145086168712e+24,0.0,inf,1.2568707763316888e-05,4.934175773592888,ambipolar_diffusion,0.0,0.0,0.0,3230.0,0,0,0,0,0.0
0.0008592964824120603,dc_series_circuit,0.0,1.5882268058334346,0.3075555036196154,3.36438506765953e+17,0.9617199274698639,0.3075555036196154,1000.0,31.76453611666869,0.009682354638833313,0.3075555036196154,100000.0,3280.66232869324,0.00030481649734379155,1.0,0.45,7941.134029167172,4.9341757759068425,0.004,5.0265482457e-05,1.0,3.36438506765953e+17,0.9617199274698637,0.3075555036196154,300.0,6666.1095515312845,1.6094144979477728e+24,0.0,inf,1.2568707725381196e-05,4.9341757759068425,ambipolar_diffusion,0.0,0.0,0.0,3230.0,0,0,0,0,0.0
0.000864321608040201,dc_series_circuit,0.0,1.588226796049617,0.30755550178716323,3.364385089064792e+17,0.9617199277831742,0.30755550178716323,1000.0,31.764535920992337,0.009682354640790076,0.30755550178716323,100000.0,3280.6623078206485,0.0003048164992831287,1.0,0.45,7941.133980248084,4.934175778220801,0.004,5.0265482457e-05,1.0,3.364385089064792e+17,0.9617199277831742,0.30755550178716323,300.0,6666.109507340443,1.6094144872786743e+24,0.0,inf,1.2568707687445514e-05,4.934175778220801,ambipolar_diffusion,0.0,0.0,0.0,3230.0,0,0,0,0,0.0
0.0008693467336683418,dc_series_circuit,0.0,1.5882267862657988,0.30755549995471104,3.364385110470056e+17,0.9617199280964842,0.30755549995471104,1000.0,31.764535725315977,0.00968235464274684,0.30755549995471104,100000.0,3280.6622869480557,0.00030481650122246595,1.0,0.45,7941.133931328994,4.934175780534759,0.004,5.0265482457e-05,1.0,3.364385110470056e+17,0.9617199280964843,0.30755549995471104,300.0,6666.1094631496035,1.6094144766095758e+24,0.0,inf,1.2568707649509825e-05,4.934175780534759,ambipolar_diffusion,0.0,0.0,0.0,3230.0,0,0,0,0,0.0
0.0008743718592964825,dc_series_circuit,0.0,1.5882267764819809,0.3075554981222588,3.364385131875319e+17,0.9617199284097947,0.3075554981222588,1000.0,31.764535529639616,0.009682354644703604,0.3075554981222588,100000.0,3280.662266075464,0.0003048165031618032,1.0,0.45,7941.133882409904,4.934175782848717,0.004,5.0265482457e-05,1.0,3.364385131875319e+17,0.9617199284097947,0.3075554981222588,300.0,6666.109418958763,1.6094144659404774e+24,0.0,inf,1.2568707611574139e-05,4.934175782848717,ambipolar_diffusion,0.0,0.0,0.0,3230.0,0,0,0,0,0.0
0.0008793969849246232,dc_series_circuit,0.0,1.5882267666981622,0.30755549628980644,3.364385153280584e+17,0.9617199287231046,0.30755549628980644,1000.0,31.76453533396324,0.009682354646660368,0.30755549628980644,100000.0,3280.6622452028696,0.0003048165051011406,1.0,0.45,7941.1338334908105,4.934175785162674,0.004,5.0265482457e-05,1.0,3.364385153280584e+17,0.9617199287231046,0.30755549628980644,300.0,6666.109374767921,1.6094144552713784e+24,0.0,inf,1.2568707573638448e-05,4.934175785162674,ambipolar_diffusion,0.0,0.0,0.0,3230.0,0,0,0,0,0.0
0.0008844221105527638,dc_series_circuit,0.0,1.5882267569143438,0.30755549445735414,3.3643851746858477e+17,0.961719929036415,0.30755549445735414,1000.0,31.764535138286874,0.009682354648617131,0.30755549445735414,100000.0,3280.662224330277,0.000304816507040478,1.0,0.45,7941.133784571718,4.93417578747663,0.004,5.0265482457e-05,1.0,3.3643851746858477e+17,0.961719929036415,0.30755549445735414,300.0,6666.10933057708,1.60941444460228e+24,0.0,inf,1.256870753570276e-05,4.93417578747663,ambipolar_diffusion,0.0,0.0,0.0,3230.0,0,0,0,0,0.0
0.0008894472361809046,dc_series_circuit,0.0,1.5882267471305251,0.3075554926249017,3.3643851960911123e+17,0.9617199293497252,0.3075554926249017,1000.0,31.7645349426105,0.009682354650573894,0.3075554926249017,100000.0,3280.6622034576835,0.0003048165089798154,1.0,0.45,7941.133735652625,4.9341757897905865,0.004,5.0265482457e-05,1.0,3.3643851960911123e+17,0.9617199293497252,0.3075554926249017,300.0,6666.1092863862405,1.6094144339331815e+24,0.0,inf,1.2568707497767071e-05,4.9341757897905865,ambipolar_diffusion,0.0,0.0,0.0,3230.0,0,0,0,0,0.0
0.0008944723618090453,dc_series_circuit,0.0,1.588226737346707,0.30755549079244954,3.364385217496377e+17,0.9617199296630352,0.30755549079244954,1000.0,31.76453474693414,0.009682354652530659,0.30755549079244954,100000.0,3280.6621825850907,0.0003048165109191528,1.0,0.45,7941.133686733535,4.934175792104544,0.004,5.0265482457e-05,1.0,3.364385217496377e+17,0.9617199296630352,0.30755549079244954,300.0,6666.109242195399,1.609414423264083e+24,0.0,inf,1.2568707459831383e-05,4.934175792104544,ambipolar_diffusion,0.0,0.0,0.0,3230.0,0,0,0,0,0.0
0.000899497487437186,dc_series_circuit,0.0,1.5882267275628887,0.30755548895999724,3.3643852389016416e+17,0.9617199299763455,0.30755548895999724,1000.0,31.764534551257775,0.009682354654487422,0.30755548895999724,100000.0,3280.6621617124983,0.0003048165128584902,1.0,0.45,7941.133637814443,4.934175794418503,0.004,5.0265482457e-05,1.0,3.3643852389016416e+17,0.9617199299763455,0.30755548895999724,300.0,6666.109198004558,1.6094144125949843e+24,0.0,inf,1.2568707421895694e-05,4.934175794418503,ambipolar_diffusion,0.0,0.0,0.0,3230.0,0,0,0,0,0.0
0.0009045226130653266,dc_series_circuit,0.0,1.5882267177790708,0.30755548712754505,3.364385260306906e+17,0.9617199302896559,0.30755548712754505,1000.0,31.764534355581414,0.009682354656444186,0.30755548712754505,100000.0,3280.662140839906,0.0003048165147978276,1.0,0.45,7941.133588895354,4.934175796732461,0.004,5.0265482457e-05,1.0,3.364385260306906e+17,0.961719930289656,0.30755548712754505,300.0,6666.109153813717,1.6094144019258858e+24,0.0,inf,1.256870738396001e-05,4.934175796732461,ambipolar_diffusion,0.0,0.0,0.0,3230.0,0,0,0,0,0.0
0.0009095477386934674,dc_series_circuit,0.0,1.5882267079952523,0.3075554852950927,3.3643852817121715e+17,0.9617199306029663,0.3075554852950927,1000.0,31.764534159905047,0.009682354658400949,0.3075554852950927,100000.0,3280.662119967313,0.00030481651673716506,1.0,0.45,7941.133539976261,4.934175799046417,0.004,5.0265482457e-05,1.0,3.3643852817121715e+17,0.9617199306029663,0.3075554852950927,300.0,6666.1091096228765,1.6094143912567873e+24,0.0,inf,1.2568707346024322e-05,4.934175799046417,ambipolar_diffusion,0.0,0.0,0.0,3230.0,0,0,0,0,0.0
0.0009145728643216081,dc_series_circuit,0.0,1.5882266982114333,0.3075554834626403,3.3643853031174394e+17,0.9617199309162762,0.3075554834626403,1000.0,31.76453396422866,0.009682354660357714,0.3075554834626403,100000.0,3280.662099094718,0.0003048165186765028,1.0,0.45,7941.133491057165,4.934175801360374,0.004,5.0265482457e-05,1.0,3.3643853031174394e+17,0.9617199309162762,0.3075554834626403,300.0,6666.109065432033,1.609414380587688e+24,0.0,inf,1.2568707308088625e-05,4.934175801360374,ambipolar_diffusion,0.0,0.0,0.0,3230.0,0,0,0,0,0.0
0.0009195979899497488,dc_series_circuit,0.0,1.5882266884276144,0.30755548163018787,3.364385324522707e+17,0.9617199312295868,0.30755548163018787,1000.0,31.764533768552287,0.009682354662314476,0.30755548163018787,100000.0,3280.6620782221244,0.0003048165206158404,1.0,0.45,7941.133442138072,4.934175803674334,0.004,5.0265482457e-05,1.0,3.364385324522707e+17,0.9617199312295868,0.30755548163018787,300.0,6666.109021241187,1.6094143699185883e+24,0.0,inf,1.2568707270152937e-05,4.934175803674334,ambipolar_diffusion,0.0,0.0,0.0,3230.0,0,0,0,0,0.0
0.0009246231155778894,dc_series_circuit,0.0,1.5882266786437953,0.30755547979773545,3.364385345927976e+17,0.9617199315428971,0.30755547979773545,1000.0,31.764533572875905,0.009682354664271241,0.30755547979773545,100000.0,3280.6620573495297,0.00030481652255517813,1.0,0.45,7941.133393218976,4.934175805988294,0.004,5.0265482457e-05,1.0,3.364385345927976e+17,0.9617199315428971,0.30755547979773545,300.0,6666.10897705034,1.6094143592494882e+24,0.0,inf,1.2568707232217243e-05,4.934175805988294,ambipolar_diffusion,0.0,0.0,0.0,3230.0,0,0,0,0,0.0
0.0009296482412060302,dc_series_circuit,0.0,1.5882266688599753,0.3075554779652829,3.3643853673332454e+17,0.9617199318562073,0.3075554779652829,1000.0,31.764533377199506,0.009682354666228006,0.3075554779652829,100000.0,3280.6620364769333,0.00030481652449451603,1.0,0.45,7941.133344299877,4.9341758083022516,0.004,5.0265482457e-05,1.0,3.3643853673332454e+17,0.9617199318562073,0.3075554779652829,300.0,6666.108932859493,1.609414348580388e+24,0.0,inf,1.2568707194281548e-05,4.9341758083022516,ambipolar_diffusion,0.0,0.0,0.0,3230.0,0,0,0,0,0.0
0.0009346733668341709,dc_series_circuit,0.0,1.5882266590761558,0.3075554761328303,3.3643853887385146e+17,0.9617199321695176,0.3075554761328303,1000.0,31.764533181523113,0.009682354668184769,0.3075554761328303,100000.0,3280.6620156043377,0.0003048165264338539,1.0,0.45,7941.133295380778,4.934175810616207,0.004,5.0265482457e-05,1.0,3.3643853887385146e+17,0.9617199321695176,0.3075554761328303,300.0,6666.108888668649,1.6094143379112886e+24,0.0,inf,1.2568707156345854e-05,4.934175810616207,ambipolar_diffusion,0.0,0.0,0.0,3230.0,0,0,0,0,0.0
0.0009396984924623116,dc_series_circuit,0.0,1.5882266492923365,0.30755547430037783,3.364385410143785e+17,0.9617199324828276,0.30755547430037783,1000.0,31.764532985846728,0.009682354670141533,0.30755547430037783,100000.0,3280.6619947317427,0.00030481652837319173,1.0,0.45,7941.133246461682,4.934175812930165,0.004,5.0265482457e-05,1.0,3.364385410143785e+17,0.9617199324828276,0.30755547430037783,300.0,6666.108844477803,1.609414327242189e+24,0.0,inf,1.2568707118410157e-05,4.934175812930165,ambipolar_diffusion,0.0,0.0,0.0,3230.0,0,0,0,0,0.0
0.0009447236180904523,dc_series_circuit,0.0,1.5882266395085165,0.30755547246792525,3.3643854315490554e+17,0.9617199327961378,0.30755547246792525,1000.0,31.76453279017033,0.009682354672098298,0.30755547246792525,100000.0,3280.661973859146,0.0003048165303125297,1.0,0.45,7941.133197542582,4.934175815244121,0.004,5.0265482457e-05,1.0,3.3643854315490554e+17,0.9617199327961378,0.30755547246792525,300.0,6666.108800286957,1.6094143165730892e+24,0.0,inf,1.2568707080474462e-05,4.934175815244121,ambipolar_diffusion,0.0,0.0,0.0,3230.0,0,0,0,0,0.0
0.000949748743718593,dc_series_circuit,0.0,1.5882266297246963,0.30755547063547256,3.3643854529543264e+17,0.9617199331094479,0.30755547063547256,1000.0,31.764532594493925,0.00968235467405506,0.30755547063547256,100000.0,3280.6619529865497,0.0003048165322518677,1.0,0.45,7941.133148623481,4.934175817558077,0.004,5.0265482457e-05,1.0,3.3643854529543264e+17,0.9617199331094479,0.30755547063547256,300.0,6666.108756096111,1.6094143059039894e+24,0.0,inf,1.2568707042538765e-05,4.934175817558077,ambipolar_diffusion,0.0,0.0,0.0,3230.0,0,0,0,0,0.0
0.0009547738693467337,dc_series_circuit,0.0,1.588226619940877,0.3075554688030201,3.364385474359596e+17,0.9617199334227583,0.3075554688030201,1000.0,31.76453239881754,0.009682354676011824,0.3075554688030201,100000.0,3280.6619321139556,0.00030481653419120556,1.0,0.45,7941.133099704385,4.934175819872035,0.004,5.0265482457e-05,1.0,3.364385474359596e+17,0.9617199334227583,0.3075554688030201,300.0,6666.108711905265,1.6094142952348896e+24,0.0,inf,1.2568707004603071e-05,4.934175819872035,ambipolar_diffusion,0.0,0.0,0.0,3230.0,0,0,0,0,0.0
0.0009597989949748744,dc_series_circuit,0.0,1.5882266101570577,0.30755546697056757,3.364385495764867e+17,0.9617199337360686,0.30755546697056757,1000.0,31.76453220314115,0.009682354677968588,0.30755546697056757,100000.0,3280.66191124136,0.0003048165361305435,1.0,0.45,7941.133050785287,4.934175822185995,0.004,5.0265482457e-05,1.0,3.364385495764867e+17,0.9617199337360686,0.30755546697056757,300.0,6666.108667714419,1.6094142845657895e+24,0.0,inf,1.2568706966667378e-05,4.934175822185995,ambipolar_diffusion,0.0,0.0,0.0,3230.0,0,0,0,0,0.0
0.0009648241206030152,dc_series_circuit,0.0,1.588226600373238,0.30755546513811505,3.3643855171701395e+17,0.9617199340493787,0.30755546513811505,1000.0,31.76453200746476,0.009682354679925353,0.30755546513811505,100000.0,3280.661890368764,0.0003048165380698816,1.0,0.45,7941.133001866189,4.934175824499952,0.004,5.0265482457e-05,1.0,3.3643855171701395e+17,0.9617199340493787,0.30755546513811505,300.0,6666.1086235235725,1.6094142738966897e+24,0.0,inf,1.256870692873168e-05,4.934175824499952,ambipolar_diffusion,0.0,0.0,0.0,3230.0,0,0,0,0,0.0
0.0009698492462311559,dc_series_circuit,0.0,1.5882265905894184,0.3075554633056625,3.3643855385754106e+17,0.9617199343626891,0.3075554633056625,1000.0,31.764531811788366,0.009682354681882117,0.3075554633056625,100000.0,3280.6618694961685,0.0003048165400092196,1.0,0.45,7941.132952947091,4.934175826813909,0.004,5.0265482457e-05,1.0,3.3643855385754106e+17,0.9617199343626891,0.3075554633056625,300.0,6666.1085793327275,1.6094142632275902e+24,0.0,inf,1.2568706890795987e-05,4.934175826813909,ambipolar_diffusion,0.0,0.0,0.0,3230.0,0,0,0,0,0.0
0.0009748743718592965,dc_series_circuit,0.0,1.5882265808055986,0.30755546147320995,3.364385559980682e+17,0.9617199346759993,0.30755546147320995,1000.0,31.76453161611197,0.00968235468383888,0.30755546147320995,100000.0,3280.661848623573,0.00030481654194855766,1.0,0.45,7941.1329040279925,4.934175829127866,0.004,5.0265482457e-05,1.0,3.364385559980682e+17,0.9617199346759993,0.30755546147320995,300.0,6666.1085351418815,1.6094142525584904e+24,0.0,inf,1.256870685286029e-05,4.934175829127866,ambipolar_diffusion,0.0,0.0,0.0,3230.0,0,0,0,0,0.0
0.0009798994974874373,dc_series_circuit,0.0,1.588226571021779,0.30755545964075737,3.364385581385954e+17,0.9617199349893097,0.30755545964075737,1000.0,31.76453142043558,0.009682354685795643,0.30755545964075737,100000.0,3280.661827750978,0.0003048165438878957,1.0,0.45,7941.1328551088955,4.9341758314418245,0.004,5.0265482457e-05,1.0,3.364385581385954e+17,0.9617199349893097,0.30755545964075737,300.0,6666.1084909510355,1.6094142418893903e+24,0.0,inf,1.2568706814924597e-05,4.9341758314418245,ambipolar_diffusion,0.0,0.0,0.0,3230.0,0,0,0,0,0.0
0.0009849246231155779,dc_series_circuit,0.0,1.5882265612379596,0.30755545780830484,3.364385602791227e+17,0.9617199353026198,0.30755545780830484,1000.0,31.76453122475919,0.009682354687752408,0.30755545780830484,100000.0,3280.6618068783823,0.0003048165458272338,1.0,0.45,7941.132806189797,4.9341758337557815,0.004,5.0265482457e-05,1.0,3.364385602791227e+17,0.9617199353026198,0.30755545780830484,300.0,6666.1084467601895,1.6094142312202905e+24,0.0,inf,1.2568706776988898e-05,4.9341758337557815,ambipolar_diffusion,0.0,0.0,0.0,3230.0,0,0,0,0,0.0
0.0009899497487437187,dc_series_circuit,0.0,1.58822655145414,0.3075554559758524,3.364385624196499e+17,0.9617199356159304,0.3075554559758524,1000.0,31.7645310290828,0.009682354689709172,0.3075554559758524,100000.0,3280.661786005787,0.0003048165477665719,1.0,0.45,7941.1327572707,4.93417583606974,0.004,5.0265482457e-05,1.0,3.364385624196499e+17,0.9617199356159302,0.3075554559758524,300.0,6666.108402569343,1.6094142205511907e+24,0.0,inf,1.2568706739053204e-05,4.93417583606974,ambipolar_diffusion,0.0,0.0,0.0,3230.0,0,0,0,0,0.0
0.0009949748743718595,dc_series_circuit,0.0,1.5882265416703198,0.3075554541433997,3.364385645601773e+17,0.9617199359292402,0.3075554541433997,1000.0,31.764530833406397,0.009682354691665935,0.3075554541433997,100000.0,3280.661765133191,0.0003048165497059101,1.0,0.45,7941.132708351599,4.9341758383836964,0.004,5.0265482457e-05,1.0,3.364385645601773e+17,0.9617199359292403,0.3075554541433997,300.0,6666.108358378497,1.609414209882091e+24,0.0,inf,1.2568706701117506e-05,4.9341758383836964,ambipolar_diffusion,0.0,0.0,0.0,3230.0,0,0,0,0,0.0
0.001,dc_series_circuit,0.0,1.5882265318865003,0.30755545231094716,3.3643856670070464e+17,0.9617199362425506,0.30755545231094716,1000.0,31.764530637730005,0.0096823546936227,0.30755545231094716,100000.0,3280.661744260595,0.0003048165516452483,1.0,0.45,7941.132659432501,4.9341758406976535,0.004,5.0265482457e-05,1.0,3.3643856670070464e+17,0.9617199362425506,0.30755545231094716,300.0,6666.108314187652,1.609414199212991e+24,0.0,inf,1.2568706663181809e-05,4.9341758406976535,ambipolar_diffusion,0.0,0.0,0.0,3230.0,0,0,0,0,0.0
